"(PDH-CSV 4.0) (","\\PDB01\Network Interface(Broadcom BCM5719 4x1GbT OCP Ethernet NIC)\Bytes Total/sec","\\PDB01\Network Interface(Broadcom BCM5719 4x1GbT OCP Ethernet NIC)\Packets/sec","\\PDB01\Network Interface(Broadcom BCM5719 4x1GbT OCP Ethernet NIC)\Packets Received/sec","\\PDB01\Network Interface(Broadcom BCM5719 4x1GbT OCP Ethernet NIC)\Packets Sent/sec","\\PDB01\Network Interface(Broadcom BCM5719 4x1GbT OCP Ethernet NIC)\Current Bandwidth","\\PDB01\Network Interface(Broadcom BCM5719 4x1GbT OCP Ethernet NIC)\Bytes Received/sec","\\PDB01\Network Interface(Broadcom BCM5719 4x1GbT OCP Ethernet NIC)\Packets Received Unicast/sec","\\PDB01\Network Interface(Broadcom BCM5719 4x1GbT OCP Ethernet NIC)\Packets Received Non-Unicast/sec","\\PDB01\Network Interface(Broadcom BCM5719 4x1GbT OCP Ethernet NIC)\Packets Received Discarded","\\PDB01\Network Interface(Broadcom BCM5719 4x1GbT OCP Ethernet NIC)\Packets Received Errors","\\PDB01\Network Interface(Broadcom BCM5719 4x1GbT OCP Ethernet NIC)\Packets Received Unknown","\\PDB01\Network Interface(Broadcom BCM5719 4x1GbT OCP Ethernet NIC)\Bytes Sent/sec","\\PDB01\Network Interface(Broadcom BCM5719 4x1GbT OCP Ethernet NIC)\Packets Sent Unicast/sec","\\PDB01\Network Interface(Broadcom BCM5719 4x1GbT OCP Ethernet NIC)\Packets Sent Non-Unicast/sec","\\PDB01\Network Interface(Broadcom BCM5719 4x1GbT OCP Ethernet NIC)\Packets Outbound Discarded","\\PDB01\Network Interface(Broadcom BCM5719 4x1GbT OCP Ethernet NIC)\Packets Outbound Errors","\\PDB01\Network Interface(Broadcom BCM5719 4x1GbT OCP Ethernet NIC)\Output Queue Length","\\PDB01\Network Interface(Broadcom BCM5719 4x1GbT OCP Ethernet NIC)\Offloaded Connections","\\PDB01\Network Interface(Broadcom BCM5719 4x1GbT OCP Ethernet NIC)\TCP Active RSC Connections","\\PDB01\Network Interface(Broadcom BCM5719 4x1GbT OCP Ethernet NIC)\TCP RSC Coalesced Packets/sec","\\PDB01\Network Interface(Broadcom BCM5719 4x1GbT OCP Ethernet NIC)\TCP RSC Exceptions/sec","\\PDB01\Network Interface(Broadcom BCM5719 4x1GbT OCP Ethernet NIC)\TCP RSC Average Packet Size","\\PDB01\PhysicalDisk(3 F:)\Current Disk Queue Length","\\PDB01\PhysicalDisk(3 F:)\% Disk Time","\\PDB01\PhysicalDisk(3 F:)\Avg. Disk Queue Length","\\PDB01\PhysicalDisk(3 F:)\% Disk Read Time","\\PDB01\PhysicalDisk(3 F:)\Avg. Disk Read Queue Length","\\PDB01\PhysicalDisk(3 F:)\% Disk Write Time","\\PDB01\PhysicalDisk(3 F:)\Avg. Disk Write Queue Length","\\PDB01\PhysicalDisk(3 F:)\Avg. Disk sec/Transfer","\\PDB01\PhysicalDisk(3 F:)\Avg. Disk sec/Read","\\PDB01\PhysicalDisk(3 F:)\Avg. Disk sec/Write","\\PDB01\PhysicalDisk(3 F:)\Disk Transfers/sec","\\PDB01\PhysicalDisk(3 F:)\Disk Reads/sec","\\PDB01\PhysicalDisk(3 F:)\Disk Writes/sec","\\PDB01\PhysicalDisk(3 F:)\Disk Bytes/sec","\\PDB01\PhysicalDisk(3 F:)\Disk Read Bytes/sec","\\PDB01\PhysicalDisk(3 F:)\Disk Write Bytes/sec","\\PDB01\PhysicalDisk(3 F:)\Avg. Disk Bytes/Transfer","\\PDB01\PhysicalDisk(3 F:)\Avg. Disk Bytes/Read","\\PDB01\PhysicalDisk(3 F:)\Avg. Disk Bytes/Write","\\PDB01\PhysicalDisk(3 F:)\% Idle Time","\\PDB01\PhysicalDisk(3 F:)\Split IO/Sec","\\PDB01\Processor Information(_Total)\Performance Limit Flags","\\PDB01\Processor Information(_Total)\% Performance Limit","\\PDB01\Processor Information(_Total)\% Privileged Utility","\\PDB01\Processor Information(_Total)\% Processor Utility","\\PDB01\Processor Information(_Total)\% Processor Performance","\\PDB01\Processor Information(_Total)\Idle Break Events/sec","\\PDB01\Processor Information(_Total)\Average Idle Time","\\PDB01\Processor Information(_Total)\Clock Interrupts/sec","\\PDB01\Processor Information(_Total)\Processor State Flags","\\PDB01\Processor Information(_Total)\% of Maximum Frequency","\\PDB01\Processor Information(_Total)\Processor Frequency","\\PDB01\Processor Information(_Total)\Parking Status","\\PDB01\Processor Information(_Total)\% Priority Time","\\PDB01\Processor Information(_Total)\C3 Transitions/sec","\\PDB01\Processor Information(_Total)\C2 Transitions/sec","\\PDB01\Processor Information(_Total)\C1 Transitions/sec","\\PDB01\Processor Information(_Total)\% C3 Time","\\PDB01\Processor Information(_Total)\% C2 Time","\\PDB01\Processor Information(_Total)\% C1 Time","\\PDB01\Processor Information(_Total)\% Idle Time","\\PDB01\Processor Information(_Total)\DPC Rate","\\PDB01\Processor Information(_Total)\DPCs Queued/sec","\\PDB01\Processor Information(_Total)\% Interrupt Time","\\PDB01\Processor Information(_Total)\% DPC Time","\\PDB01\Processor Information(_Total)\Interrupts/sec","\\PDB01\Processor Information(_Total)\% Privileged Time","\\PDB01\Processor Information(_Total)\% User Time","\\PDB01\Processor Information(_Total)\% Processor Time","\\PDB01\SQLServer:Availability Replica(_Total)\Bytes Sent to Replica/sec","\\PDB01\SQLServer:Availability Replica(_Total)\Sends to Replica/sec","\\PDB01\SQLServer:Availability Replica(_Total)\Bytes Sent to Transport/sec","\\PDB01\SQLServer:Availability Replica(_Total)\Sends to Transport/sec","\\PDB01\SQLServer:Availability Replica(_Total)\Bytes Received from Replica/sec","\\PDB01\SQLServer:Availability Replica(_Total)\Receives from Replica/sec","\\PDB01\SQLServer:Availability Replica(_Total)\Flow Control Time (ms/sec)","\\PDB01\SQLServer:Availability Replica(_Total)\Flow Control/sec","\\PDB01\SQLServer:Availability Replica(_Total)\Resent Messages/sec","\\PDB01\SQLServer:SQL Statistics\Batch Requests/sec","\\PDB01\SQLServer:SQL Statistics\Forced Parameterizations/sec","\\PDB01\SQLServer:SQL Statistics\Auto-Param Attempts/sec","\\PDB01\SQLServer:SQL Statistics\Failed Auto-Params/sec","\\PDB01\SQLServer:SQL Statistics\Safe Auto-Params/sec","\\PDB01\SQLServer:SQL Statistics\Unsafe Auto-Params/sec","\\PDB01\SQLServer:SQL Statistics\SQL Compilations/sec","\\PDB01\SQLServer:SQL Statistics\SQL Re-Compilations/sec","\\PDB01\SQLServer:SQL Statistics\SQL Attention rate","\\PDB01\SQLServer:SQL Statistics\Guided plan executions/sec","\\PDB01\SQLServer:SQL Statistics\Misguided plan executions/sec","\\PDB01\SQLServer:Database Replica(_Total)\Recovery Queue","\\PDB01\SQLServer:Database Replica(_Total)\Redone Bytes/sec","\\PDB01\SQLServer:Database Replica(_Total)\Redones/sec","\\PDB01\SQLServer:Database Replica(_Total)\Log Send Queue","\\PDB01\SQLServer:Database Replica(_Total)\Log Apply Ready Queue","\\PDB01\SQLServer:Database Replica(_Total)\Log Apply Pending Queue","\\PDB01\SQLServer:Database Replica(_Total)\Log Bytes Received/sec","\\PDB01\SQLServer:Database Replica(_Total)\File Bytes Received/sec","\\PDB01\SQLServer:Database Replica(_Total)\Mirrored Write Transactions/sec","\\PDB01\SQLServer:Database Replica(_Total)\Transaction Delay","\\PDB01\SQLServer:Database Replica(_Total)\Group Commit Time","\\PDB01\SQLServer:Database Replica(_Total)\Group Commits/Sec","\\PDB01\SQLServer:Database Replica(_Total)\Log Bytes Compressed/sec","\\PDB01\SQLServer:Database Replica(_Total)\Log Compressions/sec","\\PDB01\SQLServer:Database Replica(_Total)\Log Compression Cache misses/sec","\\PDB01\SQLServer:Database Replica(_Total)\Log Compression Cache hits/sec","\\PDB01\SQLServer:Database Replica(_Total)\Log Bytes Decompressed/sec","\\PDB01\SQLServer:Database Replica(_Total)\Log Decompressions/sec","\\PDB01\SQLServer:Database Replica(_Total)\Database Flow Control Delay","\\PDB01\SQLServer:Database Replica(_Total)\Database Flow Controls/sec","\\PDB01\SQLServer:Database Replica(_Total)\Total Log requiring undo","\\PDB01\SQLServer:Database Replica(_Total)\Log remaining for undo","\\PDB01\SQLServer:Database Replica(_Total)\Redo Bytes Remaining","\\PDB01\SQLServer:Database Replica(_Total)\Redo blocked/sec"
"05/14/2026 07:49:41.015"," "," "," "," ","1000000000"," "," "," ","0","0","0"," "," "," ","0","0","0","0","0"," "," ","0","0"," "," "," "," "," "," "," "," "," "," "," "," "," "," "," "," "," "," "," "," ","0","100"," "," "," "," "," "," ","0","100","3500","0"," "," "," "," "," "," "," "," ","0"," "," "," "," "," "," "," "," "," "," "," "," "," "," "," "," "," "," "," "," "," "," "," "," "," "," "," ","0"," "," ","0","0","0"," "," "," "," "," "," "," "," "," "," "," "," "," "," ","0","0","0"," "
"05/14/2026 07:49:41.327","8150.0069406720449479","48.763503833299033374","29.258102299979420025","19.50540153331961335","1000000000","5461.512429329492079","26.007202044426151133","3.2509002555532688916","0","0","0","2688.4945113425533236","19.50540153331961335","0","0","0","0","0","0","0","0","0","0","0","0","0","0","0","0","0","0","0","0","0","0","0","0","0","0","0","0","98.43707697969502135","0","0","100","0.79259918219558633812","0.95499994797681841963","121.99933554817275194","3674.7919677502859486","8627293.2862190809101","751.21853500027964401","0","100","3500","0","0.77648527129302591376","0","0","3694.3041374905528755","0","0","97.675504424212363119","99.379778229355011376","34","881.29966660205968765","0","0","4380.4821066899421567","0","0.31252700129606220125","0.62022177064499084409","299.08282351090070961","3.2509002555532688916","676.18725315507992946","3.2509002555532688916","871.24126848827609138","3.2509002555532688916","0","0","0","0","0","0","0","0","0","0","0","0","0","0","0","0","0","0","0","0","0","0","0","0","0","0","0","0","0","0","0","0","0","0","0","0","0","0"
"05/14/2026 07:49:42.312","1250193.5576308586169","1644.8593427097418953","679.86166540131216607","964.99767730842972924","1000000000","95912.24548566780868","677.83222759414411485","2.0294378071680960751","0","0","0","1154281.3121451907791","964.99767730842972924","0","0","0","0","0","0","0","0","0","0","0.38096156971075723074","0.0038096156971075723248","0","0","0.38096156971075723074","0.0038096156971075723248","1.5125403225806450123e-005","0","1.5125403225806450123e-005","251.6502880888439222","0","251.6502880888439222","1030759.5800119047053","0","1030759.5800119047053","4096","0","4096","99.705892508937282059","0","0","100","2.4410532061091023692","3.252359463682940266","121.99378617118489387","12329.352969977619068","2527511.5888312333263","1129.3443577112943785","0","100","3500","0","2.3576332466688332268","0","0","12339.508944417470047","0","0","97.406828891777706758","97.691948326291850435","37","3621.6204852504274641","0.24794848878778030787","0.14877518687032822986","13583.615813299065849","1.4876909327266818472","1.190150714982125546","2.3080516737081557821","1044405.519827303011","257.73860151034818955","1072419.8793174512684","258.753320413932272","7683.4515379384120024","258.753320413932272","0","0","0","28.41212930035334594","0","0","0","0","0","0","0","0","0","0","0","0","0","0","0","0","0","0","310.50398449671871504","805.68680944573418401","1597.1675542412915547","423.13778279454805897","0","0","0","0","0","0","0","0","0","0","0","0"
"05/14/2026 07:49:43.312","15034023.25716355443","18618.538092560389487","7541.2683578905653121","11077.269734669822355","1000000000","1063140.7376575141679","7539.2672252494912755","2.0011326410748484506","0","0","0","13970882.519506039098","11077.269734669822355","0","0","0","0","0","0","0","0","0","0","4.2216371767831999406","0.042216371767832001904","0","0","4.2216371767831999406","0.042216371767832001904","1.3746760013025072109e-005","0","1.3746760013025072109e-005","3072.739170370429747","0","3072.739170370429747","12585939.641837280244","0","12585939.641837280244","4096","0","4096","95.741662760826699241","0","0","100","4.9116974899656238307","5.2603592530711269504","122.01555539055539157","55800.888398223200056","548499.53943477710709","1186.9976260047478718","0","100","3500","0","3.808436474342002942","0","0","55791.888416223162494","0","0","95.638322585148387134","96.093913359652717077","306","16652.966694066610216","0.48828083007741113208","0.14648024901642331397","58536.882926234145998","1.5625026562545156761","2.4902442334151966286","3.9060866403472838115","12750324.683771014214","3122.7674863973006723","13088111.871319165453","3123.7680527178381453","81810.304632421946735","2900.6417632379925635","0","0","0","361.2044417140101018","0","0","0","0","0","0","0","0","0","0","0","0","0","0","0","0","0","0","3966.2448946103490925","102.05776469481726565","207.11722835124680842","7178.0627835354807758","0","0","0","0","0","0","0","0","0","0","0","0"
"05/14/2026 07:49:44.312","20204106.503076221794","24181.069705422429251","9344.3219173384914029","14836.74778808393603","1000000000","1360157.1789525123313","9342.3224903742593597","1.9994269642320512403","0","0","0","18843949.324123706669","14836.74778808393603","0","0","0","0","0","0","0","0","0","0","5.5476492180525003306","0.055476492180524999975","0","0","5.5476492180525003306","0.055476492180524999975","1.3385452352231605016e-005","0","1.3385452352231605016e-005","4143.8123833709259998","0","4143.8123833709259998","16973055.522287312895","0","16973055.522287312895","4096","0","4096","94.493746149805829759","0","0","100","5.0018222396429115051","6.077871547303836941","121.97659560806472712","68614.958326884079725","443133.44795430701924","1299.8476578544994027","0","100","3500","0","4.9910914968614994436","0","0","68621.95750658022007","0","0","95.027446428744624995","95.008898504257373929","285","18425.840491494396701","0.24412268267180900483","0.097649073068723613034","71084.668876807641936","1.7576233219502739313","3.2711139623476133131","4.9422769592082698153","17194604.026486009359","4209.7934731905843364","17649917.533634860069","4210.793186672700358","102678.57232117275998","3607.9659569567365907","0","0","0","636.8174881079082752","0","0","0","0","0","0","0","0","0","0","0","0","0","0","0","0","0","0","6978.9998186519751471","35.98968535617692055","46.986533659453208145","13547.117396154262678","0","0","0","0","0","0","0","0","0","0","0","0"
"05/14/2026 07:49:45.327","23027919.881650511175","27649.025212302200089","10700.30670798130086","16948.718504320899228","1000000000","1556954.7068939364981","10698.336842976150365","1.9698650051511970016","0","0","0","21470965.174756571651","16948.718504320899228","0","0","0","0","0","0","0","0","0","0","6.2863580112421475476","0.062863580112421477142","0","0","6.2863580112421475476","0.062863580112421477142","1.3324070981210855004e-005","0","1.3324070981210855004e-005","4717.8266873371167094","0","4717.8266873371167094","19332286.678393930197","0","19332286.678393930197","4097.710229645093932","0","4097.710229645093932","93.756665840598202522","0","0","100","5.0266450442613157534","5.6351423974078329593","122.03077762991776467","77557.977151320053963","393570.02425797272008","1261.7539621142859687","0","100","3500","0","3.7626269292277303435","0","0","77556.007199778890936","0","0","95.385209250758535404","96.23738292055519139","282","19858.096510683935776","0.096183130316174092478","0.19237611041527866163","79776.142586668516742","0.72141780139449285247","2.9818740354600064002","3.8107135694943505833","19584590.927983704954","4793.6664900354380734","20103039.698689449579","4794.6514225380133212","116521.45478470360104","4084.5150881810068313","0","0","0","772.18708201926915535","0","0","0","0","0","0","0","0","0","0","0","0","0","0","0","0","0","0","8498.9825647248399036","13.789055036058378789","16.743852543785173737","16745.822408790325426","0","0","0","0","0","0","0","0","0","0","0","0"
"05/14/2026 07:49:46.312","29637776.95429809764","34219.440811246677185","12535.040211677618572","21684.400599569053156","1000000000","1871760.8501235828735","12533.008600622242739","2.0316110553772479541","0","0","0","27766016.10417451337","21684.400599569053156","0","0","0","0","0","0","0","0","0","0","8.1860099996922137677","0.081860099996922133792","0","0","8.1860099996922137677","0.081860099996922133792","1.3440160106737824566e-005","0","1.3440160106737824566e-005","6090.7699440209889872","0","6090.7699440209889872","25001883.303448334336","0","25001883.303448334336","4104.8805870580390547","0","4104.8805870580390547","91.921501776168895503","0","0","100","6.3930999400291561585","7.6749043960741039072","122.01909659413922782","90744.217777183643193","330468.22614049818367","1411.9582092875564285","0","100","3500","0","6.2571670708008291228","0","0","90732.02820990922919","0","0","93.714126553671633246","93.891626626554938184","384","22853.407045001036749","0.29759755266466980661","0.049601285102965582408","95283.815789634070825","1.4879776053702253868","4.7119392416255037048","6.1083733734450635922","25327574.934957973659","6188.2872746790972087","25996820.122376125306","6189.3030802067851255","139583.86917074918165","4825.0762565209633976","0","0","0","1089.9593312098934348","0","0","0","0","0","0","0","0","0","0","0","0","0","0","0","0","0","0","11965.173310644300727","8.1264442215089918164","11.173860804574863081","23745.470015249273274","0","0","0","0","0","0","0","0","0","0","0","0"
"05/14/2026 07:49:47.312","29965180.935282543302","33638.503296025526652","11862.593046683157809","21775.910249342370662","1000000000","1803560.9770970086101","11860.593789407235818","1.9992572759219950917","0","0","0","28161619.958185534924","21775.910249342370662","0","0","0","0","0","0","0","0","0","0","8.4255616816147451686","0.084255616816147460568","0","0","8.4255616816147451686","0.084255616816147460568","1.3637400873927819735e-005","0","1.3637400873927819735e-005","6176.7053539610033113","0","6176.7053539610033113","25340729.918835151941","0","25340729.918835151941","4102.6289043534552547","0","4102.6289043534552547","91.871033527767181681","0","0","100","7.2082785387689538581","8.3022084209246447273","121.99562743899572581","89296.632538677833509","333971.83196363394381","1362.8265121849988191","0","100","3500","0","6.6515697708658727549","0","0","89327.628592880137148","0","0","93.218415479864219719","93.201957410395763759","379","22607.12211335496977","0.34175991156237373048","0.14646281991122442334","94123.018139790816349","2.0505394717199671994","4.6869502207391073867","6.798042589604236241","25670931.249040983617","6274.6689604811817844","26349507.158090770245","6275.66858911914278","135737.57349144792533","4660.2687101741703373","0","0","0","1091.5944726534091842","0","0","0","0","0","0","0","0","0","0","0","0","0","0","0","0","0","0","12005.539941911580172","18.992944121258954482","35.986630966595910763","23739.180894297769555","0","0","0","0","0","0","0","0","0","0","0","0"
"05/14/2026 07:49:48.328","26387198.002031031996","29652.677735005392606","10497.602909571829514","19155.074825433563092","1000000000","1577085.7442001432646","10495.634855033102212","1.968054538727377123","0","0","0","24810112.257830888033","19155.074825433563092","0","0","0","0","0","0","0","0","0","0","7.5062172523584216322","0.075062172523584214101","0","0","7.5062172523584216322","0.075062172523584214101","1.3784541674199964244e-005","0","1.3784541674199964244e-005","5442.6548268505612214","0","5442.6548268505612214","22381786.83607679978","0","22381786.83607679978","4112.2921713975774765","0","4112.2921713975774765","92.730432145803675326","0","0","100","8.1189301234727349055","8.7798912230243022492","122.00827314510833332","77813.687041219120147","381729.0607049773098","1337.9827001495114018","0","100","3500","0","5.8263087734636069825","0","0","77816.640645413717721","0","0","92.838512900183317811","94.221775249526942275","116","19439.638274063359859","0.48072208734279653353","0.14422253333097048711","83137.066334602801362","2.4997686374815155652","3.4131287891765658138","5.7301505726960684228","22672862.102354578674","5530.2332538239297719","23270953.87667382881","5531.2172810932934226","119295.59391949870042","4080.7610860512163526","0","0","0","924.00160593250359398","0","0","0","0","0","2.9520818080910657955","1.968054538727377123","0","0","0","0","0","0","0","0","0","0","0","10125.640601752354996","113.16313597682419356","124.97146320918845674","20035.779231514065032","0","0","0","0","0","0","0","0","0","0","0","0"
"05/14/2026 07:49:49.312","24315167.237357672304","27692.502597570164653","9935.7884925633588864","17756.714105006805767","1000000000","1512902.7479287816677","9933.7549705632445693","2.0335220001153007097","0","0","0","22802264.489428889006","17756.714105006805767","0","0","0","0","0","0","0","0","0","0","6.9927337716021638059","0.069927337716021636949","0","0","6.9927337716021638059","0.069927337716021636949","1.400987377850162971e-005","0","1.400987377850162971e-005","4994.3300322831782978","0","4994.3300322831782978","20565056.791694037616","0","20565056.791694037616","4117.6807817589578917","0","4117.6807817589578917","93.136793852422044893","0","0","100","7.726527897916843024","9.056073869807553578","121.99678005826561389","69597.283621810478508","425370.45252236351371","1395.1770365850372855","0","100","3500","0","6.8701870432949618817","0","0","69619.638971267777379","0","0","92.530157063040647358","93.080194741586950613","449","14232.228386314664021","0.4961618283402823848","0.59538809715618434826","74227.889416215446545","2.6296637870556511807","4.1677776486148356838","6.9694234735311226814","20769629.104905638844","5073.6373902876757711","21318354.681416749954","5074.6541512877329296","112022.6599423516891","3851.4906682183795965","0","0","0","979.14084305551727994","0","0","0","0","0","1.0167610000576503548","1.0167610000576503548","0","0","0","0","0","0","0","0","0","0","0","10762.415185610228946","100.65933900570738047","353.83282802006232259","21312.327322208409896","0","0","0","0","0","0","0","0","0","0","0","0"
"05/14/2026 07:49:50.312","36139711.87115649879","40532.752192784973886","14201.321974677161052","26331.430218107809196","1000000000","2169459.303151646629","14198.320215646368524","3.0017590307920438697","0","0","0","33970252.568004846573","26331.430218107809196","0","0","0","0","0","0","0","0","0","1","10.166090684427699031","0.10166090684427699087","0","0","10.166090684427699031","0.10166090684427699087","1.3664126344086021303e-005","0","1.3664126344086021303e-005","7444.3623963642694434","0","7444.3623963642694434","30541289.19546854496","0","30541289.19546854496","4102.6064516129035837","0","4102.6064516129035837","90.014038973325952497","0","0","100","8.6873122924916987841","9.5094923796951871253","122.03170756751207193","104764.70665882134927","281646.48702327982755","1492.9958196117049738","0","100","3500","0","7.2755661764242640643","0","0","104713.70680162095232","0","0","92.16082489443270731","92.724433823575736824","331","25626.928244600912876","0.43944916504658637635","0.29296944335805757964","111966.68649327781168","2.3925754541066370784","4.589831279320569557","7.2755661764242640643","30935107.97327233851","7561.4309985651589159","31752815.149677708745","7562.4315849087561219","161474.62412974002655","5528.2395483753480221","0","0","0","1413.8285035030528434","0","0","0","0","0","0","0","0","0","0","0","0","0","0","0","0","0","0","15579.12936981070925","83.048666518579892681","94.055116298150707621","30795.045896895579062","0","0","0","0","0","0","0","0","0","0","0","0"
"05/14/2026 07:49:51.327","35024090.053687304258","39700.99066608762223","14123.010328354826925","25577.980337732795306","1000000000","2148551.3317976118997","14120.060044183454011","2.9502841713713863214","0","0","0","32875538.721889689565","25577.980337732795306","0","0","0","0","0","0","0","0","0","0","9.8025214692744544465","0.098025214692744541689","0","0","9.8025214692744544465","0.098025214692744541689","1.3600519125683060368e-005","0","1.3600519125683060368e-005","7198.6933781461830222","0","7198.6933781461830222","29562382.382004365325","0","29562382.382004365325","4106.6316939890712092","0","4106.6316939890712092","90.481907401452247086","0","0","100","7.688022016452477736","9.0188642686334858922","121.98958244567532461","102975.28914046098362","287825.02676761883777","1429.6653391718555213","0","100","3500","0","7.3547809788401918851","0","0","103093.44330072311277","0","0","92.686317304346474089","92.645219021159803674","370","25278.097970081988024","0.24038655623365642877","0.19230727573521519402","108631.91956301078608","1.6827058936355949736","6.0096835983585101815","7.3547809788401918851","29947209.581893593073","7312.7710327725426396","30738027.353461351246","7313.7544608296666411","158886.57062114888686","5460.9760012084361733","0","0","0","1388.6004166587990767","0","0","0","0","0","0","0","0","0","0","0","0","0","0","0","0","0","0","15237.234317076086882","179.9673344536545585","210.45360422449221005","30191.241353700519539","0","0","0","0","0","0","0","0","0","0","0","0"
"05/14/2026 07:49:52.312","37914234.693773783743","41374.555350136979541","13873.889265150637584","27500.666084986343776","1000000000","2192539.2379987756722","13870.838494220823122","3.0507709298139640275","0","0","0","35721695.455775007606","27498.632237699799589","2.033847286542642685","0","0","0","0","0","0","0","0","0","10.644716621714851001","0.10644716621714850335","0","0","10.644716621714851001","0.10644716621714850335","1.3595601401323471937e-005","0","1.3595601401323471937e-005","7837.4305186920737469","0","7837.4305186920737469","32172925.831691004336","0","32172925.831691004336","4105.0349033346310534","0","4105.0349033346310534","89.600307939155399595","0","0","100","8.7890553506614672585","10.255780424333940104","122.02353965183752393","100756.59127166986582","290908.23349066119408","1546.1785212438021517","0","100","3500","0","7.3389422444428582537","0","0","100629.60551926810876","0","0","91.525557517481331615","92.661047596572075236","136","22425.68387415041434","0.29762778555560964744","0.14881897227033913378","107199.34040552545048","1.388926279597822111","5.9525252341569867554","7.2893460793378110907","32596197.925882536918","7963.5290504577178581","33457389.88242328912","7964.5459741009890422","167206.65312124375487","5695.7893259626707732","0","0","0","1476.5731300299587474","0","0","0","0","0","4.06769457308528537","3.0507709298139640275","0","0","0","0","0","0","0","0","0","0","0","16220.949033820847035","491.17411970004820887","517.61413442510263394","31968.011649877258606","0","0","0","0","0","0","0","0","0","0","0","0"
"05/14/2026 07:49:53.312","29293451.663087934256","32147.671057403989835","11092.91490269469432","21054.756154709295515","1000000000","1742400.9736026197206","11089.917357684058516","2.9975450106362893088","0","0","0","27551050.689485315233","21052.757791368869221","1.9983633404241927245","0","0","0","0","0","0","0","0","0","8.2933374371687698101","0.082933374371687698656","0","0","8.2933374371687698101","0.082933374371687698656","1.3692702658081559429e-005","0","1.3692702658081559429e-005","6052.0433764746676388","0","6052.0433764746676388","24813725.55876737088","0","24813725.55876737088","4100.0574541852402035","0","4100.0574541852402035","92.002620694910135057","0","0","100","7.7390140570152281541","8.3349860645797129166","121.99503594258553107","71689.476530426138197","415947.06571460445412","1492.9474482498217185","0","100","3500","0","5.5701966351149323486","0","0","71750.474383301712805","0","0","93.247020794466138227","94.429813364484090243","163","9971.6489979552734439","0.43944237836062777225","0.048828041995515977791","76046.32316942444595","1.7089114726499468055","3.8572653236605214389","5.6190146775114353517","25137256.586855366826","6147.9648168150288257","25802132.053847901523","6148.9639984852410635","133678.51729433596483","4595.2365013054313749","0","0","0","1082.1137488397002926","0","0","0","0","0","0","0","0","0","0","0","0","0","0","0","0","0","0","11912.243872268612904","198.83715237220718564","226.81423913814589355","23461.784798250235326","0","0","0","0","0","0","0","0","0","0","0","0"
"05/14/2026 07:49:54.327","28832170.426332704723","31475.449356305296533","10762.630186316893742","20712.819169988400972","1000000000","1701252.8631166564301","10759.675854670911576","2.9543316459832267284","0","0","0","27130917.563216049224","20710.849615557744983","1.9695544306554844116","0","0","0","0","0","0","0","0","0","8.2386990210101007648","0.082386990210101013199","0","0","8.2386990210101007648","0.082386990210101013199","1.3841203703703702395e-005","0","1.3841203703703702395e-005","5955.9325983021844877","0","5955.9325983021844877","24443903.692333538085","0","24443903.692333538085","4104.1269841269840981","0","4104.1269841269840981","91.995849924498898531","0","0","100","8.7071531535789397083","9.9255602555316624347","121.99142287362775505","71567.691050346111297","410749.95529143104795","1544.9452031863877437","0","100","3500","0","6.1969651958459266439","0","0","71553.90568843112851","0","0","91.855982932956052878","93.803034804154066251","179","10638.360723534566205","0.48079342139739478235","0.2884780221733324046","76112.921807457867544","2.1635802429627539745","4.2790791744508736016","6.1969651958459266439","24762400.339314837009","6051.4559881889754251","25416847.824641902","6052.4407654043034199","130928.10033225397638","4484.6754386025377244","0","0","0","1085.2244912911719439","0","0","0","0","0","0","0","0","0","0","0","0","0","0","0","0","0","0","11896.108761159126516","11.817326583932906914","11.817326583932906914","23464.286709614112624","0","0","0","0","0","0","0","0","0","0","0","0"
"05/14/2026 07:49:55.327","32948507.290476873517","35895.487177260947647","12227.231657327030916","23668.255519933918549","1000000000","1937024.9556957904715","12224.230864217412091","3.0007931096188724673","0","0","0","31011482.33478108421","23668.255519933918549","0","0","0","0","0","0","0","0","0","0","9.3424057469379651053","0.093424057469379651053","0","0","9.3424057469379651053","0.093424057469379651053","1.3734975731725254121e-005","0","1.3734975731725254121e-005","6800.797450766237489","0","6800.797450766237489","27901134.269787505269","0","27901134.269787505269","4102.6268568907189547","0","4102.6268568907189547","90.960513811757294889","0","0","100","9.1359631368847153965","9.8576178171723878307","122.02293796054195241","78899.362541705966578","372690.75745284929872","1554.8494905693130477","0","100","3500","0","6.7456377691800124552","0","0","78911.361380218397244","0","0","91.883720374462455993","93.254362230819992874","137","10941.940820128613268","0.34176303489654669132","0.24412073887370286385","83704.897365934986738","1.9041397633726697691","4.6383040378114168689","6.7456377691800124552","28260565.267400175333","6907.8257383426434899","29007602.709396094084","6908.8260027125170382","147699.03685544087784","5056.3363897077997535","0","0","0","1288.3405083963691595","0","0","0","0","0","0","0","0","0","0","0","0","0","0","0","0","0","0","14170.745327990187434","40.01057479491829838","43.011367904537166851","27898.373540126656735","0","0","0","0","0","0","0","0","0","0","0","0"
"05/14/2026 07:49:56.312","30915173.431989278644","33944.649300266930368","11629.19481670173991","22315.454483565190458","1000000000","1849584.5700042981189","11625.130441055884148","4.0643756458546924648","0","0","0","29065588.861984983087","22313.422295742264396","2.0321878229273462324","0","0","0","0","0","0","0","0","0","8.6074400704774802762","0.086074400704774803317","0","0","8.6074400704774802762","0.086074400704774803317","1.3512228954081632575e-005","0","1.3512228954081632575e-005","6372.9410127001583533","0","6372.9410127001583533","26174319.03926288709","0","26174319.03926288709","4107.1020408163267348","0","4107.1020408163267348","91.544987589861520405","0","0","100","7.4492462997510413558","7.9513751210665555291","122.01965087281794808","74980.65433100752125","398960.11407204694115","1554.9662279820183812","0","100","3500","0","5.7257366507474820594","0","0","74920.730746780900517","0","0","93.435677619560948415","94.274253192825256065","129","8936.7392815243492805","0.19837533726955827729","0.049583677890128172172","78827.951569149838178","1.140617563590914596","4.4136785949842280985","5.6761529728573512088","26519274.793453510851","6475.5664977579890547","27219578.910361211747","6476.5825916694529951","138737.46267124993028","4748.2068482697450236","0","0","0","1319.9059909913114552","0","0","0","0","0","0","0","0","0","0","0","0","0","0","0","0","0","0","14505.756680055397737","7.1126573802457118134","11.177033026100405166","28539.029691280189581","0","0","0","0","0","0","0","0","0","0","0","0"
"05/14/2026 07:49:57.327","35698647.130464553833","38883.193999838666059","13093.872539857118682","25789.321459981547378","1000000000","2102470.6199471526779","13091.905015809057659","1.9675240480626776662","0","0","0","33596176.510517403483","25787.353935933482717","1.9675240480626776662","0","0","0","0","0","0","0","0","0","10.259136689046117752","0.10259136689046118029","0","0","10.259136689046117752","0.10259136689046118029","1.394047109207708798e-005","0","1.394047109207708798e-005","7350.6698435621638055","0","7350.6698435621638055","30205051.421241000295","0","30205051.421241000295","4109.156316916488322","0","4109.156316916488322","90.196925840125686591","0","0","100","11.169306333151070021","14.369894723240777878","121.99569305672592634","102124.58332451024035","276519.4731310326024","1565.9956358951806124","0","100","3500","0","11.031089370428848184","0","0","102239.81696564215235","0","0","88.309080091198723039","88.968920478670156626","466","13270.5818855670841","0.28853920428932200437","0.43282850463198196955","109743.79228003547178","4.0396670492385027273","7.3579663895557008146","11.079172671744396794","30598056.479745324701","7467.7375244218928856","31405634.595368843526","7468.7212864459243065","158881.50192915735533","5430.3663726529903215","0","0","0","1496.3020385516663282","0","0","0","0","0","4.9188101201566940546","3.9350480961253553325","0","0","0","0","0","0","0","0","0","0","0","16457.354900020265632","94.441154307008531532","125.92153907601137064","32370.689400751201902","0","0","0","0","0","0","0","0","0","0","0","0"
"05/14/2026 07:49:58.312","44792168.318686187267","49310.066605532578251","16361.482352943567093","32948.584252589011157","1000000000","2755813.6923218108714","16360.466048679143569","1.0163042644228565958","0","0","0","42036354.626364372671","32948.584252589011157","0","0","0","0","0","0","0","0","0","0","12.596667582980774824","0.12596667582980775046","0","0","12.596667582980774824","0.12596667582980775046","1.3840707668266547472e-005","0","1.3840707668266547472e-005","9105.0699049643717444","0","9105.0699049643717444","37681505.081572137773","0","37681505.081572137773","4138.5190311418682541","0","4138.5190311418682541","87.645850895173865069","0","0","100","12.707659350375783092","15.788849374561152672","122.01502455937590241","125909.11390435077192","221181.34337990899803","1663.9702492684320987","0","100","3500","0","12.500322538502972591","0","0","125880.66996846583788","0","0","87.034165513147073057","87.499677461497029185","472","28792.374099520864547","0.14881469385864340427","0.29761922902427989657","135878.71343201890704","2.3809436735012323716","9.9206037189349718375","12.500322538502972591","38164030.085451878607","9248.3688062479941436","39164138.525116890669","9249.3851105124176684","201061.57045636023395","6910.8689980754243152","0","0","0","2406.6084981533240352","0","0","0","0","0","0","0","0","0","0","0","0","0","0","0","0","0","0","26434.073917638499552","733.77167891330236671","794.74993477867383262","52161.816371503111441","0","0","0","0","0","0","0","0","0","0","0","0"
"05/14/2026 07:49:59.312","47663374.187360972166","51766.059975538191793","16818.618658925195632","34947.441316612996161","1000000000","2844793.9344155886211","16818.618658925195632","0","0","0","0","44818580.252945385873","34947.441316612996161","0","0","0","0","0","0","0","0","0","0","13.67073219992728994","0.13670732199927290718","0","0","13.67073219992728994","0.13670732199927290718","1.4086905007212034181e-005","0","1.4086905007212034181e-005","9707.5114595342492976","0","9707.5114595342492976","40224887.014908216894","0","40224887.014908216894","4143.6867916752526071","0","4143.6867916752526071","86.647920766894799272","0","0","100","15.093485334724084268","17.485054760815380348","121.99545733578882789","130768.11708389309933","209620.16206092570792","1694.7552773379525206","0","100","3500","0","10.901820891236457811","0","0","130781.11520696412481","0","0","85.651217880240878344","89.098179108763545742","558","31646.430255471110286","0.4393851467523394172","0.63466632325068816911","144040.20059503408265","3.4662883758357265762","7.5184202811665006294","10.901820891236457811","40747904.448722667992","9861.5354410681738955","41814302.486897207797","9862.5355967924206197","209504.61986931363936","7174.1170100184599505","0","0","0","2471.384794612521091","0","0","0","0","0","0","0","0","0","0","0","0","0","0","0","0","0","0","27157.228380458836909","480.07474763820727048","514.08004226258026392","53620.348688290767313","0","0","0","0","0","0","0","0","0","0","0","0"
"05/14/2026 07:50:00.327","62651611.906275771558","65254.792805525969015","19787.362623301920394","45467.430182224044984","1000000000","3426092.6651719189249","19786.3783732709162","0.9842500310038758693","0","0","0","59225519.241103850305","45467.430182224044984","0","0","0","0","0","0","0","0","0","0","18.054787404040936849","0.18054787404040936738","0","0","18.054787404040936849","0.18054787404040936738","1.3935326293398162017e-005","0","1.3935326293398162017e-005","12955.68315810401873","0","12955.68315810401873","53288210.062578611076","0","53288210.062578611076","4113.1146395198666141","0","4113.1146395198666141","82.576965336771237958","0","0","100","16.173911056912107398","19.980154341119714445","122.01349947079765457","155680.47563951677876","171889.33778646474821","1697.7559192250275828","0","100","3500","0","16.043926565578658483","0","0","155670.62786736350972","0","0","83.641368272693398467","83.956073434421341517","540","37602.733190074504819","0.86553028661735431637","0.52893353386017583073","173304.04868502204772","4.1833816136633465987","11.973114802142559299","16.043926565578658483","53976657.526264704764","13159.42291452182144","55399638.977088622749","13160.407164552825634","269223.87948055216111","9136.7930378089804435","0","0","0","2665.3490839584960668","0","0","0","0","0","4.9212501550193792355","3.9370001240155034772","0","0","0","0","0","0","0","0","0","0","0","29313.918673388434399","23.622000744093021751","26.574750837104648582","57696.736817447206704","0","0","0","0","0","0","0","0","0","0","0","0"
"05/14/2026 07:50:01.327","60812182.873167477548","63363.083002346960711","19213.334852817330102","44149.748149529630609","1000000000","3326366.2524071699008","19210.333238248855196","3.0016145684763833046","0","0","0","57485816.620760306716","44149.748149529630609","0","0","0","0","0","0","0","0","0","0","17.531075932307984999","0.1753107593230798511","0","0","17.531075932307984999","0.1753107593230798511","1.3983217620301653184e-005","0","1.3983217620301653184e-005","12537.744052525853476","0","12537.744052525853476","51694750.606351152062","0","51694750.606351152062","4123.1301572101192505","0","4123.1301572101192505","82.931633849369603695","0","0","100","16.778576365777482238","20.207767459423479295","122.00716790478858798","150012.23469290920184","178020.56817045112257","1595.9599414054707722","0","100","3500","0","14.454155104723231062","0","0","149975.23562158588902","0","0","83.412170712734379663","85.594674304440914625","188","34247.140396776041598","0.83006995615353063034","0.43944468271933906367","164984.85888004209846","4.3944768268303953107","9.8631606557560651538","14.356506286273940987","52369089.33315230161","12736.851152234787151","53746382.178974069655","12737.851690424278786","256493.96810544389882","8673.6655647072566353","0","0","0","2765.4875557562413633","0","0","0","0","0","1.0005381894921276942","1.0005381894921276942","0","0","0","0","0","0","0","0","0","0","0","30389.346429444398382","623.33529205359559455","660.35520506480429503","59847.191804471622163","0","0","0","0","0","0","0","0","0","0","0","0"
"05/14/2026 07:50:02.312","39690883.200000323355","42183.599384724722768","13518.704260591284765","28664.895124133439822","1000000000","2272854.1228492311202","13515.65653287040368","3.0477277208817805665","0","0","0","37418029.077151089907","28664.895124133439822","0","0","0","0","0","0","0","0","0","0","11.031324371496568304","0.11031324371496568915","0","0","11.031324371496568304","0.11031324371496568915","1.3773401826484019803e-005","0","1.3773401826484019803e-005","8009.4284504773195295","0","8009.4284504773195295","33655496.439796864986","0","33655496.439796864986","4201.9847792998480145","0","4201.9847792998480145","89.253689222420618421","0","0","100","10.383323147142773379","11.572193000136538288","121.99470545903156449","89144.224586962562171","324935.69157845561858","1653.8666396304847694","0","100","3500","0","8.333254603102624003","0","0","89123.906814976930036","0","0","90.522729112844388055","91.617140272179042881","195","10543.907771943981061","0.14880521541556201992","0.34722571428890702805","94639.166020476870472","1.7857133786839778367","6.5972377777920003794","8.4324546937998512419","34071027.700898841023","8133.3693777931785007","34950577.539323560894","8134.3852870334721956","167584.38827888618107","5692.1394733668721528","0","0","0","1982.038927813451437","0","0","0","0","0","0","0","0","0","0","0","0","0","0","0","0","0","0","21781.094111901791621","1635.6138768732223525","2141.5366785395976876","42867.306303442535864","0","0","0","0","0","0","0","0","0","0","0","0"
"05/14/2026 07:50:03.312","45747094.808564439416","48046.435051542262954","15266.633458763184535","32779.8015927790766","1000000000","2597165.1252998211421","15264.632982649869518","2.0004761133149688845","0","0","0","43149929.683264613152","32779.8015927790766","0","0","0","0","0","0","0","0","0","0","12.880460211720032859","0.12880460211720032304","0","0","12.880460211720032859","0.12880460211720032304","1.3669298524885916714e-005","0","1.3669298524885916714e-005","9425.2432078834754066","0","9425.2432078834754066","38818838.883654311299","0","38818838.883654311299","4118.6034171707524365","0","4118.6034171707524365","87.412167066846279795","0","0","100","11.655399275862013297","13.057063865258495383","122.01582008762355258","100649.11137050365505","283861.36289112566737","1660.9523306681096528","0","100","3500","0","8.1063146112741115701","0","0","100614.11237497482216","0","0","89.26928979560490518","91.942504934704103903","209","11996.655695981524332","0.097659091770446543324","0.34179682128956201392","107053.92755227924499","1.5136559229999160259","6.494079605059672744","8.0574950652958943209","39335109.756121955812","9577.2793924954130489","40370776.244746245444","9578.2796305520714668","198319.19996959276614","6748.6061682680474405","0","0","0","2094.4984906407726157","0","0","0","0","0","5.0011902832874222113","4.0009522266299377691","0","0","0","0","0","0","0","0","0","0","0","23014.477445632059244","391.09308015307641426","612.14569067438048933","45185.754209501857986","0","0","0","0","0","0","0","0","0","0","0","0"
"05/14/2026 07:50:04.312","44229066.534779883921","47362.191025173415255","15507.417233517515342","31854.773791655901732","1000000000","2589185.3767062956467","15503.422278346904932","3.9949551706105532745","0","0","0","41639881.158073589206","31854.773791655901732","0","0","0","0","0","0","0","0","0","0","12.495450334855354058","0.12495450334855354169","0","0","12.495450334855354058","0.12495450334855354169","1.3720212999560825367e-005","0","1.3720212999560825367e-005","9096.5129234802298015","0","9096.5129234802298015","37439313.634742051363","0","37439313.634742051363","4115.7874396135266579","0","4115.7874396135266579","87.92042905642144035","0","0","100","11.475411068698626593","12.863909784058948915","121.98290896407394257","101817.06625778783928","281217.61200184584595","1698.8843059787627681","0","100","3500","0","9.7722707608720043027","0","0","101913.05972063302761","0","0","89.541149771376822741","90.227739238392061338","426","12843.125383161406717","0.3905912524838171529","0.2441220326183992928","108444.61492172382714","2.4412303254480471892","7.4701501969455046392","9.7722607616079422144","37917278.061264239252","9238.3338320369039138","38916296.500778824091","9239.3325708295578806","192728.62229576491518","6568.7050392764022035","0","0","0","2148.2871429958249792","0","0","0","0","0","0","0","0","0","0","0","0","0","0","0","0","0","0","23634.154789332034852","102.87009564322174526","371.53083086678145719","46515.260529003979173","0","0","0","0","0","0","0","0","0","0","0","0"
"05/14/2026 07:50:05.328","51147706.102620109916","54916.602417007692566","17327.476008621215442","37589.126408386480762","1000000000","3010243.4282023468986","17325.507424662042467","1.9685839591707809948","0","0","0","48137462.674417763948","37589.126408386480762","0","0","0","0","0","0","0","0","0","0","14.797373875816823841","0.14797373875816824396","0","0","14.797373875816823841","0.14797373875816824396","1.4243774872086414524e-005","0","1.4243774872086414524e-005","10388.217552544210776","0","10388.217552544210776","43134729.787736445665","0","43134729.787736445665","4152.2743983323862267","0","4152.2743983323862267","85.683650429947221028","0","0","100","16.23805203805203945","19.335801360801362136","122.00913409931220599","134945.7978441194573","199501.92460563452914","1631.0355451566513239","0","100","3500","0","14.447541596475454995","0","0","135037.34057538051275","0","0","84.149113203717547549","85.552458403524539676","559","32570.510050505996333","0.33644533786966906996","0.57676062396534200083","149496.17046240891796","3.8450544208700843107","10.573902118227561431","14.447541596475454995","43698205.448705732822","10554.562897094143409","44839539.245050013065","10555.547189073728077","221638.93079511990072","7564.2838631137265111","0","0","0","2783.5777182674842152","0","0","0","0","0","3.9371679183415619896","2.9528759387561716032","0","0","0","0","0","0","0","0","0","0","0","30595.731893432279321","1522.6996924185991702","1645.7361898667729747","60221.936186972947326","0","0","0","0","0","0","0","0","0","0","0","0"
"05/14/2026 07:50:06.312","69077508.089480191469","69975.185045048943721","19867.614954259970546","50107.570090788976813","1000000000","3621882.7718234555796","19866.598655986184895","1.0162982737868930805","0","0","0","65455625.317656733096","50107.570090788976813","0","0","0","0","0","0","0","0","0","0","20.065432813784774169","0.20065432813784772614","0","0","20.065432813784774169","0.20065432813784772614","1.4018047568335106616e-005","0","1.4018047568335106616e-005","14314.561186288388853","0","14314.561186288388853","58940486.691015139222","0","58940486.691015139222","4117.519630812921605","0","4117.519630812921605","80.75986047585081451","0","0","100","17.821763184377250155","21.276352090625472613","122.00174289096213442","164805.44264862666023","160353.48356738022994","1673.7449377345542416","0","100","3500","0","15.444119659549372159","0","0","164714.99741519716918","0","0","82.561778094489071123","84.506256442443145716","600","38884.336704637069488","0.59546645092178196457","0.44659475689930205888","182780.67061380506493","4.0193832998459253503","11.56192108204691138","15.49374355755686139","59701385.143406294286","14539.163104795292384","61273549.790637478232","14540.179403069078035","294072.00330988020869","9959.7230831115521141","0","0","0","2895.4337820188584374","0","0","0","0","0","0","0","0","0","0","0","0","0","0","0","0","0","0","31818.266355720046704","614.86045564107030259","668.72426415177562831","62491.164556882264151","0","0","0","0","0","0","0","0","0","0","0","0"
"05/14/2026 07:50:07.312","63419641.376167826355","65840.163550838202354","19564.958213873971545","46275.205336964238086","1000000000","3500445.8047654409893","19561.955150448971835","3.0030634249998420238","0","0","0","59919195.571402385831","46275.205336964238086","0","0","0","0","0","0","0","0","0","0","18.322503664500732867","0.18322503664500733311","0","0","18.322503664500732867","0.18322503664500733311","1.4056386651323360512e-005","0","1.4056386651323360512e-005","13048.310581624315091","0","13048.310581624315091","53868198.949748635292","0","53868198.949748635292","4128.3657844265435415","0","4128.3657844265435415","82.271296454259285724","0","0","100","17.565743950173949628","21.258896708881827919","122.02063655408136356","157812.40031287880265","167379.68514316860819","1661.9936844239991842","0","100","3500","0","14.30662286132456984","0","0","157716.40067767741857","0","0","82.514256502851296204","85.742197148439430521","604","36981.859468934017059","0.48828009765601954051","0.3906200781240156128","174187.33808811526978","2.8808605761721151062","11.230472246094448607","14.257802851560574808","54569834.688365601003","13255.521957949304124","56003208.873371727765","13256.522979090970694","274403.91943821893074","9337.5252094661755109","0","0","0","2943.0021564998455688","0","0","0","0","0","0","0","0","0","0","0","0","0","0","0","0","0","0","32350.000235239967878","428.43704863331083743","515.52588795830627078","63660.940525429992704","0","0","0","0","0","0","0","0","0","0","0","0"
"05/14/2026 07:50:08.312","39840114.933080047369","43383.917569156561513","14484.640221097773974","28899.277348058785719","1000000000","2394654.8437440935522","14482.64013269386669","2.0000884039074526832","0","0","0","37445460.089335948229","28899.277348058785719","0","0","0","0","0","0","0","0","0","0","11.186384373765331901","0.1118638437376533179","0","0","11.186384373765331901","0.1118638437376533179","1.3722473012757604319e-005","0","1.3722473012757604319e-005","8152.3603343267777745","0","8152.3603343267777745","33625550.24932102114","0","33625550.24932102114","4124.6398429833170667","0","4124.6398429833170667","89.002822655684312281","0","0","100","11.323914229620253735","12.408734165265268956","122.0031621672644917","94221.407658210562658","305031.45834881078918","1582.9732477521129113","0","100","3500","0","7.1791972866026014799","0","0","94264.406931522855302","0","0","89.810899968870486987","92.918471180002470078","138","10728.818682964256368","0.14647770030010529019","0.14648770014310774634","99556.317498234275263","1.3183393020729574641","5.7128003090351482385","7.032709586459495732","34061433.515361383557","8282.3660805807612633","34957097.103691987693","8283.3661247827149055","172523.62554424905102","5867.259332862512565","0","0","0","2119.0936639399460546","0","0","0","0","0","0","0","0","0","0","0","0","0","0","0","0","0","0","23304.030038127686566","61.002696319177310613","549.02426687259583105","45877.027764627200668","0","0","0","0","0","0","0","0","0","0","0","0"
"05/14/2026 07:50:09.327","38986155.138046331704","42202.174750328740629","13927.879719370406747","28274.295030958335701","1000000000","2305677.125099697616","13925.910140112911904","1.9695792574942243558","0","0","0","36680478.012946628034","28274.295030958335701","0","0","0","0","0","0","0","0","0","1","10.993541900389233845","0.10993541900389233734","0","0","10.993541900389233845","0.10993541900389233734","1.3792122484257314508e-005","0","1.3792122484257314508e-005","7975.8112032228609678","0","7975.8112032228609678","32931113.079158470035","0","32931113.079158470035","4128.8731942215090385","0","4128.8731942215090385","89.194712308536125533","0","0","100","10.798203035272877059","12.387993767497404107","122.0052599730019125","92245.811983418388991","311682.57704337057658","1641.4616472535353751","0","100","3500","0","10.571588510626350299","0","0","92208.394141429409501","0","0","89.842161674615454103","89.38032000921654685","196","10565.616961625935801","0.19231668692633505091","0.09616326683337197978","97561.114905958631425","2.2116665165038753571","8.4620425389032405405","10.66775177745973302","33353367.237014140934","8100.8794860737443742","34229396.699162423611","8101.8642757024917955","165771.60778625888634","5626.1031490322511672","0","0","0","2059.1951137102114444","0","0","0","0","0","3.9391585149884487116","2.9543688862413364227","0","0","0","0","0","0","0","0","0","0","0","22650.161461183579377","478.60775957109649426","983.8048391183650665","44610.970182244178432","0","0","0","0","0","0","0","0","0","0","0","0"
"05/14/2026 07:50:10.327","50014524.131511114538","51901.602582814237394","16188.573590132586105","35713.028992681647651","1000000000","2691809.7053867541254","16186.574260307943405","1.9993298246427795295","0","0","0","47322714.426124356687","35713.028992681647651","0","0","0","0","0","0","0","0","0","0","14.234757331397872804","0.14234757331397873692","0","0","14.234757331397872804","0.14234757331397873692","1.3711047967636293409e-005","0","1.3711047967636293409e-005","10378.521119720668139","0","10378.521119720668139","42625072.075840175152","0","42625072.075840175152","4107.0468117896361946","0","4107.0468117896361946","86.217040996948313136","0","0","100","12.339654940708932429","13.963617427030071028","122.00661196304010048","107389.67783096650965","263899.35655088932253","1666.9949990150030317","0","100","3500","0","9.5217976258880732132","0","0","107422.67773196680355","0","0","88.578528833001968223","90.380552706120795392","224","13568.95929312212138","0.24414916989282234305","0.39061867189651555687","115981.65205504384357","2.1484326953288359618","7.4706745997063599418","9.5706174599006317294","43183984.728319063783","10543.465830253697277","44324118.555460207164","10544.465495166019537","206422.80707506841281","6934.6754967734805177","0","0","0","2097.2969860502757911","0","0","0","0","0","0","0","0","0","0","0","0","0","0","0","0","0","0","23038.277569358750043","337.88674036462975891","398.86630001623450426","45210.845324647176312","0","0","0","0","0","0","0","0","0","0","0","0"
"05/14/2026 07:50:11.312","67153077.795420303941","67880.429135494603543","19271.482751454695972","48608.946384039903933","1000000000","3453318.4048342686146","19269.453319825435756","2.0294316292601828344","0","0","0","63699759.390586033463","48608.946384039903933","0","0","0","0","0","0","0","0","0","0","19.594212659140037402","0.19594212659140036736","0","0","19.594212659140037402","0.19594212659140036736","1.4053982945849427405e-005","0","1.4053982945849427405e-005","13922.915692539485462","0","13922.915692539485462","57310889.443059019744","0","57310889.443059019744","4116.299395087821722","0","4116.299395087821722","81.3930543089806946","0","0","100","17.660640358231461278","22.011414078392377291","121.98121038605589206","160383.82272755476879","163558.43974145516404","1747.8062796922681628","0","100","3500","0","17.483352964678410046","0","0","160500.61396646508365","0","0","82.011370946299891216","82.516647035321582848","612","37393.507971103616001","0.74383806303520294545","0.44630080664211785324","178454.98190294363303","4.5126297694875878719","12.992406031057946336","17.532944200059752404","58055138.845594346523","14143.109024314215276","59584486.050498753786","14144.123740128845384","275937.75976724852808","9259.2818084995851677","0","0","0","2839.1748493349959972","0","0","0","0","0","9.1324423316708234211","7.1030107024106401425","0","0","0","0","0","0","0","0","0","0","0","31199.467152431421709","796.5519144846217614","859.4642949916874386","61275.643898067333794","0","0","0","0","0","0","0","0","0","0","0","0"
"05/14/2026 07:50:12.327","49349719.715099200606","52412.744300781712809","16078.786447778633374","36333.957853003077616","1000000000","2806444.9562711408362","16076.815525193713256","1.9709225849201561509","0","0","0","46543274.758828058839","36333.957853003077616","0","0","0","0","0","0","0","0","0","1","14.26404734203279645","0.14264047342032795673","0","0","14.26404734203279645","0.14264047342032795673","1.4265501280283632822e-005","0","1.4265501280283632822e-005","10006.373963639633075","0","10006.373963639633075","41761106.050219900906","0","41761106.050219900906","4173.4504628717750165","0","4173.4504628717750165","86.207807260142374162","0","0","100","15.671349518479301466","18.757224386124136117","122.03288839679318301","130212.8569723568362","207971.68900723167462","1688.8252354409478357","0","100","3500","0","13.066523158216591938","0","0","130071.05473684458411","0","0","84.575868029996954078","86.981561363402491338","474","30753.359826717667602","0.52891004314608469628","0.52891004314608469628","143517.64866684234585","3.7504449763097817971","9.3280426901532091932","13.018438636597506886","42295943.486554175615","10164.047770433244295","43395048.175260744989","10165.033231725705264","207731.29860541460221","7052.9464701367787711","0","0","0","2616.3997314815073878","0","0","0","0","0","0","0","0","0","0","0","0","0","0","0","0","0","0","28755.760513985078433","2480.4060731220165508","2592.7486604624655229","56652.198780944971077","0","0","0","0","0","0","0","0","0","0","0","0"
"05/14/2026 07:50:13.312","42517694.858719870448","47283.095501312607666","15509.878891140126143","31773.216610172483342","1000000000","2669447.7624049833976","15503.786232154474419","6.0926589856514832277","0","0","0","39848247.096314884722","31773.216610172483342","0","0","0","0","0","0","0","0","0","0","11.694264048102381182","0.1169426404810238046","0","0","11.694264048102381182","0.1169426404810238046","1.4459696056267269291e-005","0","1.4459696056267269291e-005","8084.9584739595184146","0","8084.9584739595184146","35690568.878677591681","0","35690568.878677591681","4414.4405928158757888","0","4414.4405928158757888","88.631033430220014679","0","0","100","14.53308261267396162","18.022446216680506836","121.98685469765804612","122576.66666429655743","222467.9117274286109","1689.2065188541553198","0","100","3500","0","16.080675806146061291","0","0","122656.91159213148057","0","0","85.264669240266599104","83.919324193853938709","424","27938.439748095934192","0.54557542102026090891","0.29758751670292088454","133112.11465801592567","3.6206294975995025887","12.498614755859289716","16.080675806146061291","36118639.099009461701","8212.9043126582000696","37006794.431756481528","8213.9197558224750537","178068.11328730735113","6108.906076279887202","0","0","0","2962.0477101908959412","0","0","0","0","0","5.0772158213762361711","4.0617726571009891146","0","0","0","0","0","0","0","0","0","0","0","32544.95341502167139","315.80282408960187013","461.01119658096223475","64320.2009115227047","0","0","0","0","0","0","0","0","0","0","0","0"
"05/14/2026 07:50:14.327","35768238.211248017848","39627.058919275645167","13396.880084671198347","26230.178834604445001","1000000000","2246888.4300101934932","13393.924238509986026","2.9558461612130320084","0","0","0","33521349.781237825751","26230.178834604445001","0","0","0","0","0","0","0","0","0","0","9.9444848227000637308","0.09944484822700064286","0","0","9.9444848227000637308","0.09944484822700064286","1.4018617242815494092e-005","0","1.4018617242815494092e-005","7096.9866330724898944","0","7096.9866330724898944","30001507.481542218477","0","30001507.481542218477","4227.358600583090265","0","4227.358600583090265","90.179092336207077096","0","0","100","11.071032585229332312","12.655923111591567576","122.00981240981241172","91656.454876954783686","313012.89840583916521","1660.4109093526928973","0","100","3500","0","11.56677480160488436","0","0","91579.638713888649363","0","0","89.597162885883179229","88.385135680787243473","189","11176.751726123196931","0.33660692654505919297","0.43278596176080713631","96775.562769490541541","2.6448249848827751762","8.9443154309935621882","11.614864319212758303","30384971.374600492418","7210.2940692523225152","31164707.827415630221","7211.2793513060605619","156387.90869745909004","5374.7136031390300559","0","0","0","2168.6058002766276331","0","0","0","0","0","0","0","0","0","0","0","0","0","0","0","0","0","0","23866.487187687758706","323.17251362595817454","951.78246391059633424","47106.334989198352559","0","0","0","0","0","0","0","0","0","0","0","0"
"05/14/2026 07:50:15.312","42670573.740738891065","45655.697023721695587","14941.143904464479419","30714.553119257216167","1000000000","2528710.6127139246091","14940.127707504370846","1.0161969601077656122","0","0","0","40141863.128024965525","30714.553119257216167","0","0","0","0","0","0","0","0","0","0","12.030764232617633169","0.12030764232617632836","0","0","12.030764232617633169","0.12030764232617632836","1.3772124665658797487e-005","0","1.3772124665658797487e-005","8738.2776599666776747","0","8738.2776599666776747","36079186.944877006114","0","36079186.944877006114","4128.8670775671589581","0","4128.8670775671589581","88.246775404908689211","0","0","100","11.45750549364817239","13.015185548779694358","122.02171958115502548","96341.875597539779847","296674.39315013604937","1647.790056511478042","0","100","3500","0","10.366054667384695165","0","0","96331.716595958321705","0","0","89.301751110539512979","89.633945332615311941","136","11313.064161104697632","0.39683495097697102372","0.099211277455420715521","102177.20610592568119","2.2321724719892714894","7.8869917923645918023","10.366054667384695165","36546292.039560139179","8876.4804465413326398","37506187.623290099204","8877.4966435014412127","190406.85680931227398","6529.065468692394461","0","0","0","2073.0417986198422113","0","0","0","0","0","5.0809848005388280612","4.0647878404310624489","0","0","0","0","0","0","0","0","0","0","0","22803.459784818260232","464.40201076924893187","756.05053832017767945","44856.966213076993881","0","0","0","0","0","0","0","0","0","0","0","0"
"05/14/2026 07:50:16.327","26356068.925392899662","30635.454625717426097","10845.689141229890083","19789.765484487536014","1000000000","1778301.27905114647","10842.736326326205017","2.9528149036836071062","0","0","0","24577767.646341755986","19789.765484487536014","0","0","0","0","0","0","0","0","0","0","7.0639591901359359838","0.070639591901359363724","0","0","7.0639591901359359838","0.070639591901359363724","1.4382798716920609368e-005","0","1.4382798716920609368e-005","4909.5469131912777812","0","4909.5469131912777812","21992250.435712445527","0","21992250.435712445527","4479.4867682437852636","0","4479.4867682437852636","93.03548964668684107","0","0","100","10.174008810572686912","11.422913791256231519","121.99823312635670902","73428.500703327939846","394837.08713136729784","1667.9791910241845017","0","100","3500","0","9.4687108358664886509","0","0","73468.870919875756954","0","0","90.666057107657607617","90.579369230490499376","101","8355.6501859688487457","0.19231041900847342663","0.24039048536546361867","77334.565314185645548","1.9231238829237089494","7.5482750254628401265","9.3725507031525054913","22250708.355688605458","4987.3043723216123908","22790093.148514680564","4988.2886439561734733","111116.39336888326216","3829.8009300776384407","0","0","0","2017.7568508504650708","0","0","0","0","0","0","0","0","0","0","0","0","0","0","0","0","0","0","22161.860123780032154","965.57047350453956369","2135.8694469978090638","43895.562086525947961","0","0","0","0","0","0","0","0","0","0","0","0"
"05/14/2026 07:50:17.312","28893928.39183294028","33017.759706337405078","10921.009165792611384","22096.750540544791875","1000000000","1843850.1707771413494","10917.964557717396019","3.0446080752139978998","0","0","0","27050078.221055801958","22096.750540544791875","0","0","0","0","0","0","0","0","0","0","7.0621679793880742793","0.070621679793880745568","0","0","7.0621679793880742793","0.070621679793880745568","1.5507694023193579011e-005","0","1.5507694023193579011e-005","4550.6742030865225388","0","4550.6742030865225388","24213970.996048606932","0","24213970.996048606932","5320.9634255129349185","0","5320.9634255129349185","93.143096129434496788","0","0","100","13.306930435686805225","15.653262126962669498","121.98741517269320411","88471.479568778595421","315371.62306429579621","1707.214275195628943","0","100","3500","0","13.118083787283785213","0","0","88523.27488587256812","0","0","87.20707259825199742","86.832324176528956627","601","19867.058686125456006","0.54549208594179021681","0.3967261334390376204","96035.627053405041806","3.372126431966236737","9.9180314632677184505","13.217267859658299756","24453118.871140517294","4622.7299275332534307","24953088.171342425048","4623.7447968916585523","103285.28434355967329","3561.1765786419728101","0","0","0","2552.396436387734866","0","0","0","0","0","0","0","0","0","0","0","0","0","0","0","0","0","0","28040.84037272092246","1545.6460328503062556","2277.3668402600706031","55569.171719447484065","0","0","0","0","0","0","0","0","0","0","0","0"
"05/14/2026 07:50:18.327","57943826.209387280047","59708.544313862810668","17374.413389524124796","42334.130924338678597","1000000000","3133367.7263476713561","17371.459227193103288","2.9541623310231455157","0","0","0","54810458.483039610088","42334.130924338678597","0","0","0","0","0","0","0","0","0","0","16.417861207305080029","0.16417861207305078919","0","0","16.417861207305080029","0.16417861207305078919","1.4190594143684031366e-005","0","1.4190594143684031366e-005","11568.499688286638047","0","11568.499688286638047","49360948.711507633328","0","49360948.711507633328","4266.8409942117805258","0","4266.8409942117805258","84.294214876684165461","0","0","100","16.471617922603073225","19.85606699308038614","121.99337889377190436","143049.8269992970454","187261.57711422239663","1670.2293630655169636","0","100","3500","0","16.08925994745846566","0","0","143066.56868512966321","0","0","83.728599605367293179","83.958818433893497968","631","33719.724876983076683","0.43277436880628922244","0.33659790991990351516","158245.3689050169487","4.2316066215413998819","11.781163201385981054","16.041181566106498479","49983355.264706239104","11751.657752810073362","51254117.733019150794","11752.642473587080531","242249.18891011399683","8242.1129035545764054","0","0","0","2788.7292404858494592","0","0","0","0","0","3.9388831080308603916","2.9541623310231455157","0","0","0","0","0","0","0","0","0","0","0","30675.036924567335518","1152.1233090990267556","1472.1575616265340614","60393.909974660178705","0","0","0","0","0","0","0","0","0","0","0","0"
"05/14/2026 07:50:19.312","70238728.768646523356","71325.602151097002206","20323.005943478430709","51002.596207618575136","1000000000","3716930.6632115594111","20323.005943478430709","0","0","0","0","66521798.105434969068","51002.596207618575136","0","0","0","0","0","0","0","0","0","0","20.129364802321852324","0.2012936480232185299","0","0","20.129364802321852324","0.2012936480232185299","1.3847005381228597761e-005","0","1.3847005381228597761e-005","14538.640738187825264","0","14538.640738187825264","59833270.47378756851","0","59833270.47378756851","4115.4652316723741023","0","4115.4652316723741023","80.632625336629288881","0","0","100","17.32576342422316884","20.276272698756841351","122.00880350575162936","167424.36494346521795","159363.19372394838138","1624.3647809271335518","0","100","3500","0","13.486983667460039626","0","0","167421.31735475803725","0","0","83.379971415718429739","86.463408340319560352","578","38227.936879968081485","0.39685377843646335583","0.34724578621606938533","185430.5348883891711","2.9267597884096709926","10.764517779431265865","13.536591659680441424","60614620.046559415758","14769.28379134098941","62211669.766292542219","14770.299840033294458","300429.34153542027343","10183.856042969919145","0","0","0","3020.712762221846333","0","0","0","0","0","4.0641947692187638808","3.0481460769140733547","0","0","0","0","0","0","0","0","0","0","0","33209.551507978831069","228.61095576855549893","242.83563746082117518","65169.36312442288181","0","0","0","0","0","0","0","0","0","0","0","0"
"05/14/2026 07:50:20.327","42647994.844965577126","45406.170863213985285","14440.877262596295623","30965.293600617689663","1000000000","2493053.0628320085816","14440.877262596295623","0","0","0","0","40154941.782133564353","30965.293600617689663","0","0","0","0","0","0","0","0","0","0","11.984592381952960949","0.11984592381952960394","0","0","11.984592381952960949","0.11984592381952960394","1.3839192723138145526e-005","0","1.3839192723138145526e-005","8668.2716028210761579","0","8668.2716028210761579","36122898.449251629412","0","36122898.449251629412","4167.2550312677658439","0","4167.2550312677658439","88.259666808290461404","0","0","100","11.996475217009717085","13.424492908678654857","122.01982296828897745","101384.7709657947853","280939.53452213201672","1644.4339848377278486","0","100","3500","0","8.2190307911124591556","0","0","101333.56703333277255","0","0","88.93527628700823584","91.829049090612798523","103","15068.726508965119137","0.52885900621454384751","0.14422979879411362836","108129.90437665612262","2.2596658236522886298","5.6732094231841916354","8.1709509093871979246","36586252.308500193059","8805.2687321891407919","37538443.464241482317","8806.2543230479041085","186150.51667629589792","6363.9601750330521099","0","0","0","2200.8243876179039944","0","0","0","0","0","0.98559085876305596585","0.98559085876305596585","0","0","0","0","0","0","0","0","0","0","0","24200.197946068074089","981.6484953280037189","1434.034699500246461","47639.519749171071453","0","0","0","0","0","0","0","0","0","0","0","0"
"05/14/2026 07:50:21.312","21940084.300831642002","26470.863409511814098","9675.9142672346315521","16794.949142277182546","1000000000","1584210.7770688654855","9675.9142672346315521","0","0","0","0","20355873.523762777448","16794.949142277182546","0","0","0","0","0","0","0","0","0","0","5.5967024010842729709","0.055967024010842733595","0","0","5.5967024010842729709","0.055967024010842733595","1.4613793103448275909e-005","0","1.4613793103448275909e-005","3829.7319461915553802","0","3829.7319461915553802","18153994.029478371143","0","18153994.029478371143","4740.2779840848806998","0","4740.2779840848806998","94.422415822168431987","0","0","100","9.0125290513416445037","10.095072242357263193","121.98813848903202484","65735.346508372240351","446528.40700171492063","1636.5267072320766601","0","100","3500","0","9.278199709447697785","0","0","65696.744388648570748","0","0","91.730890995550495859","90.672196526395580918","72","6450.6173748750379673","0.19840489816600162531","0.19841505662681604982","68485.239616055187071","1.8352681645723476489","7.6882888489255032383","9.3278034736044119768","18358841.007306866348","3891.6984312625590974","18779770.197798036039","3892.7142752801164534","91759.15841792858555","3193.8135912005968748","0","0","0","1998.1651825354877019","0","0","0","0","0","0","0","0","0","0","0","0","0","0","0","0","0","0","21959.500127539216919","1275.900086052146662","2671.6697661760717892","43530.947840371489292","0","0","0","0","0","0","0","0","0","0","0","0"
"05/14/2026 07:50:22.312","31213582.619803145528","36009.645090769357921","12264.791949881995606","23744.853140887360496","1000000000","2078917.7233291256707","12262.792635846641133","1.9993140353544698318","0","0","0","29134664.896474018693","23744.853140887360496","0","0","0","0","0","0","0","0","0","0","8.1275779114630939404","0.081275779114630936073","0","0","8.1275779114630939404","0.081275779114630936073","1.4935060639470783877e-005","0","1.4935060639470783877e-005","5440.1334901995123801","0","5440.1334901995123801","26017057.547555431724","0","26017057.547555431724","4782.4299889746416738","0","4782.4299889746416738","92.023950558099372188","0","0","100","13.404532131932267447","15.089284342962461238","121.98794588582218523","95436.3987506878766","293792.05467972555198","1645.9896302653294242","0","100","3500","0","10.059508398965167686","0","0","95472.398523889307398","0","0","87.655054683947696503","89.940501600933828286","537","20542.870579915346752","0.43944556159982783861","0.24413753421090444995","103079.35060009123117","2.8320013967858921333","7.1288379987362118229","10.059498399066168162","26307945.743815295398","5527.1036507374319626","26905696.655477505177","5528.1033077551091992","125452.95709042227827","4343.5097418075856694","0","0","0","2610.1044731552601661","0","0","0","0","0","0","0","0","0","0","0","0","0","0","0","0","0","0","28690.156407336642587","1453.501303702699488","2048.2972292206541169","56845.496310215959966","0","0","0","0","0","0","0","0","0","0","0","0"
"05/14/2026 07:50:23.312","46750917.532787948847","51237.850596015094197","16510.340710758566274","34727.509885256527923","1000000000","2867954.7705455599353","16507.341012228269392","2.9996985302977048349","0","0","0","43882962.762242391706","34727.509885256527923","0","0","0","0","0","0","0","0","0","0","16.249871780285495504","0.16249871780285496392","0","0","16.249871780285495504","0.16249871780285496392","1.511973023255813778e-005","0","1.511973023255813778e-005","10748.919733566775903","0","10748.919733566775903","79450319.242916077375","0","79450319.242916077375","7391.470139534883856","0","7391.470139534883856","85.297562715686552792","0","0","100","16.113481609443603304","18.867184913265674595","122.01727580249723815","131176.94161727378378","206248.81494187153294","1697.4686922993103053","0","100","3500","0","12.764744967238739193","0","0","131126.95726237687632","0","0","84.515697392275939137","87.235255032761259031","440","32368.8685441456837","0.68343857180933864637","0.39052775734371542038","145842.35134402933181","3.2707174565367660435","9.5680500265837213902","12.715926498161135072","39836020.479941762984","9383.0570027712201409","40850486.5261041224","9383.0570027712201409","201003.79911818861729","6881.308428502935385","0","0","0","2953.7031528331399386","0","0","0","0","0","0","0","0","0","0","0","0","0","0","0","0","0","0","32472.736489982755302","590.94061046864783293","689.93066196847212268","64155.552366987110872","0","0","0","0","0","0","0","0","0","0","0","0"
"05/14/2026 07:50:24.327","49774997.79037129879","54130.489943089021835","17244.946347852841427","36885.543595236180408","1000000000","3003523.2012982578017","17241.993614615952538","2.9527332368905043758","0","0","0","46771474.589073039591","36885.543595236180408","0","0","0","0","0","0","0","0","0","0","14.280450995717108853","0.14280450995717108853","0","0","14.280450995717108853","0.14280450995717108853","1.4418027244705179494e-005","0","1.4418027244705179494e-005","9898.5460544692668918","0","9898.5460544692668918","41886922.521657809615","0","41886922.521657809615","4231.6237446554641792","0","4231.6237446554641792","86.198803847353843821","0","0","100","17.800553104317678788","20.553438386385124659","121.99164811731917268","137162.34497054165695","194004.4508745225321","1656.6285678209651451","0","100","3500","0","12.527733219038850621","0","0","137219.47009356995113","0","0","83.199883630782608179","87.472266780961149379","574","32606.626258193144167","0.76940970788726448237","0.19235981330501183972","151264.37103121975088","3.8470485394363223008","8.7039467049469134707","12.575823172365108604","42420127.089575499296","10056.025160436762235","43507760.471917644143","10057.993649261354221","213707.02075318715652","7313.9202277777794734","0","0","0","2999.9769686807526341","0","0","0","0","0","3.9369776491873391677","2.9527332368905043758","0","0","0","0","0","0","0","0","0","0","0","32995.80967783909","286.41512397837891513","336.61158900551748729","65131.389739330748853","0","0","0","0","0","0","0","0","0","0","0","0"
"05/14/2026 07:50:25.312","55817115.298759616911","57467.221706740092486","17458.512272495510842","40008.709434244585282","1000000000","2990071.3669420452788","17455.462750701186451","3.0495217943223598134","0","0","0","52827043.931817568839","40008.709434244585282","0","0","0","0","0","0","0","0","0","0","15.889018948036511603","0.1588901894803651238","0","0","15.889018948036511603","0.1588901894803651238","1.3739924455375967252e-005","0","1.3739924455375967252e-005","11571.918702188580937","0","11571.918702188580937","47585941.623207591474","0","47585941.623207591474","4112.1911454673227126","0","4112.1911454673227126","84.591150214861713152","0","0","100","13.454529937871235745","15.366458920565563062","121.98126379085641702","122328.23783869002364","228632.5808916350943","1595.8551243913707367","0","100","3500","0","11.363529471399470339","0","0","122299.79484474798664","0","0","87.363908982705524409","88.68607314389664964","205","19514.941307881999819","0.1984003029589184175","0.44640322121395059618","131732.71062138595153","3.0256376343565003495","8.134514003571021945","11.31392685610335036","48204421.237357698381","11753.873502583148365","49475425.326969727874","11754.890009847922556","233796.67089804756688","7892.1624037062665593","0","0","0","2341.0162307747982595","0","0","0","0","0","0","0","0","0","0","0","0","0","0","0","0","0","0","25743.046480404587783","152.47608971611799689","189.07035124798630932","50574.285944306786405","0","0","0","0","0","0","0","0","0","0","0","0"
"05/14/2026 07:50:26.312","39389528.191599473357","42288.649257321034383","13732.535568887185946","28556.113688433848438","1000000000","2284596.0992478705011","13730.535490884145474","2.0000780030421188016","0","0","0","37104932.092351600528","28556.113688433848438","0","0","0","0","0","0","0","0","0","0","10.955096067000903659","0.10955096067000903715","0","0","10.955096067000903659","0.10955096067000903715","1.3844572222924302475e-005","0","1.3844572222924302475e-005","7913.3086190361427725","0","7913.3086190361427725","33367317.325375691056","0","33367317.325375691056","4216.6076077341085693","0","4216.6076077341085693","89.315511118684369762","0","0","100","10.730409685124655539","11.907775649917365257","122.01842864637985997","90697.303960415942129","318282.092825888074","1609.9698935629903644","0","100","3500","0","9.0829755370544162929","0","0","90691.304072613842436","0","0","90.227431634710995922","90.868194970772307784","92","10493.803765869577546","0.43944542976753042662","0.1464784766238431124","96007.204665272758575","2.0995881642830913627","7.1288358601070553888","9.1318050292276904401","33790401.825671203434","8039.3135332277961425","34659783.731565535069","8040.3135722293172876","164418.41231808040175","5570.2172384723007781","0","0","0","2084.0812791698876936","0","0","0","0","0","0","0","0","0","0","0","0","0","0","0","0","0","0","22912.893602850512252","603.02351791719877383","1161.0452807659498831","45091.758578584565839","0","0","0","0","0","0","0","0","0","0","0","0"
"05/14/2026 07:50:27.327","24808009.266783569008","28913.908276995083725","10153.140745231079563","18760.767531764002342","1000000000","1679688.1960042458959","10152.15634143573152","0.98440379534914490556","0","0","0","23128321.070779323578","18760.767531764002342","0","0","0","0","0","0","0","0","0","0","9.3685446078735470365","0.093685446078735468145","0","0","9.3685446078735470365","0.093685446078735468145","1.534022895840051647e-005","0","1.534022895840051647e-005","6105.2723387553969587","0","6105.2723387553969587","48502346.769427925348","0","48502346.769427925348","7944.33795549822662","0","7944.33795549822662","91.703765631046735507","0","0","100","9.3329972398321210392","10.692058530683235418","122.00212111951968552","69645.449137769668596","419174.12496465933509","1627.6764470688578967","0","100","3500","0","7.7314832594308153801","0","0","69666.127422941135592","0","0","91.258528822965814697","92.268516740569182844","205","8586.4117473928872641","0.048083408909856656388","0.096166817819713312776","75481.648957356548635","0.67313818342594533561","6.9718284201207847417","7.7314832594308153801","20907492.326818514615","4461.3180005223248372","21390007.691146854311","4462.3024043176737905","102122.04972952029493","3534.994029098779265","0","0","0","2002.2773197401606922","0","0","0","0","0","0","0","0","0","0","0","0","0","0","0","0","0","0","21991.5807880998982","1208.8478606887499609","2437.3837972844826254","43614.994556739213294","0","0","0","0","0","0","0","0","0","0","0","0"
"05/14/2026 07:50:28.312","41613303.756801351905","45608.879453984205611","14735.160827466397677","30873.718626517809753","1000000000","2530099.4656335175969","14730.087085703617049","5.0737417627802487985","0","0","0","39083204.291167832911","30873.718626517809753","0","0","0","0","0","0","0","0","0","0","11.559756251547250727","0.11559756251547249895","0","0","11.559756251547250727","0.11559756251547249895","1.4455691056910569835e-005","0","1.4455691056910569835e-005","7988.099031321223265","0","7988.099031321223265","35042686.404198624194","0","35042686.404198624194","4386.8617886178863046","0","4386.8617886178863046","88.881838968647457477","0","0","100","14.818820898166704225","17.649603157188114011","121.98254520947995161","114922.60846933544963","238244.25385934818769","1639.603723830593708","0","100","3500","0","12.205352189736718316","0","0","114992.70305232449027","0","0","85.589759858790301905","87.794647810263285237","468","24659.071122840043245","0.34721365108360019436","0.39680689404995872493","125778.12606094246439","3.4225127927100982284","8.8786634570228635255","12.106145387030975868","35469737.159881725907","8114.9425753907289618","36347295.594165608287","8115.9573237432850874","175040.03182250834652","6004.2660020741459448","0","0","0","2613.9917561843840303","0","0","0","0","0","5.0737417627802487985","4.0589934102241986835","0","0","0","0","0","0","0","0","0","0","0","28700.127655342752405","1370.9250243032231538","1704.7772322941634684","56652.385774851696624","0","0","0","0","0","0","0","0","0","0","0","0"
"05/14/2026 07:50:29.312","48971677.576040335","53437.15794627014111","17158.830570627898851","36278.327375642242259","1000000000","2958776.3922180756927","17156.829890796892869","2.0006798310065758706","0","0","0","46012901.183822259307","36278.327375642242259","0","0","0","0","0","0","0","0","0","0","13.990430956904308601","0.1399043095690430949","0","0","13.990430956904308601","0.1399043095690430949","1.4341769167691677066e-005","0","1.4341769167691677066e-005","9759.3162156500784477","0","9759.3162156500784477","41174695.161415852606","0","41174695.161415852606","4219.0143501435013604","0","4219.0143501435013604","86.367993200679933352","0","0","100","16.296318278386404899","19.934673198013719286","122.00965370042197833","135642.53069670181139","197324.22949369886192","1667.8343840456641374","0","100","3500","0","14.315208479152087051","0","0","135664.52851231873501","0","0","83.639966003399663919","85.733616638336158644","601","32346.787963955179293","0.19529047095290472114","0.43941605839416064683","149088.19554218265694","2.5388061193880613331","11.81522847715228508","14.364033596640336299","41692203.010582998395","9912.3682227220815548","42764099.240922063589","9913.3685626375845459","208322.78808339074021","7114.4174790593842772","0","0","0","2975.0109087067785367","0","0","0","0","0","4.0013596620131517412","3.0010197465098640279","0","0","0","0","0","0","0","0","0","0","0","32716.116936535036075","377.12814814473955494","427.145143919904001","64620.958201596906292","0","0","0","0","0","0","0","0","0","0","0","0"
"05/14/2026 07:50:30.312","68526616.314625352621","69600.292548619851004","19875.226853675390885","49725.06569494446012","1000000000","3621465.1250066370703","19874.226892573879013","0.99996110151315109604","0","0","0","64905151.189618721604","49725.06569494446012","0","0","0","0","0","0","0","0","0","0","19.871811666710335942","0.19871811666710334499","0","0","19.871811666710335942","0.19871811666710334499","1.4007020511736096482e-005","0","1.4007020511736096482e-005","14186.448147167075149","0","14186.448147167075149","58357537.891776002944","0","58357537.891776002944","4113.6116162684147639","0","4113.6116162684147639","81.030380678989772036","0","0","100","18.42722186759583991","21.636086140614427364","122.01113366716289477","163578.89181667589583","160949.13832629279932","1673.8147087117456522","0","100","3500","0","14.013446434960730613","0","0","163557.89414111856604","0","0","82.273243910434175064","85.937723438080936944","590","38467.741621002554893","0.39062101561464057653","0.73242190429695119835","182742.77037531943643","3.9062601562764061036","10.156276406318657024","14.062276561919063056","59119988.232457756996","14411.439395007533676","60678343.612433470786","14412.439356109045548","293384.58733955246862","9947.613037852826892","0","0","0","2893.8874277790591805","0","0","0","0","0","3.9998444060526043842","2.9998833045394532881","0","0","0","0","0","0","0","0","0","0","0","31802.762872524257546","647.97479378052184984","695.97292665315319482","62434.571295176610874","0","0","0","0","0","0","0","0","0","0","0","0"
"05/14/2026 07:50:31.327","51269693.125960379839","52507.114908796553209","15594.874406392546007","36912.240502404005383","1000000000","2710564.0805191257969","15593.888449864356517","0.98595652819071544215","0","0","0","48559129.045441254973","36912.240502404005383","0","0","0","0","0","0","0","0","0","0","17.920581061440778115","0.17920581061440779558","0","0","17.920581061440778115","0.17920581061440779558","1.4389365066814264574e-005","0","1.4389365066814264574e-005","12469.39221202797853","0","12469.39221202797853","70043361.38215328753","0","70043361.38215328753","5617.2233731319684011","0","5617.2233731319684011","83.827249278749548012","0","0","100","12.329120806384507247","14.289966211530945372","122.01034909697736452","116008.87628976446285","243505.71047670804546","1565.917442468784202","0","100","3500","0","11.815489082990504599","0","0","115894.63325622586126","0","0","88.206214654493535932","88.184510917009490072","23","21745.570521830664802","0.38467018935526214873","0.48083035112097738395","127653.78688080277061","2.5003217648014026686","8.4626358440769635649","11.815489082990504599","44372046.752086646855","10830.73246217500855","45543240.848967723548","10831.718418703199859","214339.06157643601182","7217.2017863560367914","0","0","0","2158.2588402094761477","0","0","0","0","0","0","0","0","0","0","0","0","0","0","0","0","0","0","23737.889372719666426","320.43587166198250316","338.183089169415382","46576.586391729397292","0","0","0","0","0","0","0","0","0","0","0","0"
"05/14/2026 07:50:32.312","27639399.687897164375","30311.685518775771925","10041.957919830247192","20269.727598945522914","1000000000","1665637.9328919001855","10039.92719022057463","2.0307296096724463119","0","0","0","25973761.755005266517","20269.727598945522914","0","0","0","0","0","0","0","0","0","1","7.5449388991858903353","0.075449388991858906683","0","0","7.5449388991858903353","0.075449388991858906683","1.3934102419808664592e-005","0","1.3934102419808664592e-005","5412.9097745819053671","0","5412.9097745819053671","23269237.076208308339","0","23269237.076208308339","4298.8407428249856821","0","4298.8407428249856821","92.632962018281091332","0","0","100","8.1204600002274975878","9.6042629807715744761","122.0051815610742949","67104.932255179941421","439249.19493962044362","1628.1589635686482325","0","100","3500","0","7.3068980255486692954","0","0","67155.717001392316888","0","0","92.153244043290200693","92.69310197445133781","108","7517.1581343553125407","0.24797447896310223503","0.14878062455359719607","71189.041545578904334","1.289469322020263764","6.7945149434739251504","7.3068980255486692954","23558648.537260383368","5499.2157829929847139","24153384.256585933268","5500.231147797820995","115085.50843935688317","3918.2927818629850663","0","0","0","1622.5529581282846721","0","0","0","0","0","0","0","0","0","0","0","0","0","0","0","0","0","0","17831.836702533750213","3624.8523532653166512","7429.4242769866450544","35137.714436162335915","0","0","0","0","0","0","0","0","0","0","0","0"
"05/14/2026 07:50:33.312","23959723.842567231506","28152.6894084476844","10030.257694162199186","18122.431714285485214","1000000000","1663468.5120874850545","10028.258639315330583","1.9990548468684006256","0","0","0","22296255.330479748547","18122.431714285485214","0","0","0","0","0","0","0","0","0","0","6.2947740645662362269","0.062947740645662358938","0","0","6.2947740645662362269","0.062947740645662358938","1.4523552479815456665e-005","0","1.4523552479815456665e-005","4332.9513805872584271","0","4332.9513805872584271","19905340.75489108637","0","19905340.75489108637","4593.9450980392157362","0","4593.9450980392157362","93.773763023046456055","0","0","100","9.8873172978800312194","10.844764378644844882","121.98596718480138179","68438.216543188202195","426180.71831438672962","1654.6667501165266003","0","100","3500","0","6.9023096048704379868","0","0","68427.218758142116712","0","0","91.131450834662757643","93.097690395129561125","119","7073.5753819180827122","0.048820802160872894815","0.048820802160872894815","71807.537961854483001","1.269290865600920748","5.5653614858960569478","6.8534888027095730578","20137091.183288540691","4402.9183002276522529","20613294.034580450505","4403.9178276510865544","102123.71590711911267","3544.3242434976741606","0","0","0","1961.0728047779009557","0","0","0","0","0","0","0","0","0","0","0","0","0","0","0","0","0","0","21538.816447583580157","1554.2651434401814186","2568.7854782258946216","42671.824761252879398","0","0","0","0","0","0","0","0","0","0","0","0"
"05/14/2026 07:50:34.327","45643414.922368213534","49433.508942230029788","15758.426327412345927","33675.08261481768568","1000000000","2728507.7661325475201","15754.48795157294262","3.9383758394032728489","0","0","0","42914907.156235665083","33675.08261481768568","0","0","0","0","0","0","0","0","0","0","13.138442329748384552","0.1313844232974838433","0","0","13.138442329748384552","0.1313844232974838433","1.4335013433637827556e-005","0","1.4335013433637827556e-005","9161.646796411863761","0","9161.646796411863761","38421408.380922861397","0","38421408.380922861397","4193.7229446534120143","0","4193.7229446534120143","87.309962015057649865","0","0","100","14.65125573654748159","18.226007362953250635","121.99493654862496328","121252.39806435070932","224492.61506718007149","1694.1708407785738473","0","100","3500","0","16.603361712706810494","0","0","121297.70728451106697","0","0","85.079188814043206435","83.444735080538251282","623","25433.247255664857221","0.72142234914075864527","0.33666770287036301701","133038.70520432537887","3.9437892984191784684","12.745157717688471166","16.603361712706810494","38911129.663049302995","9306.3821085099334596","39917502.841292016208","9307.3667024697842862","196391.04960768361343","6711.9770243030279744","0","0","0","2635.7580305206402045","0","0","0","0","0","4.9229697992540915052","3.9383758394032728489","0","0","0","0","0","0","0","0","0","0","0","29026.814530361971265","269.7787449991241715","712.84602693199235546","57199.986097533284919","0","0","0","0","0","0","0","0","0","0","0","0"
"05/14/2026 07:50:35.312","68136324.404461249709","68902.961096250015544","19500.761420108658058","49402.199676141361124","1000000000","3566807.7486057723872","19497.71553661512371","3.0458834935349599071","0","0","0","64569516.655855476856","49402.199676141361124","0","0","0","0","0","0","0","0","0","0","23.118715110183817529","0.23118715110183818418","0","0","23.118715110183817529","0.23118715110183818418","1.4482312146083858842e-005","0","1.4482312146083858842e-005","15957.383622629655292","0","15957.383622629655292","85331262.674048125744","0","85331262.674048125744","5347.4469682509388804","0","5347.4469682509388804","79.06751192761709035","0","0","100","18.011428320720959562","21.750720262073024003","121.99578939693591906","161404.0447601324704","162911.52466875541722","1692.1047772403985618","0","100","3500","0","15.393212710034632096","0","0","161417.24845887444098","0","0","82.199081461252177405","84.557191722872602213","602","39858.919494611160189","1.0910618489121781671","0.64472205864160359035","182643.71769029524876","4.6618004846410157072","10.761821631061389226","15.442808277127396011","58855062.547725185752","14340.019487562591166","60405701.528393879533","14341.034782060436555","289947.8026945713209","9810.7907326761069271","0","0","0","2865.1610729185522359","0","0","0","0","0","4.0611779913799468389","3.0458834935349599071","0","0","0","0","0","0","0","0","0","0","0","31459.915310224758286","764.51675687727492914","813.25089277383438002","61760.364303910537274","0","0","0","0","0","0","0","0","0","0","0","0"
"05/14/2026 07:50:36.312","57873572.728777103126","60841.67857080684189","18486.017479326415923","42355.661091480425966","1000000000","3278403.2050834400579","18484.016503250284586","2.0009760761299362208","0","0","0","54595169.523693658412","42355.661091480425966","0","0","0","0","0","0","0","0","0","1","16.734210643413501174","0.1673421064341349962","0","0","16.734210643413501174","0.1673421064341349962","1.4156056504821519105e-005","0","1.4156056504821519105e-005","11827.769586004053053","0","11827.769586004053053","49053048.076851889491","0","49053048.076851889491","4147.2779563525627964","0","4147.2779563525627964","83.812214112189764137","0","0","100","17.080515200000000675","20.523590399999999789","121.98459490300494679","147492.59587468660902","180453.00526073161745","1686.7437836192680152","0","100","3500","0","14.702761671872167426","0","0","147425.60605044092517","0","0","83.14022745532912495","85.297228328772789041","531","34970.687952500011306","0.48824850797123586776","0.19529740331748604576","163200.20988811796997","3.2712790025043383402","11.473869935389167551","14.702771671227210959","49681062.42224957794","12012.859873046072607","50980068.077208064497","12013.860361084136457","250598.24182236095658","8550.170773303218084","0","0","0","2874.4021333606533517","0","0","0","0","0","4.0019521522598724417","3.0014641141949045533","0","0","0","0","0","0","0","0","0","0","0","31619.423955005251628","1008.4919423694879015","1106.5397700998546497","62205.343766689395125","0","0","0","0","0","0","0","0","0","0","0","0"
"05/14/2026 07:50:37.327","46798092.03207718581","51967.388895872383728","17170.215076065047469","34797.173819807336258","1000000000","2949360.2192605850287","17167.261992006788205","2.9530840582580486497","0","0","0","43848731.812816597521","34797.173819807336258","0","0","0","0","0","0","0","0","0","0","13.233750254185006057","0.13233750254185006057","0","0","13.233750254185006057","0.13233750254185006057","1.4204502695275341025e-005","0","1.4204502695275341025e-005","9313.042758393132317","0","9313.042758393132317","39271135.542522393167","0","39271135.542522393167","4216.7889229468346457","0","4216.7889229468346457","87.066623797821861785","0","0","100","14.998714158750969361","17.824221089057111556","121.99005726240416436","132855.65450734543265","205659.78443770710146","1672.2304274439602523","0","100","3500","0","13.45093380062343158","0","0","132917.69839246262563","0","0","85.408347903324525419","86.597160710408317641","564","30173.024638414637593","0.1923288073221037231","0.28849813466364615522","143780.30240583533305","2.7888021719339377569","10.626306929440211491","13.402839289591684135","39773081.08351803571","9461.6813226587873942","40796249.898241646588","9462.6656840115392697","205003.09532427371596","7041.1367562399400413","0","0","0","3009.1926553649514062","0","0","0","0","0","5.9061681165160972995","4.9218067637634144162","0","0","0","0","0","0","0","0","0","0","0","33109.978461189239169","569.94522324380329792","632.94434981997505929","65336.000427606566518","0","0","0","0","0","0","0","0","0","0","0","0"
"05/14/2026 07:50:38.312","49445569.926364421844","53334.227486889983993","16769.443521501852956","36564.783965388131037","1000000000","2912282.5200092261657","16766.395270740551496","3.0482507613006277758","0","0","0","46533287.406355194747","36564.783965388131037","0","0","0","0","0","0","0","0","0","1","13.524977811260246341","0.13524977811260247007","0","0","13.524977811260246341","0.13524977811260247007","1.4127684634974531965e-005","0","1.4127684634974531965e-005","9575.5717248323708191","0","9575.5717248323708191","41768611.349044017494","0","41768611.349044017494","4361.9966044142611281","0","4361.9966044142611281","86.79265868390120886","0","0","100","14.803292888647643366","16.903935474853980736","122.03593011112285183","132707.29318220904679","207740.01806615584064","1626.284991157011973","0","100","3500","0","11.658604360014980017","0","0","132655.4877265257237","0","0","86.132710656903526569","88.291791603721961224","463","29509.809667771613022","0.2976140590618183146","0.3472079368083383355","143621.99163941209554","3.0257243098481634291","8.6803711149896329857","11.708208396278042329","42280469.552547268569","9726.9681793103027303","43332323.346247754991","9727.9842628974020045","205143.21190118382219","7008.9445838172432559","0","0","0","2972.0444922681117532","0","0","0","0","0","0","0","0","0","0","0","0","0","0","0","0","0","0","32633.556566897419543","440.98027680149078833","627.93965682792929783","64361.782657688549079","0","0","0","0","0","0","0","0","0","0","0","0"
"05/14/2026 07:50:39.327","56103456.881644375622","60298.900376222060004","19040.980786241583701","41257.919589980476303","1000000000","3307689.3920934791677","19038.027322493137035","2.9534637484475858571","0","0","0","52795767.489550895989","41257.919589980476303","0","0","0","0","0","0","0","0","0","0","19.420718759025451305","0.19420718759025451527","0","0","19.420718759025451305","0.19420718759025451527","1.4641677802524126711e-005","0","1.4641677802524126711e-005","13261.052230529659937","0","13261.052230529659937","78197512.88817743957","0","78197512.88817743957","5896.7804008908688047","0","5896.7804008908688047","82.290317310876503143","0","0","100","17.096633306443479228","19.653117752344460456","121.99515042482669003","149553.81915773512446","179535.66725053009577","1650.4609325754213387","0","100","3500","0","12.3957232615964692","0","0","149614.8743950977223","0","0","83.91084899533829855","87.604266891337331913","618","35815.790046401001746","0.67314544540200593747","0.62506222114954845814","166857.07037866755854","3.7022704085124340523","8.6546455651915668028","12.395733108662664534","47941415.093085795641","11560.841599339999448","49191553.290577024221","11561.826087256149549","242609.32615247849026","8277.5743989824331948","0","0","0","3094.2455204569205307","0","0","0","0","0","3.9379516645967811428","2.9534637484475858571","0","0","0","0","0","0","0","0","0","0","0","34049.499067936063511","24.612197903729882142","37.410540813669420857","67030.828746850253083","0","0","0","0","0","0","0","0","0","0","0","0"
"05/14/2026 07:50:40.312","70982826.230975344777","72250.952318129246123","20685.059683206894988","51565.892634922354773","1000000000","3794450.6109288251027","20684.044066784092138","1.0156164228019293194","0","0","0","67188375.620046526194","51565.892634922354773","0","0","0","0","0","0","0","0","0","0","20.644538589328213618","0.20644538589328212397","0","0","20.644538589328213618","0.20644538589328212397","1.4045096413020940362e-005","0","1.4045096413020940362e-005","14694.954021521114555","0","14694.954021521114555","60456769.423689477146","0","60456769.423689477146","4114.1176307968762558","0","4114.1176307968762558","80.364097092422525748","0","0","100","18.482622018124924779","22.108497581988864056","121.97025635505804075","169669.7494440425653","154415.42366894369479","1666.0183755731636666","0","100","3500","0","15.624512060666662094","0","0","169731.71720069498406","0","0","81.886097016637961588","84.375487939333339682","615","40062.662608218815876","0.74405002268965514389","0.3968226152522229544","189067.68900597523316","4.2162936206970291764","11.458402857545435083","15.624512060666662094","61242210.602893270552","14926.514565919955203","62856256.659269936383","14927.530182342756234","308377.70815388660412","10495.380113235138197","0","0","0","3013.3339264533242385","0","0","0","0","0","0","0","0","0","0","0","0","0","0","0","0","0","0","33105.032917651689786","2.0312328456038586388","3.0468492684057877362","64941.56092322376935","0","0","0","0","0","0","0","0","0","0","0","0"
"05/14/2026 07:50:41.327","60072572.30677189678","61701.634177481340885","18388.413181328491191","43313.220996152842417","1000000000","3210305.7877931990661","18388.413181328491191","0","0","0","0","56862266.518978692591","43313.220996152842417","0","0","0","0","0","0","0","0","0","0","17.50757243513483985","0.17507572435134838296","0","0","17.50757243513483985","0.17507572435134838296","1.4072449544914919547e-005","0","1.4072449544914919547e-005","12449.102531537560935","0","12449.102531537560935","51193310.767631262541","0","51193310.767631262541","4112.2089434111594528","0","4112.2089434111594528","83.182468855092707827","0","0","100","16.526134544858788189","19.961631526547279236","122.03825557653041756","138466.69197878823616","193287.7708890279464","1666.031237888780197","0","100","3500","0","16.199152533193959869","0","0","138343.61047480709385","0","0","83.62055842536673822","83.800857313285632699","212","27331.971100069007662","0.86540709186785147455","0.33655267265949673217","152321.73071893778979","4.4713060784090918887","11.683074512052780136","16.199142686714363748","51858702.735531397164","12645.174664800400933","53226076.293144978583","12646.159951902223838","253344.90191762486938","8563.1302019464146724","0","0","0","2545.9818711114412508","0","0","0","0","0","0","0","0","0","0","0","0","0","0","0","0","0","0","27988.065414393033279","50.249642192988972056","72.911245534925171796","54969.167410722642671","0","0","0","0","0","0","0","0","0","0","0","0"
"05/14/2026 07:50:42.312","42224318.596720397472","45004.708968092309078","14534.855660907152924","30469.853307185159792","1000000000","2405269.1671360055916","14534.855660907152924","0","0","0","0","39819049.429584391415","30469.853307185159792","0","0","0","0","0","0","0","0","0","0","11.907762346389178632","0.11907762346389179353","0","0","11.907762346389178632","0.11907762346389179353","1.3899857701885450422e-005","0","1.3899857701885450422e-005","8568.5031659161140851","0","8568.5031659161140851","35812421.210261195898","0","35812421.210261195898","4179.5422743981971507","0","4179.5422743981971507","88.490895121786948607","0","0","100","11.701384091481701333","13.316635918108598702","122.00132558832291352","95301.862883077163133","299084.2824236995657","1652.8213670894924689","0","100","3500","0","9.4745630976039834081","0","0","95328.275517093352391","0","0","89.05604335891392509","90.624636509376614413","188","11874.510731351614595","0.34722402115689393609","0.1984093726511204081","101651.05375235149404","2.0337189267262840708","7.2420386093200495026","9.3753634906233784818","36270509.463710062206","8704.6563052772853553","37211831.62652502954","8705.672373481473187","177035.65962487371871","5992.7702682999224635","0","0","0","2051.4417042552631756","0","0","0","0","0","0","0","0","0","0","0","0","0","0","0","0","0","0","22547.56951913251396","592.36776304151487693","973.39333961195745815","44387.955568150289764","0","0","0","0","0","0","0","0","0","0","0","0"
"05/14/2026 07:50:43.327","34453310.619543433189","37648.264283293887274","12445.723473390547952","25202.540809903337504","1000000000","2062418.4240024273749","12444.738999140161468","0.9844742503868492145","0","0","0","32390892.195541001856","25202.540809903337504","0","0","0","0","0","0","0","0","0","0","12.811827520252855095","0.12811827520252855317","0","0","12.811827520252855095","0.12811827520252855317","1.4897710098465766156e-005","0","1.4897710098465766156e-005","8598.3981028787402465","0","8598.3981028787402465","60018338.7863362059","0","60018338.7863362059","6980.1767803984430429","0","6980.1767803984430429","88.631303247595624839","0","0","100","10.59191801432071145","11.637167681509897221","121.99796858742506345","82476.287439653955516","351020.02339823555667","1652.2236587006118498","0","100","3500","0","6.5840158133512520777","0","0","82447.732918734822306","0","0","90.479752067132892535","93.367913961978047155","137","11006.290856350082322","0.1923104379441658851","0.33655065121763300118","90061.943617621494923","1.6827335632472510962","5.0001304650710540756","6.6320860380219563979","29469307.341637965292","6828.3134006831860461","30207749.663162134588","6829.2978749335725297","143339.4508563252457","4882.0078076683848849","0","0","0","1994.5448312837563662","0","0","0","0","0","3.937897001547396858","2.9534227511605477545","0","0","0","0","0","0","0","0","0","0","0","21936.055247119773412","1346.7607745292095842","1953.1969127675088203","43261.736458999701426","0","0","0","0","0","0","0","0","0","0","0","0"
"05/14/2026 07:50:44.312","47260719.249967671931","50778.402041700952395","16129.705669950139054","34648.696371750811522","1000000000","2728951.5620204862207","16126.658112511555373","3.0475574385848607228","0","0","0","44531767.687947183847","34648.696371750811522","0","0","0","0","0","0","0","0","0","1","13.427661915698349659","0.13427661915698349548","0","0","13.427661915698349659","0.13427661915698349548","1.3888872543868866226e-005","0","1.3888872543868866226e-005","9667.868047670706801","0","9667.868047670706801","39928301.131994895637","0","39928301.131994895637","4130.0006304507724053","0","4130.0006304507724053","86.927888655376818861","0","0","100","12.859486886114460447","14.79502748243951693","121.98568997628395039","119621.82495452702278","234966.62536282316432","1674.9858987315105878","0","100","3500","0","10.219508795711618632","0","0","119699.02260662137996","0","0","87.875613781871550145","89.730886820329530451","590","21401.017526000119688","0.14881315187657559451","0.04960438395885853613","128761.62065906682983","1.8352910963635509223","8.5316289661158268842","10.269113179670474878","40445142.493119381368","9821.2617720794769411","41507195.94341661036","9822.2776245590066537","197888.06301211030222","6686.3410202551840484","0","0","0","2522.3617066687365877","0","0","0","0","0","0","0","0","0","0","0","0","0","0","0","0","0","0","27724.645871286007605","51.808476455942631844","484.5616327349928838","54623.40367671551212","0","0","0","0","0","0","0","0","0","0","0","0"
"05/14/2026 07:50:45.327","70362051.837732538581","71268.318362599529792","20207.832870620652102","51060.48549197887769","1000000000","3637660.927349449601","20202.911093410210015","4.92177721043904981","0","0","0","66724390.910383097827","51060.48549197887769","0","0","0","0","0","0","0","0","0","0","20.276219457259735179","0.20276219457259733736","0","0","20.276219457259735179","0.20276219457259733736","1.3913945945945946917e-005","0","1.3913945945945946917e-005","14568.460542899587381","0","14568.460542899587381","60039319.093778751791","0","60039319.093778751791","4121.1848648648647213","0","4121.1848648648647213","80.646432103804087888","0","0","100","17.299559020234024587","20.663635948279800658","121.99883731745883608","167785.24481248861412","158458.35426988190738","1667.1092925538509917","0","100","3500","0","14.806054122392996675","0","0","167765.55066845371039","0","0","83.069262622150034758","85.242015723624973589","585","38452.816228132236574","0.24038861546141687686","0.38461784620110861521","184950.66075330297463","3.1731415397021773828","11.490603388815834762","14.757984276375024635","60822062.791639909148","14798.799716348135917","62422293.997046142817","14799.784071790223607","291180.21461311087478","9801.227136868323214","0","0","0","2990.4718330627665637","0","0","0","0","0","3.9374217683512400257","2.9530663262634297972","0","0","0","0","0","0","0","0","0","0","0","32894.205808248349058","315.97809691018699141","343.54004928864566182","64571.748290076160629","0","0","0","0","0","0","0","0","0","0","0","0"
"05/14/2026 07:50:46.311","68831470.775034308434","69805.930268036288908","19860.221511524709058","49945.708756511572574","1000000000","3601780.7649787086993","19856.157415446228697","4.0640960784825725938","0","0","0","65229690.010055594146","49945.708756511572574","0","0","0","0","0","0","0","0","0","0","20.015307243024121675","0.20015307243024121897","0","0","20.015307243024121675","0.20015307243024121897","1.4055129119703237855e-005","0","1.4055129119703237855e-005","14242.624707042174123","0","14242.624707042174123","58662398.282025307417","0","58662398.282025307417","4118.791268369239333","0","4118.791268369239333","80.871604657839242236","0","0","100","18.06630258998301386","21.722220867770275277","122.02146679084717107","165447.59657865291229","158951.74871539862943","1696.4920810390901806","0","100","3500","0","15.426212444784514588","0","0","165439.46967048029182","0","0","82.189350230492465244","84.524192412898145221","615","38712.527080381827545","0.59524329556368305028","0.3968322499676443238","184112.05706064763945","3.9682717057986085507","11.607203628389552108","15.475807587101853002","59423672.567158430815","14467.166015378337761","60988052.878360487521","14468.182039397957851","290477.20311346335802","9820.8881736531366187","0","0","0","2923.1011044485903767","0","0","0","0","0","0","0","0","0","0","0","0","0","0","0","0","0","0","32107.375044031941798","454.16273677042744339","502.93188971221832162","63111.348002755868947","0","0","0","0","0","0","0","0","0","0","0","0"
"05/14/2026 07:50:47.311","56061266.644900366664","57888.570722444368585","16871.382838779558369","41017.187883664810215","1000000000","3028813.9673703340814","16869.38409658801902","1.9987421915388647875","0","0","0","53032452.677530035377","41017.187883664810215","0","0","0","0","0","0","0","0","0","0","19.358184523824402135","0.193581845238244038","0","0","19.358184523824402135","0.193581845238244038","1.4753555369255391303e-005","0","1.4753555369255391303e-005","13112.74814759072251","0","13112.74814759072251","82703538.6631193012","0","82703538.6631193012","6307.1095190915330022","0","6307.1095190915330022","82.504659760717444783","0","0","100","16.613339455970610459","19.639049732561282724","121.99839992049294324","140530.92304319929099","191103.80132356082322","1671.0347575229566246","0","100","3500","0","13.476360995630287221","0","0","140561.92368801272823","0","0","83.940533063226041577","86.523639004369712779","589","34532.718280540233536","1.0253923584024242643","0.58594134766509964329","158395.29462212815997","4.3457099951329887233","9.1308710010033014015","13.476360995630287221","48366914.700578927994","11338.864452599978904","49593047.095462828875","11339.863823695748579","232337.78982886072481","7893.0329143869766995","0","0","0","2720.2881226843946934","0","0","0","0","0","3.997484383077729575","2.9981132873082971813","0","0","0","0","0","0","0","0","0","0","0","29911.176896379110985","1274.1981471060262265","1587.0013000818585169","58858.96005643648823","0","0","0","0","0","0","0","0","0","0","0","0"
"05/14/2026 07:50:48.312","49442618.288568608463","51495.727735903165012","15528.773863306361818","35966.953872596808651","1000000000","2694937.7478094301187","15527.773169024669187","1.0006942816926382989","0","0","0","46747680.540759176016","35966.953872596808651","0","0","0","0","0","0","0","0","0","0","13.820496179034879702","0.13820496179034880146","0","0","13.820496179034879702","0.13820496179034880146","1.4192678919806962307e-005","0","1.4192678919806962307e-005","9745.7616094046043145","0","9745.7616094046043145","42103323.285695612431","0","42103323.285695612431","4320.1675736728620905","0","4320.1675736728620905","86.667001957451589078","0","0","100","15.061538264628616446","17.107523974388922028","122.00916311020836247","121180.10696485401422","226974.92841759568546","1669.7947822212649953","0","100","3500","0","11.192909619769253027","0","0","121157.10979120666161","0","0","85.936834615687274663","88.855904185758831204","182","23218.14648979640333","0.48821804513007299731","0.53704184938931254223","132034.77292640734231","3.2710749005951145207","7.8115087195434904643","11.144095814241172349","42624372.789841592312","9900.8692230669639684","43695035.615710176528","9901.8699173486565996","200979.43953514948953","6797.7162555380919002","0","0","0","2463.7093215272757334","0","0","0","0","0","1.0006942816926382989","1.0006942816926382989","0","0","0","0","0","0","0","0","0","0","0","27086.792816856333957","1051.7296900589628876","1342.9317260315206113","53338.005908499311772","0","0","0","0","0","0","0","0","0","0","0","0"
"05/14/2026 07:50:49.327","45241321.186228014529","47262.151264676998835","14880.174478536762763","32381.97678614023971","1000000000","2518496.3571383636445","14876.236622240754514","3.9378562960070824239","0","0","0","42722824.829089649022","32381.97678614023971","0","0","0","0","0","0","0","0","0","0","12.915792746148685666","0.12915792746148685444","0","0","12.915792746148685666","0.12915792746148685444","1.3835305907172994465e-005","0","1.3835305907172994465e-005","9332.7194215367853758","0","9332.7194215367853758","38436501.722664453089","0","38436501.722664453089","4118.4675105485230233","0","4118.4675105485230233","87.558844692749090655","0","0","100","12.076872659323553805","13.467766610629604784","121.98256626815418713","100174.0024401700357","284229.71490365709178","1651.3983710535567297","0","100","3500","0","8.0647891576379411305","0","0","100235.05592794899712","0","0","88.975450198519752121","91.935220689816134154","149","12057.079102671286819","0.24041574375506469252","0.048075270787753983381","107202.04667046773829","1.3463340735008064719","6.731660520049957519","8.0647793101838676222","38935388.736805595458","9480.3890326370510593","39960578.120620667934","9481.373496711052212","193447.19054134792532","6559.4841250737972587","0","0","0","1992.555285779583528","0","0","0","0","0","2.9533922220053114849","1.968928148003541212","0","0","0","0","0","0","0","0","0","0","0","21908.263502835401596","1353.6381017524345225","1421.5661228585565823","42945.276300179233658","0","0","0","0","0","0","0","0","0","0","0","0"
"05/14/2026 07:50:50.311","47936975.639906108379","50268.425605800148332","15969.315817135120597","34299.109788665031374","1000000000","2677796.7650673631579","15966.266103757348901","3.0497133777710456748","0","0","0","45259178.874838747084","34299.109788665031374","0","0","0","0","0","0","0","0","0","1","13.579271812887430571","0.13579271812887430682","0","0","13.579271812887430571","0.13579271812887430682","1.3729724732949876676e-005","0","1.3729724732949876676e-005","9897.3364819929665828","0","9897.3364819929665828","40681061.991523832083","0","40681061.991523832083","4110.3040262941658511","0","4110.3040262941658511","86.78443673225704913","0","0","100","12.365028795092399605","13.430842201593279128","122.01669202475737563","105186.34734179025691","270784.15011208161013","1674.1556688455070798","0","100","3500","0","8.0864428231536162883","0","0","105022.79208530717005","0","0","88.927536738342055855","91.86395270722259454","177","12513.500927693541598","0.34721097015594781787","0.099208939247578523113","113383.41171795189439","1.9344930464854730445","5.9027083959145754122","8.0368485121351191935","41210126.268299549818","10053.888435385213597","42297328.756052412093","10054.905006511138708","204652.03278645194951","6936.0647921772815607","0","0","0","2103.2856595360981373","0","0","0","0","0","1.0165711259236820396","1.0165711259236820396","0","0","0","0","0","0","0","0","0","0","0","23135.125683771155309","151.46909776262862124","189.08222942180483983","45382.7847746109328","0","0","0","0","0","0","0","0","0","0","0","0"
"05/14/2026 07:50:51.327","44261923.06450304389","46367.691848454036517","14646.626146664346379","31721.065701789691957","1000000000","2449351.6379569033161","14645.641631900169159","0.98451476417720951151","0","0","0","41812571.426546141505","31721.065701789691957","0","0","0","0","0","0","0","0","0","0","12.777308599723575355","0.12777308599723574689","0","0","12.777308599723575355","0.12777308599723574689","1.3950451515803053383e-005","0","1.3950451515803053383e-005","9157.9563363764027599","0","9157.9563363764027599","37660194.335338331759","0","37660194.335338331759","4112.2924102343586128","0","4112.2924102343586128","87.741623005537874747","0","0","100","12.507718917965229721","13.954096067447590457","122.00488953776651613","97861.722833033360075","289584.85397237393772","1652.1981176560013864","0","100","3500","0","8.2675080954137776246","0","0","97893.230782833721605","0","0","88.588270312332767276","91.780571578010722078","214","13129.953455865779688","0.24039836712252260487","0.33654786763251376414","105271.99877670384012","2.0673471865415513626","6.3462707335591490576","8.315577922499272745","38129406.195827074349","9299.7264624179206294","39135060.461020700634","9300.7109771820978494","187349.22156386627466","6335.3525074803428652","0","0","0","1926.6953934947989637","0","0","0","0","0","0","0","0","0","0","0","0","0","0","0","0","0","0","21163.129370753296826","1925.7108787306217437","1988.7198236379631453","41498.281824833560677","0","0","0","0","0","0","0","0","0","0","0","0"
"05/14/2026 07:50:52.312","40300598.658390983939","43043.932353267351573","13950.889456795810474","29093.042896471542917","1000000000","2352910.8885793429799","13949.873886477924316","1.0155703178856962943","0","0","0","37947687.76981164515","29091.0117558357706","2.0311406357713925885","0","0","0","0","0","0","0","0","0","11.577049432402686691","0.11577049432402686246","0","0","11.577049432402686691","0.11577049432402686246","1.4264722813164810211e-005","0","1.4264722813164810211e-005","8115.4224102245998438","0","8115.4224102245998438","34114323.156912520528","0","34114323.156912520528","4203.6410962332620329","0","4203.6410962332620329","88.892809201725782486","0","0","100","13.509165485770745718","15.324019423029421105","121.98900473443200099","95047.090381927104318","294393.23125908197835","1678.825029666351611","0","100","3500","0","9.9922071087052977134","0","0","95034.902904397778912","0","0","87.433173138788305323","89.958189762031935288","241","12735.914018158529871","0.49590941761721557546","0.3967234715934233602","102204.18656103103422","3.1738283977508783273","6.8931591861308678659","10.041810237968062935","34552403.631516963243","8245.4154109139690263","35444070.308339335024","8246.4309812318551849","174531.85255056421738","5961.3977659890379073","0","0","0","2003.7202371884789045","0","0","0","0","0","0","0","0","0","0","0","0","0","0","0","0","0","0","22018.580062079781783","1427.8918669472891452","1975.2842682876794242","43287.669229559920495","0","0","0","0","0","0","0","0","0","0","0","0"
"05/14/2026 07:50:53.312","49879390.684460140765","51989.513554319666582","16351.468019448673658","35638.045534870994743","1000000000","2751937.4770710188895","16349.469306819479243","1.998712629195535273","0","0","0","47127453.207389123738","35636.046822241798509","1.998712629195535273","0","0","0","0","0","0","0","0","0","14.34433999999999898","0.14344339999999999868","0","0","14.34433999999999898","0.14344339999999999868","1.3872669245647969511e-005","0","1.3872669245647969511e-005","10333.344292940917512","0","10333.344292940917512","42448179.127823770046","0","42448179.127823770046","4107.883945841392233","0","4107.883945841392233","86.237129999999993402","0","0","100","13.611738918265961829","15.543129364895243327","122.0172836094607618","109114.73746934968221","255848.6382713560597","1654.950516979542499","0","100","3500","0","10.9375","0","0","109240.73370206232357","0","0","87.308450000000007662","89.111329999999995266","211","14267.573399555354627","0.43945000000000000728","0.43945000000000000728","117349.49125021163491","3.173829999999999707","7.763670000000000293","10.888670000000001181","43000591.319131352007","10497.238728534952315","44135732.174906149507","10498.238084849548613","214130.07881623448338","7256.3262002943911284","0","0","0","2055.6759391276082169","0","0","0","0","0","3.9974252583910705461","2.9980689437933030206","0","0","0","0","0","0","0","0","0","0","0","22591.448847797135386","527.66013410762127478","592.61829455647625764","44338.441609759160201","0","0","0","0","0","0","0","0","0","0","0","0"
"05/14/2026 07:50:54.327","49782134.061591312289","51757.031335231964476","16228.657670832173608","35528.373664399790869","1000000000","2782917.4325440418907","16226.688412529681955","1.9692583024914662726","0","0","0","46999216.62904727459","35526.404406097295578","1.9692583024914662726","0","0","0","0","0","0","0","0","0","14.098507930414402978","0.14098507930414402867","0","0","14.098507930414402978","0.14098507930414402867","1.3676755517340212018e-005","0","1.3676755517340212018e-005","10306.113326089089242","0","10306.113326089089242","42354996.61878349632","0","42354996.61878349632","4109.696379096207238","0","4109.696379096207238","86.453497642232036924","0","0","100","11.756893976161812532","13.000167031193862854","121.97072954394263888","107342.43657442975382","266397.93411553173792","1682.1498978743945827","0","100","3500","0","9.9790198488597940951","0","0","107298.11763683939353","0","0","89.365802225611616905","89.972890174133382857","188","13046.510361324417318","0.43279009616321167941","0.43279994461232218494","114649.15208516168059","2.9814603930338767768","7.1170506888842428594","10.027109825866620696","42901776.940536670387","10467.592506893390237","44033702.674292162061","10468.577136044636063","218280.4672813641082","7443.7963834177426179","0","0","0","2104.1524962121316094","0","0","0","0","0","0","0","0","0","0","0","0","0","0","0","0","0","0","23145.677458333448158","346.58946123849807464","394.83628964953902596","45397.311647335773159","0","0","0","0","0","0","0","0","0","0","0","0"
"05/14/2026 07:50:55.311","49166704.706652738154","50881.743155166237557","15740.929293307201078","35140.813861859031022","1000000000","2662994.5626033623703","15736.86265782485134","4.0666354823502430804","0","0","0","46503710.144049376249","35140.813861859031022","0","0","0","0","0","0","0","0","0","0","17.685518717716210091","0.17685518717716208759","0","0","17.685518717716210091","0.17685518717716208759","1.450737500000000101e-005","0","1.450737500000000101e-005","12199.906447050727365","0","12199.906447050727365","80244803.322766512632","0","80244803.322766512632","6577.4933333333328846","0","6577.4933333333328846","84.035179541714683182","0","0","100","11.794300891227351258","13.541948476883840513","122.0394069907122514","106030.06299874771503","268326.92226588708581","1647.7830257827249625","0","100","3500","0","11.059817574166752152","0","0","105936.60058298197691","0","0","88.836581717065428165","89.039404638280331028","189","14620.772692395177728","0.59525200328905325531","0.29762600164452662765","116016.31894415103307","2.5298159345163875322","8.2342753568271316311","10.910989334958220098","42432628.812458053231","10348.570643710780132","43551697.764397643507","10349.587302581367112","205763.62213595758658","6930.5635207954010184","0","0","0","2105.5005209868381826","0","0","0","0","0","0","0","0","0","0","0","0","0","0","0","0","0","0","23138.139235702292353","432.08001999971327223","497.14618771731716151","45374.502053193420579","0","0","0","0","0","0","0","0","0","0","0","0"
"05/14/2026 07:50:56.327","49774142.545902349055","51740.041548821245669","16234.255460841506647","35505.786087979737204","1000000000","2774418.8946091122925","16231.300913014370963","2.9545478271368916801","0","0","0","46999723.651293240488","35503.816389428313414","1.9696985514245943794","0","0","0","0","0","0","0","0","0","14.106118902670775839","0.14106118902670775062","0","0","14.106118902670775839","0.14106118902670775062","1.3714512732146275564e-005","0","1.3714512732146275564e-005","10287.735534090656074","0","10287.735534090656074","42312024.280867986381","0","42312024.280867986381","4112.8608079647710838","0","4112.8608079647710838","86.339706049741621996","0","0","100","11.767253059578276719","13.735078647861762136","122.00797738341823617","108492.11080147592293","261685.19637736398727","1698.4969926264552669","0","100","3500","0","10.38243978635692244","0","0","108568.91240462077258","0","0","88.736121017675856137","89.521400346041616558","205","13012.948553363032261","0.048079933800735018268","0.048070087408394086836","115776.44746898347512","1.7788886258808089824","8.7502131743941813369","10.526679587759124601","42861936.540646009147","10450.235664583186008","43991988.054172225296","10451.220513858897903","217383.8109294239257","7406.0665533564751968","0","0","0","2083.9410674072209986","0","0","0","0","0","3.9393971028491887587","2.9545478271368916801","0","0","0","0","0","0","0","0","0","0","0","22910.548700895171351","374.2427247706729645","412.6518465234525479","44947.536094233531912","0","0","0","0","0","0","0","0","0","0","0","0"
"05/14/2026 07:50:57.311","42111650.695034459233","44827.988025415768789","14455.692727787896729","30372.29529762787206","1000000000","2426585.4706928585656","14453.660864307992597","2.0318634799055304008","0","0","0","39685065.224341601133","30370.26343414796429","2.0318634799055304008","0","0","0","0","0","0","0","0","0","12.003587223826837516","0.12003587223826837904","0","0","12.003587223826837516","0.12003587223826837904","1.4118915043613334097e-005","0","1.4118915043613334097e-005","8502.3327316646918916","0","8502.3327316646918916","35699418.71433635056","0","35699418.71433635056","4198.7793045764128692","0","4198.7793045764128692","88.377260706814752211","0","0","100","12.670078293503930666","15.255291759921592032","122.00050686213350559","98139.168323703313945","285364.80379268585239","1716.80307293528017","0","100","3500","0","13.343909846417412624","0","0","98061.962978411553195","0","0","87.496698437517778757","86.656090153582582047","227","12976.593167855187858","0.54563145379275368452","0.3472227865918772749","105291.83722106266941","3.3233832705663974849","10.019764676816651061","13.343909846417412624","36153970.957152977586","8637.4516530784112547","37088026.726319469512","8638.4675848183633207","180933.37915862767841","6165.6897297733321466","0","0","0","2036.9431386052945072","0","0","0","0","0","0","0","0","0","0","0","0","0","0","0","0","0","0","22369.80098201994042","753.82135104495182532","1236.3889275225153597","44028.449746072939888","0","0","0","0","0","0","0","0","0","0","0","0"
"05/14/2026 07:50:58.311","52316234.529976993799","54179.942585254932055","16957.722251222596242","37222.220334032339451","1000000000","2881468.2804425796494","16953.723731474605302","3.9985197479892939931","0","0","0","49434766.249534420669","37222.220334032339451","0","0","0","0","0","0","0","0","0","0","15.1749118358590529","0.15174911835859053455","0","0","15.1749118358590529","0.15174911835859053455","1.4002112935966045488e-005","0","1.4002112935966045488e-005","10833.989257176992396","0","10833.989257176992396","44519326.945164896548","0","44519326.945164896548","4109.2275327551205919","0","4109.2275327551205919","85.461823904509230942","0","0","100","14.021430388434788838","16.949982961281310878","122.000333970564526","113590.547250547781","242559.09671059003449","1655.9350873445760044","0","100","3500","0","15.286427587108930126","0","0","113640.54529062460642","0","0","86.121548768991900147","84.713572412891068097","232","15497.392502213913758","0.87886651518577152409","0.3417869779161413768","122422.20104971884575","3.7596267582205120661","11.523000973662902879","15.286427587108930126","45094274.099728278816","11003.926346466536415","46284193.591532409191","11004.92597640353415","226476.15852611360606","7699.1497747533858274","0","0","0","2123.2139861823152387","0","0","0","0","0","3.9985197479892939931","2.9988898109919706059","0","0","0","0","0","0","0","0","0","0","0","23343.358288761497533","142.94708099061725193","190.92931796648878162","45841.029650823264092","0","0","0","0","0","0","0","0","0","0","0","0"
"05/14/2026 07:50:59.312","48425377.276686906815","50634.936986367138161","16073.202028677929775","34561.734957689208386","1000000000","2740054.387451081071","16070.201617621614787","3.0004110563147152746","0","0","0","45685322.889235824347","34561.734957689208386","0","0","0","0","0","0","0","0","0","2","17.567702553218591532","0.17567702553218592088","0","0","17.567702553218591532","0.17567702553218592088","1.4631553964023984686e-005","0","1.4631553964023984686e-005","12009.645321409034295","0","12009.645321409034295","77830566.787649914622","0","77830566.787649914622","6480.6715522984677591","0","6480.6715522984677591","84.157544053067155687","0","0","100","13.725347189449216501","15.3148453585158002","122.01376585303677302","106123.57292960994528","263695.93734980636509","1666.804817155910996","0","100","3500","0","9.4822820334198425485","0","0","106086.57726180263853","0","0","87.440105116826089215","90.615367586425563218","375","15382.19874452701697","0.5370529112755314527","0.29293886059911833364","117716.21543117301189","3.0270182279623676358","6.3469853154609667811","9.3846324135744332295","41664500.036505006254","10167.392932831799044","42763970.663980968297","10168.3930698505701","213337.22720012642094","7282.9977706945855971","0","0","0","2085.2856841387269924","0","0","0","0","0","4.0005480750862867367","3.0004110563147152746","0","0","0","0","0","0","0","0","0","0","0","22933.14184043214118","553.07577138067915712","607.0831703943440516","44970.160912044950237","0","0","0","0","0","0","0","0","0","0","0","0"
"05/14/2026 07:51:00.327","49520134.61561742425","51701.342071484818007","16329.899602269353636","35371.442469215464371","1000000000","2735306.9043752532452","16326.946814685314166","2.9527875840400255036","0","0","0","46784827.711242176592","35371.442469215464371","0","0","0","0","0","0","0","0","0","0","14.035527398878356209","0.14035527398878355765","0","0","14.035527398878356209","0.14035527398878355765","1.3685040806529046037e-005","0","1.3685040806529046037e-005","10251.094229258955238","0","10251.094229258955238","42129585.839060671628","0","42129585.839060671628","4109.7647623619777733","0","4109.7647623619777733","86.440182756678709097","0","0","100","12.300206719649080966","13.242766387889254531","121.98654630422477396","106683.27339686313644","267347.67107108584605","1610.0571555519054527","0","100","3500","0","6.0454126535474443926","0","0","106717.73945218075824","0","0","89.163462883962779415","93.858417242553187521","185","12917.877533045808377","0.14425515584903991773","0.19233036035822231868","113880.77049162086041","1.3463322173885512445","4.9044881974979031014","6.1415827574468062622","42677583.844157382846","10413.497546381157008","43803666.791307106614","10414.481808909169558","210427.45438902836759","7117.2023400644748108","0","0","0","2123.0542729247781608","0","0","0","0","0","0","0","0","0","0","0","0","0","0","0","0","0","0","23355.565527228587598","168.30889229028144882","199.80529318670838279","45818.404941549073556","0","0","0","0","0","0","0","0","0","0","0","0"
"05/14/2026 07:51:01.311","36076055.953438639641","38526.857158878439805","12390.235636946694285","26136.621521931745519","1000000000","2099082.8767288886011","12389.219794064267262","1.0158428824257352829","0","0","0","33976973.076709754765","26136.621521931745519","0","0","0","0","0","0","0","0","0","1","9.9592844076419222432","0.099592844076419217991","0","0","9.9592844076419222432","0.099592844076419217991","1.3907745779543198835e-005","0","1.3907745779543198835e-005","7160.6764782190084588","0","7160.6764782190084588","30557594.126477722079","0","30557594.126477722079","4267.4172223010355083","0","4267.4172223010355083","90.335545284070974503","0","0","100","9.6150396593199403128","11.505750601391326882","122.00853168789534209","83382.603625074421871","347634.06850500201108","1649.7928615982266365","0","100","3500","0","12.052664616546159948","0","0","83374.476566642901162","0","0","90.58603166366455639","87.947325224619447681","150","9653.9295343398698606","0.24801778283642578193","0.14880660616809884833","88823.669244975957554","1.6865290503552086143","10.416767196798666362","12.052674775380555872","30940416.548405624926","7274.450881050690441","31727097.466670703143","7275.4667239331165547","153672.64788183552446","5246.8284877289233918","0","0","0","1865.0875321336500292","0","0","0","0","0","4.0633715297029411317","3.0475286472772058488","0","0","0","0","0","0","0","0","0","0","0","20482.440038350101531","2943.912673269780953","3359.3924121819068205","40321.851532124710502","0","0","0","0","0","0","0","0","0","0","0","0"
"05/14/2026 07:51:02.312","48437232.22193685919","50651.308257105345547","16024.679386399695431","34626.628870705651934","1000000000","2688517.7566608982161","16024.679386399695431","0","0","0","0","45748714.46527595818","34626.628870705651934","0","0","0","0","0","0","0","0","0","0","13.748290991725264476","0.1374829099172526492","0","0","13.748290991725264476","0.1374829099172526492","1.3712207040989330141e-005","0","1.3712207040989330141e-005","10028.050939738484885","0","10028.050939738484885","41152728.805978864431","0","41152728.805978864431","4103.7614441009272923","0","4103.7614441009272923","86.638332601883291773","0","0","100","12.335061294626999739","13.53458482529991258","122.01163914328982685","105496.73127521513379","269682.44343548279721","1619.8883896899503725","0","100","3500","0","7.3793759886199739029","0","0","105498.73113742463465","0","0","88.894758487995275686","92.767104006796330395","233","12990.104981766755373","0.19529666123803746114","0.19530666055508408285","112760.23082009649079","1.8065166149152014352","5.3707331789238796915","7.2328959932036696046","41688816.988020345569","10187.067604684971229","42790420.436061702669","10188.067709495955569","207045.69838919118047","7010.734724999179889","0","0","0","2082.218216469086201","0","0","0","0","0","0","0","0","0","0","0","0","0","0","0","0","0","0","22877.397551263373316","439.04601202205992649","527.05523538866873423","44871.702554427705763","0","0","0","0","0","0","0","0","0","0","0","0"
"05/14/2026 07:51:03.327","50765011.578055240214","52706.057665295105835","16553.447195045213448","36152.610470249892387","1000000000","2809843.4943228717893","16553.447195045213448","0","0","0","0","47955168.083732366562","36152.610470249892387","0","0","0","0","0","0","0","0","0","1","14.672362133541245299","0.14672362133541244633","0","0","14.672362133541245299","0.14672362133541244633","1.3954654429668476875e-005","0","1.3954654429668476875e-005","10518.161805932330026","0","10518.161805932330026","43191327.31361143291","0","43191327.31361143291","4106.356995692077362","0","4106.356995692077362","85.853698211611444435","0","0","100","14.285406646933076047","15.830926496835957096","121.99810615257611346","110012.1330902120244","253172.66428552247817","1605.9949793702019178","0","100","3500","0","9.3699003286732533979","0","0","109968.8076585184026","0","0","87.000081432270562232","90.485855253991388736","225","15178.671126297769661","0.52887650348145109902","0.38463208614608634939","118340.46266440770705","2.7405356155900553183","6.8273032261063004711","9.5141447460086130405","43753586.990655206144","10684.63205740288322","44908985.098843924701","10685.617088476672507","220394.79257412653533","7491.1613161748800849","0","0","0","2094.1760628780793922","0","0","0","0","0","0","0","0","0","0","0","0","0","0","0","0","0","0","23022.146256625812384","390.07230522094050684","450.15920072214595393","45152.839391471447016","0","0","0","0","0","0","0","0","0","0","0","0"
"05/14/2026 07:51:04.311","52041340.657450638711","53956.189925219965517","16902.7463612340689","37053.443563985900255","1000000000","2867974.098023542203","16901.731059314242884","1.0153019198242472232","0","0","0","49173366.55942709744","37053.443563985900255","0","0","0","0","0","0","0","0","0","0","18.81827100079449977","0.18818271000794498105","0","0","18.81827100079449977","0.18818271000794498105","1.4649750889679714243e-005","0","1.4649750889679714243e-005","12838.492776177605265","0","12838.492776177605265","79829957.234467834234","0","79829957.234467834234","6218.0162910241206191","0","6218.0162910241206191","83.182511408785231311","0","0","100","14.171500646914639177","16.927582944859466352","122.00235476048220562","113566.14475968078477","242600.35675965662813","1676.1106188312146514","0","100","3500","0","13.49381229016931627","0","0","113617.95181517193851","0","0","86.153605631235990359","86.50618770983068373","217","17260.891900109090784","0.34721837750276846046","0.34721837750276846046","125138.4188019384892","2.8273206210231278668","10.515657892985833755","13.444208213593956458","44841812.407334662974","10962.214828342397595","46027226.133221626282","10963.230130262221792","225799.08576123329112","7674.6672119514842052","0","0","0","2111.8279932344339613","0","1.0153019198242472232","0","0","1.0153019198242472232","2.0306038396484944464","0","0","0","0","0","0","0","0","0","0","0","0","23209.801887182289647","91.377172784182249643","124.8821361383824069","45563.704255952739913","0","0","0","0","0","0","0","0","0","0","0","0"
"05/14/2026 07:51:05.312","50235356.207284398377","51965.943151358842442","16133.949895828040098","35831.993255530796887","1000000000","2741090.9667085865512","16130.948975145574877","3.0009206824653804624","0","0","0","47494265.240575812757","35831.993255530796887","0","0","0","0","0","0","0","0","0","2","14.229785167850488747","0.14229785167850489414","0","0","14.229785167850488747","0.14229785167850489414","1.3681119015573927735e-005","0","1.3681119015573927735e-005","10405.192313001629373","0","10405.192313001629373","42775363.481516130269","0","42775363.481516130269","4110.963276293020499","0","4110.963276293020499","86.243861067237375551","0","0","100","11.838870043841403401","13.977218470991072508","121.98916412991873415","107662.68844045240257","263210.54377212293912","1668.8711631462051628","0","100","3500","0","13.142795605686030669","0","0","107631.69083346765547","0","0","88.522490521875766945","86.85721439339005201","192","13440.962357705984687","0.34175842152185137435","0.39058391004671166868","115063.11712735776382","2.8805938331298186483","10.399429092751830694","13.19161109513481378","43335675.385208182037","10570.242950537225624","44478702.065793789923","10571.243257431380698","214645.853347807104","7276.2323480843924699","0","0","0","2071.6355777952676362","0","0","0","0","0","4.0012275766205069871","3.0009206824653804624","0","0","0","0","0","0","0","0","0","0","0","22783.990128171324614","394.1209162971200044","457.14025062889294304","44740.726454876356001","0","0","0","0","0","0","0","0","0","0","0","0"
"05/14/2026 07:51:06.327","44149363.56333617866","46550.351360945023771","14755.111053854334386","31795.240307090691203","1000000000","2455065.9050464630127","14752.156288941339881","2.9547649129939927981","0","0","0","41694297.658289715648","31795.240307090691203","0","0","0","0","0","0","0","0","0","0","12.427433926972417666","0.12427433926972417111","0","0","12.427433926972417666","0.12427433926972417111","1.373049722554673062e-005","0","1.373049722554673062e-005","9052.4147717759278748","0","9052.4147717759278748","37506320.242148898542","0","37506320.242148898542","4143.2392557937109814","0","4143.2392557937109814","87.954753217496786988","0","0","100","11.56582253950297634","13.148062309850811147","122.02548953656717856","99902.449169872576022","285805.54657307354501","1633.7252895357089528","0","100","3500","0","9.9863600254108675358","0","0","99890.631988754772465","0","0","89.198313964818893851","90.013639974589125359","191","11635.984340659395457","0.19234422328710287786","0.1442581674653271584","106166.53992739917885","1.9714593551702259688","7.9338939335644313999","9.9863600254108675358","37994360.732671387494","9197.1982525126350083","38988934.602385170758","9198.1831741502992372","181844.11211875162553","6115.378448259900324","0","0","0","2106.7473829647169623","0","0","0","0","0","0","0","0","0","0","0","0","0","0","0","0","0","0","23144.673563481945166","261.98915561880068026","582.08868785981655947","45560.50511509203352","0","0","0","0","0","0","0","0","0","0","0","0"
"05/14/2026 07:51:07.311","45688614.310374796391","47767.897010638131178","15089.197660463183638","32678.699350174945721","1000000000","2539720.6466491301544","15087.165718952213865","2.0319415109699949795","0","0","0","43148893.663725666702","32678.699350174945721","0","0","0","0","0","0","0","0","0","1","12.968631811588918978","0.12968631811588918201","0","0","12.968631811588918978","0.12968631811588918201","1.3740415455817457554e-005","0","1.3740415455817457554e-005","9439.3842892111115361","0","9439.3842892111115361","38809367.616115041077","0","38809367.616115041077","4111.4299860079645441","0","4111.4299860079645441","87.454014771754600588","0","0","100","11.356605086161778218","13.909719490668651432","122.01287498574198764","99921.265289450879209","283692.83179992885562","1629.3442874569643664","0","100","3500","0","12.005509592619690196","0","0","99928.375894196637091","0","0","88.605496874111764782","87.994490407380311581","187","12066.696253554413488","0.14880247933699597418","0.19840669196688068276","106805.34648402435414","1.7856805448072425868","10.317280043462350392","12.005509592619690196","39309741.340957447886","9587.7160195119213313","40346539.496929891407","9588.7319902674062178","193993.51993532737833","6565.203021944053944","0","0","0","2036.0053939919350796","0","0","0","0","0","5.0798537774249874488","4.063883021939989959","0","0","0","0","0","0","0","0","0","0","0","22354.404532936401665","1114.5199187670423271","1219.1649065819970019","43889.93663695189025","0","0","0","0","0","0","0","0","0","0","0","0"
"05/14/2026 07:51:08.327","50222558.260836899281","52327.074510311533231","16475.15973773906444","35851.914772572468792","1000000000","2756504.7127317381091","16472.208962860662723","2.9507748784010265908","0","0","0","47466053.548105157912","35851.914772572468792","0","0","0","0","0","0","0","0","0","0","18.005402481313154794","0.18005402481313154128","0","0","18.005402481313154794","0.18005402481313154128","1.4573175007969397176e-005","0","1.4573175007969397176e-005","12342.107724725359731","0","12342.107724725359731","77795960.015426650643","0","77795960.015426650643","6303.2961428116032039","0","6303.2961428116032039","83.894111051179820038","0","0","100","12.966637103875665815","14.683540036578046184","121.9995942939405893","108198.58605205877393","260176.43350345242652","1639.4769507264804815","0","100","3500","0","9.8061219325499155985","0","0","108260.62031505923369","0","0","88.031930448714732051","90.241947823538907869","229","15715.346626783561078","0.33654737056858780031","0.28846776815529306948","118874.38731318579812","2.3558119013311640266","7.3559034721487854824","9.7580521764610956836","43317937.829337216914","10572.62638931087713","44461221.457523450255","10573.609980937011642","212892.50592687726021","7191.0383786633010459","0","0","0","2112.7548129351348507","0","0","0","0","0","0","0","0","0","0","0","0","0","0","0","0","0","0","23214.72956000701015","114.09662863150636269","148.52233554618499056","45590.455462921992876","0","0","0","0","0","0","0","0","0","0","0","0"
"05/14/2026 07:51:09.311","47970476.539690777659","49975.771786489276565","15755.45277083768633","34220.319015651592053","1000000000","2663302.6307124313898","15753.420202590143163","2.0325682475440478569","0","0","0","45307173.90897834301","34220.319015651592053","0","0","0","0","0","0","0","0","0","1","13.896908318240077662","0.13896908318240078217","0","0","13.896908318240077662","0.13896908318240078217","1.4024851343038751298e-005","0","1.4024851343038751298e-005","9912.8353432723215519","0","9912.8353432723215519","40769481.556882232428","0","40769481.556882232428","4112.7972114004514879","0","4112.7972114004514879","86.597006583127793533","0","0","100","13.602485077829360449","15.526622582868437661","121.99780315222110971","105736.93876806739718","264124.85226999758743","1608.1238801926376709","0","100","3500","0","12.450851048289168332","0","0","105721.70070224118535","0","0","87.246867343214276502","87.499544129345977694","215","14566.575058801156047","0.74404185944027112498","0.49602790629351400931","113839.52630339050665","3.7698141195662122627","8.5812990327618372532","12.500455870654025858","41295225.659791976213","10069.343098333212765","42384104.991093285382","10070.359382456985259","205496.71496319831931","6971.7090890760837283","0","0","0","2067.1219077522964653","0","0","0","0","0","0","0","0","0","0","0","0","0","0","0","0","0","0","22745.454974141666753","875.02063056771260108","965.46991758342267076","44618.938170086934406","0","0","0","0","0","0","0","0","0","0","0","0"
"05/14/2026 07:51:10.327","46010726.142442829907","48532.586080580316775","15521.727268754708348","33010.858811825608427","1000000000","2555963.2525493586436","15520.743074520432856","0.98419423427523355929","0","0","0","43454762.889893472195","33010.858811825608427","0","0","0","0","0","0","0","0","0","0","13.310589009330071164","0.13310589009330070498","0","0","13.310589009330071164","0.13310589009330070498","1.3989806478319363896e-005","0","1.3989806478319363896e-005","9510.2688858015808364","0","9510.2688858015808364","39103217.960836157203","0","39103217.960836157203","4111.6837421090758653","0","4111.6837421090758653","87.197362527516759201","0","0","100","14.856613634108423838","16.859440882164395958","122.00386355606714517","106965.51409061443701","257811.24556011558161","1652.1823379148081585","0","100","3500","0","10.3351024858294398","0","0","107038.37552863928431","0","0","86.212504875155161699","89.664907360482430931","195","13977.580732442560475","0.62501433869166345136","0.28846739891062372907","115039.3491149895417","3.5096784814860289003","7.019347116660186181","10.335092639517561963","39619770.336307048798","9662.8189921142420644","40664685.41806012392","9663.8031863485175563","191634.42774419925991","6454.3457883769815453","0","0","0","2074.6814458521921551","0","0","0","0","0","0","0","0","0","0","0","0","0","0","0","0","0","0","22790.985883111581643","124.99266775295465948","343.4837877620565223","44801.505738442901929","0","0","0","0","0","0","0","0","0","0","0","0"
"05/14/2026 07:51:11.311","46861788.76334682107","48784.251599016206455","15260.771947830362478","33523.479651185843977","1000000000","2577195.9012648793869","15256.705661673200666","4.0662861571623665213","0","0","0","44284592.862081944942","33523.479651185843977","0","0","0","0","0","0","0","0","0","0","13.32284420598294794","0.13322844205982947718","0","0","13.32284420598294794","0.13322844205982947718","1.3721280602636534213e-005","0","1.3721280602636534213e-005","9716.3907725394747104","0","9716.3907725394747104","39906597.406969979405","0","39906597.406969979405","4107.1420799330408045","0","4107.1420799330408045","87.051156032135409646","0","0","100","12.434761474333129172","14.330630844464097962","122.00982848599787189","103601.0250184762408","272660.5922350101755","1630.4803313786194394","0","100","3500","0","10.169513047951594942","0","0","103464.89768862904748","0","0","88.210225598861583762","89.830486952048403282","85","12312.41222199929507","0.049594447047312008314","0.3472220811300951171","110270.24830539252434","2.3809296449638983617","7.4404064103413256603","10.169513047951594942","40425971.938965857029","9869.8930749723549525","41493278.530639365315","9870.9096465116454056","198467.2947587808012","6709.3721593179052434","0","0","0","2046.3585085919610265","0","0","0","0","0","0","0","0","0","0","0","0","0","0","0","0","0","0","22454.032159850590688","1038.9361131549846959","1091.7978331980955318","44059.227084393533005","0","0","0","0","0","0","0","0","0","0","0","0"
"05/14/2026 07:51:12.312","46354511.281841225922","48251.414835298040998","15172.357117056193601","33079.057718241849216","1000000000","2605486.4227099069394","15170.357597140924554","1.9995199152683438282","0","0","0","43749024.859131321311","33079.057718241849216","0","0","0","0","0","0","0","0","0","1","16.859087213062569077","0.16859087213062567967","0","0","16.859087213062569077","0.16859087213062567967","1.4560651066401864126e-005","0","1.4560651066401864126e-005","11578.22006936134494","0","11578.22006936134494","73870007.811124548316","0","73870007.811124548316","6380.0832397893100278","0","6380.0832397893100278","84.93091026447648062","0","0","100","11.50172837136390136","13.45836792475466126","121.98052945952215964","99789.225990888793604","285163.08738272375194","1628.6446297417903679","0","100","3500","0","8.3691915037756423601","0","0","99862.210065763661987","0","0","88.967167716259027088","91.630808496224361193","183","13957.954374355516848","0.14645870177543057755","0.1952682711704508689","109251.16139658326574","1.6109757344855404337","7.0297477429073413902","8.3691915037756423601","39856786.385588817298","9726.664627822858165","40908609.842776745558","9727.6643877804926888","203563.12449380900944","6937.3343460235191742","0","0","0","1997.520395353075628","0","0","0","0","0","4.9987997881708601255","3.9990398305366876563","0","0","0","0","0","0","0","0","0","0","0","21952.729149731148937","1610.613291748651136","1714.5883273426049982","43085.655134202272166","0","0","0","0","0","0","0","0","0","0","0","0"
"05/14/2026 07:51:13.312","49648161.564254507422","51803.137475110415835","16369.835452446508498","35433.302022663912794","1000000000","2772914.6939127836376","16369.835452446508498","0","0","0","0","46875246.870341725647","35433.302022663912794","0","0","0","0","0","0","0","0","0","1","14.035096664797059418","0.14035096664797058752","0","0","14.035096664797059418","0.14035096664797058752","1.3675625913297613775e-005","0","1.3675625913297613775e-005","10267.405653144531243","0","10267.405653144531243","42170008.432975843549","0","42170008.432975843549","4107.1727228446179652","0","4107.1727228446179652","86.378126971462961592","0","0","100","12.105363773214248724","13.788600562149156303","122.0374812381410834","107278.64842541031248","264669.30150144547224","1649.763918783221925","0","100","3500","0","10.022545796242354754","0","0","107234.65472090942785","0","0","88.675429221507627631","89.977454203757645246","194","12913.152127930492497","0.24410531263507456723","0.097636125906508691719","114458.62097133899806","1.8552063751740879294","8.0066722518730095715","10.022545796242354754","42714672.047660768032","10428.443384284937565","43842368.266884930432","10429.443618639847045","215006.37599389537354","7311.7131343873870719","0","0","0","2124.4977698274706199","0","0","0","0","0","0","0","0","0","0","0","0","0","0","0","0","0","0","23348.470546649081371","127.02976307348812668","163.03819985022491323","45831.738376301567769","0","0","0","0","0","0","0","0","0","0","0","0"
"05/14/2026 07:51:14.327","46741446.550684735179","48587.151305796935048","15293.10838537293057","33294.042920424006297","1000000000","2594033.4016464925371","15290.152243288128375","2.9561420848014683394","0","0","0","44147413.149038240314","33294.042920424006297","0","0","0","0","0","0","0","0","0","0","13.483919744592817835","0.13483919744592817724","0","0","13.483919744592817835","0.13483919744592817724","1.3950952817690817384e-005","0","1.3950952817690817384e-005","9669.5407593856034509","0","9669.5407593856034509","39759811.484848491848","0","39759811.484848491848","4111.8614083358806965","0","4111.8614083358806965","87.02013397963888508","0","0","100","13.092182988488355377","14.476708779362256863","122.00470206944186202","102431.73425664647948","275292.77197638415964","1669.5044959903821109","0","100","3500","0","9.7279913544112250889","0","0","102393.32087886262161","0","0","88.104228907958599848","90.272008645588769582","213","13729.335203309696226","0.43284086624512985164","0.28856386069822664853","110281.85274221777217","2.7894375206102974829","7.0697801134910820409","9.7279913544112250889","40284944.506315402687","9825.2309091851475387","41347425.328343629837","9826.2162898800816038","201171.38115490952623","6819.8197896369883892","0","0","0","2012.1473790548661782","0","0","0","0","0","0","0","0","0","0","0","0","0","0","0","0","0","0","22096.1767031960444","1442.59733738311661","1528.3254578423591283","43366.604384037542331","0","0","0","0","0","0","0","0","0","0","0","0"
"05/14/2026 07:51:15.311","49493450.950165219605","51527.915369967086008","16293.825248292783726","35234.090121674300462","1000000000","2779102.6894709160551","16291.794991580018177","2.030256712764660687","0","0","0","46714348.260694302619","35234.090121674300462","0","0","0","0","0","0","0","0","0","1","14.31359018406104866","0.14313590184061047994","0","0","14.31359018406104866","0.14313590184061047994","1.3962636273538157853e-005","0","1.3962636273538157853e-005","10242.645115897712458","0","10242.645115897712458","42045349.641167357564","0","42045349.641167357564","4104.9308225966306054","0","4104.9308225966306054","86.327835601229111262","0","0","100","14.251253945499286147","15.737807553904215041","121.97861514823304674","107695.86957067229378","258901.24035541134072","1626.4452479709307227","0","100","3500","0","8.6283217081948855309","0","0","107728.3781577647751","0","0","87.157685396822074608","91.371668132782886573","234","14824.931607520169564","0.4960447370829810243","0.4960447370829810243","116089.1804006134771","2.7282562129786183114","5.952557163040217425","8.628331867217109874","42588605.732368923724","10403.035396206119913","43713554.734858117998","10404.050524562502687","217757.2139842864417","7432.7698254314227597","0","0","0","2067.8164619508065698","0","0","0","0","0","0","0","0","0","0","0","0","0","0","0","0","0","0","22780.495445575874328","685.2116405580729861","771.49755085057097403","44662.602295753385988","0","0","0","0","0","0","0","0","0","0","0","0"
"05/14/2026 07:51:16.311","47904808.590275481343","49537.892717175622238","15397.074795836728299","34140.817921338893939","1000000000","2623104.8340353569947","15395.074396356953002","2.0003994797761115443","0","0","0","45281703.75624012202","34140.817921338893939","0","0","0","0","0","0","0","0","0","0","17.60638532971717396","0.17606385329717175181","0","0","17.60638532971717396","0.17606385329717175181","1.4785782667114545828e-005","0","1.4785782667114545828e-005","11910.378502586967443","0","11910.378502586967443","78081256.826988354325","0","78081256.826988354325","6555.7326167282499227","0","6555.7326167282499227","84.25989905500816235","0","0","100","13.792359152168938152","15.801721006811385806","122.03104760963068998","104579.60512704258144","266165.53727933939081","1649.9622158652566668","0","100","3500","0","9.4753576343424956718","0","0","104648.60354697877483","0","0","87.031076473921075376","90.524652365359514761","178","15681.640890423608653","0.58592253950832262621","0.24414272454680849278","115091.36440775505616","2.3436801583312818487","6.9822119300844835976","9.4753476346404852393","41333918.383501186967","10064.009782753615582","42422215.716478578746","10065.00998249350414","204656.8699769343948","6931.3841974242259312","0","0","0","2028.4050724929768421","0","0","0","0","0","9.0017976589925012831","7.0013981792163892948","0","0","0","0","0","0","0","0","0","0","0","22288.451003665431926","1257.2510730392859841","1367.273044426972092","43768.740617501316592","0","0","0","0","0","0","0","0","0","0","0","0"
"05/14/2026 07:51:17.311","45025914.424699768424","47083.954736204854271","14947.668161766807316","32136.286574438043317","1000000000","2549613.3985825511627","14943.668250564836853","3.9999112019713161104","0","0","0","42476301.02611721307","32136.286574438043317","0","0","0","0","0","0","0","0","0","0","12.769025035521680778","0.12769025035521680556","0","0","12.769025035521680778","0.12769025035521680556","1.3754114605773373788e-005","0","1.3754114605773373788e-005","9283.7938997754245065","0","9283.7938997754245065","38194352.085383698344","0","38194352.085383698344","4114.0887548470491311","0","4114.0887548470491311","87.683564509659831288","0","0","100","11.271370379377431803","12.54247036913782587","122.00547825816290981","97954.747040818052483","293235.19984474108787","1670.9615678839384145","0","100","3500","0","8.839995796097110059","0","0","97851.749409763564472","0","0","89.70291786259737421","91.404138564399161737","170","11855.727318271678087","0.24413436049627251778","0.14647661639016137936","104616.59381834216765","2.0019037560232355588","6.6892954772744745995","8.5958614356008382629","38690633.067945890129","9430.7906364478694741","39710462.427734099329","9431.7906142483625445","196339.64125996400253","6686.8515518955473453","0","0","0","2011.9553345915719547","0","0","0","0","0","0","0","0","0","0","0","0","0","0","0","0","0","0","22111.50912449743555","1632.963748204789681","1749.9611508624507223","43375.037074176951137","0","0","0","0","0","0","0","0","0","0","0","0"
"05/14/2026 07:51:18.312","47400640.863791197538","49415.208040745703329","15557.121022662220639","33858.08701808348269","1000000000","2659774.7227281662636","15554.121192152644653","2.9998305095762094474","0","0","0","44740866.141063034534","33858.08701808348269","0","0","0","0","0","0","0","0","0","0","13.482947660349667629","0.13482947660349667296","0","0","13.482947660349667629","0.13482947660349667296","1.3759489795918367175e-005","0","1.3759489795918367175e-005","9799.4463312822826992","0","9799.4463312822826992","40277788.304960772395","0","40277788.304960772395","4110.2106122448976748","0","4110.2106122448976748","87.014572438384433894","0","0","100","12.180241198216688048","13.308451535603051497","122.00362212576254706","103536.06229201772658","275387.20848261279752","1637.8111603732088497","0","100","3500","0","7.7240952732440915085","0","0","103589.05618182223407","0","0","89.105732695010686939","92.080604315387176939","194","12447.564795779046108","0.24411551521382404695","0.14646530952945419068","110498.25955067379982","1.7576437083360536562","6.2005580840241725227","7.91939568461282839","40801618.708542972803","9954.4375742770534998","41878065.889277257025","9955.4375177802467078","206948.30742063076468","7047.6018104977074472","0","0","0","2049.8841815437431251","0","0","0","0","0","0","0","0","0","0","0","0","0","0","0","0","0","0","22577.724358573741483","846.95214720368312555","896.94932236328656927","44321.495835485300631","0","0","0","0","0","0","0","0","0","0","0","0"
"05/14/2026 07:51:19.312","42267756.024463579059","44912.926121204342053","14386.405850731520331","30526.520270472821721","1000000000","2417794.536103613209","14384.407322447748811","1.9985282837718303384","0","0","0","39849961.488359965384","30526.520270472821721","0","0","0","0","0","0","0","0","0","0","11.698936149470023693","0.11698936149470023915","0","0","11.698936149470023693","0.11698936149470023915","1.3859310589907605752e-005","0","1.3859310589907605752e-005","8435.7878858008953102","0","8435.7878858008953102","35829998.788891859353","0","35829998.788891859353","4247.3802416488979361","0","4247.3802416488979361","88.746162233831142885","0","0","100","11.639904066148918815","13.241047400538228374","121.94822149529956334","96237.530227025665226","296393.71292631491087","1672.8353929973291088","0","100","3500","0","9.725240689995484189","0","0","96231.530817367573036","0","0","89.176861963406423683","90.274759310004512258","200","11189.898913946868561","0.29294260986597753238","0.19530173928737662448","103366.82870405552967","2.1482291405753564106","7.6164678602550663911","9.725240689995484189","36280978.6872946769","8569.6892808136090025","37207704.24659280479","8570.6885449554938532","178280.71408214987605","6067.5318695312762429","0","0","0","2096.4561696766500063","0","0","0","0","0","0","0","0","0","0","0","0","0","0","0","0","0","0","23060.018602301264764","507.62618407804490062","971.28474591310953201","45379.58247546506027","0","0","0","0","0","0","0","0","0","0","0","0"
"05/14/2026 07:51:20.327","35134794.064924284816","36686.551077723510389","11557.776955313018334","25128.774122410493874","1000000000","1939852.0391594008543","11554.819237078272636","2.9577182347469976875","0","0","0","33194942.025764882565","25128.774122410493874","0","0","0","0","0","0","0","0","0","0","13.753356193975823984","0.13753356193975824207","0","0","13.753356193975823984","0.13753356193975824207","1.4948769000214087702e-005","0","1.4948769000214087702e-005","9210.3345830021517031","0","9210.3345830021517031","64345814.83855689317","0","64345814.83855689317","6986.2624705630487369","0","6986.2624705630487369","87.797788198862178888","0","0","100","10.539185792737214342","11.768643486893422434","122.07135034408355523","79177.102545658519375","365163.33698275650386","1580.6466607682118592","0","100","3500","0","8.0083517932414078899","0","0","79130.815696402380127","0","0","90.291015735986263735","91.943568570651109439","34","12837.214469229684255","0.43278566340492657938","0.48087514786063834116","87771.684108601941261","2.6448231615817512363","5.4339049281823976756","8.0564314293488870078","30296558.576525144279","7379.5069956937595634","31094594.336127325892","7380.4929017720087359","150086.45410400166293","5081.3599272953424588","0","0","0","1489.7040842342378255","0","0","0","0","0","0","0","0","0","0","0","0","0","0","0","0","0","0","16339.421434820666036","2686.5940632285232823","5969.6613037976903797","32092.228753083174524","0","0","0","0","0","0","0","0","0","0","0","0"
"05/14/2026 07:51:21.312","48408089.876511842012","50473.186760127187881","15902.95574155966824","34570.231018567523279","1000000000","2660300.3427086453885","15899.911336784944069","3.0444047747226727907","0","0","0","45747789.533803194761","34570.231018567523279","0","0","0","0","0","0","0","0","0","0","14.014981459052885171","0.14014981459052885948","0","0","14.014981459052885171","0.14014981459052885948","1.3982650993109038099e-005","0","1.3982650993109038099e-005","10014.062105654444167","0","10014.062105654444167","41146453.831652335823","0","41146453.831652335823","4108.8674503445481605","0","4108.8674503445481605","86.7070530356001683","0","0","100","13.900122517158902014","15.785749337042428664","121.98723099716244178","105124.21111135487445","265049.31567712710239","1631.2027347327143616","0","100","3500","0","11.273310258890701263","0","0","105205.46654023321753","0","0","87.130354213956877629","88.726689741109296961","222","14654.416598208967116","0.446368172383069306","0.24797780368088687131","113334.05650665034773","3.3725042243781664375","7.8361250050278119517","11.273310258890701263","41681749.493588633835","10172.37115394002285","42781761.945204168558","10173.385955531597574","205184.76340357554727","6930.0800688603767412","0","0","0","2038.7363974726163178","0","0","0","0","0","5.0740079578711210218","4.0592063662968964621","0","0","0","0","0","0","0","0","0","0","0","22426.100372198779951","598.73293902879231609","798.64885256891443532","43978.456574052157521","0","0","0","0","0","0","0","0","0","0","0","0"
"05/14/2026 07:51:22.312","46170249.130506917834","48195.773729082982754","15197.189939972298816","32998.583789110685757","1000000000","2539579.8491021846421","15195.189783360036017","2.0001566122627401079","0","0","0","43630669.281404733658","32998.583789110685757","0","0","0","0","0","0","0","0","0","0","13.228333388322829123","0.132283333883228299","0","0","13.228333388322829123","0.132283333883228299","1.3854303664921465349e-005","0","1.3854303664921465349e-005","9550.7478235545841017","0","9550.7478235545841017","39296004.877181880176","0","39296004.877181880176","4114.442722513089393","0","4114.442722513089393","87.217431470589119158","0","0","100","11.989196331167480736","13.737538350305042556","122.01858535337747469","100725.42863192690129","281898.75136476423359","1659.562207489664388","0","100","3500","0","11.735608498776727515","0","0","100685.43918114401458","0","0","88.721224246168986838","88.264391501223272485","191","12976.576779045688454","0.43936608107851399252","0.097631352411689367732","108034.50049876843696","3.0755925618206925165","8.6897402596104154071","11.735608498776727515","39802480.534225828946","9701.7596477804218011","40851614.681429557502","9702.7597260865532007","193207.12811813165899","6515.5101644458763985","0","0","0","2039.1596662018635016","0","0","0","0","0","0","0","0","0","0","0","0","0","0","0","0","0","0","22402.75413564882183","1322.1035207056711442","1411.1104899513632063","43935.440144963351486","0","0","0","0","0","0","0","0","0","0","0","0"
"05/14/2026 07:51:23.327","48179816.068340837955","50010.920985365490196","15651.934551327794907","34358.98643403769529","1000000000","2659238.7546116164885","15651.934551327794907","0","0","0","0","45520577.313729226589","34358.98643403769529","0","0","0","0","0","0","0","0","0","1","13.621787200512175176","0.13621787200512175398","0","0","13.621787200512175176","0.13621787200512175398","1.3652379072063178743e-005","0","1.3652379072063178743e-005","9980.1156294423471991","0","9980.1156294423471991","40995580.079689204693","0","40995580.079689204693","4107.7259624876605812","0","4107.7259624876605812","86.806865135061926253","0","0","100","11.021298661997027679","12.725078138175719644","122.01410068463131608","103506.06146216644265","276932.01961064303759","1687.4060992490303761","0","100","3500","0","12.325557115067342195","0","0","103466.65910141340282","0","0","89.527989953460888728","87.674442884932659581","202","12561.472608069838316","0.38474304991258523323","0.28856221220851491216","110503.9207319067209","2.5489547167023713925","9.6667996355667185071","12.277461771441233296","41533134.919833466411","10138.733459288370796","42629505.300544828176","10139.71866320045774","206376.57468835785403","6996.9181836426005248","0","0","0","2072.8690310312631482","0","0","0","0","0","0","0","0","0","0","0","0","0","0","0","0","0","0","22793.677710047199071","745.7993614499364412","806.88200399933680274","44722.346385281925905","0","0","0","0","0","0","0","0","0","0","0","0"
"05/14/2026 07:51:24.311","40041283.844012781978","42643.968689523935609","13776.844953297988468","28867.12373622594896","1000000000","2328303.0374020077288","13776.844953297988468","0","0","0","0","37712980.806610777974","28867.12373622594896","0","0","0","0","0","0","0","0","0","0","14.703922589493201301","0.14703922589493201301","0","0","14.703922589493201301","0.14703922589493201301","1.4784463738508683129e-005","0","1.4784463738508683129e-005","9937.0302875405068335","0","9937.0302875405068335","70831590.377544224262","0","70831590.377544224262","7128.0441266598572838","0","7128.0441266598572838","86.98843159913141676","0","0","100","10.626684436787400045","12.282305998228405741","121.98656018070344942","91367.175774518269463","315027.82921867881669","1672.0259194491864037","0","100","3500","0","9.4730548959351850158","0","0","91411.871485609255615","0","0","90.013140484323599821","90.52694510406482209","192","12437.59742268276932","0.1984228371153919368","0.14881712783654396648","99978.210840843137703","1.8849458405821024609","7.7381858817254816074","9.5226606052140390091","34303391.846438273787","8053.1561084112754543","35174269.526772022247","8054.1711268267545165","171038.72315555420937","5847.5210915751649736","0","0","0","2030.0368309582240727","0","0","0","0","0","4.060073661916447918","3.0450552464373363826","0","0","0","0","0","0","0","0","0","0","0","22315.17986430828023","1174.3763067093327663","1585.458764978372983","43940.147206090761756","0","0","0","0","0","0","0","0","0","0","0","0"
"05/14/2026 07:51:25.327","49248492.143072247505","51440.359612773791014","16285.425996294443394","35154.933616479349439","1000000000","2735794.9862119941972","16284.441209090215125","0.9847872042265490844","0","0","0","46512697.156860254705","35154.933616479349439","0","0","0","0","0","0","0","0","0","0","13.974537255615915754","0.1397453725561591531","0","0","13.974537255615915754","0.1397453725561591531","1.3710075347758886324e-005","0","1.3710075347758886324e-005","10194.517138153236374","0","10194.517138153236374","41901954.979862086475","0","41901954.979862086475","4110.2442040185469523","0","4110.2442040185469523","86.524690153979491924","0","0","100","12.112389928486011925","13.456852911843530052","121.99461305441244008","106137.2078614931379","268238.57394692889648","1641.4543738703307554","0","100","3500","0","9.22936605641558927","0","0","106143.11591562825197","0","0","88.949933798361229265","90.770633943584414283","222","13408.328859623450626","0.28846722849032596647","0.2403877160242624822","113430.70069128171599","2.5481156976408154691","6.5866470501993230613","9.1332168777895184064","42446928.340383425355","10356.022239646390517","43566796.835839323699","10357.007026850616967","211528.35231904583634","7172.2052083819571635","0","0","0","2092.6728089814168925","0","0","0","0","0","0","0","0","0","0","0","0","0","0","0","0","0","0","23014.476962774453568","130.97669816213104355","165.44425031006025506","45181.052142709842883","0","0","0","0","0","0","0","0","0","0","0","0"
"05/14/2026 07:51:26.311","46843570.380305565894","48700.917606100207195","15312.913202468967938","33388.004403631239256","1000000000","2595841.6314695612527","15309.864440881006885","3.0487615879617004921","0","0","0","44247728.748836010695","33388.004403631239256","0","0","0","0","0","0","0","0","0","1","13.582922077651616632","0.13582922077651615744","0","0","13.582922077651616632","0.13582922077651615744","1.4013761660203333462e-005","0","1.4013761660203333462e-005","9696.0781035808613524","0","9696.0781035808613524","39819200.307802967727","0","39819200.307802967727","4106.732627607168979","0","4106.732627607168979","86.954552247122592235","0","0","100","13.668822209184593675","15.091156858379394023","122.00857901098324021","102647.45755996665685","273224.1129838382476","1661.9944237852125752","0","100","3500","0","9.8203579918105461388","0","0","102604.79022145872295","0","0","87.609594953407949447","90.179642008189446756","220","14246.827505601357188","0.24801818596853417165","0.39682503400929308723","110542.94696195849974","3.0754295695501854269","6.8453181868929906528","9.9195591708874157888","40337514.167849160731","9849.532436841600429","41402621.386188559234","9850.5486907042541134","200819.89329131192062","6807.8846259184774681","0","0","0","2020.3126789559537428","0","0","0","0","0","0","0","0","0","0","0","0","0","0","0","0","0","0","22220.390706927530118","1387.1865225225737959","1497.9581935518490354","43623.713308281323407","0","0","0","0","0","0","0","0","0","0","0","0"
"05/14/2026 07:51:27.312","49950275.277392290533","51980.619287636618537","16374.250059347279603","35606.369228289338935","1000000000","2773149.9897304698825","16371.250196740988031","2.9998626062926314617","0","0","0","47177125.28766182065","35606.369228289338935","0","0","0","0","0","0","0","0","0","0","14.496569373693377614","0.14496569373693377059","0","0","14.496569373693377614","0.14496569373693377059","1.4015126618983182131e-005","0","1.4015126618983182131e-005","10345.526174901187915","0","10345.526174901187915","42494053.772337220609","0","42494053.772337220609","4107.4811521360916231","0","4107.4811521360916231","86.023825679454361648","0","0","100","13.773149103567652318","16.27645503280333017","122.02355763464075267","109728.42230476076656","252658.74897494303877","1653.614542450154886","0","100","3500","0","12.179285753490587396","0","0","109777.41088552259316","0","0","86.655554001484247806","87.869522527641109377","216","14967.511073168843723","0.43934451338233693196","0.34171795351936001817","118170.45446706372604","2.6849053542244507575","9.3239313240890862033","12.130477472358890623","43047016.446646742523","10508.5187098430888","44183368.401727199554","10509.518664045186597","216466.08585326789762","7352.6632480232401576","0","0","0","2091.9041907880618965","0","0","0","0","0","3.9998168083901752823","2.9998626062926314617","0","0","0","0","0","0","0","0","0","0","0","22986.947197818339191","362.9833753614084344","441.97975732711438468","45088.934926780348178","0","0","0","0","0","0","0","0","0","0","0","0"
"05/14/2026 07:51:28.327","41049929.686691462994","43577.412732178920123","13909.046749266217375","29668.36598291269911","1000000000","2295635.7300910335034","13906.092615443365503","2.9541338228530018561","0","0","0","38754293.956600427628","29668.36598291269911","0","0","0","0","0","0","0","0","0","0","15.071048095565158675","0.15071048095565159342","0","0","15.071048095565158675","0.15071048095565159342","1.4815451641010746398e-005","0","1.4815451641010746398e-005","10171.082752082886145","0","10171.082752082886145","70023464.684954926372","0","70023464.684954926372","6884.5634620970085962","0","6884.5634620970085962","86.523799009358640433","0","0","100","11.51634323713175867","13.5056042735244759","121.9791808970856124","92867.463277529997868","306493.36005854094401","1659.45550359648837","0","100","3500","0","10.363226630040733411","0","0","92811.3273940255458","0","0","88.93047802867609164","89.636783218463662593","189","13064.888255614845548","0.33662188026464112678","0.14426089239661976649","101481.85929530952126","1.923531090645043351","8.5116487125148694304","10.363216781536344513","35311781.745442092419","8422.235528953908215","36222564.836098253727","8423.2202402281927789","167007.03211862305761","5627.624932534969048","0","0","0","2022.5969573800221042","0","0","0","0","0","3.9388450971373361043","2.9541338228530018561","0","0","0","0","0","0","0","0","0","0","0","22209.178080208868778","1057.5799085813746387","1447.5255731979709708","43689.669817447334935","0","0","0","0","0","0","0","0","0","0","0","0"
"05/14/2026 07:51:29.311","48806992.238408148289","50934.367264183623774","16056.469364516493442","34877.897899667128513","1000000000","2710416.7449665451422","16053.422017891987707","3.0473466245049332102","0","0","0","46096575.493441604078","34877.897899667128513","0","0","0","0","0","0","0","0","0","0","13.793349362653689383","0.13793349362653689605","0","0","13.793349362653689383","0.13793349362653689605","1.3673373615307150166e-005","0","1.3673373615307150166e-005","10086.717327111329723","0","10086.717327111329723","41481619.928834296763","0","41481619.928834296763","4112.4994964753268505","0","4112.4994964753268505","86.703652352567573303","0","0","100","11.79450140097906008","13.358234571352415543","121.99958437240232456","105163.82039512746269","270923.28240588720655","1665.9615112099399994","0","100","3500","0","10.365954503766294792","0","0","105185.1528291124705","0","0","89.053182424203754408","89.584439802072978409","188","12700.924862596268213","0.34721954141298311258","0.2480284708036508412","112025.75332697085105","2.4305875841712021312","8.035807529500301527","10.415560197927021591","42016587.723459392786","10245.179351585586119","43124472.936006739736","10246.195133793753484","208869.20077240079991","7082.0335553494651322","0","0","0","2111.8112107819188168","0","0","0","0","0","5.0789110408415556464","4.0631288326732439842","0","0","0","0","0","0","0","0","0","0","0","23240.081140682788828","229.56677904603830598","270.19806737277076536","45601.510671299991373","0","0","0","0","0","0","0","0","0","0","0","0"
"05/14/2026 07:51:30.312","49473117.773433148861","51417.01347591663216","16073.000986086555713","35344.012489830078266","1000000000","2692314.1113913035952","16071.002229513020211","1.9987565735356036534","0","0","0","46780803.662041842937","35344.012489830078266","0","0","0","0","0","0","0","0","0","0","13.99874007700684686","0.13998740077006846527","0","0","13.99874007700684686","0.13998740077006846527","1.365315394364824056e-005","0","1.365315394364824056e-005","10250.623087377343836","0","10250.623087377343836","42113449.223238222301","0","42113449.223238222301","4108.3794481817294582","0","4108.3794481817294582","86.469892498699991279","0","0","100","11.641526091956412969","12.996414125339274648","122.02911892354593704","106390.88037038972834","268658.7804328223574","1703.4376952168088337","0","100","3500","0","8.9212024327589567463","0","0","106433.86618077372259","0","0","89.376302132012824586","91.078797567241039701","199","12959.721995769195928","0.14643455987563108733","0.2440476035772856378","113720.46087586488284","1.6107201813393448031","7.2726365797908902877","8.9212024327589567463","42665521.778901346028","10413.521748120494522","43791605.242378719151","10414.521126407262273","206431.5789147571486","6945.6790930362221843","0","0","0","2142.6670468301672372","0","0","0","0","0","0","0","0","0","0","0","0","0","0","0","0","0","0","23546.351814536177699","119.92539441213621387","157.90176930931266952","46216.248871576994134","0","0","0","0","0","0","0","0","0","0","0","0"
"05/14/2026 07:51:31.327","45505245.389280207455","47428.656272146428819","14877.18294333931226","32551.473328807122016","1000000000","2482246.1511693219654","14876.197699435779214","0.98524390353240476337","0","0","0","43022999.238110885024","32551.473328807122016","0","0","0","0","0","0","0","0","0","0","13.07286408972361258","0.1307286408972361258","0","0","13.07286408972361258","0.1307286408972361258","1.3884914740035568962e-005","0","1.3884914740035568962e-005","9417.9464738662572927","0","9417.9464738662572927","38725224.441024333239","0","38725224.441024333239","4111.8543780730205981","0","4111.8543780730205981","87.432268544405431498","0","0","100","12.146962640757113405","13.705135418390424817","122.00499501901194321","99809.873291871132096","284585.62475944217294","1648.8219935124664062","0","100","3500","0","10.546344010836838478","0","0","99808.888332496280782","0","0","88.734591780240663184","89.453646139643154811","219","13030.027569997861065","0.19237097547380868634","0.33664674469916072708","106944.91900334323873","2.4527570234711104646","8.0315941083717081739","10.546353860356848742","39228735.308412373066","9567.7035472031820973","40263371.459316663444","9568.6887911067151435","188165.82167223279248","6328.2215923886360542","0","0","0","2011.8680510131705432","0","0","0","0","0","0","0","0","0","0","0","0","0","0","0","0","0","0","22128.578073337812384","1238.4515867402328695","1327.1235380581492791","43438.41846284019266","0","0","0","0","0","0","0","0","0","0","0","0"
"05/14/2026 07:51:32.311","49553880.625763453543","51659.659648270164325","16282.885780859258375","35376.77386741090595","1000000000","2728737.5663689123467","16279.838073263639671","3.0477075956187782424","0","0","0","46825143.059394538403","35376.77386741090595","0","0","0","0","0","0","0","0","0","1","18.115314989506106969","0.18115314989506106635","0","0","18.115314989506106969","0.18115314989506106635","1.4804806973848069608e-005","0","1.4804806973848069608e-005","12236.545996409395229","0","12236.545996409395229","78728707.698834478855","0","78728707.698834478855","6433.8995433789950766","0","6433.8995433789950766","83.806510074341062477","0","0","100","13.916574969077460722","16.351975710568275701","122.0109265098229514","107959.77300776094489","256767.21880793952732","1683.2525111394847954","0","100","3500","0","12.451020030841686292","0","0","107931.32939260589774","0","0","86.611173304672377071","87.548979969158310155","227","16656.784203472619993","0.84324987657230632276","0.29761820106422098853","118783.58441765303724","3.720212275315883943","8.7300966494714451471","12.451020030841686292","42734321.982586622238","10427.223587143713303","43861892.520763017237","10428.23948967558681","211490.5890853057499","7160.0810446403829701","0","0","0","2064.3139447657858909","0","0","0","0","0","4.0636101274917040271","3.0477075956187782424","0","0","0","0","0","0","0","0","0","0","0","22695.262562041167257","389.09066970733067592","454.10843174719798299","44510.753531480382662","0","0","0","0","0","0","0","0","0","0","0","0"
"05/14/2026 07:51:33.327","50536838.112205810845","52494.298817290713487","16482.061863505765359","36012.236953784951766","1000000000","2789467.6267435704358","16480.092798113790195","1.9690653919724943055","0","0","0","47747370.485462240875","36012.236953784951766","0","0","0","0","0","0","0","0","0","0","14.53828625138796049","0.14538286251387960712","0","0","14.53828625138796049","0.14538286251387960712","1.3884906902388565863e-005","0","1.3884906902388565863e-005","10469.520689117753136","0","10469.520689117753136","42971874.952927030623","0","42971874.952927030623","4104.4739514763969055","0","4104.4739514763969055","85.974145357360569619","0","0","100","13.64153761088085659","15.371548338618437057","122.00016250609397161","109609.04662579008436","255185.49381052481476","1649.2557770229823291","0","100","3500","0","10.960116824521094259","0","0","109607.07736516080331","0","0","87.406389882245008494","89.039893021790774696","196","14823.609386914027709","0.52885525695083157594","0.33654693978103966678","117724.36967905779602","3.2212110825754050047","7.740510690780809","10.96010697820922708","43539674.649356216192","10636.891247435414698","44689908.136207729578","10637.875780131400461","217892.8381448922737","7397.7786776406610443","0","0","0","2093.116511666761653","0","0","0","0","0","0","0","0","0","0","0","0","0","0","0","0","0","0","23023.297095638390601","144.72630630997832668","193.9529411092906912","45170.360091849019227","0","0","0","0","0","0","0","0","0","0","0","0"
"05/14/2026 07:51:34.311","49363999.748014084995","51423.415587767303805","16193.143138159404771","35230.272449607895396","1000000000","2709965.2300082710572","16192.127065928862066","1.0160722305427247747","0","0","0","46654034.518005818129","35230.272449607895396","0","0","0","0","0","0","0","0","0","0","13.979347091779981582","0.13979347091779981138","0","0","13.979347091779981582","0.13979347091779981138","1.3684148766905330903e-005","0","1.3684148766905330903e-005","10217.622350337640455","0","10217.622350337640455","42017854.421235099435","0","42017854.421235099435","4112.2927605409704483","0","4112.2927605409704483","86.392588115180856789","0","0","100","11.844728432427512388","13.370184946180629026","122.00197311812004841","106100.85773232489009","268551.50261449173559","1602.0322342701410889","0","100","3500","0","10.713373596176211322","0","0","106073.42915253713727","0","0","89.016655407293015401","89.286626403823788678","198","12838.607087321524887","0.54564109857623954714","0.19841217434589811242","113210.95513730695529","2.4305719931123110911","8.283817486399861707","10.713373596176211322","42559819.220428742468","10378.16176276339138","43682083.19192995131","10379.177834993934084","207717.67823431032593","7012.9305352058863718","0","0","0","2128.6713229870083524","0","0","0","0","0","0","0","0","0","0","0","0","0","0","0","0","0","0","23393.03096378515329","286.53236901304842377","330.22347492638556332","45909.19159261193272","0","0","0","0","0","0","0","0","0","0","0","0"
"05/14/2026 07:51:35.311","49923715.418694481254","51858.40012611963175","16296.783399633777663","35561.616726485852269","1000000000","2775840.4534708443098","16294.784039628915707","1.999360004862443585","0","0","0","47147874.965223632753","35561.616726485852269","0","0","0","0","0","0","0","0","0","0","14.079439167766624408","0.14079439167766624741","0","0","14.079439167766624408","0.14079439167766624741","1.3628571428571428287e-005","0","1.3628571428571428287e-005","10328.693785119383392","0","10328.693785119383392","42425075.733257785439","0","42425075.733257785439","4107.4967092528067951","0","4107.4967092528067951","86.370149713977511396","0","0","100","12.022963590990530136","13.037234450985410561","122.00742526085720385","107497.72538668426569","265886.63640760444105","1611.7260065788816519","0","100","3500","0","7.0418193451404542671","0","0","107496.72555665536493","0","0","89.336522437398869556","92.958180654859546621","202","12953.797854364758678","0.34175114289505281739","0.14647334598056202526","114628.51315276403329","1.6111468126074064422","5.5169427236123249614","7.0418193451404542671","42981305.684050537646","10492.641305518103763","44115942.486809976399","10493.640985520534741","216378.73716623309883","7359.6441778986554709","0","0","0","2117.322245149327955","0","0","0","0","0","0","0","0","0","0","0","0","0","0","0","0","0","0","23266.552376584255398","416.86656101381947792","445.85728108432493855","45646.388591012022516","0","0","0","0","0","0","0","0","0","0","0","0"
"05/14/2026 07:51:36.311","50598549.361461505294","52366.395606733552995","16351.376534959854325","36015.01907177369867","1000000000","2794868.6571055855602","16349.376978061662157","1.9995568981913609541","0","0","0","47803680.704355917871","36015.01907177369867","0","0","0","0","0","0","0","0","0","0","17.932133925757156589","0.17932133925757157145","0","0","17.932133925757156589","0.17932133925757157145","1.445913562328656599e-005","0","1.445913562328656599e-005","12399.252325684628886","0","12399.252325684628886","79657739.84485039115","0","79657739.84485039115","6424.3986453797770082","0","6424.3986453797770082","83.900687276701063411","0","0","100","11.161368156457653456","13.259301393468984287","122.00418102052233849","107784.71975972862856","264634.38575656642206","1609.9958140108835778","0","100","3500","0","12.45159023236688256","0","0","107842.7196089290228","0","0","89.142562115701835523","87.54840976763311744","198","14843.961405700345495","0.48828765621925013241","0.3417883594158747651","117315.69497919305286","2.5390478125704998291","9.912062422100373027","12.45159023236688256","43620213.760630644858","10648.640261318092598","44771614.610202379525","10648.640261318092598","219579.34121798610431","7462.3463440501591322","0","0","0","2114.5314198373639556","0","0","0","0","0","0","0","0","0","0","0","0","0","0","0","0","0","0","23250.847612169145577","269.94018125583374967","345.92334338710543307","45662.881105547014158","0","0","0","0","0","0","0","0","0","0","0","0"
"05/14/2026 07:51:37.327","41416018.635931558907","43925.413312046912324","14079.820333254932848","29845.592978791981295","1000000000","2394668.1339345742017","14076.864250883894783","2.956082371038196932","0","0","0","39021350.501996986568","29845.592978791981295","0","0","0","0","0","0","0","0","0","0","11.756126411685254851","0.11756126411685254018","0","0","11.756126411685254851","0.11756126411685254018","1.4091371576959396637e-005","0","1.4091371576959396637e-005","8347.9766158118691237","0","8347.9766158118691237","35137745.062923662364","0","35137745.062923662364","4209.1331444759207443","0","4209.1331444759207443","88.57293692375019134","0","0","100","12.484802596850059331","14.50612260977127832","122.0079930011532241","95288.057833443948766","295786.78660370147554","1691.900239337901894","0","100","3500","0","10.22830984578455471","0","0","95248.665511224215152","0","0","88.071779057249685252","89.771680306737138721","221","12323.888006446160944","0.33657696139118870038","0.4808326712545411552","102126.56497079109249","2.9330911116266813465","7.2605950003958685812","10.228319693262866608","35527573.498800374568","8480.0149617182414659","36444711.84946604073","8481.9856832989335089","178996.69973110489082","6106.2808177745691864","0","0","0","2040.6821968067019952","0","0","0","0","0","3.941443161384262428","2.956082371038196932","0","0","0","0","0","0","0","0","0","0","0","22407.1043724695337","989.30223350744995514","1445.5242794376783877","44107.705058260937221","0","0","0","0","0","0","0","0","0","0","0","0"
"05/14/2026 07:51:38.311","48749412.09497987479","50427.381829822275904","15709.268712126178798","34718.113117696098925","1000000000","2647196.4973953547888","15705.208945047195812","4.0597670789833770755","0","0","0","46102215.597584523261","34718.113117696098925","0","0","0","0","0","0","0","0","0","0","14.166661418637707115","0.1416666141863770767","0","0","14.166661418637707115","0.1416666141863770767","1.4008668139815186161e-005","0","1.4008668139815186161e-005","10104.760259589626003","0","10104.760259589626003","41534600.075389876962","0","41534600.075389876962","4110.3993571715545841","0","4110.3993571715545841","86.455900406359958765","0","0","100","13.793419036336837635","15.596300503265457138","121.98370925725903646","105961.37346335947223","263493.85665529011749","1599.7810890029827533","0","100","3500","0","11.370074817932330546","0","0","106008.09722849860555","0","0","87.269585288562694814","88.629925182067665901","215","14682.435327960709401","0.44638041411214623988","0.14879685719585014625","114430.56376184002147","3.4717946207229157807","7.9355276595165484821","11.370074817932330546","42074614.053167924285","10263.091175669978838","43184424.460015453398","10264.106117439723675","205501.34977105958387","6953.3660645287800435","0","0","0","2025.8237724127054662","0","0","0","0","0","0","0","0","0","0","0","0","0","0","0","0","0","0","22287.10632184899805","1230.1094249319633036","1332.6185436762937115","43736.885683657674235","0","0","0","0","0","0","0","0","0","0","0","0"
"05/14/2026 07:51:39.311","50125031.97630417347","52104.493509848201938","16406.082505817761557","35698.411004030444019","1000000000","2770410.9864228386432","16403.081210158426984","3.0012956593361357349","0","0","0","47354620.989881336689","35698.411004030444019","0","0","0","0","0","0","0","0","0","0","14.427014386064771045","0.14427014386064770934","0","0","14.427014386064771045","0.14427014386064770934","1.3882938799076212976e-005","0","1.3882938799076212976e-005","10396.488163940373852","0","10396.488163940373852","42661873.130630493164","0","42661873.130630493164","4103.4888375673599512","0","4103.4888375673599512","86.018001430786554806","0","0","100","13.385796207287180337","15.024850077121481462","122.01933346326252661","108791.46634158710367","257808.98993054279708","1617.7987458360180426","0","100","3500","0","10.010615900210540374","0","0","108783.46733666332148","0","0","87.662215975169829107","89.989394099695459772","199","14367.212718737788236","0.34178678720420024861","0.3906163282065148179","117416.39340066094883","2.6366952150649782816","7.3241511529791623047","10.010605900304536675","43217677.071191631258","10561.559425203860883","44359774.114485226572","10562.559857090305741","215685.11126253203838","7309.155362369935574","0","0","0","2102.9078253081856928","0","0","0","0","0","0","0","0","0","0","0","0","0","0","0","0","0","0","23139.989533481606486","373.16109364412619698","430.18571117151276439","45415.605917074404715","0","0","0","0","0","0","0","0","0","0","0","0"
"05/14/2026 07:51:40.311","47319432.626837097108","49453.936533348052762","15644.24528192444086","33809.691251423610083","1000000000","2625232.968544295989","15642.245122711767181","2.0001592126733287458","0","0","0","44694199.658292800188","33809.691251423610083","0","0","0","0","0","0","0","0","0","0","16.997809514238156225","0.16997809514238157447","0","0","16.997809514238156225","0.16997809514238157447","1.4575475904647572234e-005","0","1.4575475904647572234e-005","11662.928369098179246","0","11662.928369098179246","76265398.725738570094","0","76265398.725738570094","6539.129480363573748","0","6539.129480363573748","84.755509089190923078","0","0","100","11.839841206091259451","13.313112338209904806","122.01600481171240631","102190.12704158981796","279010.62004954129225","1596.1581792755662264","0","100","3500","0","7.6177904843618531316","0","0","102209.12892467643542","0","0","89.073951019318371891","92.382209515638152197","212","14120.3993315737589","0.43945714352856701801","0.14648904782118915557","111491.04876293240523","1.9531073048025187067","5.7128528664563678063","7.6177904843618531316","40744959.298760183156","9941.7913665927808324","41820032.87461681664","9942.7914461991167627","200947.99546043862938","6807.5418803336742712","0","0","0","2068.1646259042217935","0","0","0","0","0","4.0003184253466574916","3.0002388190099931187","0","0","0","0","0","0","0","0","0","0","0","22720.808576362676831","791.06296861230146078","844.06718774814476092","44583.548850488499738","0","0","0","0","0","0","0","0","0","0","0","0"
"05/14/2026 07:51:41.311","49323272.712584219873","51313.605094206584909","16101.36581655241207","35212.239277654174657","1000000000","2689760.9551077443175","16098.366307272130143","2.9995092802817455713","0","0","0","46633511.757476471364","35212.239277654174657","0","0","0","0","0","0","0","0","0","0","13.941972837911364991","0.13941972837911364991","0","0","13.941972837911364991","0.13941972837911364991","1.3648585413607439081e-005","0","1.3648585413607439081e-005","10213.329099359343672","0","10213.329099359343672","41981227.871120281518","0","41981227.871120281518","4110.4352422907486471","0","4110.4352422907486471","86.539115189627722202","0","0","100","11.782883664079149","13.263685261386251923","121.95849694830502585","105178.00404480787984","271247.47920330846682","1639.9221037000743308","0","100","3500","0","10.254267957501372877","0","0","105125.00656218829681","0","0","89.146544499167561071","89.745722042539625818","168","12828.390651444056857","0.14647939943446230959","0","112204.67027816179325","2.3925701904622189709","7.8612977686791483123","10.254277957460377735","42531369.867889612913","10376.302436921319895","43653434.298148818314","10377.302273348079325","207122.11482201510807","6983.857440922664864","0","0","0","2085.6587862225737808","0","0","0","0","0","4.9991821338029094335","3.9993457070423277244","0","0","0","0","0","0","0","0","0","0","0","22929.248774900424905","314.94847442958331385","357.94144078028830336","44944.647055741676013","0","0","0","0","0","0","0","0","0","0","0","0"
"05/14/2026 07:51:42.311","46296781.957931026816","48318.184168336694711","15297.008072831999016","33021.176095504692057","1000000000","2612925.1917701377533","15294.007875118970333","3.0001977130292885043","0","0","0","43683856.76616089046","33021.176095504692057","0","0","0","0","0","0","0","0","0","0","13.135007967974502208","0.13135007967974501875","0","0","13.135007967974502208","0.13135007967974501875","1.3739592050209205584e-005","0","1.3739592050209205584e-005","9560.6300455199998396","0","9560.6300455199998396","39315998.92432910949","0","39315998.92432910949","4112.281171548117527","0","4112.281171548117527","87.271170732253651181","0","0","100","11.462757327411029706","12.776164753544902553","122.05476729252033863","99949.511762039503083","286540.38374966237461","1606.9439176572739143","0","100","3500","0","8.9358414053074994854","0","0","100014.5094936186797","0","0","89.515803549428639485","91.064168594660500844","179","12197.574304656767708","0.34179890624350001138","0.2441392187545000092","106732.27504360098101","2.0996032812694997993","6.8359181250620002501","8.9358314053395009324","39827044.60223928839","9711.6399970758066047","40877237.809971675277","9712.6400629801501054","202037.3142590096686","6883.453619593530675","0","0","0","2052.1352357120331362","0","0","0","0","0","0","0","0","0","0","0","0","0","0","0","0","0","0","22570.487395119336725","1158.0763172293054595","1257.0828417592717869","44303.919628303505306","0","0","0","0","0","0","0","0","0","0","0","0"
"05/14/2026 07:51:43.327","49812884.878886200488","51543.256055690304493","16025.136233344885113","35518.119822345419379","1000000000","2719642.8008945728652","16023.167543389927232","1.9686899549563738887","0","0","0","47093242.077991627157","35518.119822345419379","0","0","0","0","0","0","0","0","0","0","14.622212681143720303","0.14622212681143720303","0","0","14.622212681143720303","0.14622212681143720303","1.414165714285714252e-005","0","1.414165714285714252e-005","10335.622263520963315","0","10335.622263520963315","42419378.208964630961","0","42419378.208964630961","4104.1920000000000073","0","4104.1920000000000073","86.040402090809180891","0","0","100","15.709690886662643905","18.889328256276872509","122.00204517704517571","120001.32359832021757","225440.44789837353164","1668.2853827671044655","0","100","3500","0","14.171455806643473707","0","0","119999.35395796276862","0","0","84.554373643514665559","85.828544193356520964","227","14735.864334323603543","0.33657576819906015464","0.19233041717709248308","130533.97540982801002","4.2794034812681926994","9.8570545115077212728","14.171455806643473707","42963697.357230611145","10497.054839827385877","44098812.48621917516","10498.039184804863908","212272.0257032160589","7173.90619586102639","0","0","0","2083.8583173213219197","0","0","0","0","0","0","0","0","0","0","0","0","0","0","0","0","0","0","22932.284940309324156","522.68718304091726168","591.59133146439035045","44970.784641068450583","0","0","0","0","0","0","0","0","0","0","0","0"
"05/14/2026 07:51:44.311","51095529.758704148233","52817.707722452141752","16406.269437128677964","36411.438285323463788","1000000000","2772850.4471459882334","16406.269437128677964","0","0","0","0","48322679.311558164656","36411.438285323463788","0","0","0","0","0","0","0","0","0","0","17.204262083974644071","0.17204262083974644626","0","0","17.204262083974644071","0.17204262083974644626","1.4585094290880908077e-005","0","1.4585094290880908077e-005","11792.894712390154382","0","11792.894712390154382","64820874.022780500352","0","64820874.022780500352","5496.604150520967778","0","5496.604150520967778","84.232176537979569275","0","0","100","14.863421832743915374","18.222962606615354275","121.99798753358643921","111168.33701182686491","244848.10872544540325","1656.5154734897093931","0","100","3500","0","11.569152110356451857","0","0","111173.41523216252972","0","0","85.064178998507173901","88.331650760692454583","657","16280.774396100576269","0.44637692288393254758","0.099197128951087371052","122420.65763156475441","3.223784802158812024","8.4810294886472306075","11.668349239307540088","44149624.446113228798","10772.326453890877019","45314514.257744766772","10773.341944695353959","217006.32295349406195","7338.9520439545040063","0","0","0","2091.9110572223989948","0","0","0","0","0","5.0774540223844635278","4.0619632179075706446","0","0","0","0","0","0","0","0","0","0","0","22973.448469680744893","510.79187465187703765","609.29448268613566597","45072.559356706886319","0","0","0","0","0","0","0","0","0","0","0","0"
"05/14/2026 07:51:45.327","49428671.161114819348","51270.915755304136837","15955.65873668621316","35315.257018617929134","1000000000","2657359.5438977167942","15955.65873668621316","0","0","0","0","46771311.617217101157","35315.257018617929134","0","0","0","0","0","0","0","0","0","0","15.575962685356026682","0.15575962685356026238","0","0","15.575962685356026682","0.15575962685356026238","1.4119469737546867232e-005","0","1.4119469737546867232e-005","11036.448852630994224","0","11036.448852630994224","55180967.416367523372","0","55180967.416367523372","4999.8843063738613637","0","4999.8843063738613637","85.435981561693949971","0","0","100","12.398581508876205248","14.138916639616272874","122.00937096225773359","106335.19168038835051","266080.5170385602396","1604.3496489487965846","0","100","3500","0","11.138644574943635135","0","0","106275.11474448541412","0","0","88.383479186395177862","88.861365272895440626","198","14516.951396872475016","0.38467628971239581359","0.24042514303001463749","114966.57309437684307","2.7408505696777942795","8.3668127035548334192","11.138634727104557598","42682848.203803665936","10424.626433644756617","43810126.577290020883","10425.611654931368321","203298.44204987506964","6828.5687375098577832","0","0","0","2102.4622256306502095","0","0","0","0","0","0","0","0","0","0","0","0","0","0","0","0","0","0","23119.202711644255032","403.94072751104340568","459.11311956133221202","45404.908214814502571","0","0","0","0","0","0","0","0","0","0","0","0"
"05/14/2026 07:51:46.311","42017877.377789571881","44790.95522753118712","14500.66165109270878","30290.293576438474702","1000000000","2413705.0145311336964","14499.645914075961628","1.0157370167478783074","0","0","0","39604172.363258436322","30290.293576438474702","0","0","0","0","0","0","0","0","0","0","11.721263463465863452","0.11721263463465862731","0","0","11.721263463465863452","0.11721263463465862731","1.3726207470854151588e-005","0","1.3726207470854151588e-005","8538.2853627826643788","0","8538.2853627826643788","35584404.292585894465","0","35584404.292585894465","4167.6288365453247025","0","4167.6288365453247025","88.591022507223286198","0","0","100","10.643775854362225175","12.074956316794668965","121.9788906945060063","95521.278195183200296","301812.06269539141795","1617.2484833216169591","0","100","3500","0","10.219271663905892922","0","0","95527.373352783659357","0","0","90.11188901266596929","89.780718177479528208","185","11156.170128038944313","0.14881354492779358401","0.099198871337286123606","101464.05685563008592","1.7857015874460653304","8.4820469852177939885","10.219281822520464686","36045130.414538525045","8675.409860043628214","36983293.563843339682","8676.4255970603753667","177002.3325384852651","5991.8326617957336566","0","0","0","2096.4812025676205849","0","0","0","0","0","0","0","0","0","0","0","0","0","0","0","0","0","0","23046.057172992608685","524.12030064190514622","956.82426977650129629","45382.114171278451977","0","0","0","0","0","0","0","0","0","0","0","0"
"05/14/2026 07:51:47.311","47323053.826760046184","49380.257673417945625","15573.404475771856596","33806.85319764608721","1000000000","2610981.8742125956342","15563.40806748135401","9.9964082905012237035","0","0","0","44712071.952547453344","33806.85319764608721","0","0","0","0","0","0","0","0","0","1","13.380906334055614693","0.13380906334055614471","0","0","13.380906334055614693","0.13380906334055614471","1.3673750894043117593e-005","0","1.3673750894043117593e-005","9783.4847939135470369","0","9783.4847939135470369","40245123.926973037422","0","40245123.926973037422","4113.5776029426788227","0","4113.5776029426788227","87.065300522707744335","0","0","100","10.911523848375047407","12.672681752373639696","122.00633145392365009","101513.56458833793295","282490.72275628399802","1628.8004719421869595","0","100","3500","0","10.459884227788474931","0","0","101562.55858657314093","0","0","89.629905078305171173","89.540115772211521517","193","12457.473959439968894","0.29292511261908704689","0.29293511142822892257","108522.70596851885784","2.0505357811884601382","8.397439864912088936","10.459884227788474931","40768120.014478802681","9938.4291224163171137","41842837.868353903294","9939.4287632453670085","199928.1658100244822","6755.5727227207271426","0","0","0","2060.2597486723020666","0","0","0","0","0","0","0","0","0","0","0","0","0","0","0","0","0","0","22665.856157882473781","671.75863712168222719","764.72523422334359111","44487.015815217593627","0","0","0","0","0","0","0","0","0","0","0","0"
"05/14/2026 07:51:48.311","44534037.35021789372","46423.751039083959768","14560.176462258150423","31863.574576825805707","1000000000","2425383.9710248587653","14553.175896612445285","7.0005656457041727236","0","0","0","42108653.379193037748","31863.574576825805707","0","0","0","0","0","0","0","0","0","0","12.738553124954062667","0.12738553124954063445","0","0","12.738553124954062667","0.12738553124954063445","1.382389582202929992e-005","0","1.382389582202929992e-005","9215.7446321662791888","0","9215.7446321662791888","37923832.245645448565","0","37923832.245645448565","4115.1131850244164525","0","4115.1131850244164525","87.682811355171239143","0","0","100","11.00638257360600214","12.963544608413348769","122.03003464377165699","96418.444911209866405","296604.65251345664728","1639.9565411516596214","0","100","3500","0","12.159350712505666792","0","0","96405.44525570073165","0","0","89.374319196418525735","87.840649287494329656","226","12021.6814254422261","0.24414680167689803425","0.24413680180789629204","103244.26402700328617","2.1972312162710667671","9.9608095133953753475","12.159350712505666792","38416484.051911391318","9361.7564299195382773","39428849.851067967713","9362.7565107260670629","185026.95017757435562","6225.5030206440678739","0","0","0","1920.1551485360016613","0","0","0","0","0","4.0003232261166701278","3.0002424195875025958","0","0","0","0","0","0","0","0","0","0","0","21106.705421798080351","1871.1511890160725216","1936.1564414404683703","41450.349188214408059","0","0","0","0","0","0","0","0","0","0","0","0"
"05/14/2026 07:51:49.311","51028674.39235162735","52935.508178077318007","16610.062598616932519","36325.445579460385488","1000000000","2792576.4034867626615","16608.061747855186695","2.0008507617438935355","0","0","0","48236097.988864868879","36325.445579460385488","0","0","0","0","0","0","0","0","0","0","18.385927888267254104","0.18385927888267253327","0","0","18.385927888267254104","0.18385927888267253327","1.4658534640835525799e-005","0","1.4658534640835525799e-005","12548.335552276828821","0","12548.335552276828821","77635826.753535598516","0","77635826.753535598516","6186.9421988360045361","0","6186.9421988360045361","83.386355881932956891","0","0","100","14.073070129404687378","15.937875190395125458","122.00117536148486863","110491.25456305511761","251812.19509987600031","1633.8854646289294124","0","100","3500","0","10.304067499801005781","0","0","110429.25890895047633","0","0","86.907773764948288431","89.695942500050989565","215","16927.813360283442307","0.6835798830177314267","0.14648783198008669126","121767.4641007665341","2.5878516997948430856","7.7147258220578329713","10.304057499949003329","44009456.821040309966","10740.566889041219838","45170902.667814351618","10741.56731442209275","217564.50842898400151","7367.1325047410164188","0","0","0","2103.8945759737039225","0","0","0","0","0","0","0","0","0","0","0","0","0","0","0","0","0","0","23092.819066667147126","295.12548735722430138","367.15611478000448642","45347.281664163601818","0","0","0","0","0","0","0","0","0","0","0","0"
"05/14/2026 07:51:50.327","48644968.844921320677","50560.996332007685851","15855.357838107081989","34705.638493900602043","1000000000","2657313.2468588775955","15852.402322168574756","2.9555159385063531907","0","0","0","45987655.598062440753","34705.638493900602043","0","0","0","0","0","0","0","0","0","0","14.08557941821057824","0.14085579418210578129","0","0","14.08557941821057824","0.14085579418210578129","1.397023146791678907e-005","0","1.397023146791678907e-005","10087.175898122182844","0","10087.175898122182844","41421989.353837519884","0","41421989.353837519884","4106.4010157241918932","0","4106.4010157241918932","86.359150508037700433","0","0","100","13.851697739236202622","15.708366354339156956","122.01578167660419183","106423.41726814951107","261903.58025262571755","1645.5554345379141523","0","100","3500","0","11.673138915104374291","0","0","106409.63044823118253","0","0","87.084772340187527107","88.326851237677189488","223","14657.359118888278317","0.72122997272714384209","0.33656807894160517547","115442.95181329180195","3.365749719945107632","8.1258852649374428978","11.673148762322805183","41965291.997093349695","10247.758930781028539","43073452.846516512334","10248.74410276053095","204982.76343104662374","6918.862812043372287","0","0","0","2056.0539212209196194","0","0","0","0","0","0","0","0","0","0","0","0","0","0","0","0","0","0","22634.326229061152844","737.89381264708617891","812.76688308924713056","44465.737294828082668","0","0","0","0","0","0","0","0","0","0","0","0"
"05/14/2026 07:51:51.311","43174290.393295615911","45956.187365742502152","14886.74393755138226","31069.44342819112353","1000000000","2514531.2948909820989","14883.699406103251022","3.044531448132397955","0","0","0","40659759.098404638469","31069.44342819112353","0","0","0","0","0","0","0","0","0","0","12.279851877660414416","0.12279851877660415138","0","0","12.279851877660414416","0.12279851877660415138","1.3896976663984367311e-005","0","1.3896976663984367311e-005","8828.1263557679103542","0","8828.1263557679103542","36513333.576219283044","0","36513333.576219283044","4136.0229911484075274","0","4136.0229911484075274","88.199834121670178888","0","0","100","12.588213591475584607","13.885610823251006707","121.94527838817384691","99093.115958002046682","286186.94774383306503","1605.9764672133962904","0","100","3500","0","6.5057521586784128331","0","0","99168.285002008240554","0","0","88.67287686149667536","93.49424784132158095","194","12104.247680781043528","0.14880291815839502556","0.099201945438930003163","105743.54475676617585","1.4879783921382001566","5.108697032321895648","6.5057521586784128331","36989490.17595666647","8969.1896461980450113","37959412.945327423513","8970.2044900140881509","188529.56539415061707","6432.0801060877129203","0","0","0","2085.5040419706929242","0","0","0","0","0","4.0593752641765306066","3.044531448132397955","0","0","0","0","0","0","0","0","0","0","0","22902.995240483985981","330.8390840303872551","676.90082530143649819","45089.510746840816864","0","0","0","0","0","0","0","0","0","0","0","0"
"05/14/2026 07:51:52.311","48525026.042432509363","50540.42423707726266","15850.523739475245748","34689.900497602015093","1000000000","2694922.1307761236094","15849.52345399377009","1.000285481476413274","0","0","0","45830103.91165638715","34687.899926639060141","2.0005709629528265481","0","0","0","0","0","0","0","0","0","13.728880706438920001","0.13728880706438920112","0","0","13.728880706438920001","0.13728880706438920112","1.3684830060799362805e-005","0","1.3684830060799362805e-005","10035.864235652854404","0","10035.864235652854404","41233912.158530041575","0","41233912.158530041575","4108.6558357420508401","0","4108.6558357420508401","86.714973430146841338","0","0","100","11.787142137217729854","13.542175613736171513","122.04848712105915354","104182.17576971231028","273069.47641215147451","1650.8601721434195042","0","100","3500","0","9.7240942931811069627","0","0","104127.18042781777331","0","0","88.8762188015208352","90.324731761673660912","207","12636.929652058472129","0.097642110517470181996","0.34177238479130889193","110931.60409313331184","2.3435606403002635645","7.3236282508373324873","9.6264421834715729887","41770409.274807028472","10194.909627207605809","42872859.914219520986","10195.909912689081466","209267.72500871747616","7103.027203964011278","0","0","0","2078.5932305079868456","0","0","0","0","0","0","0","0","0","0","0","0","0","0","0","0","0","0","22864.52553558785803","538.15358903431035742","655.18699036705072558","44877.808126439282205","0","0","0","0","0","0","0","0","0","0","0","0"
"05/14/2026 07:51:53.327","48923125.967577114701","50801.309056078331196","15849.787687344114602","34951.521368734211137","1000000000","2649655.0473650861531","15846.831372804073908","2.9563145400418022746","0","0","0","46273470.92021202296","34949.550492374182795","1.970876360027868035","0","0","0","0","0","0","0","0","0","17.728531419469419461","0.1772853141946942046","0","0","17.728531419469419461","0.1772853141946942046","1.4530438292033254755e-005","0","1.4530438292033254755e-005","12208.593612192629735","0","12208.593612192629735","79431425.820648282766","0","79431425.820648282766","6506.1896843974491276","0","6506.1896843974491276","84.029060918929644686","0","0","100","11.887897549191862367","13.2412721574139578","122.01726641689175779","105639.1603504720988","270003.08814068196807","1639.7173619675584177","0","100","3500","0","8.7789308731688997511","0","0","105620.44886105625483","0","0","89.113539945074506932","91.172980262785998207","115","14598.90100528954099","0.096177728090219155588","0.43278007996361678167","115540.49269715188711","2.0677423681702342684","6.6360071844743186986","8.8751086012591180463","42250090.413953013718","10308.66880112576473","43364829.908442936838","10309.654239305778901","203098.80890087180887","6839.9264074767161219","0","0","0","2091.099817989568237","0","0","0","0","0","0","0","0","0","0","0","0","0","0","0","0","0","0","22977.462043384901335","284.79163402402696192","310.41302670438921041","45105.476375597791048","0","0","0","0","0","0","0","0","0","0","0","0"
"05/14/2026 07:51:54.311","48498039.995007961988","50400.708633983704203","15808.801241388960989","34591.907392594737757","1000000000","2652085.8366727833636","15806.770305977681346","2.0309354112781297097","0","0","0","45845954.15833517909","34591.907392594737757","0","0","0","0","0","0","0","0","0","0","13.818604627068351576","0.13818604627068351021","0","0","13.818604627068351576","0.13818604627068351021","1.3780784035656402307e-005","0","1.3780784035656402307e-005","10024.697190068847704","0","10024.697190068847704","41223374.563691608608","0","41223374.563691608608","4112.1815235008107265","0","4112.1815235008107265","86.677688865016605746","0","0","100","12.324019668380445935","14.056085108319088306","122.00325801810950566","104655.40269461838761","270571.04177786404034","1632.2094753467304145","0","100","3500","0","9.5847213925552505742","0","0","104665.55956752035127","0","0","88.503969687701783187","90.415288764904673258","196","13413.166354342825798","0.19838534985491593221","0.14878647302620492954","112288.29268044955097","2.0334726902977262597","7.7867290957697123943","9.5847112350953231896","41746689.752986460924","10181.079216737263778","42847651.715698689222","10182.09468444290178","204295.85489128960762","6891.9793181723325688","0","0","0","2065.4613132698577829","0","0","0","0","0","4.0618708225562594194","3.0464031169171943425","0","0","0","0","0","0","0","0","0","0","0","22725.151784496629261","1196.2209572428182582","1308.9378725687545284","44580.047745260584634","0","0","0","0","0","0","0","0","0","0","0","0"
"05/14/2026 07:51:55.311","45830650.706549167633","47329.183270964444091","14658.862334340612506","32670.320936623837042","1000000000","2454069.4811082598753","14657.862752865376024","0.9995814752363185729","0","0","0","43376581.225440904498","32668.321773673364078","1.9991629504726371458","0","0","0","0","0","0","0","0","0","13.397203778867472934","0.1339720377886747249","0","0","13.397203778867472934","0.1339720377886747249","1.4095097317201473835e-005","0","1.4095097317201473835e-005","9501.021922121208263","0","9501.021922121208263","39092240.079078890383","0","39092240.079078890383","4114.5300368227244689","0","4114.5300368227244689","87.230887490663874928","0","0","100","13.509034592875359237","17.089777966920621566","121.99962311127353587","99243.340278480522102","277338.43138835433638","1635.956156375008959","0","100","3500","0","14.063694514646240208","0","0","99277.339367304943153","0","0","86.026334233954145247","85.936305485353756239","228","14117.621647739839318","0.43944389172990494519","0.29296592777360391802","107455.12020277854754","3.5644004548336778448","10.497894079272297674","14.063694514646240208","39612526.235265292227","9653.9578878323645768","40656481.131350301206","9654.957469307601059","188285.16500141390134","6321.3532493944785529","0","0","0","1955.1813655622390797","0","0","0","0","0","8.9962332771268673781","6.9970703266542297882","0","0","0","0","0","0","0","0","0","0","0","21486.003810204667388","1954.1817840870028249","2082.1282129172514033","42180.339092022171826","0","0","0","0","0","0","0","0","0","0","0","0"
"05/14/2026 07:51:56.311","51101653.38891787827","53118.327152625512099","16671.964035349163169","36446.36311727634893","1000000000","2771105.3817099905573","16670.964217416010797","0.99981793315437261782","0","0","0","48330548.007207892835","36444.363481410036911","1.9996358663087452356","0","0","0","0","0","0","0","0","0","14.758705819165838236","0.1475870581916583768","0","0","14.758705819165838236","0.1475870581916583768","1.3923556603773583543e-005","0","1.3923556603773583543e-005","10598.070091436349685","0","10598.070091436349685","43520266.959386698902","0","43520266.959386698902","4106.433207547170241","0","4106.433207547170241","85.765644794958177499","0","0","100","14.116996015808759068","15.734830471862649048","121.98351546123218725","110182.06384353981412","252915.14414569741348","1606.9280096251688974","0","100","3500","0","10.060199922421386276","0","0","110227.06182763012475","0","0","87.105640809029523552","89.939790077757606923","249","15250.316785807995984","0.24413562997222348905","0.4882712599444469781","118602.68659964033577","2.7343310554741071527","7.275269772671070001","10.060209922242391301","44082672.545329496264","10765.039686273130428","45246768.563444599509","10766.039504206284619","214101.01220567733981","7213.6863877087980654","0","0","0","2100.6174775573367697","0","0","0","0","0","0","0","0","0","0","0","0","0","0","0","0","0","0","23096.794073799163016","136.97505684214905841","164.96995897047148105","45313.748366422478284","0","0","0","0","0","0","0","0","0","0","0","0"
"05/14/2026 07:51:57.327","49070873.812227830291","51231.185501767555252","16172.514703405397086","35058.670798362159985","1000000000","2733730.2177512529306","16169.559740002619947","2.9549634027782563095","0","0","0","46337143.59447658062","35056.700822760307346","1.969975601852171021","0","0","0","0","0","0","0","0","0","17.677996718498864226","0.17677996718498864559","0","0","17.677996718498864226","0.17677996718498864559","1.4518861209964413313e-005","0","1.4518861209964413313e-005","12178.389170650119922","0","12178.389170650119922","79209535.469903200865","0","79209535.469903200865","6504.1061145260437115","0","6504.1061145260437115","84.046076522337543224","0","0","100","11.635425202011925094","13.300577041864686478","122.02145531828762159","105470.78937486022187","270339.93705993314506","1605.3392598913276288","0","100","3500","0","10.080654890014761449","0","0","105415.63661501118622","0","0","89.094587532087999193","89.919354957836915787","196","14655.861059167389612","0.19234823894315219994","0.14426117920736414302","115649.42817914050829","2.0195777260896869976","7.9821367848871709327","10.080645042163084213","42235008.239422954619","10306.91234889055886","43349565.27563405782","10307.897336691485179","211331.10266429348849","7173.6661541446801493","0","0","0","2110.8288573846011786","0","0","0","0","0","0","0","0","0","0","0","0","0","0","0","0","0","0","23212.222516624129639","251.17188923615179874","307.31619388893864198","45516.286280794411141","0","0","0","0","0","0","0","0","0","0","0","0"
"05/14/2026 07:51:58.311","48215913.989241138101","50219.122105879832816","15798.852122744130611","34420.269983135702205","1000000000","2693657.0579581726342","15794.789415673028998","4.0627070711010304649","0","0","0","45522256.931282967329","34420.269983135702205","0","0","0","0","0","0","0","0","0","0","13.71526751441610692","0.13715267514416107364","0","0","13.71526751441610692","0.13715267514416107364","1.3744432003257327137e-005","0","1.3744432003257327137e-005","9978.0085666241302533","0","9978.0085666241302533","40994729.450116656721","0","40994729.450116656721","4108.5081433224759166","0","4108.5081433224759166","86.770812065955027492","0","0","100","11.641214699778492658","13.050295045414729955","122.0184920683158083","104491.23821233674244","273309.25454616104253","1605.7293560944031015","0","100","3500","0","8.2943435630057784635","0","0","104552.17670782419736","0","0","89.303252753458906454","91.705646279440401258","179","12590.908809299377026","0.14878784831521735255","0.19838718360489551729","111453.46132177831896","1.5375184486571205067","6.8940435088660212415","8.2943537205595987416","41528069.446289591491","10135.438465629295024","42624086.246395871043","10136.454142397069518","209229.41416170305456","7117.862788569004806","0","0","0","2080.106020403727598","0","0","0","0","0","0","0","0","0","0","0","0","0","0","0","0","0","0","22853.742951711068599","574.87305056079571841","628.70391925288436141","44851.270388187593198","0","0","0","0","0","0","0","0","0","0","0","0"
"05/14/2026 07:51:59.311","49091658.72090087086","50996.566529184499814","15982.86414565476116","35013.702383529736835","1000000000","2720444.8762185517699","15978.864179654472537","3.9999660002889974031","0","0","0","46371213.844682313502","35013.702383529736835","0","0","0","0","0","0","0","0","0","0","13.917566752302759525","0.13917566752302759636","0","0","13.917566752302759525","0.13917566752302759636","1.371333136269583302e-005","0","1.371333136269583302e-005","10148.913734233257856","0","10148.913734233257856","41733789.262791261077","0","41733789.262791261077","4112.1434624100893416","0","4112.1434624100893416","86.580929907769615284","0","0","100","12.255853581268539187","13.718800899837120255","121.99358335941724363","106100.81697549074306","267846.41988116572611","1608.9517314480565346","0","100","3500","0","8.1549153620670722376","0","0","106024.81925542233512","0","0","88.737755457038431928","91.845084637932927762","196","12805.615831525054091","0.048829672841191967825","0.24413836427295937392","114188.57434276971617","1.4648301856377561325","6.6894151809182869073","8.1549153620670722376","42268048.721585862339","10307.912382744745628","43382719.246886394918","10308.912374244817329","211278.20413526482298","7166.9390810178110769","0","0","0","2125.9819291536018682","0","0","0","0","0","0","0","0","0","0","0","0","0","0","0","0","0","0","23341.801594686443423","401.99658302904424545","440.99625153186195803","45763.611009306419874","0","0","0","0","0","0","0","0","0","0","0","0"
"05/14/2026 07:52:00.311","43493231.501920081675","45955.039226011977007","14684.148414321814926","31270.890811690158444","1000000000","2491114.0667047048919","14681.150629684661908","2.9977846371531438052","0","0","0","41002117.435215376318","31270.890811690158444","0","0","0","0","0","0","0","0","0","1","12.4270680980415964","0.12427068098041596511","0","0","12.4270680980415964","0.12427068098041596511","1.3917762347407324451e-005","0","1.3917762347407324451e-005","8922.4063417134730116","0","8922.4063417134730116","36881800.349541686475","0","36881800.349541686475","4133.6158584387949304","0","4133.6158584387949304","88.057657927204999737","0","0","100","12.695753166288326952","13.795570635785256997","121.9728755073467994","99066.515717690490419","286579.72546050971141","1596.0244191736135235","0","100","3500","0","7.3249799351645332735","0","0","99119.516528602893231","0","0","88.75703219233602681","92.67502006483546495","233","12858.196730409976226","0.14647879887384923636","0.24413799806841585127","106052.6226051258709","1.855454785270760798","5.4687051566177151685","7.3249799351645332735","37362872.83697347343","9064.3014812053879723","38343072.469445079565","9065.3007427511056449","187397.51323771732859","6376.2879232247369146","0","0","0","2084.4595843671527291","0","0","0","0","0","0","0","0","0","0","0","0","0","0","0","0","0","0","22896.079797029993642","581.57021960770987334","927.31471442603913147","45029.723034677372198","0","0","0","0","0","0","0","0","0","0","0","0"
"05/14/2026 07:52:01.311","50822129.517086423934","52598.173668132491002","16407.348114455788163","36190.825553676702839","1000000000","2786824.6503069484606","16405.346852259721345","2.0012621960670595733","0","0","0","48035304.866779476404","36190.825553676702839","0","0","0","0","0","0","0","0","0","0","18.670311275019599861","0.18670311275019599306","0","0","18.670311275019599861","0.18670311275019599306","1.4740731091110059628e-005","0","1.4740731091110059628e-005","12673.993487692687268","0","12673.993487692687268","81828249.076692670584","0","81828249.076692670584","6456.3903363334911774","0","6456.3903363334911774","83.309697044847283109","0","0","100","13.82476445588028291","16.290119308217160921","122.03188645544886981","109627.60815600602655","252858.50982323643984","1656.1149343764457171","0","100","3500","0","14.55214716564534605","0","0","109591.60565743262123","0","0","86.605354314330966758","85.447852834354648621","227","16947.176134023702616","0.58593062510999827097","0.3417945312874994257","121105.40471508722112","3.9550167197324839208","10.595530471512455861","14.55214716564534605","43852377.694611988962","10700.748962370567824","45009523.506475530565","10701.749593468601233","219122.20037177446648","7431.6871650950251933","0","0","0","2078.3107906156410536","0","0","0","0","0","5.0031554901676482672","4.0025243921341191466","0","0","0","0","0","0","0","0","0","0","0","22863.419958968119317","438.27642093868604434","520.328170977435434","44897.31673766644235","0","0","0","0","0","0","0","0","0","0","0","0"
"05/14/2026 07:52:02.327","50840271.402430064976","52596.064568241177767","16385.238668887479434","36210.825899353701971","1000000000","2751496.8175544645637","16382.283889132329932","2.9547797551492207546","0","0","0","48088774.584875606","36210.825899353701971","0","0","0","0","0","0","0","0","0","0","14.698524591407020168","0.14698524591407019502","0","0","14.698524591407020168","0.14698524591407019502","1.3923208955223880477e-005","0","1.3923208955223880477e-005","10558.412991733215677","0","10558.412991733215677","43348116.096448339522","0","43348116.096448339522","4105.5522388059698642","0","4105.5522388059698642","85.833710094092865006","0","0","100","13.802457288190078444","15.718759159284086735","122.01363931057260004","109552.80357486126013","254428.36788263425115","1611.1140873609870141","0","100","3500","0","10.946568447245731193","0","0","109603.02779152104631","0","0","87.106982559431784807","89.053431552754275913","206","15026.888666895662027","0.24042440905513917659","0.43276196673744948828","118081.07252140535275","3.3659515745809533982","7.501263227700152747","10.946568447245731193","43912467.210562825203","10724.865584606621269","45072210.385046213865","10725.850511191671103","214083.64252641153871","7228.37620768004399","0","0","0","2083.119727380200402","0","0","0","0","0","0","0","0","0","0","0","0","0","0","0","0","0","0","22900.528028991509927","393.97063401989606746","474.73461399397478999","44962.883534105691069","0","0","0","0","0","0","0","0","0","0","0","0"
"05/14/2026 07:52:03.311","47475387.986841365695","49240.78282760323782","15294.123979287329348","33946.658848315906653","1000000000","2567884.4316684235819","15291.077341044443529","3.0466382428859222209","0","0","0","44907503.555172942579","33946.658848315906653","0","0","0","0","0","0","0","0","0","0","13.421720352342722649","0.13421720352342722538","0","0","13.421720352342722649","0.13421720352342722538","1.3643397005678885618e-005","0","1.3643397005678885618e-005","9835.5637941167187819","0","9835.5637941167187819","40415419.279878303409","0","40415419.279878303409","4109.1105833763549526","0","4109.1105833763549526","87.010571906843708234","0","0","100","11.287540418894106864","12.510693336366442097","122.01343877276113403","101714.40445247309981","282350.25361957063433","1629.0229325601771961","0","100","3500","0","8.9893610537777668412","0","0","101695.1080461647216","0","0","89.76226414327737757","91.010638946222229606","201","12370.01204400433744","0.1983857730249792839","0.19839593050657391982","108542.28548464397318","2.1822739757195561694","6.8443955079553395748","8.9893610537777668412","40941256.854047447443","9991.9578905848629802","42021769.448900721967","9992.9734366658249201","197133.74305201455718","6624.4070861149566554","0","0","0","2049.3719913812637969","0","0","0","0","0","0","0","0","0","0","0","0","0","0","0","0","0","0","22539.029720870050369","1098.8208596008560107","1139.4427028393349701","44280.855768184956105","0","0","0","0","0","0","0","0","0","0","0","0"
"05/14/2026 07:52:04.311","49999196.932140767574","52014.395216395787429","16345.381184710107846","35669.014031685677764","1000000000","2763710.5335400840268","16343.381015695826136","2.0001690142817070139","0","0","0","47235486.398600682616","35669.014031685677764","0","0","0","0","0","0","0","0","0","0","14.082309161303433243","0.14082309161303432909","0","0","14.082309161303433243","0.14082309161303432909","1.3619294003868471078e-005","0","1.3619294003868471078e-005","10340.873803836424486","0","10340.873803836424486","42593807.176706433296","0","42593807.176706433296","4118.9756286266920142","0","4118.9756286266920142","86.314209688791905251","0","0","100","11.608363242440583818","13.40887656432764885","121.9860987787304083","107251.79159674621769","265574.92563755885931","1628.0879167475043232","0","100","3500","0","10.498309554902284901","0","0","107252.79165074914636","0","0","89.006601880854546494","89.501690445097707993","197","12962.699985799232309","0.097659716786821310075","0.14647957520923188257","114373.17615151217615","1.5136656103697299081","8.9843439454025570967","10.498309554902284901","43080884.334726288915","10501.887409486102115","44216520.295965008438","10502.88749399324297","214306.10886619921075","7272.6145359282863865","0","0","0","2115.1787326029052565","0","0","0","0","0","4.0003380285634140279","3.0002535214225605209","0","0","0","0","0","0","0","0","0","0","0","23258.965382574828254","228.01926762811459071","291.02459157798836031","45580.851581958675524","0","0","0","0","0","0","0","0","0","0","0","0"
"05/14/2026 07:52:05.311","48557206.317813418806","50480.942561614057922","15821.235638503367227","34659.706923110694333","1000000000","2690857.1559438789263","15821.235638503367227","0","0","0","0","45866349.161869540811","34659.706923110694333","0","0","0","0","0","0","0","0","0","0","17.755581506464249486","0.17755581506464249153","0","0","17.755581506464249486","0.17755581506464249153","1.4553868852459017096e-005","0","1.4553868852459017096e-005","12200.952894421054225","0","12200.952894421054225","78931988.588308751583","0","78931988.588308751583","6469.3298360655735451","0","6469.3298360655735451","84.091834083694152469","0","0","100","10.874355626805924047","12.952480376816325247","122.02876266280752304","104636.40050782251637","273304.10924867639551","1625.9440675240768996","0","100","3500","0","12.256544398953684194","0","0","104647.40012943554029","0","0","89.363292966314872956","87.743455601046321135","197","14601.497708478826098","0.19530847659388256288","0.24413809572285338767","114736.05307977405027","1.9531047657828271014","10.30265963925481465","12.256544398953684194","41836419.424357041717","10210.797463281882301","42940585.659740023315","10211.797541387981255","208984.3216755228641","7091.5538503557127115","0","0","0","2090.1632417491805427","0","0","0","0","0","0","0","0","0","0","0","0","0","0","0","0","0","0","22941.791753935980523","419.03272645593619927","469.03663176094050868","45024.516414731988334","0","0","0","0","0","0","0","0","0","0","0","0"
"05/14/2026 07:52:06.311","50749851.160091340542","52666.429216099146288","16539.878596231174015","36126.550619867972273","1000000000","2827922.2668703058735","16539.878596231174015","0","0","0","0","47921928.8932210356","36126.550619867972273","0","0","0","0","0","0","0","0","0","0","14.641221099241313652","0.14641221099241313874","0","0","14.641221099241313652","0.14641221099241313874","1.3896611617312074218e-005","0","1.3896611617312074218e-005","10535.285707629021999","0","10535.285707629021999","43230348.982338994741","0","43230348.982338994741","4103.3864844343206641","0","4103.3864844343206641","85.921859328391420263","0","0","100","13.432479696389830082","15.293146371589665833","122.0019527760051119","110000.72305733844405","254569.42620714739314","1651.1309346831203584","0","100","3500","0","11.476114906046596786","0","0","109932.71766451079748","0","0","87.478142871571179739","88.523885093953396108","223","14918.183011912844449","0.4394525293070017935","0.34179418949877848899","118217.3746378087817","3.32026355551955632","8.2029805493306611197","11.476114906046596786","43793546.797527126968","10702.274385796641582","44950856.331940688193","10703.274318001238498","223336.85776104379329","7608.4841447749840881","0","0","0","2098.8576974481129582","0","0","0","0","0","0","0","0","0","0","0","0","0","0","0","0","0","0","23097.433993975206249","291.98020374218623374","337.9770851536265468","45343.92568183876574","0","0","0","0","0","0","0","0","0","0","0","0"
"05/14/2026 07:52:07.311","47397583.022198863328","49221.404958685947349","15493.831905518412896","33727.573053167536273","1000000000","2641043.6005426240154","15492.832303459992545","0.99960205842054283831","0","0","0","44756539.421656243503","33727.573053167536273","0","0","0","0","0","0","0","0","0","0","13.730003477960350367","0.13730003477960350811","0","0","13.730003477960350367","0.13730003477960350811","1.4011797122155321044e-005","0","1.4011797122155321044e-005","9795.1005704628987587","0","9795.1005704628987587","40235374.297492168844","0","40235374.297492168844","4107.7040514338195862","0","4107.7040514338195862","86.866119726235126564","0","0","100","13.108664455717830677","15.420968178014977212","122.00444270055439233","102967.46156619054091","271499.4075944449869","1637.8959936044061578","0","100","3500","0","12.940442478955738181","0","0","102977.4609312308603","0","0","87.384013822242422975","87.059557521044268924","209","14375.087181963945113","0.29295666029407263498","0.24413721683572806032","111271.93423217625241","3.124964375406120265","9.8143481164314732013","12.940442478955738181","40758973.852509319782","9950.0388895180840336","41834945.508193187416","9951.0384915765043843","206085.95718044647947","7012.208439820107742","0","0","0","2002.202923016347313","0","0","0","0","0","0","0","0","0","0","0","0","0","0","0","0","0","0","21979.250060550893977","1391.4460653213955084","1525.3927411497484172","43065.85548293224565","0","0","0","0","0","0","0","0","0","0","0","0"
"05/14/2026 07:52:08.327","50267634.647054791451","52276.025772517248697","16450.752591875490907","35825.27318064175779","1000000000","2810585.5577094843611","16448.78173377175699","1.9708581037349337528","0","0","0","47457049.089345306158","35825.27318064175779","0","0","0","0","0","0","0","0","0","0","14.446706398359889789","0.14446706398359890344","0","0","14.446706398359889789","0.14446706398359890344","1.389846518237801991e-005","0","1.389846518237801991e-005","10401.203642461112395","0","10401.203642461112395","42740564.910999991","0","42740564.910999991","4109.1941260066323593","0","4109.1941260066323593","86.065098972410709166","0","0","100","13.589187800538072182","15.212322711103615447","122.0112130865695832","109373.27499277866445","255993.57885732292198","1609.2270756296345553","0","100","3500","0","9.4550702224424636455","0","0","109356.5327282219223","0","0","87.476589072412224368","90.593017088278372739","196","14029.032859451741388","0.33660132714281015831","0.38467878996057491836","116977.21761881072598","2.7889556948749345544","6.4915309018335420888","9.4069829117216290371","43296567.632360860705","10565.770294122979976","44439113.49225807935","10566.755723174846935","220192.15078168173204","7502.0713718670258459","0","0","0","2120.6433196187886097","0","0","0","0","0","3.9417162074698675056","2.9562871556024008513","0","0","0","0","0","0","0","0","0","0","0","23353.683100207097596","167.52293881746936677","246.35726296686672754","45792.888040281184658","0","0","0","0","0","0","0","0","0","0","0","0"
"05/14/2026 07:52:09.311","47826723.775070250034","49553.4038331212505","15444.174666556154989","34109.229166565091873","1000000000","2637721.8151176376268","15440.111746551800024","4.0629200043554503097","0","0","0","45189001.959952607751","34109.229166565091873","0","0","0","0","0","0","0","0","0","0","17.370195653682245052","0.1737019565368224383","0","0","17.370195653682245052","0.1737019565368224383","1.454615057422373467e-005","0","1.454615057422373467e-005","11939.906162799579761","0","11939.906162799579761","78619647.306040257215","0","78619647.306040257215","6584.6118247554231857","0","6584.6118247554231857","84.429634555423461961","0","0","100","11.48757347599770462","13.163260132252732504","121.985708477026634","103184.80046100086474","276734.48571175447432","1613.0560840706953059","0","100","3500","0","7.5904473777749892349","0","0","103189.87935295322677","0","0","89.227553016988338186","92.359958321282690008","200","14292.001953951312316","0.19840767957896246476","0.14881337863664026444","113140.44446602408425","1.2896651551680928804","6.4979403939892366182","7.6400416787173135447","41192564.531358428299","10043.538250766672718","42278648.055242709816","10044.553980767761459","206164.74978100860608","7000.4111675044405274","0","0","0","2032.4757321788140416","0","0","0","0","0","5.0786500054443131091","4.0629200043554503097","0","0","0","0","0","0","0","0","0","0","0","22340.981373949533008","1083.783911161816377","1158.9479312423920874","43864.300097022533009","0","0","0","0","0","0","0","0","0","0","0","0"
"05/14/2026 07:52:10.311","50859887.423176050186","52631.294805433972215","16362.050201081459818","36269.244604352512397","1000000000","2750362.0625980887562","16360.050683764940914","1.9995173165197921428","0","0","0","48109525.360577955842","36269.244604352512397","0","0","0","0","0","0","0","0","0","0","14.388552798652391118","0.14388552798652390341","0","0","14.388552798652391118","0.14388552798652390341","1.3645135596434666787e-005","0","1.3645135596434666787e-005","10543.454810008865024","0","10543.454810008865024","43337506.325972914696","0","43337506.325972914696","4110.3705670396357164","0","4110.3705670396357164","86.109331587661657181","0","0","100","11.599576705018108669","13.280710482869830358","122.01359434475257615","109278.13260497243027","260976.31256290600868","1651.7903877997882773","0","100","3500","0","10.703324438660200002","0","0","109276.13285874023859","0","0","89.119785319979754945","89.296665562456681187","204","13205.324244353392714","0.19529818519271399668","0.14646364001141073952","117959.03099896623462","2.2458391397680879109","8.4463165464417624406","10.703334437543322366","43905273.267033338547","10711.414264596527573","45063569.654285460711","10712.414023254787026","212884.60965522922925","7173.2683730147546157","0","0","0","2130.4857007518385217","0","0","0","0","0","0","0","0","0","0","0","0","0","0","0","0","0","0","23425.345121687627397","220.94666347543704887","252.93894053975373026","45970.902624106543954","0","0","0","0","0","0","0","0","0","0","0","0"
"05/14/2026 07:52:11.311","48679036.72191002965","50317.25880077083275","15680.210887937686493","34637.047912833142618","1000000000","2670866.25416040048","15678.211116111651791","1.9997718260346495356","0","0","0","46008170.467749632895","34637.047912833142618","0","0","0","0","0","0","0","0","0","0","13.826019391844864614","0.13826019391844865392","0","0","13.826019391844864614","0.13826019391844865392","1.3704162949747250108e-005","0","1.3704162949747250108e-005","10087.848976431789197","0","10087.848976431789197","41442695.388456173241","0","41442695.388456173241","4108.1796015462387004","0","4108.1796015462387004","86.626426988584086075","0","0","100","11.18574180562622189","13.101966073708563698","122.00208581644815808","105053.07154132971482","271792.57754519506125","1615.016473168026323","0","100","3500","0","12.012423900608792948","0","0","105102.07204113481566","0","0","89.271615827073375726","87.987576099391205275","233","13013.13273395388569","0","0.19530843753249974015","112255.1450024790247","2.0507635938912489593","9.9608603131174948686","12.012423900608792948","41981889.866366244853","10246.830836601544434","43089947.436997435987","10247.830722514561785","207960.27173299525748","7049.1956867721391973","0","0","0","2061.7647526417235895","0","0","0","0","0","0","0","0","0","0","0","0","0","0","0","0","0","0","22657.414788972579117","917.89526814990404091","975.88865110490894494","44450.928149098188442","0","0","0","0","0","0","0","0","0","0","0","0"
"05/14/2026 07:52:12.311","48609624.465729780495","50142.607001732387289","15477.705217288126732","34664.901784444264194","1000000000","2591420.0694577512331","15474.706436892114652","2.9987803960129411074","0","0","0","46018204.396272033453","34664.901784444264194","0","0","0","0","0","0","0","0","0","0","14.072658611842877363","0.1407265861184287814","0","0","14.072658611842877363","0.1407265861184287814","1.3958391192223765218e-005","0","1.3958391192223765218e-005","10077.901317534158807","0","10077.901317534158807","41418291.180976696312","0","41418291.180976696312","4109.8131323150164462","0","4109.8131323150164462","86.580692502581968029","0","0","100","12.710051550515345298","15.716072177121299447","122.01303040842691416","104805.01563360731234","266052.77374770923052","1653.9055619924101848","0","100","3500","0","14.796088773192684229","0","0","104842.01352102794044","0","0","87.139764899197373893","85.203921226671326394","237","14725.159193410056105","0.63475136738140358617","0.29296601566218699597","112951.55046646835399","2.8320014847798069546","11.913897970987594732","14.796078773328680711","41957056.065298236907","10237.83627198818067","43064149.810272157192","10238.835865453518636","200514.45077287065214","6729.2632086530402376","0","0","0","2012.1816457246836762","0","0","0","0","0","0","0","0","0","0","0","0","0","0","0","0","0","0","22135.997289902195917","961.60891365481654702","1143.5349243462683262","43434.335255851437978","0","0","0","0","0","0","0","0","0","0","0","0"
"05/14/2026 07:52:13.311","42861689.89525783062","45246.800822672747017","14438.57465527128079","30808.22616740146259","1000000000","2435793.9445989951491","14437.574615469695345","1.0000398015841029942","0","0","0","40425895.950658835471","30808.22616740146259","0","0","0","0","0","0","0","0","0","0","20.536494810969532665","0.20536494810969532776","0","0","20.536494810969532665","0.20536494810969532776","1.6641090673365204345e-005","0","1.6641090673365204345e-005","12341.491191349416113","0","12341.491191349416113","108466396.96259911358","0","108466396.96259911358","8788.7594198201113613","0","8788.7594198201113613","85.364426116690040658","0","0","100","13.542630573431853946","15.692966427403380436","121.99243903348960316","97626.59265860983578","285583.93511786509771","1621.0596549953038448","0","100","3500","0","11.622274261524900396","0","0","97602.591775377324666","0","0","87.139522330400779992","88.377715738609097684","222","16658.613036959759484","0.39062476562814058001","0.19531738274707119429","109753.03891183194355","3.369094854128954708","8.300668771038468563","11.622284261390902316","36888768.172973282635","8849.3522042177282856","37845730.260064348578","8850.352244019311911","183115.2879884619615","6227.2478444642101749","0","0","0","2032.0808768188974227","0","0","0","0","0","4.0001592063364119767","3.0001194047523092046","0","0","0","0","0","0","0","0","0","0","0","22311.888013142925047","938.03733388588864273","1309.0521002735908951","43942.748921407073794","0","0","0","0","0","0","0","0","0","0","0","0"
"05/14/2026 07:52:14.327","49578643.346536457539","51882.08573869484826","16484.192324841780646","35397.893413853067614","1000000000","2758887.0740671968088","16481.235519043602835","2.9568057981778981258","0","0","0","46819756.272469259799","35397.893413853067614","0","0","0","0","0","0","0","0","0","2","15.557516159389148669","0.15557516159389148114","0","0","15.557516159389148669","0.15557516159389148114","1.4398313889901567203e-005","0","1.4398313889901567203e-005","10814.024405869298789","0","10814.024405869298789","52715479.193746082485","0","52715479.193746082485","4874.7327743346704665","0","4874.7327743346704665","85.288810797375106176","0","0","100","12.386692342360797525","13.977333110614546641","122.02394451477954362","105633.20636864038534","268222.18222176627023","1592.4752442484755193","0","100","3500","0","10.368883923805761071","0","0","105600.70687385980273","0","0","88.491450266030682315","89.631116076194246034","201","13802.436949995291798","0.28851339134654813146","0.2885035434648078323","115787.82123780922848","2.4523490546230486409","7.8860064357876753505","10.368883923805761071","42695700.134160138667","10435.553263702528056","43824167.038238599896","10436.538865635255206","212582.50966579816304","7204.7501282268112845","0","0","0","2118.0585534281008222","0","0","0","0","0","0","0","0","0","0","0","0","0","0","0","0","0","0","23298.644087709111773","95.603387474418710212","132.07065898527943659","45728.972872686645132","0","0","0","0","0","0","0","0","0","0","0","0"
"05/14/2026 07:52:15.311","48321037.41662568599","50459.480952508136397","15990.158527605568452","34469.322424902566127","1000000000","2686851.3391529279761","15988.127515471996958","2.0310121335711377455","0","0","0","45634186.077472753823","34469.322424902566127","0","0","0","0","0","0","0","0","0","0","15.121548542922989","0.15121548542922988445","0","0","15.121548542922989","0.15121548542922988445","1.4366837177878584818e-005","0","1.4366837177878584818e-005","10521.65835796527972","0","10521.65835796527972","51399100.281934954226","0","51399100.281934954226","4885.0759579191199009","0","4885.0759579191199009","85.85939536479800438","0","0","100","11.892851861181307882","13.302532766704315392","122.00232513078860563","102409.51801209151745","278335.30659792793449","1615.0197240632148805","0","100","3500","0","9.9218845078051458586","0","0","102427.80125425072038","0","0","89.120973160396204094","90.078115492194854141","190","13109.084628150849312","0.29760604704280402277","0.39682499370675367034","112401.30985209770733","2.6289312980666377229","7.3411658769717575979","9.9218845078051458586","41609906.139820769429","10161.153704256403216","42708708.076228357852","10162.169210323188963","206322.39860095761833","6986.681739484713944","0","0","0","2099.0510400457710602","0","0","0","0","0","0","0","0","0","0","0","0","0","0","0","0","0","0","23090.576946570265136","656.01691914347748025","697.65266788168582934","45365.70252151171735","0","0","0","0","0","0","0","0","0","0","0","0"
"05/14/2026 07:52:16.311","48587005.428952865303","51023.917948980473739","16307.056198901089374","34716.861750079384365","1000000000","2747977.4410890219733","16306.056318086883039","0.9998808142069464111","0","0","0","45839027.987863838673","34716.861750079384365","0","0","0","0","0","0","0","0","0","0","15.463224304167654921","0.15463224304167655365","0","0","15.463224304167654921","0.15463224304167655365","1.444107759828181882e-005","0","1.444107759828181882e-005","10707.723639342189927","0","10707.723639342189927","51959758.396799094975","0","51959758.396799094975","4852.5494443925672385","0","4852.5494443925672385","85.623164454846829585","0","0","100","11.96892856914325165","13.828704799810592974","122.00546201289995452","103131.01654673776648","275137.89422657422256","1652.8239742467426368","0","100","3500","0","12.070362947495061334","0","0","103124.01729215838714","0","0","88.663895109305798314","87.929647051389068224","195","13309.582529460612932","0.34176185937649361524","0.09764910236017661227","113119.95272503478918","2.9293630830799282094","9.0810165585520650211","12.07035294861093","41815411.602936923504","10199.784185725060524","42918388.128135122359","10200.78406653926686","211846.74786765416502","7211.1404320604979148","0","0","0","2112.7481604192776103","0","0","0","0","0","3.9995232568277856444","2.9996424426208392333","0","0","0","0","0","0","0","0","0","0","0","23203.234174486398842","154.98152620207670793","193.97687795614760375","45567.568345853171195","0","0","0","0","0","0","0","0","0","0","0","0"
"05/14/2026 07:52:17.311","49804375.149213224649","51950.437374015062233","16420.075723621073848","35530.361650393992022","1000000000","2778989.1385261383839","16419.076388478744775","0.99933514232980791281","0","0","0","47025386.010687083006","35530.361650393992022","0","0","0","0","0","0","0","0","0","0","19.153629288020177057","0.19153629288020176946","0","0","19.153629288020177057","0.19153629288020176946","1.4969855412270417875e-005","0","1.4969855412270417875e-005","12786.493146109891313","0","12786.493146109891313","81509419.783018350601","0","81509419.783018350601","6374.6500976944116701","0","6374.6500976944116701","83.158554410695757042","0","0","100","12.180218363108666679","14.43000316792903881","121.99550981214244416","106471.07452975216438","265051.54173436900601","1656.0011592008113439","0","100","3500","0","11.817784460783965272","0","0","106501.07455075217877","0","0","88.220844932734550525","88.182205539373029524","235","15986.011190207833351","0.19530693368114121489","0.34178463398124647732","119676.08377325863694","2.3437132037027019749","9.5213305151109128843","11.817794460626974029","42904403.700218237936","10476.030297043376777","44037246.020222738385","10477.02963218570585","215920.34819234762108","7341.115955554768334","0","0","0","2112.5944908852138724","0","0","0","0","0","0","0","0","0","0","0","0","0","0","0","0","0","0","23246.534080875990185","282.81184527933561412","347.76862953077312568","45633.639939348344342","0","0","0","0","0","0","0","0","0","0","0","0"
"05/14/2026 07:52:18.311","45805790.321272321045","48047.470156367817253","15243.004396166483275","32804.465760201332159","1000000000","2556348.856359588448","15240.003804749914707","3.0005914165682052719","0","0","0","43249441.464912734926","32804.465760201332159","0","0","0","0","0","0","0","0","0","0","13.297330594045197572","0.13297330594045198016","0","0","13.297330594045197572","0.13297330594045198016","1.4071481481481481403e-005","0","1.4071481481481481403e-005","9451.8629621898471669","0","9451.8629621898471669","38895090.222282811999","0","38895090.222282811999","4115.071322751322441","0","4115.071322751322441","87.187541405566804542","0","0","100","14.175349861271564933","15.898931455032466076","121.98877852942260347","103821.59885262233729","268118.8476176711265","1617.0249021834936229","0","100","3500","0","9.1811885103895818361","0","0","103798.59849841687537","0","0","86.947955358736578546","90.818811489610425269","231","14064.21658893546919","0.24413597175646600812","0.48827194351293201624","111690.72003708856937","3.0761192440324736097","6.1034192935816555803","9.1811885103895818361","39400389.816832892597","9601.8925330182573816","40438722.472199268639","9602.8927301571129647","194450.32615928599262","6577.296385117506361","0","0","0","2057.4055146269329271","0","0","0","0","0","4.0007885554242736958","3.0005914165682052719","0","0","0","0","0","0","0","0","0","0","0","22601.454746730578336","577.11374911995153525","843.16618805566577066","44436.758485097408993","0","0","0","0","0","0","0","0","0","0","0","0"
"05/14/2026 07:52:19.327","51445767.743686586618","53325.204509210911056","16688.334004000746063","36636.870505210164993","1000000000","2796124.3012320669368","16685.377351191909838","2.956652808834951518","0","0","0","48649643.442454516888","36636.870505210164993","0","0","0","0","0","0","0","0","0","0","14.838309918963171086","0.14838309918963171752","0","0","14.838309918963171086","0.14838309918963171752","1.3911540947280953321e-005","0","1.3911540947280953321e-005","10674.502190830453401","0","10674.502190830453401","43835791.83942142874","0","43835791.83942142874","4106.5888652940629981","0","4106.5888652940629981","85.718191083201475067","0","0","100","14.360644526941428012","16.079525901461625637","122.0334517359740687","111222.33180152111163","249750.38121297452017","1615.1292704165637133","0","100","3500","0","9.7923200498221554255","0","0","111192.78675389153068","0","0","86.778152662868620837","90.207679950177848127","238","15206.836014940341556","0.43277283739387362171","0.24042497729336070877","120574.3242112013977","2.7408486802772245028","7.0685081193899979013","9.7923200498221554255","44406370.64067414403","10843.03140093404545","45578892.416175693274","10844.016951870324192","217704.25962013515527","7358.1232902539168208","0","0","0","2092.3246377188675069","0","0","0","0","0","0","0","0","0","0","0","0","0","0","0","0","0","0","22986.004486819194426","340.0150730160194712","394.22037451132689512","45074.172070688837266","0","0","0","0","0","0","0","0","0","0","0","0"
"05/14/2026 07:52:20.311","49908009.515612825751","51841.226003723844769","16199.812031010313149","35641.413972713526164","1000000000","2740871.9450343502685","16196.766190192249269","3.0458408180641103336","0","0","0","47167137.570578478277","35641.413972713526164","0","0","0","0","0","0","0","0","0","1","14.598261636673512953","0.14598261636673512398","0","0","14.598261636673512953","0.14598261636673512398","1.3803016040726155816e-005","0","1.3803016040726155816e-005","10570.08291895514958","0","10570.08291895514958","45902494.310115531087","0","45902494.310115531087","4342.68062626068604","0","4342.68062626068604","86.127896819305675535","0","0","100","11.695716198996176871","13.182870972355862804","121.99577367344483037","107425.27280952130968","265643.94767189066624","1601.0121322383195093","0","100","3500","0","9.4751884347771380135","0","0","107456.76479943208687","0","0","89.225239659617159305","90.524811565222861987","200","13327.20695611327028","0.09919892172346672643","0.1488136205148042901","114840.11262754636118","1.4384808718777608583","8.0356307492073479892","9.4751884347771380135","43011617.750632338226","10497.998019594298967","44146839.173614650965","10499.013299866986927","211974.2764528990665","7170.9245659956031886","0","0","0","2144.2719359171337601","0","0","0","0","0","0","0","0","0","0","0","0","0","0","0","0","0","0","23599.174658360723697","119.80307217718832646","172.59764635696623714","46337.391645481999149","0","0","0","0","0","0","0","0","0","0","0","0"
"05/14/2026 07:52:21.311","49637546.596624352038","51599.956570136535447","16145.231702920538737","35454.724867215991253","1000000000","2716525.962840273045","16142.232402957150043","2.9992999633885450983","0","0","0","46921020.633784078062","35454.724867215991253","0","0","0","0","0","0","0","0","0","0","18.885939035005190334","0.18885939035005191999","0","0","18.885939035005190334","0.18885939035005191999","1.4659102902374668626e-005","0","1.4659102902374668626e-005","12882.99310940826399","0","12882.99310940826399","86683895.978678584099","0","86683895.978678584099","6728.5525376377463544","0","6728.5525376377463544","83.314380461031703362","0","0","100","11.774659062732457215","13.141780312422513433","122.00631163122253042","106924.33204160716559","267054.60768087080214","1651.6498502317506336","0","100","3500","0","7.1963092988783667892","0","0","106920.33288942743093","0","0","89.227566641158446714","92.80369070112163854","193","15261.76450592474248","0.048820226190716617398","0.19527090676446576256","117164.16119782604801","1.318096117157345093","5.8582071869211782555","7.1963092988783667892","42819150.010387577116","10453.560139063543829","43949566.171255633235","10454.559905718006121","209607.07770806294866","7077.3481469425041723","0","0","0","2113.5067075344613841","0","0","0","0","0","0","0","0","0","0","0","0","0","0","0","0","0","0","23232.577516407673102","163.96173133190714566","200.95309754703254157","45561.365977180925256","0","0","0","0","0","0","0","0","0","0","0","0"
"05/14/2026 07:52:22.327","42062379.034506455064","44741.100594623661891","14388.280836386184092","30352.819758237474161","1000000000","2432639.1032983004116","14386.310513779351822","1.9703226068313843822","0","0","0","39629739.931208156049","30352.819758237474161","0","0","0","0","0","0","0","0","0","0","11.748275824374625032","0.11748275824374625198","0","0","11.748275824374625032","0.11748275824374625198","1.3873148040469822056e-005","0","1.3873148040469822056e-005","8471.4020480715371377","0","8471.4020480715371377","35659245.31521319598","0","35659245.31521319598","4209.3676008838237976","0","4209.3676008838237976","88.569393397242706101","0","0","100","11.901739241427890192","13.480093352054170808","122.01523537803137742","96279.209609386976808","295656.95968072040705","1622.954405321636159","0","100","3500","0","8.6360687761694023834","0","0","96297.920855564836529","0","0","88.934550016529982486","91.412019353822770995","190","11113.495427217634642","0.1923426718978305805","0.33660706187434591419","102456.87525537158945","2.308141606986536587","6.2031225672187462195","8.5879806461772290049","36112084.559941254556","8605.3839853360714187","37042663.986502498388","8606.3691466394866438","181234.21402156437398","6189.7684693607934605","0","0","0","2053.07615631830231","0","0","0","0","0","8.8664517307412289426","6.8961291239098452266","0","0","0","0","0","0","0","0","0","0","0","22582.852558197912003","760.5445262369142938","1209.7780805944698841","44438.656074475038622","0","0","0","0","0","0","0","0","0","0","0","0"
"05/14/2026 07:52:23.311","50508392.198215186596","52761.923304422904039","16774.54994719950264","35987.373357223405037","1000000000","2852608.3993749818765","16771.504643124368158","3.0453040751345539228","0","0","0","47655783.798840202391","35987.373357223405037","0","0","0","0","0","0","0","0","0","0","14.459178355779183534","0.144591783557791842","0","0","14.459178355779183534","0.144591783557791842","1.3827000777000778093e-005","0","1.3827000777000778093e-005","10451.483585861789834","0","10451.483585861789834","42938170.277771316469","0","42938170.277771316469","4108.3325563325561234","0","4108.3325563325561234","86.120863393820116016","0","0","100","13.373657281106964945","15.222603335126063229","121.98819133423602068","110285.29427507125365","254037.48480718940846","1677.8371825579276901","0","100","3500","0","10.882044330790163755","0","0","110245.68431737163337","0","0","87.555550093577565463","89.068371291315528993","239","14194.583815635351129","0.34715158468401330349","0.29755705021906203589","118301.74032950813125","2.7275978298658634102","8.2323778674918948184","10.931628708684471007","43496869.884206369519","10616.945107277433635","44644953.580937534571","10617.960208635811796","223346.66127580171451","7624.4263027785455051","0","0","0","2123.5920417271622682","0","0","0","0","0","6.0906081502691078455","5.0755067918909233526","0","0","0","0","0","0","0","0","0","0","0","23328.044316889063339","75.117500519985668461","111.66114942160031376","45810.509202249100781","0","0","0","0","0","0","0","0","0","0","0","0"
"05/14/2026 07:52:24.327","51565403.779649928212","53549.718513134830573","16826.675687639937678","36723.042825494885619","1000000000","2819482.544761409983","16823.721220411629474","2.9544672283108868172","0","0","0","48745921.234888516366","36723.042825494885619","0","0","0","0","0","0","0","0","0","0","14.878094009982294921","0.14878094009982295587","0","0","14.878094009982294921","0.14878094009982295587","1.3918813340703888766e-005","0","1.3918813340703888766e-005","10689.26243202878868","0","10689.26243202878868","43884064.736316263676","0","43884064.736316263676","4105.4343099318220993","0","4105.4343099318220993","85.72658325731372031","0","0","100","14.750925765430736192","16.034898599139630448","122.00900425633955138","111598.89278582425322","249053.69577688537538","1658.4379976114157671","0","100","3500","0","8.6832837363382537887","0","0","111670.78469427177333","0","0","86.855872218890809222","91.316716263661746211","235","15315.930961313977605","0.24043307497988264387","0.52895473458853436988","120246.6030334643001","2.5966752401499402225","6.1070138919185668058","8.6832837363382537887","44455490.212588690221","10858.651886451947576","45629705.789229296148","10859.63670886138425","219319.95058161151246","7416.6975654697635036","0","0","0","2118.3530026989060389","0","0","0","0","0","0","0","0","0","0","0","0","0","0","0","0","0","0","23293.019628003032267","134.92067009286384405","200.90377152514031422","45729.243759795906954","0","0","0","0","0","0","0","0","0","0","0","0"
"05/14/2026 07:52:25.311","50562614.455430679023","52663.596266219101381","16610.929418486397481","36052.666847732711176","1000000000","2786649.031525304541","16608.897251931652136","2.0321665547450935563","0","0","0","47775965.42390537262","36052.666847732711176","0","0","0","0","0","0","0","0","0","0","19.924008102795763619","0.19924008102795764952","0","0","19.924008102795763619","0.19924008102795764952","1.4941483851310174974e-005","0","1.4941483851310174974e-005","13339.14126534679599","0","13339.14126534679599","93671367.982382744551","0","93671367.982382744551","7022.2937233394268333","0","7022.2937233394268333","82.482574651876490179","0","0","100","13.525696343859547","15.573739560327048537","121.99875254582484274","109640.41357121715555","254584.77713142393623","1622.0829169784037731","0","100","3500","0","11.667936516384925127","0","0","109587.59684505380574","0","0","87.221560351922917675","88.332063483615073096","496","17332.011831759224151","0.39678021232510279903","0.24798382366190666048","121729.34962499108224","3.4221950499324678141","8.2826840881718908349","11.667936516384925127","43563664.171064533293","10623.150664929977211","44712411.345463946462","10624.166748207349883","215856.73144502384821","7310.7191806954742788","0","0","0","2120.5657998765054799","0","0","0","0","0","0","0","0","0","0","0","0","0","0","0","0","0","0","23322.159465532069589","105.67266084674487558","155.4607414379996726","45751.181730253665592","0","0","0","0","0","0","0","0","0","0","0","0"
"05/14/2026 07:52:26.311","50427550.536595836282","52341.983224923416856","16395.247678348321642","35946.735546575095213","1000000000","2784094.8696195781231","16394.247602242532594","1.0000761057916507379","0","0","0","47643455.666976258159","35946.735546575095213","0","0","0","0","0","0","0","0","0","0","14.264762999611601657","0.14264762999611602101","0","0","14.264762999611601657","0.14264762999611602101","1.365450368526849675e-005","0","1.365450368526849675e-005","10447.795077205375492","0","10447.795077205375492","42912961.676383577287","0","42912961.676383577287","4107.3701541112277482","0","4107.3701541112277482","86.246793521804050897","0","0","100","11.769619929121700963","13.148822028271322182","122.0265409178672229","107970.46585195384978","264316.45264921814669","1642.0527098919874334","0","100","3500","0","9.717403921653334109","0","0","108004.46694338887755","0","0","89.208963379049023956","90.282586078414666986","202","13053.419014750374117","0.19530867190103107234","0.39061734380206214468","115151.69636945346429","2.3925537306346318367","7.3241701956426696896","9.7174139215853383433","43479816.81405954808","10615.807862978372214","44627780.174071244895","10616.8079390841649","217048.51739217355498","7366.5605952612995679","0","0","0","2122.1614964898831204","0","0","0","0","0","0","0","0","0","0","0","0","0","0","0","0","0","0","23324.775015378669195","124.00943711816469772","169.01286187878898204","45805.485797469191311","0","0","0","0","0","0","0","0","0","0","0","0"
"05/14/2026 07:52:27.311","42471110.591166742146","45151.168824935724842","14554.442674633812203","30596.726150301914458","1000000000","2459957.7845170563087","14554.442674633812203","0","0","0","0","40011152.806649684906","30596.726150301914458","0","0","0","0","0","0","0","0","0","0","11.665148673345838048","0.11665148673345837604","0","0","11.665148673345838048","0.11665148673345837604","1.3783764622474301026e-005","0","1.3783764622474301026e-005","8462.0945558825205808","0","8462.0945558825205808","36004083.563058748841","0","36004083.563058748841","4254.748434361337786","0","4254.748434361337786","88.724609611717710322","0","0","100","10.635646995577685558","12.172289492041752368","121.99437184318126981","95987.70589382914477","300260.27097446587868","1623.961187327622838","0","100","3500","0","10.693752947487034533","0","0","95922.707447292006691","0","0","90.034233849371062774","89.306247052512972573","209","11076.735266027142643","0.24413892578872653516","0.19530914063978116468","101873.56522179119929","2.5390588281411563543","8.1542641212378672577","10.693752947487034533","36456439.161009766161","8596.0802194165225956","37386015.696320489049","8597.0801124279696523","182784.44206469907658","6254.3307866058330546","0","0","0","2087.7766079029543107","0","0","0","0","0","0","0","0","0","0","0","0","0","0","0","0","0","0","22966.542579943943565","501.94629174678306072","1035.8891598598950168","45236.159730908788333","0","0","0","0","0","0","0","0","0","0","0","0"
"05/14/2026 07:52:28.327","51075518.496290571988","53035.803304188462789","16719.220809845013719","36316.582494343449071","1000000000","2859950.0787351778708","16717.250829780226923","1.969980064786734264","0","0","0","48215568.417555399239","36316.582494343449071","0","0","0","0","0","0","0","0","0","0","14.462207327031501691","0.14462207327031501025","0","0","14.462207327031501691","0.14462207327031501025","1.3695477012030215822e-005","0","1.3695477012030215822e-005","10562.048117354075657","0","10562.048117354075657","43407391.778898894787","0","43407391.778898894787","4109.7513755478876192","0","4109.7513755478876192","85.977853382950712557","0","0","100","11.803706861096710412","14.060290857176173773","122.01490577906626811","109683.05304456247541","258128.34641426749295","1579.6187426687815787","0","100","3500","0","12.004136487951955203","0","0","109673.20504741367768","0","0","88.464916271669693515","88.092037546279939875","191","13216.996973415036337","0.33659927196866651355","0.096174034231889915514","117135.03248706538579","1.8272278676623228133","9.9536284771256262616","11.907962453720067231","43971932.906024955213","10728.511432828554462","45132069.926018379629","10729.49642286094786","224522.56794387366972","7663.2224520203963039","0","0","0","2131.5184300992464159","0","0","0","0","0","3.939960129573468528","2.9549700971801016181","0","0","0","0","0","0","0","0","0","0","0","23427.987920476236468","211.77285696457394693","265.94730874620910299","45929.100220470318163","0","0","0","0","0","0","0","0","0","0","0","0"
"05/14/2026 07:52:29.311","50857079.77604906261","52884.578782521835819","16667.910161791405699","36216.668620730430121","1000000000","2821141.2442970522679","16666.895063730393304","1.0150980610104387569","0","0","0","48035938.53175201267","36216.668620730430121","0","0","0","0","0","0","0","0","0","0","15.123480584894508638","0.15123480584894508083","0","0","15.123480584894508638","0.15123480584894508083","1.4029068123998870966e-005","0","1.4029068123998870966e-005","10773.235721503786408","0","10773.235721503786408","46551195.201834484935","0","46551195.201834484935","4321.0040516347871744","0","4321.0040516347871744","85.613889461938455838","0","0","100","13.437756629094081973","15.355142981097799293","122.00189760669196914","110557.01307870868186","253055.64619101423887","1649.3619081898536933","0","100","3500","0","11.370281876394173537","0","0","110620.99694583674136","0","0","87.447309489121821002","88.530520450556110745","234","15081.911537327172482","0.39677037729549519129","0.34718169822231392807","119056.7112373545533","2.8270321074000186456","8.7786588689941655872","11.469479549443883926","43812618.98852583766","10694.058072744972378","44969039.001590147614","10695.073170805982954","220207.25257111649262","7483.302905768954588","0","0","0","2122.5700455728274392","0","0","0","0","0","0","0","0","0","0","0","0","0","0","0","0","0","0","23313.757167226747697","123.8419634432735279","174.59686649379545997","45805.284905035041447","0","0","0","0","0","0","0","0","0","0","0","0"
"05/14/2026 07:52:30.311","51089838.636370912194","53182.742749599114177","16829.716001293087174","36353.026748306023364","1000000000","2842238.5662754336372","16825.715117898031167","4.000883395053628","0","0","0","48247600.070095479488","36353.026748306023364","0","0","0","0","0","0","0","0","0","0","18.87796714169200385","0.18877967141692003628","0","0","18.87796714169200385","0.18877967141692003628","1.4807451564828614379e-005","0","1.4807451564828614379e-005","12751.815600884676314","0","12751.815600884676314","85830151.297406464815","0","85830151.297406464815","6730.8181033806577034","0","6730.8181033806577034","83.125867247571704866","0","0","100","14.724465204700821985","16.241184358757713824","122.00211581693375251","111999.17431024751568","247598.46638636710122","1655.1799180570926637","0","100","3500","0","9.1799442961559734044","0","0","112033.1780064492923","0","0","86.686107278899612538","90.868885567120415203","227","17141.863320542943256","0.53710849609621091894","0.34178904299067963679","124156.49581109466089","2.929681796890968748","6.2011526367726172992","9.1311144328795830205","44034366.788186833262","10759.375670147968776","45197851.685652196407","10760.375890996732778","223093.25899158534594","7587.6753587192051782","0","0","0","2093.4622364618107895","0","0","0","0","0","0","0","0","0","0","0","0","0","0","0","0","0","0","23029.084821928681777","250.05521219085173357","306.06757972160255576","45200.980376467123278","0","0","0","0","0","0","0","0","0","0","0","0"
"05/14/2026 07:52:31.311","41821807.250863544643","44720.551075953211694","14576.394723687237274","30144.156352265974419","1000000000","2445302.0062725213356","14574.393983213187312","2.0007404740494458828","0","0","0","39376505.244591027498","30144.156352265974419","0","0","0","0","0","0","0","0","0","0","11.744447287745648723","0.11744447287745649056","0","0","11.744447287745648723","0.11744447287745649056","1.399497140133460487e-005","0","1.399497140133460487e-005","8395.1070291114738211","0","8395.1070291114738211","35418932.546935625374","0","35418932.546935625374","4218.9971401334605616","0","4218.9971401334605616","88.642448340333757528","0","0","100","12.390589375968973584","13.503424706847972914","122.01437039178834709","95821.543512538613868","297061.54825912200613","1600.975665169889453","0","100","3500","0","8.4483045341587690302","0","0","95725.544971716430155","0","0","88.896865465420233932","91.502876017500994976","194","12016.817344376366236","0.4394450342711127","0.19531779290894013545","102319.44474443988292","2.636680205513677322","5.8104843415269407103","8.4971239824989996947","35867718.642669655383","8528.1562706357617571","36789951.96122084558","8529.1566408727867383","180538.8174163257936","6170.283621968490479","0","0","0","2089.7734251446458984","0","0","0","0","0","0","0","0","0","0","0","0","0","0","0","0","0","0","22978.504344457884145","530.19622562310314606","951.35209541051142423","45238.742858732017339","0","0","0","0","0","0","0","0","0","0","0","0"
"05/14/2026 07:52:32.311","48692392.414350099862","50837.147760763968108","16023.894569232485082","34813.253191531483026","1000000000","2684876.6709011797793","16021.894956757381806","1.9996124751023254262","0","0","0","46007515.743448920548","34813.253191531483026","0","0","0","0","0","0","0","0","0","0","13.767720368054664704","0.13767720368054664482","0","0","13.767720368054664704","0.13767720368054664482","1.3646466448607394586e-005","0","1.3646466448607394586e-005","10087.045130653679735","0","10087.045130653679735","41423012.220231719315","0","41423012.220231719315","4106.5556546734069343","0","4106.5556546734069343","86.717262599692304548","0","0","100","11.171536402629545393","13.082759646812819554","121.99295869198752484","104550.8493312815408","273265.90546136116609","1643.9347357909889524","0","100","3500","0","10.450518467482217133","0","0","104559.84897399572947","0","0","89.288765312902967253","89.549481532517788196","190","12653.497656143050335","0.14648787592579909367","0.1953071680460633508","111430.57620612460596","2.0019309720009057507","8.447137516506010968","10.450518467482217133","41962255.7148424685","10247.01412866186547","43070340.967920422554","10248.013934899418018","206963.89039804087952","6997.6438566205879397","0","0","0","2074.5979429186627385","0","0","0","0","0","0","0","0","0","0","0","0","0","0","0","0","0","0","22815.578340917531023","332.93547710453714217","443.9139694727162464","44809.315954568010056","0","0","0","0","0","0","0","0","0","0","0","0"
"05/14/2026 07:52:33.327","49817160.124915637076","52004.197990927721548","16445.544774795194826","35558.653216132523085","1000000000","2783272.3177790115587","16441.605958011819894","3.9388167833770904025","0","0","0","47033887.807136625051","35558.653216132523085","0","0","0","0","0","0","0","0","0","0","14.103238928792688256","0.14103238928792688478","0","0","14.103238928792688256","0.14103238928792688478","1.3675725744843392814e-005","0","1.3675725744843392814e-005","10311.822338881222095","0","10311.822338881222095","42438891.719366393983","0","42438891.719366393983","4115.5569136745607466","0","4115.5569136745607466","86.345731735719539301","0","0","100","11.927387392782232922","13.414228150267975437","121.99007021063189882","107422.91749307002465","265083.07956035091775","1573.6952215207450081","0","100","3500","0","8.7348138437496221087","0","0","107469.20264664416027","0","0","89.009953261396518087","91.265176308458833887","198","12966.736534270117772","0.24042398287823568692","0.28851074901219264657","114686.73223270520975","1.8753050968919284802","6.9242284329179764057","8.7348236915411714421","42929502.860270276666","10473.313826999683442","44062046.605261825025","10474.298531195527175","215862.91499619805836","7342.9391884107408259","0","0","0","2122.0375420444074734","0","0","0","0","0","4.923520979221362559","3.9388167833770904025","0","0","0","0","0","0","0","0","0","0","0","23308.933019829775731","142.78210839741950622","181.18557203534615496","45759.20398088334332","0","0","0","0","0","0","0","0","0","0","0","0"
"05/14/2026 07:52:34.311","50644234.952834926546","52497.85373194643762","16334.087816013909105","36163.765915932526696","1000000000","2713727.0032368497923","16333.071951357149374","1.0158646567581259834","0","0","0","47930507.94959808141","36163.765915932526696","0","0","0","0","0","0","0","0","0","0","18.972863793363892171","0.18972863793363892171","0","0","18.972863793363892171","0.18972863793363892171","1.4641549074945123864e-005","0","1.4641549074945123864e-005","12958.369561606656134","0","12958.369561606656134","90172632.992175504565","0","90172632.992175504565","6958.6403261210407436","0","6958.6403261210407436","83.057920040699187325","0","0","100","12.185877351499629029","13.554014612774476944","122.01897336122529225","109059.91438668730552","260916.11887460408616","1620.1945106997341099","0","100","3500","0","8.0870318804485918918","0","0","108992.87185521007632","0","0","88.895495326918620549","91.912968119551408108","227","15581.293792867223601","0.099208314400351979567","0.24801062745957330735","119324.53227422386408","1.9344910210177170828","6.1506818463717705114","8.0870318804485918918","43723188.665063433349","10666.57889596032328","44876642.030932880938","10667.594760617081192","208890.21763985994039","7010.4819962878273145","0","0","0","2107.9191627731115659","0","0","0","0","0","0","0","0","0","0","0","0","0","0","0","0","0","0","23181.01560256367884","181.83977355970455392","243.80751762195023957","45485.340006345089932","0","0","0","0","0","0","0","0","0","0","0","0"
"05/14/2026 07:52:35.311","51918686.647686131299","53749.721011829089548","16782.288430970525951","36967.432580858570873","1000000000","2800601.2545068087056","16780.288515766929777","1.9999152035953673412","0","0","0","49118085.39317932725","36967.432580858570873","0","0","0","0","0","0","0","0","0","0","14.971010368595170092","0.14971010368595169537","0","0","14.971010368595170092","0.14971010368595169537","1.3899693650204234603e-005","0","1.3899693650204234603e-005","10771.543286564648952","0","10771.543286564648952","44251307.744551628828","0","44251307.744551628828","4108.167842554771596","0","4108.167842554771596","85.593704011593857217","0","0","100","13.933491082227810409","15.71368735641010872","122.01804264625478424","111784.59608265980205","249333.10346061308519","1644.7733502323378616","0","100","3500","0","11.631358436149719537","0","0","111823.59070920025988","0","0","87.116477065365003796","88.417465890463532219","233","15268.895946138620275","0.53704759506945298764","0.34176028745459779978","120295.42329067052924","3.4663972046448199293","8.1045282538169054476","11.582534109536467781","44827067.332345105708","10941.536078870254642","46010241.165774568915","10942.536036472052729","217426.78110448113875","7331.689136380616219","0","0","0","2109.9105397931125481","0","0","0","0","0","0","0","0","0","0","0","0","0","0","0","0","0","0","23209.015937724238029","109.99533619774520332","160.99317388942708362","45471.072026546069537","0","0","0","0","0","0","0","0","0","0","0","0"
"05/14/2026 07:52:36.311","43842657.23467964679","46279.459093893223326","14709.246527391549535","31570.21256650167561","1000000000","2446902.8481150870211","14707.247716883683097","1.9988105078667686154","0","0","0","41395754.386564560235","31570.21256650167561","0","0","0","0","0","0","0","0","0","0","12.555553544451885983","0.12555553544451886205","0","0","12.555553544451885983","0.12555553544451886205","1.4105830805527468962e-005","0","1.4105830805527468962e-005","8895.7061652610536839","0","8895.7061652610536839","37263712.364771723747","0","37263712.364771723747","4188.9549488821476189","0","4188.9549488821476189","87.959214550906168029","0","0","100","13.284533750173995514","15.541687532699006269","122.00109260794212673","101185.16362938174279","275991.67374849301996","1665.0191477201988164","0","100","3500","0","11.865566097405444879","0","0","101226.16410088716657","0","0","87.298636995043125353","88.134433902594551569","233","13486.155090783544438","0.53709801273735280347","0.19530927735567377157","108603.24893736279046","3.4179573535577918442","8.4472287452536427566","11.865566097405444879","37739253.370319321752","9036.6223060656611779","38716463.832373358309","9037.6217113195943966","181931.73242603326798","6148.3411221981805284","0","0","0","2055.7766073409716228","0","0","0","0","0","4.9970262696669216496","3.9976210157335372308","0","0","0","0","0","0","0","0","0","0","0","22603.548628211352479","546.6746739015611638","944.437964967048174","44468.536773765932594","0","0","0","0","0","0","0","0","0","0","0","0"
"05/14/2026 07:52:37.311","49240046.204989008605","51083.049505259594298","15927.993222948076436","35155.056282311517862","1000000000","2667294.4605445456691","15925.991967360321723","2.0012555877557578476","0","0","0","46572751.744444459677","35155.056282311517862","0","0","0","0","0","0","0","0","0","1","14.044405120601656023","0.14044405120601655135","0","0","14.044405120601656023","0.14044405120601655135","1.3761140505584949225e-005","0","1.3761140505584949225e-005","10212.407264317631416","0","10212.407264317631416","41940681.583625562489","0","41940681.583625562489","4106.8359788359784943","0","4106.8359788359784943","86.378338411422305398","0","0","100","12.542896274536156298","14.796296296296295836","122.00654413996015535","105817.82542213781562","265726.60523580003064","1627.9819294005835673","0","100","3500","0","10.938862635401680024","0","0","105776.82587723275356","0","0","87.840296043470530662","89.012318111532891862","188","13465.850529059127439","0.58593103525516065933","0.24413626471514984773","113249.74292785349826","2.7343281647790789179","8.2030044940312407675","10.987681888467104585","42482489.513921029866","10373.508339131971297","43604253.308525763452","10374.508966925848654","206157.34311707163579","6942.3556339247243159","0","0","0","2062.2938831823084911","0","0","0","0","0","4.0025111755115156953","3.0018833816336369935","0","0","0","0","0","0","0","0","0","0","0","22697.240248531928955","493.30950238179428879","630.3955101430636887","44501.920504924790293","0","0","0","0","0","0","0","0","0","0","0","0"
"05/14/2026 07:52:38.311","48876857.630628868937","51086.091709080152214","16124.453755642360193","34961.637953437792021","1000000000","2691119.556047769729","16123.454223423439544","0.99953221892154475725","0","0","0","46185738.074581101537","34961.637953437792021","0","0","0","0","0","0","0","0","0","0","17.985374318468018373","0.17985374318468019816","0","0","17.985374318468018373","0.17985374318468019816","1.4618808420710395688e-005","0","1.4618808420710395688e-005","12297.244889391766264","0","12297.244889391766264","83003458.381477475166","0","83003458.381477475166","6749.7605462082419763","0","6749.7605462082419763","84.045119234534197972","0","0","100","11.413490984144253559","13.425068398905617428","121.98101495835210528","106055.12590608793835","268500.75797571463045","1627.9558823955869684","0","100","3500","0","12.451879139778965211","0","0","106083.12514730849944","0","0","89.014428983125242212","87.54811086030203171","197","14757.600069038127913","0.14648881344061112642","0.19530841800181417134","116257.84941228092066","2.1972522022571614464","10.302646548562956141","12.45188913969796829","42136755.998192846775","10278.189807170245331","43248207.838731475174","10279.18933938916598","205179.97577133902814","6923.7596804695413084","0","0","0","2134.0012873974983449","0","0","0","0","0","0","0","0","0","0","0","0","0","0","0","0","0","0","23426.036614864246076","153.92796171391790949","183.91392828156423889","45921.50873391253117","0","0","0","0","0","0","0","0","0","0","0","0"
"05/14/2026 07:52:39.327","48477382.120165027678","50848.454290318622952","16196.962311134346237","34651.491979184276715","1000000000","2734613.4029173636809","16194.007380038907286","2.954931095439250921","0","0","0","45742768.717247664928","34651.491979184276715","0","0","0","0","0","0","0","0","0","1","13.716038182904668474","0.13716038182904669029","0","0","13.716038182904668474","0.13716038182904669029","1.3689738549243169136e-005","0","1.3689738549243169136e-005","10021.156321666312579","0","10021.156321666312579","41163655.805292099714","0","41163655.805292099714","4107.675250638883881","0","4107.675250638883881","86.714884407806920308","0","0","100","11.768022287458419939","13.066042983405738553","122.01447953147531678","105285.35350376841961","271397.85514512611553","1609.2594068057098866","0","100","3500","0","8.926542066309172796","0","0","105305.05068133030727","0","0","89.281679477417483781","91.073457933690832533","186","12669.224607802112587","0.1923385236799635134","0.14426127865382137871","113113.99672573817952","2.2600047348503498057","6.6838498666403012294","8.926542066309172796","41704203.320534862578","10180.722600820032312","42805116.088900476694","10181.70757785184469","211557.3068009413546","7203.1370336490799673","0","0","0","2096.0311236982420269","0","0","0","0","0","0","0","0","0","0","0","0","0","0","0","0","0","0","23032.702911917145684","431.41993993413058206","452.10445760220534339","45152.332115343560872","0","0","0","0","0","0","0","0","0","0","0","0"
"05/14/2026 07:52:40.311","49448885.308709718287","51745.708024946565274","16472.34479156542875","35273.363233381140162","1000000000","2786707.4067766335793","16469.298118669332325","3.0466728960971818374","0","0","0","46662177.901933088899","35273.363233381140162","0","0","0","0","0","0","0","0","0","0","14.103923917247135122","0.14103923917247135345","0","0","14.103923917247135122","0.14103923917247135345","1.3794118231495281713e-005","0","1.3794118231495281713e-005","10221.587566406044061","0","10221.587566406044061","42009053.290066517889","0","42009053.290066517889","4109.8364629905609036","0","4109.8364629905609036","86.404877816372419375","0","0","100","13.099093476868871377","14.25843222528838794","121.99780326729231206","107690.32302627502941","262466.93867924530059","1573.4338543237943213","0","100","3500","0","5.7059220251133861979","0","0","107690.32302627502941","0","0","88.322367335022150314","94.294077974886619131","214","13658.096581819068888","0.29761538932739450836","0.14880261538272432364","115287.29642620250524","1.4880667880750266807","4.1665951334596318389","5.7059220251133861979","42555431.420561000705","10383.061229899194586","43678223.814074963331","10384.076787531226728","216435.6425387437921","7377.0106390833088881","0","0","0","2104.2354135711202616","0","0","0","0","0","4.0622305281295751911","3.0466728960971818374","0","0","0","0","0","0","0","0","0","0","0","23149.636222178418393","152.33364480485909098","185.84704666192808986","45437.064014761337603","0","0","0","0","0","0","0","0","0","0","0","0"
"05/14/2026 07:52:41.311","50939367.172494396567","52995.461060511224787","16756.145778468271601","36239.315282042953186","1000000000","2836560.6780778993852","16754.145761068120919","2.0000174001513810751","0","0","0","48102806.494416497648","36239.315282042953186","0","0","0","0","0","0","0","0","0","0","14.68708007899501844","0.1468708007899501844","0","0","14.68708007899501844","0.1468708007899501844","1.3926946051009767019e-005","0","1.3926946051009767019e-005","10547.091759698309033","0","10547.091759698309033","43327864.952425085008","0","43327864.952425085008","4108.0390632407315934","0","4108.0390632407315934","85.864757177108970154","0","0","100","13.782664689291296511","15.856032354724503008","122.00983650957797977","110428.56698629489983","252106.83701094682328","1658.783197036147385","0","100","3500","0","14.218743328883508781","0","0","110427.56711697782157","0","0","87.007467250973576256","85.781256671116494772","222","15143.020807180502743","0.73233673331342219459","0.6346978348561768124","119007.44572684350715","4.4428548474038498384","9.8133442227618719045","14.218743328883508781","43891677.857597358525","10714.093212610949195","45050263.937296256423","10715.093221311024536","221601.92793677304871","7536.0655637704048786","0","0","0","2129.0185224611454942","0","0","0","0","0","0","0","0","0","0","0","0","0","0","0","0","0","0","23407.203642671691341","132.00114840999117405","186.00161821407846219","45922.399524875865609","0","0","0","0","0","0","0","0","0","0","0","0"
"05/14/2026 07:52:42.311","50922188.394645340741","52929.901308861197322","16682.544803648819652","36247.356505212381308","1000000000","2838277.8245265511796","16679.544525823090225","3.0002778257266622397","0","0","0","48083910.570118792355","36247.356505212381308","0","0","0","0","0","0","0","0","0","0","19.235674955357907834","0.19235674955357906502","0","0","19.235674955357907834","0.19235674955357906502","1.483789725393396981e-005","0","1.483789725393396981e-005","12965.200577573483315","0","12965.200577573483315","84590233.055580943823","0","84590233.055580943823","6524.4060475161986687","0","6524.4060475161986687","82.895935646985606127","0","0","100","14.292415393231458154","16.299091127290182612","122.0178008840546795","110459.46119472751161","250938.75624502205756","1619.1240249003074041","0","100","3500","0","10.254716682078191425","0","0","110477.46257363313634","0","0","86.638461589999522516","89.745283317921803246","238","17341.32834575128436","0.244137778346217027","0.43944600104139053265","121861.33457822869241","3.0273224513656926682","7.2264942389024255931","10.254716682078191425","43870574.415190845728","10710.991837844183465","45028825.669256970286","10711.991930452759334","223084.65763929739478","7597.7035473484847898","0","0","0","2101.194570617239151","0","0","0","0","0","0","0","0","0","0","0","0","0","0","0","0","0","0","23127.141573309687374","272.0251895325507121","339.03139430711286195","45410.204984981610323","0","0","0","0","0","0","0","0","0","0","0","0"
"05/14/2026 07:52:43.311","49822166.6597180143","51917.881204953147972","16321.818877500772942","35596.06232745237503","1000000000","2712026.4260495626368","16318.81946208683803","2.9994154139358237821","0","0","0","47110140.233668453991","35596.06232745237503","0","0","0","0","0","0","0","0","0","0","14.133751352350252262","0.14133751352350251707","0","0","14.133751352350252262","0.14133751352350251707","1.3686462670669120094e-005","0","1.3686462670669120094e-005","10324.987659905084001","0","10324.987659905084001","42442671.923242159188","0","42442671.923242159188","4110.6753171298541929","0","4110.6753171298541929","86.309590534493224823","0","0","100","11.559654663735532409","13.630118685341448881","121.97366800784661223","107296.46564524220594","264978.34602727723541","1672.8981205044613034","0","100","3500","0","12.648088539979717382","0","0","107240.4690554345143","0","0","88.828344441296721357","87.351911460020275513","201","13050.205242500731401","0.097658212854704745665","0.14647731946505376799","114498.02707015142369","2.0995715778401256024","10.5466869956279794","12.648088539979717382","42994564.359406344593","10487.955897395597276","44128695.317282654345","10488.955702533574367","207719.51546643557958","6998.6359658502551611","0","0","0","2113.5880616867771096","0","0","0","0","0","4.9990256898930391927","3.9992205519144312653","0","0","0","0","0","0","0","0","0","0","0","23227.472965519016725","95.981293245946361026","136.97330390306927939","45512.129685924206569","0","0","0","0","0","0","0","0","0","0","0","0"
"05/14/2026 07:52:44.327","50085348.831324756145","52085.963993517172639","16350.829912675128071","35735.134080842042749","1000000000","2756813.723709274549","16347.876188959946376","2.9537237151818742653","0","0","0","47328535.107615478337","35735.134080842042749","0","0","0","0","0","0","0","0","0","1","14.136511578667478872","0.14136511578667479427","0","0","14.136511578667478872","0.14136511578667479427","1.3628453432070635449e-005","0","1.3628453432070635449e-005","10370.52396400355974","0","10370.52396400355974","42594617.862486638129","0","42594617.862486638129","4107.2773189024965177","0","4107.2773189024965177","86.387790574575674896","0","0","100","11.919928906928266343","13.119298334071260115","122.03398499325868443","107864.56658638801309","264746.10581662831828","1602.2902804401915091","0","100","3500","0","8.2529728345700608116","0","0","107923.65534903485968","0","0","89.261200754349076192","91.795114457208413228","188","13050.738043265777378","0.48085322198641972102","0.19234916711392541222","115141.34770634658344","2.3081013742743330397","5.9145005391724811972","8.2048855427915849958","43144928.097011320293","10533.963342910290521","44283832.763707719743","10533.963342910290521","213219.469253262243","7212.9933124741364736","0","0","0","2137.5113952199494634","0","0","0","0","0","3.9382982869091658351","2.9537237151818742653","0","0","0","0","0","0","0","0","0","0","0","23492.933855984902038","126.02554518109330672","155.56278233291203605","46106.642619417332753","0","0","0","0","0","0","0","0","0","0","0","0"
"05/14/2026 07:52:45.311","41052452.359698534012","43721.311478742514737","14069.9414941704581","29651.369984572058456","1000000000","2327237.6462112092413","14066.89209202607708","3.0494021443802465932","0","0","0","38725214.713487319648","29651.369984572058456","0","0","0","0","0","0","0","0","0","0","11.882095045585964854","0.11882095045585965021","0","0","11.882095045585964854","0.11882095045585965021","1.3999581089168163233e-005","0","1.3999581089168163233e-005","8492.5849720989863272","0","8492.5849720989863272","38312070.529825493693","0","38312070.529825493693","4511.2378216636743673","0","4511.2378216636743673","88.540602029941496198","0","0","100","10.343451696949699681","12.414073280661064302","121.98262175156132514","93485.780461912770988","307492.43902969179908","1633.5072151647984811","0","100","3500","0","12.799198368862674258","0","0","93403.495583536932827","0","0","89.787807287110666721","87.151197453780909541","186","11114.553756914216137","0.29761490559308179105","0.14880237352382366667","99448.894487421086524","2.430503105010204834","10.366876884219704991","12.848802546219095788","35284815.176752500236","8378.7406253754579666","36191101.559931829572","8380.7735601383774338","168444.90858603897505","5696.28320570230062","0","0","0","2063.4287843639667699","0","0","0","0","0","2.0329347629201643954","2.0329347629201643954","0","0","0","0","0","0","0","0","0","0","0","22679.420215137353807","857.89846995230936955","1259.4030856290419251","44608.68750275716593","0","0","0","0","0","0","0","0","0","0","0","0"
"05/14/2026 07:52:46.311","46985622.698463991284","49072.107063216055394","15531.868775254908542","33540.238287961146852","1000000000","2632291.3300678580999","15529.869178373639443","1.9995968812687361371","0","0","0","44353331.368396133184","33540.238287961146852","0","0","0","0","0","0","0","0","0","0","18.02863042361941126","0.18028630423619410039","0","0","18.02863042361941126","0.18028630423619410039","1.4808154717910815276e-005","0","1.4808154717910815276e-005","12174.545611604700753","0","12174.545611604700753","81874822.03587757051","0","81874822.03587757051","6725.0823683994412931","0","6725.0823683994412931","84.039605639300418716","0","0","100","11.934153040868595852","14.313898074071230937","122.01333369689697861","102857.85587422379467","274644.83244704117533","1701.6998201517253619","0","100","3500","0","13.150472394591062653","0","0","102877.85234684601892","0","0","88.27469993425188477","86.849527605408937347","229","15587.250409027847127","0.39054938867052835239","0.097642346263795504191","113937.90135420112347","2.4409686728639461428","10.740248163132106285","13.150472394591062653","40435064.291038922966","9870.0102059424825711","41502385.119159974158","9871.0100043831153016","203578.95848197003943","6917.6054107491927425","0","0","0","2042.5882142160139665","0","0","0","0","0","0","0","0","0","0","0","0","0","0","0","0","0","0","22464.471162613615888","1094.7792924946329549","1160.7659895765013971","44077.114053806748416","0","0","0","0","0","0","0","0","0","0","0","0"
"05/14/2026 07:52:47.327","50234694.024292252958","52316.96744203272101","16503.262533959488792","35813.704908073232218","1000000000","2797690.5873191510327","16502.277558576977754","0.98497538251026495182","0","0","0","47437003.436973102391","35813.704908073232218","0","0","0","0","0","0","0","0","0","0","14.59516923055712212","0.14595169230557122897","0","0","14.59516923055712212","0.14595169230557122897","1.402673670263107961e-005","0","1.402673670263107961e-005","10407.249891603460128","0","10407.249891603460128","42720888.116843298078","0","42720888.116843298078","4104.9161461290932493","0","4104.9161461290932493","85.974017405108483558","0","0","100","13.901685919991679796","16.285073171039176287","122.02028718530064566","110358.11732975189807","251230.43315307595185","1673.1371479087706575","0","100","3500","0","12.148231964382262049","0","0","110310.84800479626574","0","0","86.621287725922229583","87.851768035617737951","221","14940.061018789851005","0.48085132783625761377","0.24042566391812880688","118680.47285475308308","2.6927694054551238878","9.2804562316768244301","12.052067607531247617","43289455.306643523276","10574.695706630203858","44432964.446919575334","10575.680682012714897","218885.16940296112443","7448.3838425426238246","0","0","0","2083.2229340092103484","0","0","0","0","0","0","0","0","0","0","0","0","0","0","0","0","0","0","22879.008184948434064","327.01182699340796489","442.25394674710895515","44931.622023970754526","0","0","0","0","0","0","0","0","0","0","0","0"
"05/14/2026 07:52:48.311","48987105.245677389205","51020.998919918572938","16088.480140376052077","34932.51877954252268","1000000000","2699852.1363043664023","16088.480140376052077","0","0","0","0","46287253.109373025596","34932.51877954252268","0","0","0","0","0","0","0","0","0","0","14.206732803462820414","0.14206732803462820969","0","0","14.206732803462820414","0.14206732803462820969","1.4004055677949130422e-005","0","1.4004055677949130422e-005","10142.649159204245734","0","10142.649159204245734","41644137.038911171257","0","41644137.038911171257","4105.8441818545961723","0","4105.8441818545961723","86.37035650904751094","0","0","100","13.953919087807914678","15.718851828918477764","121.98635509540083888","106945.57055142933677","260664.3989400602004","1655.7243265722220258","0","100","3500","0","10.414732021630035419","0","0","106991.28073222427338","0","0","87.150533390589174587","89.58526797836996991","200","14349.949424224405448","0.39683906303191629483","0.24802060478870555094","115239.42891122210131","2.92665126366670858","7.6886590663498290965","10.513934168175520512","42186318.819641843438","10303.127685856987227","43300470.445847943425","10304.14337273453566","208244.24913011497119","7045.8198695573655641","0","0","0","2077.0796645876912407","0","0","0","0","0","0","0","0","0","0","0","0","0","0","0","0","0","0","22850.923371097247582","675.43177357008050876","735.35729934547111952","44849.685451930890849","0","0","0","0","0","0","0","0","0","0","0","0"
"05/14/2026 07:52:49.311","48184402.47967133671","50433.26445357396733","15949.716142254786973","34483.548311319180357","1000000000","2661715.5110264453106","15948.716097352771612","1.0000449020161006342","0","0","0","45522686.96864489466","34483.548311319180357","0","0","0","0","0","0","0","0","0","0","13.678901461473360612","0.13678901461473361167","0","0","13.678901461473360612","0.13678901461473361167","1.3725536825205700457e-005","0","1.3725536825205700457e-005","9966.4474934924583067","0","9966.4474934924583067","40978223.922254107893","0","40978223.922254107893","4111.6179008629342206","0","4111.6179008629342206","86.757349541903948875","0","0","100","11.621987787940270209","13.267657243069912454","121.99661595503634715","104855.50104106454819","271964.09921422030311","1665.1032364006568969","0","100","3500","0","11.034955380397370561","0","0","104873.502157133742","0","0","89.120284976655455011","88.965054619625632881","187","12601.781310441247115","0.24414056152329152716","0.14648033690477488267","111854.935005970372","2.1972750537326235509","8.8379103271937520248","11.034945380374372448","41502719.472104296088","10122.45449820696922","42597336.62041425705","10123.4545431089864","202973.11349279581918","6851.3076237123050305","0","0","0","2100.0942942338110697","0","0","0","0","0","0","0","0","0","0","0","0","0","0","0","0","0","0","23067.035709903375391","281.01261746652426154","317.01423393910386039","45207.029795637827192","0","0","0","0","0","0","0","0","0","0","0","0"
"05/14/2026 07:52:50.311","48097847.193018108606","49994.886954717207118","15632.023877271718447","34362.863077445494127","1000000000","2649626.0479618641548","15630.024641579522722","1.9992356921948737369","0","0","0","45448221.145056240261","34362.863077445494127","0","0","0","0","0","0","0","0","0","0","18.151672805650704845","0.1815167280565070651","0","0","18.151672805650704845","0.1815167280565070651","1.4673985448666126372e-005","0","1.4673985448666126372e-005","12365.27275622529487","0","12365.27275622529487","82916397.061403423548","0","82916397.061403423548","6705.5857720291023725","0","6705.5857720291023725","83.879311913789024402","0","0","100","11.997140639875832235","14.211743057611226249","122.01020772654833024","105997.46611714203027","266742.90378282486927","1707.0558207253377532","0","100","3500","0","11.86545914980621319","0","0","106024.46700007090112","0","0","88.36565024930933987","88.183360723262111946","196","14898.487180530803016","0.14647961915299018143","0.24413936523765039643","117620.84620167079265","2.4414036523505036058","9.326145752021044899","11.816639276737884501","41435239.308012545109","10106.136424045087551","42528093.509851180017","10107.136041891184504","205525.42762901741662","6958.3398266842577868","0","0","0","2050.2162023458431577","0","0","0","0","0","4.9980892304871842313","3.9984713843897474739","0","0","0","0","0","0","0","0","0","0","0","22538.383575958909205","921.64765410183679251","992.62052117475479918","44207.099625813047169","0","0","0","0","0","0","0","0","0","0","0","0"
"05/14/2026 07:52:51.327","49205783.211243227124","51363.152858279659995","16204.90725966053833","35158.245598619127122","1000000000","2742606.1785912783816","16200.966856679464399","3.9404029810724710003","0","0","0","46463177.032651953399","35158.245598619127122","0","0","0","0","0","0","0","0","0","1","14.021316536636351913","0.14021316536636352357","0","0","14.021316536636351913","0.14021316536636352357","1.379043191942668902e-005","0","1.379043191942668902e-005","10172.150295638584794","0","10172.150295638584794","41802316.681124657393","0","41802316.681124657393","4109.4867325198529215","0","4109.4867325198529215","86.445394406144572486","0","0","100","12.579967893427605574","14.422240811896131163","122.01409971080933303","107832.61707492050482","261664.08758057741215","1652.2223572270156637","0","100","3500","0","8.2185789336611581035","0","0","107784.36981895857025","0","0","88.15859448117436159","91.733340947905986695","191","12817.031241969047187","0.096160236865723738853","0.24039074573415719627","114881.63963474660704","1.9231259658732575701","6.3463294723839629441","8.2666590520940168574","42337868.671491160989","10330.751515626750916","43455000.499446079135","10331.736616372019853","212159.17730690399185","7207.9821531268180479","0","0","0","2110.0857963643084076","0","0","0","0","0","8.8659067074130604169","6.8957052168768244726","0","0","0","0","0","0","0","0","0","0","0","23236.556379384361207","264.99210047712369942","349.71076457018182282","45586.522088027420978","0","0","0","0","0","0","0","0","0","0","0","0"
"05/14/2026 07:52:52.311","50521426.560530915856","52630.985834273866203","16581.892548970798089","36049.093285303068114","1000000000","2777427.9152653412893","16579.862071710162127","2.0304772606343961527","0","0","0","47743998.645265571773","36047.06280804243579","2.0304772606343961527","0","0","0","0","0","0","0","0","1","14.626203731457056989","0.14626203731457057544","0","0","14.626203731457056989","0.14626203731457057544","1.394940424295263058e-005","0","1.394940424295263058e-005","10480.308380764436151","0","10480.308380764436151","43014669.893636494875","0","43014669.893636494875","4104.3324614937519073","0","4104.3324614937519073","86.000113962741494333","0","0","100","14.101952799359088075","15.925796224403734769","121.9955186536043783","109406.4521712174319","254274.31466805248056","1663.7370133543843167","0","100","3500","0","10.579764625294673763","0","0","109427.78213292709552","0","0","86.983768841306670083","89.420235374705328013","235","14802.993426512086444","0.39675691696453230239","0.4463642279689554182","117833.81847146243672","3.1740959641445991579","7.3401045349147002739","10.579764625294673763","43583292.867613591254","10647.822754766773869","44734711.54684702307","10648.83799339709185","215165.61435490570148","7283.3219338955796047","0","0","0","2104.5896806475516314","0","0","0","0","0","0","0","0","0","0","0","0","0","0","0","0","0","0","23110.892180540697154","310.66302087706264956","384.77544089021807849","45428.882990803664143","0","0","0","0","0","0","0","0","0","0","0","0"
"05/14/2026 07:52:53.327","50813177.141741923988","52760.794068561059248","16513.965087601016421","36246.828980960046465","1000000000","2763670.300868078135","16511.995739907066309","1.9693476939480072385","0","0","0","48049506.840873844922","36244.859633266096353","1.9693476939480072385","0","0","0","0","0","0","0","0","0","14.750941687228966259","0.14750941687228966148","0","0","14.750941687228966259","0.14750941687228966148","1.4009960718294051435e-005","0","1.4009960718294051435e-005","10528.132771846047035","0","10528.132771846047035","43256328.228029191494","0","43256328.228029191494","4108.6419753086420315","0","4108.6419753086420315","85.900949796605800657","0","0","100","13.602241412723396152","15.990091210025697777","121.99989179050642463","110054.97332575081964","252705.87045259241131","1685.881481153233608","0","100","3500","0","14.267540109411102733","0","0","110079.59192214616633","0","0","86.892066311560981262","85.732459890588899043","228","15079.382664076791116","0.62508671912535718196","0.43274628403931852949","118561.19075227045687","3.6062452935333459969","10.770650771828528036","14.267540109411102733","43810931.986903436482","10692.573304290704982","44967187.221060357988","10693.557978137680038","213697.85696568616549","7212.7359290845770374","0","0","0","2107.2020325243679508","0","0","0","0","0","0","0","0","0","0","0","0","0","0","0","0","0","0","23166.421597757384006","370.23736646222533864","419.47105881092556956","45448.6060809321134","0","0","0","0","0","0","0","0","0","0","0","0"
"05/14/2026 07:52:54.311","39467769.665683701634","41766.537386626674561","13293.280341833597049","28473.257044793077512","1000000000","2240454.9784539476968","13290.230724870571066","3.0496169630267488948","0","0","0","37227314.687229759991","28473.257044793077512","0","0","0","0","0","0","0","0","0","0","38.407128064427425329","0.38407128064427425995","0","0","38.407128064427425329","0.38407128064427425995","1.6518187775787496592e-005","0","1.6518187775787496592e-005","23267.560888906416949","0","23267.560888906416949","257914775.60765904188","0","257914775.60765904188","11084.736248853161669","0","11084.736248853161669","71.21164884945152096","0","0","100","11.799109653385690066","14.011814402226029586","122.0112656920050398","90974.113579894750728","311314.33722968370421","1640.5734225683374916","0","100","3500","0","9.9737295247290020939","0","0","90920.274328256287845","0","0","88.471923016871684808","90.026270475270990801","205","25379.620055385352316","0.29760879858262756503","0.64481059831487408385","114015.28161128486681","2.6784690289066652724","7.1921736921217327421","9.9737295247290020939","33935511.376545250416","8010.3272228835930946","34801757.107970975339","8011.3437618712687254","164756.57296650778153","5583.8486593019770226","0","0","0","1980.2179479920355334","0","0","0","0","0","0","0","0","0","0","0","0","0","0","0","0","0","0","21775.281654998660088","1621.3796853425546942","2030.0283583881391678","42897.945279909596138","0","0","0","0","0","0","0","0","0","0","0","0"
"05/14/2026 07:52:55.311","49589296.086458176374","51627.260928401396086","16268.162792740249643","35359.0981356611519","1000000000","2778457.5191716216505","16266.164369695872665","1.9984230443756831885","0","0","0","46810838.567286558449","35357.099712616771285","1.9984230443756831885","0","0","0","0","0","0","0","0","0","15.961087685182176799","0.15961087685182176465","0","0","15.961087685182176799","0.15961087685182176465","1.4163996096176026642e-005","0","1.4163996096176026642e-005","11262.113066579162478","0","11262.113066579162478","55039576.270365051925","0","55039576.270365051925","4887.1447076568183547","0","4887.1447076568183547","85.143144229014765756","0","0","100","12.276498396218114451","13.858008110896918197","122.00574599329634395","107672.62698354377062","263467.57524819602259","1672.6679754068818511","0","100","3500","0","9.0023420374476081918","0","0","107737.61408360440691","0","0","88.675876514388406235","91.046478320531704753","263","13835.253702140125824","0.097630717933208183146","0.19528143191719635197","115896.9944466023444","1.8551036170356354216","7.1763226762714360518","8.9535216794683023522","42728071.278953775764","10412.783272719496381","43854082.743307255208","10413.78248424168487","217280.5439227905299","7408.154225500657958","0","0","0","2106.3378887719700288","0","0","0","0","0","3.9968460887513663771","2.9976345665635246718","0","0","0","0","0","0","0","0","0","0","0","23163.721507358543022","420.66805084108131041","473.62626151703693722","45419.15974104833731","0","0","0","0","0","0","0","0","0","0","0","0"
"05/14/2026 07:52:56.327","47862725.656980507076","49998.246712388732703","15801.258348308510904","34196.9883640802218","1000000000","2688199.6651811655611","15800.273355268471278","0.98499304003917909078","0","0","0","45174525.991799339652","34195.01837800013891","1.9699860800783581816","0","0","0","0","0","0","0","0","0","14.917982576221644919","0.14917982576221644475","0","0","14.917982576221644919","0.14917982576221644475","1.405160482374768158e-005","0","1.405160482374768158e-005","10618.224971622350495","0","10618.224971622350495","50282365.984801948071","0","50282365.984801948071","4735.4775510204081002","0","4735.4775510204081002","85.960257791556770712","0","0","100","11.967827535293274366","13.229573707357735302","121.99721027548530117","104545.66583835077472","272867.14732420368819","1683.0911677993638023","0","100","3500","0","8.9215910277192893574","0","0","104492.48449074329983","0","0","89.137428426797868042","91.03031926523102868","188","13245.11007357147173","0.19235882819870908644","0.28852839390423812294","112353.47553894373414","1.8754197877868097333","7.0689111812754461539","8.9215910277192893574","41152300.017848074436","10044.959022319548239","42238534.582514636219","10045.944015359587866","207746.85206074334565","7064.3700831609921806","0","0","0","2097.0501822434121095","0","0","0","0","0","0","0","0","0","0","0","0","0","0","0","0","0","0","23047.852143876749324","631.38053866511381784","674.72023242683769695","45157.005920596166106","0","0","0","0","0","0","0","0","0","0","0","0"
"05/14/2026 07:52:57.311","46107009.813232935965","48399.657944481055893","15405.290408607714198","32994.367535873345332","1000000000","2611201.8004717426375","15402.244680966628948","3.0457276410849574155","0","0","0","43495808.012761190534","32992.337050779286074","2.030485094056638129","0","0","0","0","0","0","0","0","0","14.985723341070311676","0.14985723341070311676","0","0","14.985723341070311676","0.14985723341070311676","1.4277753048190439109e-005","0","1.4277753048190439109e-005","10491.516480990649143","0","10491.516480990649143","51905566.605342634022","0","51905566.605342634022","4947.3845558351076761","0","4947.3845558351076761","86.065832597909093238","0","0","100","11.769898029656713945","13.793847653869590886","121.98278117139777521","102049.58400357179926","278158.34478090348421","1698.1518785602027037","0","100","3500","0","11.17913228099194356","0","0","102066.84990185860079","0","0","88.727274426198974311","88.820867719008049335","218","13235.834498442920449","0.19836902895866873053","0.099179436167190618279","110136.11824824663927","2.1324949920224796074","9.0755024151944727606","11.228727077387690159","39622557.186835996807","9660.0328349744559091","40667172.731234945357","9661.0480775214837195","200607.86632260773331","6831.5670989535592525","0","0","0","2038.6070344328647934","0","0","0","0","0","0","0","0","0","0","0","0","0","0","0","0","0","0","22423.662136214483326","1056.8674914564801384","1153.3155334241705532","43979.291894719754055","0","0","0","0","0","0","0","0","0","0","0","0"
"05/14/2026 07:52:58.327","43059384.35062854737","45510.290134992726962","14537.571690819144351","30972.718444173580792","1000000000","2471329.0883584609255","14534.617500270309392","2.9541905488354287534","0","0","0","40588055.262270085514","30972.718444173580792","0","0","0","0","0","0","0","0","0","0","42.09224777794005945","0.42092247777940056119","0","0","42.09224777794005945","0.42092247777940056119","1.6249859326286974018e-005","0","1.6249859326286974018e-005","25900.373271823147661","0","25900.373271823147661","254523100.09605059028","0","254523100.09605059028","9827.0050946696064784","0","9827.0050946696064784","68.279765006407828309","0","0","100","13.626862896490868238","16.581261522461907987","122.02469994781701246","99346.823882749551558","278273.71665890235454","1688.0175278067401905","0","100","3500","0","13.153661239598779531","0","0","99398.035616381966975","0","0","86.405624829438792744","86.846338760401224022","480","28793.797234822442988","0.96175105345402034374","0.57705457141481186767","125370.26329626489314","4.1355413478794869064","8.8962169411616862646","13.105571717254882458","36993539.973053842783","8789.7016129683452164","37944048.812681280077","8790.6863431512902025","186082.49321077775676","6362.3417120085687202","0","0","0","2049.223510708842241","0","0","0","0","0","0","0","0","0","0","0","0","0","0","0","0","0","0","22506.993061394186952","873.45567227234175789","1266.3630152674538749","44223.247785883424513","0","0","0","0","0","0","0","0","0","0","0","0"
"05/14/2026 07:52:59.311","51221803.202345594764","53371.071214256167877","16906.616738048691332","36464.454476207480184","1000000000","2865702.5425595687702","16906.616738048691332","0","0","0","0","48356100.65978603065","36464.454476207480184","0","0","0","0","0","0","0","0","0","0","16.429801509917595581","0.16429801509917596469","0","0","16.429801509917595581","0.16429801509917596469","1.4369640159928919132e-005","0","1.4369640159928919132e-005","11441.523142729722167","0","11441.523142729722167","55658595.115145638585","0","55658595.115145638585","4864.6141270546422675","0","4864.6141270546422675","84.570217182210456031","0","0","100","14.49968060569513284","16.213708110989927036","122.00177335322750594","110876.97811930516036","250274.2169889123179","1690.3898593674873609","0","100","3500","0","10.763577494515285338","0","0","110768.28117522323737","0","0","86.664436479069479446","89.286027756184765281","250","15845.373212989223248","0.5952426908699925967","0.099210501400081030354","119730.19183588428132","3.224219390319672307","7.5893189116792880711","10.763577494515285338","44117285.218822814524","10779.734465171566626","45282968.537996985018","10780.751037640933646","224483.59897557960358","7648.6912595200737996","0","0","0","2124.6364609777983787","0","0","0","0","0","0","0","0","0","0","0","0","0","0","0","0","0","0","23361.851918531476258","198.23163152663667574","254.14311734184190072","45905.362999222219514","0","0","0","0","0","0","0","0","0","0","0","0"
"05/14/2026 07:53:00.327","49957146.794630847871","51956.975846598950739","16380.878517297605867","35576.097329301344871","1000000000","2792282.4841388091445","16376.939622553440131","3.9388947441653394677","0","0","0","47164864.310492038727","35576.097329301344871","0","0","0","0","0","0","0","0","0","0","15.894315367221459212","0.15894315367221459323","0","0","15.894315367221459212","0.15894315367221459323","1.4249973516949152939e-005","0","1.4249973516949152939e-005","11154.949915476241586","0","11154.949915476241586","54164907.539861857891","0","54164907.539861857891","4855.6836158192090807","0","4855.6836158192090807","85.08127901899013068","0","0","100","13.225552207016388451","15.265999864518070339","122.00157385140325061","109131.26343181089032","256461.69915303922608","1723.0526624954352428","0","100","3500","0","13.219578645863339972","0","0","109158.83227441081544","0","0","87.480800881049887607","86.732351555449866964","206","14983.665953060304673","0.38461746749356173769","0.19230873374678086885","117736.68072907380702","2.9808198352413066701","10.24057053593099198","13.267648444550129483","43045825.199925988913","10520.787861665621676","44183511.924462236464","10521.77258535166402","218663.80282759465626","7439.5874480422853594","0","0","0","2110.2628591865804992","0","0","0","0","0","0","0","0","0","0","0","0","0","0","0","0","0","0","23188.273358901355095","492.36184302066743612","550.46054049710619438","45434.166150261153234","0","0","0","0","0","0","0","0","0","0","0","0"
"05/14/2026 07:53:01.311","48885542.982587128878","51158.74142994574504","16254.785973402737","34903.95545654300804","1000000000","2758994.1760709965602","16252.754252138640368","2.0317212640963360215","0","0","0","46126548.806516133249","34903.95545654300804","0","0","0","0","0","0","0","0","0","1","15.754717767013351803","0.1575471776701335147","0","0","15.754717767013351803","0.1575471776701335147","1.4161455574833348129e-005","0","1.4161455574833348129e-005","11124.689781559487528","0","11124.689781559487528","53455919.26752384752","0","53455919.26752384752","4805.1604419687701011","0","4805.1604419687701011","85.277492819144015357","0","0","100","11.885961219304848058","13.418400105331086181","122.0043292601841074","106466.43710488827492","267579.19299116259208","1652.934207122917087","0","100","3500","0","9.9682593670118890827","0","0","106482.69214318819286","0","0","89.020457490165625813","90.031730474035029488","182","13670.487210231083736","0.049606167866134254218","0.14880834464532757822","114507.6013638789882","2.2321962823514400753","7.8374697542569569109","9.9682695259649669595","42070872.532855473459","10267.303408110834425","43181147.252046197653","10268.319268742881832","213810.21894844202325","7287.7841743135577417","0","0","0","2109.9425327640451542","0","0","0","0","0","0","0","0","0","0","0","0","0","0","0","0","0","0","23218.510606092928356","451.0421206293866021","493.70826717540967365","45563.381068624432373","0","0","0","0","0","0","0","0","0","0","0","0"
"05/14/2026 07:53:02.311","48296974.402482107282","50354.133743418889935","15878.150195502223141","34475.983547916664975","1000000000","2691577.4312292616814","15876.150428475080844","1.9997670271413379162","0","0","0","45605396.971252843738","34475.983547916664975","0","0","0","0","0","0","0","0","0","0","18.487448052832878176","0.18487448052832877732","0","0","18.487448052832878176","0.18487448052832877732","1.4502752725276448484e-005","0","1.4502752725276448484e-005","12749.514681539600133","0","12749.514681539600133","75750791.032844662666","0","75750791.032844662666","5941.4646694376915548","0","5941.4646694376915548","83.678484762780811934","0","0","100","11.452891091991252992","13.819707635733125883","121.98009008881797399","104825.2045163193543","270719.63773023401154","1713.5292935030745411","0","100","3500","0","12.279640989327788247","0","0","104794.21302968074451","0","0","88.664053175184207589","87.769175776446999748","188","15060.862780994058994","0.19526706309919381055","0.14645029732439535097","115458.28360949245689","2.2454812500331158276","9.9582403210489633949","12.230824223552993146","41603389.205157592893","10137.81894409301276","42699665.488970533013","10138.818827606583","208627.69487354721059","7087.1743441889011592","0","0","0","2073.7584071455671619","0","0","0","0","0","3.9995340542826758323","2.9996505407120066522","0","0","0","0","0","0","0","0","0","0","0","22802.343526979104354","564.9341851674279269","641.92521571236943601","44730.788863097448484","0","0","0","0","0","0","0","0","0","0","0","0"
"05/14/2026 07:53:03.327","42913434.638406984508","45540.930298609739111","14635.098313789852909","30905.831984819888021","1000000000","2475986.8161098076962","14632.145903397722577","2.9524103921302913278","0","0","0","40437447.822297178209","30905.831984819888021","0","0","0","0","0","0","0","0","0","0","12.14132089811010573","0.12141320898110105619","0","0","12.14132089811010573","0.12141320898110105619","1.3925787868519146675e-005","0","1.3925787868519146675e-005","8712.5630671764902218","0","8712.5630671764902218","36375963.482226341963","0","36375963.482226341963","4175.1162317858352253","0","4175.1162317858352253","88.286473917555227331","0","0","100","12.004014412813349466","13.83443855726919125","122.0234564984783816","99583.28630852176866","284824.57647221616935","1685.9995268959273744","0","100","3500","0","10.077705044638330278","0","0","99674.87389964403701","0","0","88.707345467136789807","89.874206323374423278","212","12096.455717793618533","0.09616741580082344143","0.19234467977530800287","106160.85105159296654","1.9234763422740637218","8.2228409282612737741","10.125793676625571393","36841692.443669736385","8850.342218809237238","37798757.606024257839","8851.3263556066140154","185714.48675937432563","6337.8409751063582007","0","0","0","2072.5920952754645441","0","0","0","0","0","0.98413679737676373893","0","0","0","0","0","0","0","0","0","0","0","0","22736.512429795373464","547.18005934148061442","931.97754711579523246","44726.06503038178198","0","0","0","0","0","0","0","0","0","0","0","0"
"05/14/2026 07:53:04.311","51499208.947546757758","53381.820338864607038","16788.026383041655208","36593.793955822948192","1000000000","2856259.0247830599546","16784.979185610078275","3.0471974315782288656","0","0","0","48642949.922763697803","36593.793955822948192","0","0","0","0","0","0","0","0","0","0","15.013419859767038744","0.15013419859767038189","0","0","15.013419859767038744","0.15013419859767038189","1.4018819958262190698e-005","0","1.4018819958262190698e-005","10707.851774565895539","0","10707.851774565895539","46750866.82609603554","0","46750866.82609603554","4366.0360462910266506","0","4366.0360462910266506","85.621763131855971096","0","0","100","14.805279943302622314","16.752308207465588907","121.96096042790874492","113309.22151566778484","243651.02139641658869","1693.4415659549774773","0","100","3500","0","11.40756144589084542","0","0","113278.74566265119938","0","0","86.265276392221551305","88.592438554109151028","228","15317.163726136262994","0.49603702702867441543","0.29762424799006870213","121552.93975665437756","3.4226636135893091506","7.9862083257988425444","11.40756144589084542","44401172.886606059968","10849.038588895688008","45574356.086553409696","10850.054321372879713","225305.71516098547727","7663.7015404192452479","0","0","0","2098.503297880206901","0","0","0","0","0","0","0","0","0","0","0","0","0","0","0","0","0","0","23084.55200915946989","375.82101656131487744","433.71776776130121789","45300.652750319139159","0","0","0","0","0","0","0","0","0","0","0","0"
"05/14/2026 07:53:05.327","50634484.252821490169","52561.501644639654842","16479.880246597465884","36081.621398042188957","1000000000","2779351.401390557643","16477.910618266334495","1.9696283311339151112","0","0","0","47855132.851430937648","36081.621398042188957","0","0","0","0","0","0","0","0","0","0","15.895556659221515616","0.15895556659221515838","0","0","15.895556659221515616","0.15895556659221515838","1.4309173905335933943e-005","0","1.4309173905335933943e-005","11110.673415926414236","0","11110.673415926414236","54678143.034409403801","0","54678143.034409403801","4921.2267328487860141","0","4921.2267328487860141","85.01858793160964467","0","0","100","14.55672738843870917","17.010984423636752894","122.02239750485919956","112045.28129182914563","245887.19179346534656","1665.0429789834354324","0","100","3500","0","12.498301505348729634","0","0","112004.9106459756149","0","0","86.054728746957977137","87.501708340997069513","223","15546.637253204886292","0.48077737293979982969","0.24038868646989991484","120666.87580630517914","2.9327537905477445435","9.5674972912702695993","12.498291659002925158","43637702.625514566898","10656.674085600046965","44790073.073211088777","10657.658899765614478","216111.55974867544137","7323.0781351558962342","0","0","0","2107.5023143132889345","0","0","0","0","0","3.9392566622678302224","2.9544424967008726668","0","0","0","0","0","0","0","0","0","0","0","23186.464714108449698","208.78060310019500889","266.88463886864548158","45488.566307537766988","0","0","0","0","0","0","0","0","0","0","0","0"
"05/14/2026 07:53:06.311","49944225.674783073366","52074.935153990030813","16453.700268934786436","35621.234885055244376","1000000000","2810256.2414379846305","16449.636121653340524","4.0641472814461616636","0","0","0","47133969.433345086873","35621.234885055244376","0","0","0","0","0","0","0","0","0","0","19.486108471575853684","0.19486108471575852574","0","0","19.486108471575853684","0.19486108471575852574","1.454985968904057628e-005","0","1.454985968904057628e-005","13396.445476466909895","0","13396.445476466909895","77357434.539541766047","0","77357434.539541766047","5774.474630261661332","0","5774.474630261661332","82.896573342067412682","0","0","100","12.486198971464979479","14.771758846896515749","122.03042672610575892","109635.84023519643233","256445.36349907817203","1659.7178256233819411","0","100","3500","0","11.320394797051935853","0","0","109644.98188784674858","0","0","87.864974930819911947","88.828392038685393572","222","15935.932047861224419","0.64476665565933910518","0.049598997740670683343","120758.1842930765124","2.8766301366273108187","8.2331187429259458099","11.122008963573936313","42992671.428018413484","10485.499986131097103","44126544.134658202529","10486.516022951458581","220008.54893380650901","7504.4479551903377796","0","0","0","2119.4528072741732103","0","0","0","0","0","4.0641472814461616636","3.0481104610846210257","0","0","0","0","0","0","0","0","0","0","0","23288.579959506867453","221.49602683881579424","247.91298416821587125","45700.320143041724805","0","0","0","0","0","0","0","0","0","0","0","0"
"05/14/2026 07:53:07.327","44849245.976196624339","47467.052805458377406","15276.231726228961634","32190.821079229415773","1000000000","2571787.0087796463631","15273.276180299730186","2.9555459292329993026","0","0","0","42277458.967416979373","32190.821079229415773","0","0","0","0","0","0","0","0","0","0","12.772619322760302651","0.1277261932276030354","0","0","12.772619322760302651","0.1277261932276030354","1.3813141640042598347e-005","0","1.3813141640042598347e-005","9250.8587584992874326","0","9250.8587584992874326","38024682.552200607955","0","38024682.552200607955","4110.3948881789137886","0","4110.3948881789137886","87.555742481233551189","0","0","100","11.729441073260355566","13.605607703422640142","121.99984456690688717","101652.51437017184799","279624.21893921046285","1637.6348377613974208","0","100","3500","0","10.805954175876863133","0","0","101651.52962282502267","0","0","88.820120065501015461","88.905546325799306828","192","11868.175023872736347","0.24041460736859843195","0.28849949832382354442","108212.90119468563353","2.4522309646412092654","8.6068606691293716437","11.142538565155913233","38519232.082175210118","9397.6508729845263588","39535478.816666401923","9398.6360549609380541","194553.73670164422947","6614.5117896234523869","0","0","0","2103.3635196374843872","0","0","0","0","0","0","0","0","0","0","0","0","0","0","0","0","0","0","23100.546982885123725","309.3471405930539504","579.28700212966782601","45405.066928830157849","0","0","0","0","0","0","0","0","0","0","0","0"
"05/14/2026 07:53:08.311","47854574.281867258251","49767.731974930378783","15589.084798510722976","34178.647176419653988","1000000000","2599095.6950353565626","15588.069751968301716","1.0150465424215864285","0","0","0","45255478.586831904948","34178.647176419653988","0","0","0","0","0","0","0","0","0","0","13.618513806823992596","0.13618513806823992485","0","0","13.618513806823992596","0.13618513806823992485","1.3709077898180331448e-005","0","1.3709077898180331448e-005","9929.1852779679575178","0","9929.1852779679575178","42545034.316185981035","0","42545034.316185981035","4284.8464526681664211","0","4284.8464526681664211","86.875938796295457678","0","0","100","11.502358065265527287","13.277289955113094067","122.00265715266685618","103309.7126442851004","275993.60870120552136","1673.4593410307047634","0","100","3500","0","11.289664286292410367","0","0","103325.95982235335396","0","0","89.146984208774796343","88.710335713707593186","207","12569.223133057077575","0.29752054701453256591","0.24793209662466458854","110376.21965534861374","2.2809773200118494962","9.0743411403068794385","11.289664286292410367","41245161.653774730861","10062.156375025186207","42333255.005575142801","10063.171421567607467","198693.33058594068279","6690.1717611006761217","0","0","0","2043.2886898946533165","0","0","0","0","0","4.0601861696863457141","3.0451396272647590635","0","0","0","0","0","0","0","0","0","0","0","22474.145495756343735","969.36944801261495286","1046.5129852366555951","44122.043105981516419","0","0","0","0","0","0","0","0","0","0","0","0"
"05/14/2026 07:53:09.327","50739802.551745660603","52817.289841871199314","16580.752222849092504","36236.53761902210681","1000000000","2751418.927863385994","16580.752222849092504","0","0","0","0","47988383.623882271349","36236.53761902210681","0","0","0","0","0","0","0","0","0","0","15.971203436377582108","0.15971203436377581775","0","0","15.971203436377582108","0.15971203436377581775","1.4220459528194333274e-005","0","1.4220459528194333274e-005","11231.455245167411704","0","11231.455245167411704","54476239.705238074064","0","54476239.705238074064","4850.3278084714547731","0","4850.3278084714547731","84.989299239822017284","0","0","100","13.107546319352946895","15.59295233472233555","121.99637529281223181","110833.01813941028377","251885.39303871724405","1667.5728491954675974","0","100","3500","0","14.443923417049331803","0","0","110848.77783556333452","0","0","87.222034593264254454","85.55607658295066642","221","14934.282067041747723","0.28855462371431073176","0.33663885325908543544","119045.78979717272159","3.3183732480700069978","11.109308691199865748","14.395829338215426318","43791218.445944026113","10695.639086843191762","44947805.202459707856","10696.624043016581709","210946.09374261283665","7097.5941854491238701","0","0","0","2135.3849839097561016","0","0","0","0","0","0","0","0","0","0","0","0","0","0","0","0","0","0","23495.144560047654522","110.31509141969219456","145.77351366173610359","46089.054221443366259","0","0","0","0","0","0","0","0","0","0","0","0"
"05/14/2026 07:53:10.311","34453779.685864552855","38300.900733979549841","13085.590856786222503","25215.309877193325519","1000000000","2144807.7773226974532","13085.590856786222503","0","0","0","0","32308971.908541858196","25215.309877193325519","0","0","0","0","0","0","0","0","0","0","12.34829070725914768","0.12348290707259147736","0","0","12.34829070725914768","0.12348290707259147736","1.4997211597779149813e-005","0","1.4997211597779149813e-005","8233.093766049707483","0","8233.093766049707483","44207802.677172519267","0","44207802.677172519267","5369.5249845774214918","0","5369.5249845774214918","88.576741054294629407","0","0","100","13.720616943014530165","15.084711821815362853","122.00564020983158287","88493.489468514861073","316890.08724601077847","1650.8463101705542613","0","100","3500","0","9.2749832328659849168","0","0","88499.584901044712751","0","0","87.648295928893134032","90.725016767134007978","230","12673.42013500163921","0.59524595623051657078","0.39683402376066956307","96075.191630239685765","3.1746315548014547581","6.0516401314876517858","9.3245887556886906111","29319923.091425634921","7100.4719833050530724","30087797.996346354485","7101.4877875945103369","148392.75382104940945","5047.5315143122761583","0","0","0","2048.8772518349487655","0","0","0","0","0","4.0632171578283564628","3.0474128683712673471","0","0","0","0","0","0","0","0","0","0","0","22516.317880105838412","504.85473186017333092","1135.6691956130257495","44479.022422457564971","0","0","0","0","0","0","0","0","0","0","0","0"
"05/14/2026 07:53:11.311","47380159.20489577949","49659.003839082623017","15757.443599094944148","33901.560239987673413","1000000000","2640566.639792421367","15756.443317015398861","1.0002820795464320014","0","0","0","44739592.56510335952","33901.560239987673413","0","0","0","0","0","0","0","0","0","0","16.779836738366483928","0.16779836738366482596","0","0","16.779836738366483928","0.16779836738366482596","1.4325520655513827512e-005","0","1.4325520655513827512e-005","11719.304843965997861","0","11719.304843965997861","61117267.069313548505","0","61117267.069313548505","5215.0932058723110458","0","5215.0932058723110458","84.718181227411562872","0","0","100","14.6078245999638483","16.83964001145360001","122.00607346106146167","107301.06743207454565","257042.05675411212724","1687.5764183190019594","0","100","3500","0","11.25131594075392627","0","0","107246.08123361036996","0","0","86.151194469299724688","88.748674061595522744","191","15621.07910914360582","0.1952641129334606318","0.43934675351292445944","117358.5430057055637","3.2218928551790328996","7.9571100791314046674","11.251325938404477256","40810764.635627247393","9946.8049990097206319","41886387.961405113339","9947.8052810892677371","202409.07936037963373","6857.9339373703387537","0","0","0","2072.5844688202073485","0","0","0","0","0","0","0","0","0","0","0","0","0","0","0","0","0","0","22759.41815591996783","492.13878313684460863","646.1822233869951333","44681.60021125957428","0","0","0","0","0","0","0","0","0","0","0","0"
"05/14/2026 07:53:12.327","44604154.140470162034","47235.185581005978747","15216.036708307052322","32019.148872698926425","1000000000","2541934.6784552638419","15212.098555810563994","3.9381524964883989348","0","0","0","42062219.462014898658","32019.148872698926425","0","0","0","0","0","0","0","0","0","0","12.680500073174041376","0.12680500073174041931","0","0","12.680500073174041376","0.12680500073174041931","1.3757474089112083128e-005","0","1.3757474089112083128e-005","9214.2923036587308161","0","9214.2923036587308161","39036227.753991886973","0","39036227.753991886973","4236.4868041457420986","0","4236.4868041457420986","87.743604066782793893","0","0","100","11.503519323583958567","12.73850015520634571","122.00473869278481232","99524.021970034955302","287971.23802738857921","1628.9419854380073502","0","100","3500","0","7.0455670417025046959","0","0","99561.446271997861913","0","0","89.591686877343562401","93.002532826387252385","196","11823.124870122899665","0.24044024970173946687","0.19235023006982360227","105904.86545471020509","1.5869115571061842562","5.5782354596876029262","6.9974671736127476152","38293460.687934204936","9335.3904929257496406","39302966.698884040117","9336.3750310498726321","190638.08605001043179","6472.3536279786840169","0","0","0","2081.3135943941188089","0","0","0","0","0","0","0","0","0","0","0","0","0","0","0","0","0","0","22863.928856487524172","459.7793039650205742","672.43953877539411224","44878.201311857672408","0","0","0","0","0","0","0","0","0","0","0","0"
"05/14/2026 07:53:13.311","49006747.600202910602","50836.148813433661417","15912.272458263691078","34923.8763551699667","1000000000","2707099.3590785819106","15909.223935537156649","3.0485227265336911628","0","0","0","46299648.241124324501","34923.8763551699667","0","0","0","0","0","0","0","0","0","1","15.29221603142414132","0.15292216031424141209","0","0","15.29221603142414132","0.15292216031424141209","1.4093352682333114886e-005","0","1.4093352682333114886e-005","10853.757080702118401","0","10853.757080702118401","53468259.594310723245","0","53468259.594310723245","4926.2443591424025726","0","4926.2443591424025726","85.658651543808687734","0","0","100","11.620213991876564563","13.376493075251479681","122.00638944481505632","105841.61132569343317","269224.42763479979476","1631.5051569683707839","0","100","3500","0","9.2747989006507935983","0","0","105779.64257440135407","0","0","89.012715009343096995","90.675595475739569906","199","13372.043823894560774","0.19841233559692639243","0.099211247219271075926","113337.79846969692153","1.537713378849007384","7.6389714294770163505","9.3244045242604318702","42197708.486436918378","10297.909770230809954","43311297.256166957319","10298.925944472986885","211343.91888815903803","7174.1901497759536142","0","0","0","2070.9631055585541617","0","0","0","0","0","6.0970454530673823257","5.0808712108894855675","0","0","0","0","0","0","0","0","0","0","0","22769.416244480140449","581.25166652575717308","625.96333318158463044","44696.424042194805224","0","0","0","0","0","0","0","0","0","0","0","0"
"05/14/2026 07:53:14.311","47636262.892447777092","49977.17770517153258","15981.103319781877872","33996.074385389656527","1000000000","2702102.739404973574","15979.104432562393413","1.9988872194849127695","0","0","0","44934160.153042800725","33996.074385389656527","0","0","0","0","0","0","0","0","0","0","15.293884877485400153","0.15293884877485400264","0","0","15.293884877485400153","0.15293884877485400264","1.4134186454772244506e-005","0","1.4134186454772244506e-005","10816.978188242605029","0","10816.978188242605029","52133537.259807467461","0","52133537.259807467461","4819.6026979580519765","0","4819.6026979580519765","85.689477179189864842","0","0","100","10.878253442186620603","12.922333265086757947","122.00119277690542674","103940.84242578684643","275312.45659763965523","1678.5452820830835208","0","100","3500","0","13.447792801628576598","0","0","103930.84513405317557","0","0","89.42190200311569015","86.55220719837141985","195","13360.38067287571721","0.43934815909672136902","0.097637367658176835161","111746.72781143587781","2.4896628961406745972","11.081411328853970844","13.447792801628576598","41002062.151999980211","10022.420518497352532","42085866.7979535833","10023.419962107094761","208819.75004514987813","7106.0440652688648697","0","0","0","2089.836587971476547","0","0","0","0","0","0","0","0","0","0","0","0","0","0","0","0","0","0","22952.222497735510842","736.58994038019034178","778.5665719893735286","45019.937400848946709","0","0","0","0","0","0","0","0","0","0","0","0"
"05/14/2026 07:53:15.327","50623814.710783526301","52511.217651994753396","16439.424679228337482","36071.792972766415915","1000000000","2798401.3614821876399","16436.470073786345893","2.9546054419892771037","0","0","0","47825413.349301338196","36071.792972766415915","0","0","0","0","0","0","0","0","0","0","18.236569022072529833","0.18236569022072529611","0","0","18.236569022072529833","0.18236569022072529611","1.4402496694407715747e-005","0","1.4402496694407715747e-005","12662.454055885378693","0","12662.454055885378693","67291509.251854509115","0","67291509.251854509115","5314.2549583884265303","0","5314.2549583884265303","83.746140534904057517","0","0","100","13.355846755129700654","15.264867463044094364","122.00962483307716866","109926.75587593301316","254633.24672764900606","1666.4074805543937146","0","100","3500","0","11.614455206667207321","0","0","109951.37773587027914","0","0","87.485558551548450623","88.433634533534927868","213","16514.373897125340591","0.38470807321655559052","0.43278796501808708408","120634.31032545273774","3.1257050839315168034","8.2230304257473427754","11.566365466465066802","43631785.251397527754","10652.337486852005895","44783687.426381081343","10653.322355332669758","219196.26853030046914","7451.5149246969567685","0","0","0","2097.7698638123865749","0","0","0","0","0","0","0","0","0","0","0","0","0","0","0","0","0","0","23075.468501936251414","263.94475281770871788","325.00659861882047608","45247.812607104453491","0","0","0","0","0","0","0","0","0","0","0","0"
"05/14/2026 07:53:16.311","51613285.176345236599","53449.217858695024916","16728.024429051780317","36721.193429643244599","1000000000","2830113.3291653809138","16725.99260293383486","2.0318261179462870913","0","0","0","48783171.847179852426","36721.193429643244599","0","0","0","0","0","0","0","0","0","0","14.931771732502848948","0.14931771732502849281","0","0","14.931771732502848948","0.14931771732502849281","1.396370891126733848e-005","0","1.396370891126733848e-005","10693.500858751309352","0","10693.500858751309352","43929576.09402153641","0","43929576.09402153641","4108.0630818924564664","0","4108.0630818924564664","85.668233915852113114","0","0","100","14.264303928308491365","15.980648558515072821","122.00131516911089591","111853.45309227140388","248588.60943387664156","1712.6801310819953414","0","100","3500","0","10.861502133269883785","0","0","111881.89617867133347","0","0","86.904543004400636619","89.088891900441851135","222","15121.563719624307851","0.79366498387679118576","0.19841370624124934907","119796.18496945415973","3.571497506901456731","7.5894182336618793983","10.911108099558152418","44501153.162913240492","10862.142426540851375","45675743.714393518865","10863.158339599824103","221367.45555024797795","7509.6293319294773028","0","0","0","2121.2264671359234853","0","0","0","0","0","0","0","0","0","0","0","0","0","0","0","0","0","0","23318.252442610562866","96.511740602448639947","129.0209584895892192","45778.058350388819235","0","0","0","0","0","0","0","0","0","0","0","0"
"05/14/2026 07:53:17.327","42711671.019053153694","45391.377056224453554","14679.827343411072434","30711.549712813382939","1000000000","2462054.8765009921044","14678.842714841523048","0.98462856954933741793","0","0","0","40249616.142552159727","30711.549712813382939","0","0","0","0","0","0","0","0","0","0","13.8587460347296485","0.13858746034729649277","0","0","13.8587460347296485","0.13858746034729649277","1.4513229531862239616e-005","0","1.4513229531862239616e-005","9548.9278674894740107","0","9548.9278674894740107","48598115.381532736123","0","48598115.381532736123","5089.3792534543208603","0","5089.3792534543208603","87.099762101010142601","0","0","100","12.85921062789602054","14.898616211889896377","122.00216746226293196","98288.950471215081052","285867.3376753507182","1693.6014947805565498","0","100","3500","0","13.507406613495421155","0","0","98245.625781813723734","0","0","87.779597284007053304","86.492593386504580621","177","13668.939506130051086","0.67309039560984251782","0.43271011169663303741","105843.20085956185358","3.7020119454615509902","9.7598648915699115491","13.507406613495421155","36647516.953827023506","8876.4265544872760074","37607407.715195000172","8877.4111830568253936","184322.46821963597904","6269.1301023206315222","0","0","0","2046.0581675235232524","0","0","0","0","0","0","0","0","0","0","0","0","0","0","0","0","0","0","22526.332414149743272","812.31856987820333416","1163.8309692073169117","44240.346258421282982","0","0","0","0","0","0","0","0","0","0","0","0"
"05/14/2026 07:53:18.311","46854324.259366370738","48877.481840587242914","15428.364664453385558","33449.117176133862813","1000000000","2582110.7360004452057","15425.317186576550739","3.0474778768343533386","0","0","0","44272213.523365929723","33449.117176133862813","0","0","0","0","0","0","0","0","0","1","15.077434291327666216","0.15077434291327665439","0","0","15.077434291327666216","0.15077434291327665439","1.4136555862463090355e-005","0","1.4136555862463090355e-005","10665.156742961291457","0","10665.156742961291457","51415291.390692152083","0","51415291.390692152083","4820.865987236879846","0","4820.865987236879846","85.864343451684959518","0","0","100","11.63885985856316907","13.209514072980883981","122.01309171708679457","101586.17545450777106","280870.77970779704629","1648.710653413593036","0","100","3500","0","8.6812957964532149191","0","0","101587.19129594549304","0","0","89.182157757702029244","91.318694044899189066","189","13115.528802355451262","0","0.29760774007677903708","109369.55255029024556","1.3888801411645670392","7.3412177983569399942","8.6813059551008038284","40370089.776666603982","9838.274412380236754","41433980.556684814394","9839.2902383391810872","197151.50211200374179","6655.691683006227322","0","0","0","2048.9209591916301179","0","0","0","0","0","4.0633038357791377848","3.0474778768343533386","0","0","0","0","0","0","0","0","0","0","0","22489.370905078580108","1109.2819471677046295","1165.152374909667742","44113.258093136209936","0","0","0","0","0","0","0","0","0","0","0","0"
"05/14/2026 07:53:19.311","49484180.168351896107","51709.496719501279586","16365.739678127785737","35343.757041373501124","1000000000","2757015.0707020154223","16363.739465505183034","2.0002126226017824528","0","0","0","46727165.097649879754","35343.757041373501124","0","0","0","0","0","0","0","0","0","0","15.73840724420430881","0.15738407244204308255","0","0","15.73840724420430881","0.15738407244204308255","1.4128527827648114626e-005","0","1.4128527827648114626e-005","11141.184307891928256","0","11141.184307891928256","54359698.435943737626","0","54359698.435943737626","4879.1669658886894467","0","4879.1669658886894467","85.237744826729013425","0","0","100","12.383721376732756525","14.135513330858730185","122.00440522550887579","106935.38558396726148","264588.47808198683197","1693.9427447352279614","0","100","3500","0","9.7212326874750445427","0","0","106967.38450240381644","0","0","88.414758835341189069","90.278777312033980706","237","13671.537902018912064","0.24412801331454625497","0.097655205129428143684","115456.09758390166098","1.8553789008959660212","7.8609340281392183769","9.7212226879660246226","42633439.934665054083","10388.104255482357985","43756779.345644444227","10389.104361793659336","211474.47973719605943","7164.761614159585406","0","0","0","2100.2232537318718641","0","0","0","0","0","5.0005315565044563542","4.0004252452035649057","0","0","0","0","0","0","0","0","0","0","0","23096.455153182781942","348.03699633271014591","412.04380025596719861","45283.813669393057353","0","0","0","0","0","0","0","0","0","0","0","0"
"05/14/2026 07:53:20.327","50421675.239656381309","52343.29644351870229","16365.407673713256372","35977.888769805445918","1000000000","2747387.6378122093156","16365.407673713256372","0","0","0","0","47674287.601844169199","35977.888769805445918","0","0","0","0","0","0","0","0","0","0","16.154529065922616837","0.1615452906592261817","0","0","16.154529065922616837","0.1615452906592261817","1.4129618465248472626e-005","0","1.4129618465248472626e-005","11438.643661177738977","0","11438.643661177738977","54745531.80137013644","0","54745531.80137013644","4786.0160192920502595","0","4786.0160192920502595","84.869437603120402969","0","0","100","12.712991760016384646","15.273548549731373214","121.99445031712473053","111076.30861462224857","251974.0476422663487","1632.5773423669279509","0","100","3500","0","11.677070118133791254","0","0","111034.95261439340538","0","0","87.441495355667669287","88.3229200350860566","216","14034.454077657312155","0.14424548259266509187","0.096163655061776723287","119269.71999329245591","2.3559209279920723112","9.1832844210940081098","11.677079964913950505","43488779.420568808913","10610.127657470007762","44636115.475624829531","10611.112813241359618","212305.00934962084284","7173.9043269913272525","0","0","0","2122.0255314940013704","0","0","0","0","0","3.9406230854113304396","2.9554673140584979407","0","0","0","0","0","0","0","0","0","0","0","23309.770705979371996","183.23897347162687765","235.45222935332699876","45662.955157975142356","0","0","0","0","0","0","0","0","0","0","0","0"
"05/14/2026 07:53:21.311","39908079.261003792286","42279.316777935775463","13546.598868700626554","28732.71790923514709","1000000000","2276917.9010527748615","13542.538137624876981","4.0607310757495884701","0","0","0","37631161.359951019287","28732.71790923514709","0","0","0","0","0","0","0","0","0","0","13.166099904255670339","0.13166099904255670894","0","0","13.166099904255670339","0.13166099904255670894","1.4805357550833904057e-005","0","1.4805357550833904057e-005","8886.9099592779730301","0","8886.9099592779730301","45627803.744461037219","0","45627803.744461037219","5134.2709618460130514","0","5134.2709618460130514","87.810482099365856357","0","0","100","13.550622027611719744","15.83777545892212224","121.99265101721439919","94638.214247726471513","294215.93736248405185","1659.9987341747719256","0","100","3500","0","13.344798949605973348","0","0","94676.818869451468345","0","0","87.063066815320112823","86.556002813918226479","217","13298.276273162646248","0.297615026526512505","0.4960216580276667897","102473.93654680236068","3.3233491722051922146","10.168464306666294306","13.443997186081768191","34273410.85065920651","8089.9914856621171566","35148275.057274073362","8091.006668431054095","167903.10852009398513","5706.3423441971090142","0","0","0","1977.5760338900495299","0","0","0","0","0","0","0","0","0","0","0","0","0","0","0","0","0","0","21711.713879264108982","1788.7520388676934999","2236.4476399690856852","42693.511347662235494","0","0","0","0","0","0","0","0","0","0","0","0"
"05/14/2026 07:53:22.311","49528545.573634684086","51268.796001407732547","15963.463648811395615","35305.332352596335113","1000000000","2650464.7156077614054","15961.464592565847852","1.9990562455464773173","0","0","0","46878080.858026921749","35305.332352596335113","0","0","0","0","0","0","0","0","0","0","16.244901550808503288","0.16244901550808502066","0","0","16.244901550808503288","0.16244901550808502066","1.4529881048206780511e-005","0","1.4529881048206780511e-005","11175.723940727581066","0","11175.723940727581066","54365118.22768470645","0","54365118.22768470645","4864.572399606475301","0","4864.572399606475301","84.901610804962501788","0","0","100","15.148048366092540462","17.549537168874966397","121.99189315421911317","108865.81485621949832","251733.7356036810379","1629.8924270998115844","0","100","3500","0","10.210377587722319959","0","0","108912.81175442421227","0","0","85.646336866124897824","89.838449531477635901","230","15613.969478014452761","0.292952715789768392","0.19529847738983399652","117825.22353524668142","3.0271713968875837431","7.0796622999243039587","10.161550468522362323","42758973.488616019487","10435.073601752612376","43887392.761877112091","10436.073129875385348","203703.83142118604155","6831.7747191550861317","0","0","0","2059.0279329128716199","0","0","0","0","0","3.9981124910929546346","2.998584368319716198","0","0","0","0","0","0","0","0","0","0","0","22625.318587095029216","896.57672612759506592","987.53378529995984536","44359.058088676334592","0","0","0","0","0","0","0","0","0","0","0","0"
"05/14/2026 07:53:23.327","48591235.498238563538","50572.620264446377405","15844.4715034056062","34728.148761040771205","1000000000","2643990.7491464801133","15842.500552851632165","1.9709505539750722392","0","0","0","45947244.74909208715","34728.148761040771205","0","0","0","0","0","0","0","0","0","0","15.578379977192208017","0.15578379977192208239","0","0","15.578379977192208017","0.15578379977192208239","1.4226850103407966697e-005","0","1.4226850103407966697e-005","10959.47055537838969","0","10959.47055537838969","52825763.634937390685","0","52825763.634937390685","4820.1017894074275318","0","4820.1017894074275318","85.368718429314654372","0","0","100","12.425684809564172539","13.932339901244993996","122.01942926533089917","105868.82084801394376","267675.58557050098898","1684.6772548287515292","0","100","3500","0","10.960904781306513911","0","0","105796.94391078279295","0","0","88.505134510245881074","88.991016108618808289","186","14253.295114495036614","0.67307800237451531622","0.28846481422440606313","113887.53011939053249","3.1730932640211699791","7.692362225238667861","10.912825671231839664","41924672.6349677369","10231.204325684600917","43031038.135133892298","10232.189800961588844","202558.53033312613843","6827.3727189696501227","0","0","0","2076.3964086127384689","0","0","0","0","0","0","0","0","0","0","0","0","0","0","0","0","0","0","22822.621939754350024","331.11969306781213618","377.4370310862263409","44770.14183354377019","0","0","0","0","0","0","0","0","0","0","0","0"
"05/14/2026 07:53:24.311","49073610.802551746368","51367.519319426573929","16344.3953050960572","35023.124014330511272","1000000000","2774277.5750875552185","16341.349198000616525","3.0461070954394093846","0","0","0","46299333.227464191616","35023.124014330511272","0","0","0","0","0","0","0","0","0","0","15.710058417265807762","0.15710058417265806985","0","0","15.710058417265807762","0.15710058417265806985","1.4112419016333606602e-005","0","1.4112419016333606602e-005","11127.429219640162046","0","11127.429219640162046","54053893.351322971284","0","54053893.351322971284","4857.7162149831192437","0","4857.7162149831192437","85.412332402968104361","0","0","100","11.76566974486993189","13.597202313040595456","121.99021865889213245","107105.55963393893035","265534.05538694991264","1661.8269511966320806","0","100","3500","0","9.9276948060753831271","0","0","107109.62278051888279","0","0","88.89365973214948724","90.07231535185916016","188","13642.014642158172137","0.2975970085289065814","0.14879342529717801136","115188.17396809028287","1.934375476470617361","8.0846797929528513293","10.026887036961984023","42197806.884120807052","10294.826613553390416","43311061.552076861262","10295.841982585203368","214441.87804280716227","7304.5648148637037593","0","0","0","2140.3979190620916597","0","0","0","0","0","0","0","0","0","0","0","0","0","0","0","0","0","0","23558.592276128390949","149.25924767653106073","180.73568766273828601","46227.721280388475861","0","0","0","0","0","0","0","0","0","0","0","0"
"05/14/2026 07:53:25.327","48437425.189048200846","50855.192005663520831","16228.619707276015106","34626.572298387502087","1000000000","2736161.2423164537176","16225.664212883868458","2.9554943921464240653","0","0","0","45701263.946731746197","34626.572298387502087","0","0","0","0","0","0","0","0","0","0","15.683387706830185238","0.15683387706830184682","0","0","15.683387706830185238","0.15683387706830184682","1.4167043230741860636e-005","0","1.4167043230741860636e-005","11075.222652170034053","0","11075.222652170034053","54019691.079904161394","0","54019691.079904161394","4877.5264187866923749","0","4877.5264187866923749","85.411326559048831086","0","0","100","11.636474503204825126","13.342949384560116144","122.02112909502328364","105524.20596875475894","270026.27399382251315","1635.644887216327561","0","100","3500","0","10.229954101744255013","0","0","105547.83960950924666","0","0","89.03826364564694984","89.770045898255744987","212","13600.175519172003987","0.28849628806103749801","0.38466499984736690632","113459.20085207154625","2.0194641691293120367","8.1740352356015275603","10.229954101744255013","41646202.49510718137","10170.841368173227238","42746048.356222987175","10171.82653297061006","210841.02927653637016","7172.9848897393712832","0","0","0","2101.3565128161076245","0","0","0","0","0","0","0","0","0","0","0","0","0","0","0","0","0","0","23099.159004219069175","334.95603110992806251","361.55548063924589997","45328.417492349704844","0","0","0","0","0","0","0","0","0","0","0","0"
"05/14/2026 07:53:26.311","40337517.658462926745","42909.582371383505233","13867.721985647298425","29041.860385736206808","1000000000","2336261.6294933967292","13865.690233836347034","2.0317518109511829572","0","0","0","38001256.028969526291","29041.860385736206808","0","0","0","0","0","0","0","0","0","1","13.244212459719856056","0.13244212459719856279","0","0","13.244212459719856056","0.13244212459719856279","1.4413510226644553721e-005","0","1.4413510226644553721e-005","9188.5975650267246237","0","9188.5975650267246237","46270628.122167609632","0","46270628.122167609632","5035.657269209507831","0","5035.657269209507831","87.691394170401764541","0","0","100","11.961045293562159841","12.980266654530737469","122.00461371587454096","93249.828288696866366","306667.55894016649108","1626.4445870532370009","0","100","3500","0","5.5537325926798830622","0","0","93215.287928946825559","0","0","89.354349442681296978","94.446267407320121379","249","12153.127167344082409","0.19841398843507837557","0.24802002527540847887","100206.66309952795564","1.4385242737383630018","4.1171385149275261384","5.5041367147657949133","34574332.757467143238","8308.8490308848613495","35472858.741845816374","8309.8649067903370451","172784.23750691048917","5877.8579890817718479","0","0","0","2028.7041832347561012","0","0","0","0","0","0","0","0","0","0","0","0","0","0","0","0","0","0","22313.71426377136595","1265.781378222586909","1738.1636742687369406","43880.75973701816838","0","0","0","0","0","0","0","0","0","0","0","0"
"05/14/2026 07:53:27.311","50488898.116453848779","52103.97644185340323","16185.779804821009748","35918.196637032393483","1000000000","2756977.4935492291115","16181.781341430489192","3.9984633905190238856","0","0","0","47731920.622904621065","35918.196637032393483","0","0","0","0","0","0","0","0","0","0","16.346722297687559688","0.16346722297687560355","0","0","16.346722297687559688","0.16346722297687560355","1.4411540156924976472e-005","0","1.4411540156924976472e-005","11338.642559664322107","0","11338.642559664322107","54738388.037477202713","0","54738388.037477202713","4827.5962267477743808","0","4827.5962267477743808","84.888605960535088002","0","0","100","14.179554461861416215","16.010846452062970968","122.00644980370162784","109862.34133133979049","253041.2360624402354","1693.9590061920503103","0","100","3500","0","10.353137784774990138","0","0","109949.3392259907414","0","0","86.910960367097530366","89.646852215401011676","289","15808.617431458160354","0.43944226581612166882","0.2441357032116234782","118939.12167325551854","3.0761158603608578233","7.3729202366038357752","10.401966925382112095","43546633.028926990926","10627.915691999565752","44695895.367410309613","10628.915307847195436","216540.78337694826769","7346.1768642310771611","0","0","0","2066.2059570507058197","0","0","0","0","0","0","0","0","0","0","0","0","0","0","0","0","0","0","22707.273594757538376","564.78295391081212529","657.74722774037945783","44547.8802496200733","0","0","0","0","0","0","0","0","0","0","0","0"
"05/14/2026 07:53:28.311","52029648.012342341244","53837.758821438517771","16813.738552164733846","37024.020269273787562","1000000000","2819862.7284630220383","16809.739090092385595","3.9994620723512692706","0","0","0","49209785.283879324794","37024.020269273787562","0","0","0","0","0","0","0","0","0","0","16.867504089984763027","0.16867504089984763915","0","0","16.867504089984763027","0.16867504089984763915","1.4350680503572644023e-005","0","1.4350680503572644023e-005","11754.419030640379788","0","11754.419030640379788","56668730.055807501078","0","56668730.055807501078","4821.0575025518883194","0","4821.0575025518883194","84.275552044212531655","0","0","100","14.036434190363765495","16.178125729787485199","121.98024602026049479","112380.81527004209056","247066.22659134381684","1672.6102818043398202","0","100","3500","0","12.613999920614848094","0","0","112287.83693399438926","0","0","86.731482539616834515","87.386000079385155459","246","16205.224182765416117","0.29291519556690942538","0.39054692866964590969","121327.73063876117521","3.3196888862093905104","9.4220671312397445973","12.613999920614848094","44901832.70350138098","10960.525809278653469","46087065.289718538523","10961.525674796741441","220026.40644833270926","7430.0006649105698671","0","0","0","2113.7157052376455795","0","0","0","0","0","0","0","0","0","0","0","0","0","0","0","0","0","0","23224.876254143819096","115.98440009818679641","156.97888633978732287","45549.873542008601362","0","0","0","0","0","0","0","0","0","0","0","0"
"05/14/2026 07:53:29.327","49572209.96298070997","51447.131499951210571","16105.659903247884358","35341.471596703326213","1000000000","2722689.5240938486531","16104.675269152190594","0.98463409569284610079","0","0","0","46849520.438886858523","35341.471596703326213","0","0","0","0","0","0","0","0","0","0","16.149020428132821792","0.16149020428132820903","0","0","16.149020428132821792","0.16149020428132820903","1.4359098073555167819e-005","0","1.4359098073555167819e-005","11244.521372812301706","0","11244.521372812301706","54063186.13611561805","0","54063186.13611561805","4807.9579684763575642","0","4807.9579684763575642","84.94190402582884758","0","0","100","15.173070862667733749","17.382913985339627061","122.02147992478708716","121186.04991503820929","226340.87046935159015","1681.1151968677486366","0","100","3500","0","10.270633958333830194","0","0","121253.0187688091537","0","0","85.765590149998544689","89.72936604166616803","201","14139.291670433665786","0.24043177268354712361","0.33660842100121407539","130989.10830380303378","3.8469182110473738589","6.2512359378828454837","10.270633958333830194","42763025.059823900461","10432.198243865705081","43891128.220331959426","10433.182877961397026","211972.02812075591646","7180.9364598879265031","0","0","0","2071.6701373377482014","0","0","0","0","0","0","0","0","0","0","0","0","0","0","0","0","0","0","22781.479072045378416","659.70484411420693505","707.9519148031563418","44657.094776053345413","0","0","0","0","0","0","0","0","0","0","0","0"
"05/14/2026 07:53:30.311","49605714.413422346115","51678.809575086241239","16236.483988020983816","35442.325587065264699","1000000000","2723279.8449391904287","16236.483988020983816","0","0","0","0","46882434.568483158946","35442.325587065264699","0","0","0","0","0","0","0","0","0","0","15.973176889570853021","0.15973176889570853132","0","0","15.973176889570853021","0.15973176889570853132","1.4159870317002881131e-005","0","1.4159870317002881131e-005","11280.104999248263994","0","11280.104999248263994","54238125.617134705186","0","54238125.617134705186","4808.29971181556175","0","4808.29971181556175","85.103081723769264499","0","0","100","12.901632043378123527","14.961639422600249816","122.00485102322129194","108156.8045092120592","259627.63780858975952","1691.4421459229995435","0","100","3500","0","11.852498493414708847","0","0","108136.4868858375994","0","0","87.734912508335497705","88.147511665622985788","199","13822.079181638637237","0.24802274649177949439","0.14881974331768976771","118377.58494772935228","3.2739124445367333571","8.7304230263935878043","11.852488334377008883","42741524.683356560767","10439.989109985086543","43870473.837551854551","10441.004969585163053","209263.01417733656126","7067.3352377314631667","0","0","0","2122.1307045595840464","0","0","0","0","0","0","0","0","0","0","0","0","0","0","0","0","0","0","23324.136417753972637","229.58426961726473792","259.04419801948012037","45789.871473443396098","0","0","0","0","0","0","0","0","0","0","0","0"
"05/14/2026 07:53:31.311","48124521.874590471387","50378.286976306175347","15951.758077064445388","34426.528899241726322","1000000000","2687599.3423773278482","15951.758077064445388","0","0","0","0","45436922.532213144004","34426.528899241726322","0","0","0","0","0","0","0","0","0","0","18.151491369700725187","0.18151491369700725742","0","0","18.151491369700725187","0.18151491369700725742","1.4427940241576605961e-005","0","1.4427940241576605961e-005","12579.077806854178561","0","12579.077806854178561","70706156.680890768766","0","70706156.680890768766","5620.9332485696122603","0","5620.9332485696122603","83.967178369515778513","0","0","100","12.644104125944149786","14.289881407498167931","122.00764839247179339","104828.6330461014295","269460.66691459034337","1657.4724265266365819","0","100","3500","0","6.3227077095340700197","0","0","104834.63113690912724","0","0","88.306201918510780047","93.677282293015281311","193","14972.234337810275974","0.14645265457308387358","0.53697307186667408985","115316.294823357719","1.6109192156000220475","4.735122543751343116","6.3227177069847151358","41451400.067153722048","10109.044330953298413","42544568.310420133173","10110.043939806353592","206675.12802240482415","7006.2584510680972016","0","0","0","2108.1750710946807885","0","0","0","0","0","3.9984354122231970941","2.9988265591673979316","0","0","0","0","0","0","0","0","0","0","0","23199.921870572045009","158.93780763587207616","234.90808046811284271","45556.173869164995267","0","0","0","0","0","0","0","0","0","0","0","0"
"05/14/2026 07:53:32.327","49195637.171269282699","51251.128462052663963","16152.389878347607009","35098.738583705060591","1000000000","2712539.2438984289765","16151.405396731324799","0.9844816162825383854","0","0","0","46483097.927370853722","35098.738583705060591","0","0","0","0","0","0","0","0","0","0","14.090449912595037318","0.14090449912595037762","0","0","14.090449912595037318","0.14090449912595037762","1.3848422987616097778e-005","0","1.3848422987616097778e-005","10175.601985896317274","0","10175.601985896317274","41824433.455441869795","0","41824433.455441869795","4110.2662538699687502","0","4110.2662538699687502","86.40969469590967833","0","0","100","13.163225234055763835","15.285216311492330732","121.98802847010890105","107027.04097648644529","261621.73812986724079","1634.0833339161138156","0","100","3500","0","11.417246834944361211","0","0","107071.36511755107495","0","0","87.489264654436112778","88.582753165055635236","235","13850.801592241345134","0.38471932882225579053","0.19235966441112789527","114572.97974751197034","2.4526128058293124035","8.9448376579376152051","11.417246834944361211","42368328.045026250184","10336.072489350370233","43486033.651550605893","10337.056970966652443","209214.15723943480407","7086.2986740017113334","0","0","0","2091.0389529841113472","0","0","0","0","0","3.9379264651301535416","2.9534448488476150452","0","0","0","0","0","0","0","0","0","0","0","22944.328549080841185","521.77525662974528586","595.61137785093569619","45094.180433821667975","0","0","0","0","0","0","0","0","0","0","0","0"
"05/14/2026 07:53:33.311","50682010.992185533047","52562.710186847652949","16461.462138637081807","36101.24804821057478","1000000000","2791571.8451505219564","16458.414848348551459","3.0472902885296337949","0","0","0","47890439.147035010159","36101.24804821057478","0","0","0","0","0","0","0","0","0","0","15.399604412824924538","0.15399604412824924315","0","0","15.399604412824924538","0.15399604412824924315","1.4206757896710096333e-005","0","1.4206757896710096333e-005","10837.180029440887665","0","10837.180029440887665","50313736.818945862353","0","50313736.818945862353","4642.6964101602770825","0","4642.6964101602770825","85.402745864297429534","0","0","100","14.234048879400267751","16.49787318392003499","122.01052669526659145","111675.55577309230284","247851.11774014591356","1688.7305113086047186","0","100","3500","0","13.228997316116398508","0","0","111607.5191259139101","0","0","86.451759654821898948","86.771002683883608597","250","15414.870211463992746","0.54541835784505365847","0.09916051208052260868","119916.11386044607207","3.0741688135366032064","10.065436798755442283","13.129826649349540801","43711619.886697687209","10686.847041873425042","44867262.066558510065","10687.862805302935158","218523.21811731907655","7412.0257451335792211","0","0","0","2091.4569013608388559","0","0","0","0","0","0","0","0","0","0","0","0","0","0","0","0","0","0","23012.120495546285383","412.39995238101045061","463.18812385650431906","45141.542570848483592","0","0","0","0","0","0","0","0","0","0","0","0"
"05/14/2026 07:53:34.327","48976653.847241997719","50881.086125615503988","15946.979177643748699","34934.106947971755289","1000000000","2711438.9336767531931","15944.021834654755367","2.9573429889924733871","0","0","0","46265214.9135652408","34934.106947971755289","0","0","0","0","0","0","0","0","0","0","16.020765771559965174","0.16020765771559966617","0","0","16.020765771559965174","0.16020765771559966617","1.4371770630853506566e-005","0","1.4371770630853506566e-005","11157.069316472272476","0","11157.069316472272476","53209587.587676592171","0","53209587.587676592171","4769.1365965718323423","0","4769.1365965718323423","84.999725205834621988","0","0","100","13.942460883391612825","15.739416965947395255","122.01130047034389747","107169.03367933261325","259983.26272159983637","1621.1021406624222436","0","100","3500","0","10.885414378767210408","0","0","107137.51772034038731","0","0","87.054732497236798849","89.114585621232791368","196","15143.418295762699927","0.5290132407450999219","0.43283528286168876376","115589.70397256694559","3.3183513059223361807","7.6947290933348719832","10.981602185903870605","42236358.540772050619","10308.311878631431682","43351067.86205098778","10309.297659627762187","211808.8479956262745","7192.2581492296958459","0","0","0","2056.3391583460997936","0","0","0","0","0","4.9289049816541226079","3.9431239853232979975","0","0","0","0","0","0","0","0","0","0","0","22637.474799741052266","764.96605315271983727","846.78587584817819334","44417.320132674292836","0","0","0","0","0","0","0","0","0","0","0","0"
"05/14/2026 07:53:35.311","50380432.376985110343","52349.679820769481012","16431.291920860156097","35918.387899909321277","1000000000","2806542.8318146360107","16428.246268974919076","3.0456518852382128415","0","0","0","47573889.545170471072","35918.387899909321277","0","0","0","0","0","0","0","0","0","0","18.723148219997405306","0.18723148219997406971","0","0","18.723148219997405306","0.18723148219997406971","1.4383801498127340781e-005","0","1.4383801498127340781e-005","13011.024853737644662","0","13011.024853737644662","73303041.956494286656","0","73303041.956494286656","5633.9176029962545726","0","5633.9176029962545726","83.421388551122134913","0","0","100","12.354760697429496119","14.066810989325324144","121.99419309372797215","109221.64797196144355","259169.56202411610866","1651.5493025556049815","0","100","3500","0","9.1947299718984414341","0","0","109260.24506513310189","0","0","88.499759692438829006","90.854865202286958947","204","15344.375961689744145","0.29756088841075650775","0.1983705400399523866","119914.05849348842457","1.9837358705044914053","6.9430603117132365654","9.1451347977130392763","43388044.070176690817","10589.731604973265348","44533180.75294200331","10590.746822268345568","220103.17044239514507","7499.4101587515588108","0","0","0","2115.7128429454783145","0","1.0152172950794042805","0","0","1.0152172950794042805","2.030434590158808561","0","0","0","0","0","0","0","0","0","0","0","0","23214.973886580737599","357.35648786795030674","401.01083155636467836","45564.98263775381929","0","0","0","0","0","0","0","0","0","0","0","0"
"05/14/2026 07:53:36.327","49286868.909776762128","51091.12959078822314","15932.235783691228789","35158.89380709699617","1000000000","2641767.0476991748437","15930.265435461735251","1.9703482294943395203","0","0","0","46645101.862077593803","35158.89380709699617","0","0","0","0","0","0","0","0","0","0","13.968095205220221189","0.13968095205220221189","0","0","13.968095205220221189","0.13968095205220221189","1.3663834296724470082e-005","0","1.3663834296724470082e-005","10226.10731107562242","0","10226.10731107562242","42019299.560907892883","0","42019299.560907892883","4109.0219653179192392","0","4109.0219653179192392","86.424414192895596898","0","0","100","12.467283902958605779","13.490348329885277323","122.01847074752369338","105775.82446673094819","269117.86668901861412","1655.5171216023120451","0","100","3500","0","7.0457677480872611397","0","0","105738.40052228068816","0","0","88.913133548626703373","92.906142341211463531","186","12788.15575491137497","0.14425988366830980181","0.24043970507087081279","112795.76857308506442","2.2120472563391180287","4.8568938605542291143","7.0938576587885382452","42565921.448127128184","10387.675865894158051","43689209.092368938029","10388.66104000890482","202011.92257713666186","6775.0423871162865908","0","0","0","2073.7915115427922501","0","0","0","0","0","3.9406964589886790407","2.9555223442415092805","0","0","0","0","0","0","0","0","0","0","0","22802.840059937992919","827.54625638762263407","905.37501145264900515","44699.319934308587108","0","0","0","0","0","0","0","0","0","0","0","0"
"05/14/2026 07:53:37.311","47483982.210736140609","49505.654119711442036","15657.890275173995178","33847.763844537446857","1000000000","2652776.3592760437168","15655.85981543527123","2.0304597387245020279","0","0","0","44831205.85146009922","33847.763844537446857","0","0","0","0","0","0","0","0","0","0","14.092395518126943799","0.14092395518126943355","0","0","14.092395518126943799","0.14092395518126943355","1.3904659785549655095e-005","0","1.3904659785549655095e-005","10130.978866365901922","0","10130.978866365901922","46765158.854032889009","0","46765158.854032889009","4616.0553161639445534","0","4616.0553161639445534","86.576694316976670507","0","0","100","11.542004208952555189","13.290191840482323826","121.97794972716701523","102454.81026644364465","278315.60982378240442","1636.1813213905977591","0","100","3500","0","9.2475042306254024993","0","0","102477.15414544462692","0","0","89.136519757848361678","90.752495769374590395","185","12729.917245381595421","0.34714386320134893449","0.19836356911016811422","109710.47715658295783","1.9836661601359000251","7.389136895542604222","9.2475042306254024993","40847716.940917484462","9955.3440989662321954","41924266.694389209151","9956.359328835595079","204840.90028148263809","6956.3550648701429964","0","0","0","2059.9014049360071112","0","0","0","0","0","0","0","0","0","0","0","0","0","0","0","0","0","0","22631.504247823297192","1218.2758432347011421","1321.8292899096506972","44380.773739170799672","0","0","0","0","0","0","0","0","0","0","0","0"
"05/14/2026 07:53:38.327","49993598.703678436577","51893.411723623830767","16263.072019898345388","35630.33970372548356","1000000000","2763174.0823873607442","16261.10360159528318","1.9684183030620123755","0","0","0","47230424.621291078627","35630.33970372548356","0","0","0","0","0","0","0","0","0","1","16.29304663350006166","0.1629304663350006066","0","0","16.29304663350006166","0.1629304663350006066","1.4379782703172532554e-005","0","1.4379782703172532554e-005","11323.326288364225547","0","11323.326288364225547","56204672.985683098435","0","56204672.985683098435","4963.6186006084308246","0","4963.6186006084308246","84.860529675630886004","0","0","100","13.58464500556180532","15.594202487529265966","122.00957804814910901","108997.20054354323656","256105.799327718938","1672.2286159087832402","0","100","3500","0","11.037879895071768033","0","0","109037.57826630663476","0","0","87.258385572250034556","89.01020958464792443","215","15304.141749836568124","0.48087510050238391202","0.19235791887876960149","117946.28265942256257","2.9814295624536879536","8.0787174457956822948","10.989790415352073794","43095550.370741739869","10509.385320048084395","44231996.993831567466","10510.369529199615499","215923.67733608439448","7336.2950155121197895","0","0","0","2089.4760287003259691","0","0","0","0","0","4.9210457576550306058","3.9368366061240247511","0","0","0","0","0","0","0","0","0","0","0","22992.109988915835856","483.24669340172403054","550.17291570583245175","45073.826512665487826","0","0","0","0","0","0","0","0","0","0","0","0"
"05/14/2026 07:53:39.311","41071053.871384590864","43560.876286501603317","13945.781063330490724","29615.095223171112593","1000000000","2346980.5448071858846","13942.732360919211715","3.0487024112797111997","0","0","0","38724073.326577410102","29615.095223171112593","0","0","0","0","0","0","0","0","0","0","16.23306804599017994","0.16233068045990181605","0","0","16.23306804599017994","0.16233068045990181605","1.4805234874455664145e-005","0","1.4805234874455664145e-005","10968.215041647306862","0","10968.215041647306862","65084772.219248041511","0","65084772.219248041511","5933.943852496989166","0","5933.943852496989166","85.690717259199971068","0","0","100","13.666044666948408803","15.425685120769806247","122.01524096153103471","95912.690833878528792","291373.40075183985755","1665.0344791154491304","0","100","3500","0","10.713528882430589206","0","0","95888.309609047064441","0","0","87.330329980720605931","89.236875773720896632","235","15175.280688850871229","0.64485121701609948719","0.44642920635462435275","107119.92718140850775","3.2738412701121717419","7.5397519582643290903","10.763124226279108697","35236284.59921554476","8398.158908938510649","36144472.722853027284","8399.1751430756030459","174389.84286174783483","5923.6287851164788663","0","0","0","2001.981250073676847","0","0","0","0","0","0","0","0","0","0","0","0","0","0","0","0","0","0","22011.631409439512936","1238.7894131166558509","1636.1369607201115741","43379.986610099011159","0","0","0","0","0","0","0","0","0","0","0","0"
"05/14/2026 07:53:40.311","51312200.093095123768","53362.133532981992175","16768.326689660010743","36593.806843321988708","1000000000","2803144.6264675664715","16766.325934775191854","2.0007548848180420897","0","0","0","48509055.466627560556","36593.806843321988708","0","0","0","0","0","0","0","0","0","0","14.740145693932765525","0.14740145693932765747","0","0","14.740145693932765525","0.14740145693932765747","1.3847459378228608906e-005","0","1.3847459378228608906e-005","10651.018629328846146","0","10651.018629328846146","43700328.133804887533","0","43700328.133804887533","4102.924767540152061","0","4102.924767540152061","85.68256126826486252","0","0","100","13.447188156888591593","15.685330168003506657","122.01026642939807232","110619.19917554485437","252080.37536953829112","1651.6297046202244019","0","100","3500","0","12.909788555538925792","0","0","110587.2063483367092","0","0","87.111866678144139087","87.139020701543586256","197","14740.695136150476173","0.5858010651855526385","0.19526702172851756467","118410.45237657718826","3.1731315937362185586","9.5193847834091709359","12.860979298456410191","44282091.633173197508","10822.083171980788393","45452349.171342350543","10823.083549423197837","216957.85819989882293","7331.7662754157145173","0","0","0","2119.7998004647151902","0","0","0","0","0","0","0","0","0","0","0","0","0","0","0","0","0","0","23323.800069766322849","202.07624336662223641","237.08945385093795721","45795.278558600162796","0","0","0","0","0","0","0","0","0","0","0","0"
"05/14/2026 07:53:41.327","49655788.182371363044","51802.774963015945104","16351.050729014288663","35451.724234001660079","1000000000","2730995.6322050229646","16351.050729014288663","0","0","0","0","46924792.550166338682","35451.724234001660079","0","0","0","0","0","0","0","0","0","0","14.48705270851017346","0.14487052708510173016","0","0","14.48705270851017346","0.14487052708510173016","1.3818806951620477954e-005","0","1.3818806951620477954e-005","10479.675778816130332","0","10479.675778816130332","48033785.411484047771","0","48033785.411484047771","4583.5182714889615454","0","4583.5182714889615454","86.078243037186325637","0","0","100","12.0289012604611667","14.116137653263663765","121.98648133525743731","107623.1629313051526","262973.73390793555882","1638.7714414137240055","0","100","3500","0","10.364559620333979595","0","0","107687.17744073538051","0","0","88.463672903730227404","89.587360696207994692","190","13109.186692703173321","0.24044765907978715713","0.096179063631914862853","114884.37797790575132","2.019681549406700416","8.5115221356124806107","10.412639303792003531","42805024.770724482834","10445.219353052056249","43934533.972411423922","10446.203822359600963","209951.86240426896256","7097.039238091637344","0","0","0","2113.6556032990351923","0","0","0","0","0","3.9378772301798514732","2.953407922634888827","0","0","0","0","0","0","0","0","0","0","0","23205.910517449865438","292.38738434085399831","354.4089507161866095","45541.55016702998546","0","0","0","0","0","0","0","0","0","0","0","0"
"05/14/2026 07:53:42.311","50537697.23525775224","52520.89956769602577","16503.695173997319216","36017.204393698710192","1000000000","2773094.1518185553141","16500.64777536852489","3.0473986287925129979","0","0","0","47764603.083439193666","36017.204393698710192","0","0","0","0","0","0","0","0","0","0","16.252236741130904107","0.16252236741130904329","0","0","16.252236741130904107","0.16252236741130904329","1.4069114413859819105e-005","0","1.4069114413859819105e-005","11550.656602666555045","0","11550.656602666555045","54771651.3101477772","0","54771651.3101477772","4741.8647436461169491","0","4741.8647436461169491","84.830806165491722481","0","0","100","11.573901410602765338","13.584839352533656154","121.99848164099569203","107850.41683678668051","263664.71253214759054","1636.6061765781237227","0","100","3500","0","12.349513316419402642","0","0","107820.95589381910395","0","0","88.856838611876469258","87.749688578179316778","231","14039.663165927790033","0.14880792136017428895","0.19841394812162507777","116119.79875940985221","2.0337658258260575828","10.119243420217195251","12.151099368297780146","43552173.800863876939","10632.373815857077716","44701924.797921918333","10633.389615400008552","214796.90814998321002","7267.0299301272125376","0","0","0","2117.9420470107966139","0","0","0","0","0","0","0","0","0","0","0","0","0","0","0","0","0","0","23301.425715290482913","227.53909761650763244","287.47127064942702646","45745.516616347340459","0","0","0","0","0","0","0","0","0","0","0","0"
"05/14/2026 07:53:43.311","50124974.444974839687","52354.686254270622157","16575.151768107829412","35779.534486162796384","1000000000","2757325.4822964281775","16573.152352936765965","1.999415171062464136","0","0","0","47367648.962678417563","35779.534486162796384","0","0","0","0","0","0","0","0","0","0","18.950369351290493825","0.18950369351290494158","0","0","18.950369351290493825","0.18950369351290494158","1.4429824160767298213e-005","0","1.4429824160767298213e-005","13133.158551123795405","0","13133.158551123795405","75262465.728774324059","0","75262465.728774324059","5730.720864733196322","0","5730.720864733196322","83.207407139345406222","0","0","100","12.112947389634026507","14.094744721210163974","121.96619012690811701","107898.95441960451717","262316.93579018558376","1681.4538637850425857","0","100","3500","0","11.649485855246123123","0","0","107904.95247143728193","0","0","88.453161154005101707","88.301699833673453099","199","15523.957818500550275","0.34169018077589863314","0.19524724753464237081","118579.48538314754842","2.1965640243225825756","9.4696164652680625551","11.795928788487374916","43185568.221295267344","10538.917366670248157","44325210.875818818808","10539.91707425577988","211854.03269543658826","7160.9054351602153474","0","0","0","2114.3815433985560048","0","0","0","0","0","4.9985379276561605622","3.9988303421249282721","0","0","0","0","0","0","0","0","0","0","0","23214.209843620741594","63.981285473998852353","104.96929648077936292","45540.67935128974932","0","0","0","0","0","0","0","0","0","0","0","0"
"05/14/2026 07:53:44.311","43290369.629862092435","45902.956834879165399","14750.271473401007825","31152.685361478161212","1000000000","2482374.9807233386673","14747.271214778715148","3.0002586222932419169","0","0","0","40807994.649138756096","31152.685361478161212","0","0","0","0","0","0","0","0","0","0","12.185931771285661185","0.12185931771285661573","0","0","12.185931771285661185","0.12185931771285661573","1.4073611271509411691e-005","0","1.4073611271509411691e-005","8659.7464701457265619","0","8659.7464701457265619","36719709.238936394453","0","36719709.238936394453","4240.275320475805529","0","4240.275320475805529","88.203435184921303858","0","0","100","13.66005561475422958","14.975624546010170235","122.00859090849834843","98998.475654266716447","283547.83794430474518","1665.9406925113466968","0","100","3500","0","8.0597199993800217044","0","0","99016.475013489529374","0","0","87.720601359854441625","91.89145163637017788","228","13052.535329742262547","0.34177855041856097795","0.19530345733417930898","105867.23112657190359","2.5389749443393649919","5.6150418960964811887","8.1085483636298185672","37186861.507461942732","8798.7584529786472558","38138359.526591196656","8799.7585391860775417","185523.99216812491068","6327.5454344164472786","0","0","0","2067.1781907600434351","0","0","0","0","0","0","0","0","0","0","0","0","0","0","0","0","0","0","22778.963546657723782","550.04741408709435291","1051.0906040100658174","44866.867523980567057","0","0","0","0","0","0","0","0","0","0","0","0"
"05/14/2026 07:53:45.327","51062961.659317910671","52821.247559438663302","16488.922538679868012","36332.325020758798928","1000000000","2798930.6217166353017","16485.969651405750483","2.9528872741188876283","0","0","0","48264031.037601277232","36332.325020758798928","0","0","0","0","0","0","0","0","0","1","15.165878504031441665","0.15165878504031440888","0","0","15.165878504031441665","0.15165878504031440888","1.4067436974789915673e-005","0","1.4067436974789915673e-005","10776.069959017861038","0","10776.069959017861038","48174489.652492411435","0","48174489.652492411435","4470.5063938618923203","0","4470.5063938618923203","85.581552356250625735","0","0","100","14.308890345266528143","16.108648047438702378","122.01638327068791057","110852.50089926047076","250568.92376840946963","1664.1119102458778798","0","100","3500","0","11.672287677868343536","0","0","110898.78093463416735","0","0","86.824480384297359592","88.327712322131660017","227","15239.91718039967418","0.72124685119811782208","0.38466564379329187817","119227.21793869312387","3.2696136593280211713","8.4625358429936312632","11.672287677868343536","44039274.188182383776","10750.478269308830932","45201790.473355703056","10751.462565066871321","219147.54475297522731","7430.4486774411616352","0","0","0","2114.2672882691235827","0","0","0","0","0","0","0","0","0","0","0","0","0","0","0","0","0","0","23184.102284865428373","377.96957108721761642","451.79175294018983777","45458.71528930223576","0","0","0","0","0","0","0","0","0","0","0","0"
"05/14/2026 07:53:46.311","50184343.662187062204","52105.559633340730215","16357.540746015218247","35748.01888732551015","1000000000","2783304.8023845693097","16354.492567728488211","3.0481782867287194883","0","0","0","47401038.859802491963","35748.01888732551015","0","0","0","0","0","0","0","0","0","1","15.967993348845110901","0.15967993348845110901","0","0","15.967993348845110901","0.15967993348845110901","1.4179900766801984338e-005","0","1.4179900766801984338e-005","11263.018769462618366","0","11263.018769462618366","54361162.794667392969","0","54361162.794667392969","4826.5179972936402919","0","4826.5179972936402919","85.03663864740346412","0","0","100","13.380700205942924086","14.524870005640268644","122.01126572080130472","108576.75940461680875","259594.53759496987914","1652.8601541132090915","0","100","3500","0","8.6305216004057054846","0","0","108516.8216362746607","0","0","88.072182991280527631","91.369478399594299844","194","14628.879052999514897","0.69444388006790935819","0.19841108590831257885","117020.87348020930949","2.9266016125637261958","5.704387291612994737","8.6305216004057054846","43259412.977761305869","10554.825347512645749","44400772.855444006622","10555.841406941555761","217331.0476060420624","7392.848404746054257","0","0","0","2106.2911961295449146","0","0","0","0","0","0","0","0","0","0","0","0","0","0","0","0","0","0","23167.171038567175856","367.81351326526549883","428.77707899983982998","45519.462415148875152","0","0","0","0","0","0","0","0","0","0","0","0"
"05/14/2026 07:53:47.327","48796051.838851824403","51012.631825982658484","16133.260833004345841","34879.370992978307186","1000000000","2725000.8596195466816","16131.290358398788158","1.9704746055577826436","0","0","0","46071050.979232281446","34879.370992978307186","0","0","0","0","0","0","0","0","0","0","18.809083255957421699","0.18809083255957420588","0","0","18.809083255957421699","0.18809083255957420588","1.4490546282245827142e-005","0","1.4490546282245827142e-005","12985.427650625788374","0","12985.427650625788374","74512062.703654706478","0","74512062.703654706478","5738.1292867981792369","0","5738.1292867981792369","83.371144778770542416","0","0","100","12.442588568610242206","13.898810471131588073","122.00356866216664287","105886.77440564382414","267800.42881327553187","1631.9212864385272042","0","100","3500","0","7.4304316019906497814","0","0","105877.91062074464571","0","0","88.588572736444319844","92.617658332391158638","193","15280.180301203228737","0.24043982346867587285","0.33661969223229870618","116259.37246766588942","1.6830886127211124315","5.5782255710421182471","7.3823416676088378097","42044749.67533967644","10248.438423506027902","43152984.002997480333","10249.423660808806744","210959.01127101620659","7157.7490046886450727","0","0","0","2101.5111668273752912","0","0","0","0","0","3.9409492111155652871","2.9557119083366738543","0","0","0","0","0","0","0","0","0","0","0","23137.312818459482514","377.34588696431535482","474.88437993942562798","45392.838250931861694","0","0","0","0","0","0","0","0","0","0","0","0"
"05/14/2026 07:53:48.311","40983054.874025210738","43486.637184453371447","13930.924966676535405","29555.712217776832404","1000000000","2352824.5026578498073","13921.779939346113679","9.1450273304222342574","0","0","0","38630230.371367365122","29555.712217776832404","0","0","0","0","0","0","0","0","0","0","11.348717879427320909","0.11348717879427321076","0","0","11.348717879427320909","0.11348717879427321076","1.3839110505450941363e-005","0","1.3839110505450941363e-005","8202.0734012409193383","0","8202.0734012409193383","34773539.655988454819","0","34773539.655988454819","4239.6035678889993505","0","4239.6035678889993505","88.983181625019398098","0","0","100","11.293336953111410281","12.561738078710664723","122.00071048518243799","92524.244997243862599","310185.55789797304897","1652.8717402006650445","0","100","3500","0","8.5775551207664122444","0","0","92543.547125740369665","0","0","89.684681247962444672","91.422444879233594861","195","10759.412784551470395","0.14881126235492603271","0.2480255433597189918","98388.028454181927373","2.1330156092326779671","6.4982814270073543383","8.5775551207664122444","35207891.874074190855","8332.1360121624802559","36108941.255799219012","8333.1521263103040837","175239.0459338465007","5979.8317599483161757","0","0","0","1987.5192731450988504","0","0","0","0","0","4.0644565912987706824","3.0483424434740777897","0","0","0","0","0","0","0","0","0","0","0","21869.824803630857787","1325.0128487633992336","1783.2803294323355203","43050.724215036578244","0","0","0","0","0","0","0","0","0","0","0","0"
"05/14/2026 07:53:49.311","43885068.549690209329","45543.188059150059416","14229.434868023114177","31313.753191126947058","1000000000","2411983.673185416963","14226.436040864417009","2.9988271586982326866","0","0","0","41473084.876504793763","31313.753191126947058","0","0","0","0","0","0","0","0","0","0","12.731691145920184027","0.12731691145920184804","0","0","12.731691145920184027","0.12731691145920184804","1.3886380983535056194e-005","0","1.3886380983535056194e-005","9167.4146241404978355","0","9167.4146241404978355","39764799.986725188792","0","39764799.986725188792","4337.6242503543780913","0","4337.6242503543780913","87.79184456763715616","0","0","100","11.486634847922610803","12.616759542424281548","122.00482553823310639","95614.853293583801133","300114.44867317704484","1671.5603796201601199","0","100","3500","0","8.2284122495840161804","0","0","95601.856711684842594","0","0","89.675475438969016295","91.722771204256105193","213","11950.856924628824345","0.29288927971451067522","0.19525618739475400498","102423.06273450083972","2.2942976915562072193","5.9553886948756922237","8.2772287957438965833","37813551.120156906545","9215.3958586796688905","38810085.375609599054","9216.3954677325691591","186415.09305710534682","6314.5303871655787589","0","0","0","1888.2615009269873099","0","0","0","0","0","0","0","0","0","0","0","0","0","0","0","0","0","0","20748.885111033072462","2648.9639901834389093","2716.9374057805989651","40678.090798688630457","0","0","0","0","0","0","0","0","0","0","0","0"
"05/14/2026 07:53:50.327","50800095.609441332519","52458.303660307123209","16249.670481863713576","36208.63317844341509","1000000000","2732855.2205509147607","16247.703209408282419","1.9672724554314422463","0","0","0","48067240.38889041543","36208.63317844341509","0","0","0","0","0","0","0","0","0","0","16.457114460707458647","0.16457114460707458758","0","0","16.457114460707458647","0.16457114460707458758","1.44295570330714093e-005","0","1.44295570330714093e-005","11391.491153175766158","0","11391.491153175766158","55221117.489445574582","0","55221117.489445574582","4847.5758570071666327","0","4847.5758570071666327","84.856805937882597846","0","0","100","14.710785132431027478","16.446071186600910607","121.99375905754756388","110278.25608265108895","251054.54131552638137","1657.3940900064455946","0","100","3500","0","10.029847771245615107","0","0","110348.17585709580453","0","0","86.574717121756222582","89.97015222875438667","225","15914.134577839668054","0.43278677417169186814","0","120082.7810738003318","2.2119829918520350631","7.9823879635130001731","10.029847771245615107","43874712.286403387785","10702.945793774762933","45032094.082837902009","10703.929430002477602","212225.41794703312917","7143.1662856715674934","0","0","0","2104.9815273116432763","0","0","0","0","0","0","0","0","0","0","0","0","0","0","0","0","0","0","23108.565897725438845","451.48902852151599063","514.44174709532217094","45383.00827434794337","0","0","0","0","0","0","0","0","0","0","0","0"
"05/14/2026 07:53:51.311","50007959.216919623315","51966.253001612181833","16296.717817032988023","35669.535184579188353","1000000000","2718307.9886457859538","16296.717817032988023","0","0","0","0","47289651.228273838758","35669.535184579188353","0","0","0","0","0","0","0","0","0","0","19.828303838527343572","0.19828303838527341907","0","0","19.828303838527343572","0.19828303838527341907","1.4751265966291284582e-005","0","1.4751265966291284582e-005","13454.503521600116073","0","13454.503521600116073","77984877.182784989476","0","77984877.182784989476","5796.1913687551959811","0","5796.1913687551959811","82.5185239518603737","0","0","100","14.575011053747219947","16.623299673589347236","121.97495378376765984","109002.15663589183532","253543.74405816011131","1663.0925922990988965","0","100","3500","0","11.949465224832323429","0","0","108929.00900813034968","0","0","86.321260094022250087","88.050534775167676571","697","17550.350966381756734","0.64487145544711976797","0.44646040993570995647","120133.80326620412234","3.7204458467884742312","8.0857733083197924628","11.949465224832323429","43160058.255732573569","10533.988510335999308","44299168.934506230056","10535.005402749391578","210089.97260695215664","7089.7739061745905929","0","0","0","2072.4267384945233061","0","0","0","0","0","4.0675696535711933777","3.0506772401783952553","0","0","0","0","0","0","0","0","0","0","0","22796.694123439756368","289.8143378169475568","338.62517365980187378","44766.654714791162405","0","0","0","0","0","0","0","0","0","0","0","0"
"05/14/2026 07:53:52.311","49418082.164057947695","51467.148185251338873","16256.151675554488975","35210.996509696844441","1000000000","2763710.7660858961754","16256.151675554488975","0","0","0","0","46654371.397972047329","35208.996737070992822","1.999772625852440644","0","0","0","0","0","0","0","0","0","14.11822444487033934","0.14118224444870339229","0","0","14.11822444487033934","0.14118224444870339229","1.3810982885085573254e-005","0","1.3810982885085573254e-005","10223.837549670603039","0","10223.837549670603039","42048851.045636110008","0","42048851.045636110008","4112.8246454767722753","0","4112.8246454767722753","86.35022923808018902","0","0","100","12.765604105215338393","14.784189866209393571","122.04072846370227978","106761.09263708775688","263426.80429752997588","1666.6111796117963877","0","100","3500","0","12.472902978190514744","0","0","106745.09636901709018","0","0","87.8745107589785448","87.527097021809481703","204","13699.803835765114854","0.2440793950862000794","0.29288727608934700397","114244.34679389296798","2.6848833434658172514","9.8120136770039998453","12.472902978190514744","42591245.375400818884","10384.819246051723894","43714229.692084006965","10385.819132364649704","216083.43131385961897","7357.1634905111286571","0","0","0","2077.7637582606857904","0","0","0","0","0","0","0","0","0","0","0","0","0","0","0","0","0","0","22848.402136677061208","582.93372043598640175","666.92417072178898252","44811.90488641441334","0","0","0","0","0","0","0","0","0","0","0","0"
"05/14/2026 07:53:53.327","45909289.295437045395","48612.038910503542866","15690.735475781162677","32921.303434722380189","1000000000","2638851.4897534684278","15689.750928157658564","0.98454762350386915148","0","0","0","43270437.805683575571","32919.334339475368324","1.969095247007738303","0","0","0","0","0","0","0","0","1","13.11643735783916398","0.13116437357839164091","0","0","13.11643735783916398","0.13116437357839164091","1.3797182223143064083e-005","0","1.3797182223143064083e-005","9503.8382096828481735","0","9503.8382096828481735","41565111.727941140532","0","41565111.727941140532","4373.5079249974105551","0","4373.5079249974105551","87.302993738817207259","0","0","100","11.935673675717923814","12.984402970022438595","121.99265848640487775","103120.1860455222195","277323.10513097204966","1623.9787104171193732","0","100","3500","0","7.6717807144224607896","0","0","103169.42736481929023","0","0","89.389946338346533139","92.328219285577546316","233","12171.46930384789448","0.33661637708597763607","0.096178921551248020005","109658.44842178617546","1.7311516495187311282","6.0109462367116304193","7.6717807144224607896","39387950.062563084066","9588.5093053041819076","40424832.299541920424","9589.4938529276860208","199331.51185459335102","6784.5176735651621129","0","0","0","2127.6074143918613117","0","0","0","0","0","0","0","0","0","0","0","0","0","0","0","0","0","0","23407.619748804489063","64.980143151255362","268.78150121655630755","46041.385065534937894","0","0","0","0","0","0","0","0","0","0","0","0"
"05/14/2026 07:53:54.311","50595291.434840127826","52771.88776844687527","16717.412447656508448","36054.475320790363185","1000000000","2827371.7409908249974","16714.365161391899164","3.0472862646111025242","0","0","0","47767919.693849302828","36054.475320790363185","0","0","0","0","0","0","0","0","0","0","16.030483324473163265","0.16030483324473163154","0","0","16.030483324473163265","0.16030483324473163154","1.4072852938553463754e-005","0","1.4072852938553463754e-005","11389.740295028097535","0","11389.740295028097535","55393715.987841323018","0","55393715.987841323018","4863.4748952109157472","0","4863.4748952109157472","84.917993550580746387","0","0","100","12.055353750087359543","13.533764357307822124","122.00999487066754057","109633.14952104576514","259472.58553125261096","1680.2560165660647726","0","100","3500","0","9.6223494533597566658","0","0","109612.83203596032399","0","0","88.919191476924737572","90.377660705445734379","244","13974.36624176710211","0.049605447232776933575","0.24801707735838957047","117786.55628583369253","1.587313358615891179","8.0357776875450088738","9.6223392945542602916","43571951.761458426714","10643.155160198377416","44722867.090070165694","10644.170922286581117","220200.9685291510832","7492.2611625904974062","0","0","0","2134.1161473159754678","0","0","0","0","0","0","0","0","0","0","0","0","0","0","0","0","0","0","23446.836282006028341","147.285502789536622","169.63226873001804051","45970.344825834894436","0","0","0","0","0","0","0","0","0","0","0","0"
"05/14/2026 07:53:55.327","49267676.469290785491","51397.015729572354758","16243.178180259892542","35153.837549312462215","1000000000","2753550.5366078070365","16240.224159009843788","2.9540212500472646795","0","0","0","46514125.932682976127","35151.868201812430925","1.9693475000315097123","0","0","0","0","0","0","0","0","0","15.869524997727985749","0.15869524997727985083","0","0","15.869524997727985749","0.15869524997727985083","1.4207845557122708528e-005","0","1.4207845557122708528e-005","11170.139020178723513","0","11170.139020178723513","53702373.300059244037","0","53702373.300059244037","4807.6727785613538799","0","4807.6727785613538799","85.194880793305898692","0","0","100","12.916222249880657813","14.403839761031120403","121.97915999573059764","107636.78971258654201","262233.39829988928977","1681.7479150461301742","0","100","3500","0","10.960948616227184971","0","0","107600.35840529338748","0","0","88.169965035092417338","89.039041537554027173","234","14622.739043530489653","0.38461299880082899794","0.3365437586148261051","115891.92701922982815","3.413487133896661696","7.500051938804174867","10.960958462445979933","42421820.842943750322","10353.844481415662813","43541453.977136664093","10354.829155165678458","214150.78584842642886","7281.6623813665073612","0","0","0","2100.3091087836050974","0","0","0","0","0","0","0","0","0","0","0","0","0","0","0","0","0","0","23080.752700369292143","346.60516000554571292","381.06874125609709836","45322.563365725167387","0","0","0","0","0","0","0","0","0","0","0","0"
"05/14/2026 07:53:56.311","43967533.513900257647","46762.282198511042225","15162.054041246719862","31600.228157264322363","1000000000","2562523.2795391823165","15159.005983743285469","3.0480575034336365725","0","0","0","41405010.234361074865","31598.196118928699434","2.0320383356224245297","0","0","0","0","0","0","0","0","0","16.254971021864420777","0.1625497102186442","0","0","16.254971021864420777","0.1625497102186442","1.4615518816222140892e-005","0","1.4615518816222140892e-005","11123.37784919715159","0","11123.37784919715159","61562763.466470450163","0","61562763.466470450163","5534.5385458531236509","0","5534.5385458531236509","85.540412692211063472","0","0","100","14.417217638913268019","15.861354904140581468","122.02563301031572962","101904.40568918267672","273127.73099193733651","1648.6821818190683189","0","100","3500","0","10.615543731532161686","0","0","101943.00699719815748","0","0","87.004532090805170697","89.384456268467843643","167","15461.855507990165279","0.29761877551161386446","0.44642308392865720501","111497.84655492467573","3.4721953440545982872","7.0436104915164374773","10.615543731532161686","37708665.444598808885","9178.7171620064909803","38701243.018170282245","9179.7331811743024446","193685.76599818700925","6614.28478245099177","0","0","0","2089.9514281876636232","0","0","0","0","0","0","0","0","0","0","0","0","0","0","0","0","0","0","22983.369595057432889","430.79212715195399142","722.38962831377193652","45143.763664187783434","0","0","0","0","0","0","0","0","0","0","0","0"
"05/14/2026 07:53:57.327","34117085.423820987344","38317.197677851800108","13266.295958608761794","25050.901719243040134","1000000000","2177624.8240308291279","13264.326935089859035","1.9690235189029703378","0","0","0","31939460.599790159613","25048.932695724135556","1.9690235189029703378","0","0","0","0","0","0","0","0","0","9.8712910350349627464","0.098712910350349625244","0","0","9.8712910350349627464","0.098712910350349625244","1.4256897042093287864e-005","0","1.4256897042093287864e-005","6923.0866924628435299","0","6923.0866924628435299","28574721.341330323368","0","28574721.341330323368","4127.4539249146755537","0","4127.4539249146755537","90.350327963231009676","0","0","100","13.252122659717441522","14.701318262672542048","121.97972734521023597","88957.096594129907317","316456.17001018556766","1711.3193336646347689","0","100","3500","0","9.4223520699586611471","0","0","88971.866323706984986","0","0","87.954198083942870312","90.673806235402338416","208","11425.862800831082495","0.38462337521165707033","0.14423745804151152927","94627.688103091146331","2.9327200049546240379","6.538518608739181559","9.326193764597656255","28944775.683425910771","7032.3674977619584752","29705271.637131806463","7033.3520095214098546","150275.87496267468669","5150.9655254501703894","0","0","0","2062.5521360508614634","0","0","0","0","0","0","0","0","0","0","0","0","0","0","0","0","0","0","22675.274843686605891","171.30504614455841761","842.74206609047132588","44740.152396513294661","0","0","0","0","0","0","0","0","0","0","0","0"
"05/14/2026 07:53:58.311","50091134.514975115657","51960.83404483198683","16240.36554240899568","35720.468502422991151","1000000000","2761111.1963881654665","16237.315899405288292","3.0496430037072475017","0","0","0","47330023.318586952984","35720.468502422991151","0","0","0","0","0","0","0","0","0","0","15.641693750850164335","0.15641693750850163558","0","0","15.641693750850164335","0.15641693750850163558","1.4019120458891013066e-005","0","1.4019120458891013066e-005","11164.743036572233905","0","11164.743036572233905","55161747.473904460669","0","55161747.473904460669","4940.7090958754442909","0","4940.7090958754442909","85.252909706328651396","0","0","100","11.717793924025942331","13.395265031452675331","122.03762182658411461","107495.00691818661289","264948.4490189406788","1648.783679174937788","0","100","3500","0","11.656217164882566095","0","0","107464.5303252258891","0","0","88.977386632717340831","88.29417745843505827","193","13678.910807203041259","0.34721731919459886129","0.14880597125610708908","115236.06153020942293","2.6289833762559187136","8.879017027251261851","11.705822541564947059","43179622.854715920985","10546.682054487564528","44320112.080479674041","10547.698602155467597","214682.66888897540048","7271.3654685059809708","0","0","0","2138.8162932666828056","0","0","0","0","0","0","0","0","0","0","0","0","0","0","0","0","0","0","23501.565534235953237","227.70667761014115626","280.56715634106677726","46045.543165307826712","0","0","0","0","0","0","0","0","0","0","0","0"
"05/14/2026 07:53:59.327","48866581.540553115308","51127.806235127107357","16263.15380445849587","34864.652430668611487","1000000000","2744306.8632437177002","16261.186328798628892","1.9674756598667426655","0","0","0","46122274.677309393883","34864.652430668611487","0","0","0","0","0","0","0","0","0","1","15.822018355308509641","0.15822018355308509197","0","0","15.822018355308509641","0.15822018355308509197","1.417516760762173505e-005","0","1.417516760762173505e-005","11151.652040124698033","0","11151.652040124698033","53997857.41900639981","0","53997857.41900639981","4842.1397318278050079","0","4842.1397318278050079","85.294977462271120316","0","0","100","11.671012255442487771","13.536878170189975634","121.98701372429356127","106000.536619347331","268413.90351488132728","1667.9507787134427872","0","100","3500","0","12.017765514079691513","0","0","106051.7369974424364","0","0","88.96017075877989555","87.982234485920301381","199","13703.978121684589496","0.24038800005632093848","0.24038800005632093848","115099.43458043997816","2.2596511390564923971","9.9520868334941408051","12.017765514079691513","42034523.295403681695","10259.401828375130208","43143939.53553801775","10260.385566205062787","211507.56838699456421","7193.0910124728115989","0","0","0","2105.1989560574147617","0","0","0","0","0","0","0","0","0","0","0","0","0","0","0","0","0","0","23163.090943611161492","462.35678006868454304","500.72255543608599737","45425.078035003352852","0","0","0","0","0","0","0","0","0","0","0","0"
"05/14/2026 07:54:00.311","49450199.734243072569","51584.76287660793605","16290.03206293637777","35294.73081367155828","1000000000","2745495.2229689247906","16286.984158721035783","3.0479042153429669604","0","0","0","46704704.511274151504","35294.73081367155828","0","0","0","0","0","0","0","0","0","0","17.900550162561881251","0.17900550162561881806","0","0","17.900550162561881251","0.17900550162561881806","1.4288558222510539946e-005","0","1.4288558222510539946e-005","12528.918261203156362","0","12528.918261203156362","67622834.857742622495","0","67622834.857742622495","5397.3402530003240827","0","5397.3402530003240827","83.990184114894134382","0","0","100","12.267621979565232593","13.877279243725070046","122.00311481968337546","107712.01444029972481","263339.4402731662849","1655.9044728011594998","0","100","3500","0","9.175532293148592089","0","0","107680.52177854705951","0","0","88.622313949845363368","90.774862053005605844","200","15040.285717681697861","0.19842261538317748637","0.24801811038116403085","117869.92169400450075","2.331374301122064896","6.8949217545224135151","9.2251379469943888267","42572776.586893871427","10389.289502032394012","43696250.336158439517","10390.305470104174674","212869.6942718399514","7217.4371819321459043","0","0","0","2093.9101959406184505","0","0","0","0","0","5.0798403589049447859","4.0638722871239556511","0","0","0","0","0","0","0","0","0","0","0","23048.251676423515164","329.17365525704042284","413.49900521486250682","45233.9464599049752","0","0","0","0","0","0","0","0","0","0","0","0"
"05/14/2026 07:54:01.327","49177178.424340121448","51285.668254828393401","16221.137835934523537","35064.530418893868045","1000000000","2756844.7793636629358","16219.167697131349996","1.9701388031741693396","0","0","0","46420333.644976451993","35064.530418893868045","0","0","0","0","0","0","0","0","0","0","14.102066733351993122","0.14102066733351992234","0","0","14.102066733351993122","0.14102066733351992234","1.3875597947128887118e-005","0","1.3875597947128887118e-005","10172.811710189824225","0","10172.811710189824225","41817126.002886846662","0","41817126.002886846662","4110.6753171298541929","0","4110.6753171298541929","86.353590083647958409","0","0","100","12.441253707924994742","14.955066959257328207","122.02378534051607062","107466.23710629651032","261183.0788536046748","1718.1758388045830088","0","100","3500","0","13.892715007604806488","0","0","107454.42157044225314","0","0","87.717947225851418125","86.107284992395193512","229","13799.56124976861247","0.28845800703835172696","0.14423884984655974129","115113.84268795563548","2.9327483039454924629","10.913659425972896955","13.892715007604806488","42360884.312562912703","10333.378022648517799","43478299.758392028511","10334.363092050105479","215225.84341395896627","7335.8118336190200353","0","0","0","2080.466576151922709","0","0","0","0","0","4.9253470079354233491","3.9402776063483386793","0","0","0","0","0","0","0","0","0","0","0","22851.639978017192334","443.28123071418809786","508.29581121893568252","44873.851519898053084","0","0","0","0","0","0","0","0","0","0","0","0"
"05/14/2026 07:54:02.311","42981883.702256217599","45626.547218653802702","14682.935600270835494","30943.611618382969027","1000000000","2454943.7846215791069","14682.935600270835494","0","0","0","0","40526939.917634636164","30943.611618382969027","0","0","0","0","0","0","0","0","0","0","13.786448031646781232","0.13786448031646780787","0","0","13.786448031646781232","0.13786448031646780787","1.4581463571889105238e-005","0","1.4581463571889105238e-005","9448.1675215129580465","0","9448.1675215129580465","47981632.421205110848","0","47981632.421205110848","5078.4061895551258203","0","5078.4061895551258203","87.119101330902552149","0","0","100","13.579088807254187543","16.235055948293929617","122.00257618675522053","99639.3478447185189","278456.44799608591711","1663.3298523231173931","0","100","3500","0","13.378272289986858468","0","0","99626.146814144522068","0","0","86.698344359394937442","86.621727710013146861","259","13907.793441646774227","0.39667013582522425708","0.29748990858704577045","107284.77547484106617","3.1733204680998023939","10.214121448711676265","13.378272289986858468","36908112.052870750427","8865.3985383463514154","37866809.671812735498","8866.4138153205094568","182290.95015609374968","6192.1742653887304186","0","0","0","2068.1191963595415473","0","0","0","0","0","4.0611078966314027028","3.045830922473551805","0","0","0","0","0","0","0","0","0","0","0","22761.494483644852153","580.73842921829054831","1051.8269452275330877","44786.913161025258887","0","0","0","0","0","0","0","0","0","0","0","0"
"05/14/2026 07:54:03.327","50414061.157178640366","52322.783903061004821","16340.035055871216173","35982.748847189788648","1000000000","2715893.2918585962616","16337.08007937066759","2.9549765005493791037","0","0","0","47698167.865320049226","35982.748847189788648","0","0","0","0","0","0","0","0","0","0","16.270294609140421471","0.16270294609140423248","0","0","16.270294609140421471","0.16270294609140423248","1.4343410314290675137e-005","0","1.4343410314290675137e-005","11345.139777775915718","0","11345.139777775915718","54445954.218549072742","0","54445954.218549072742","4799.0553915610353215","0","4799.0553915610353215","84.767668236371179091","0","0","100","13.836957309674268402","15.540692122224498917","122.00408279411583123","109651.16159972769674","254672.3620618408313","1697.8651020570559922","0","100","3500","0","10.844995158523873968","0","0","109638.35867262401734","0","0","87.263372361907627806","89.251174520835689918","198","15501.390200915348032","0.38469841424914574812","0.19235905553003723734","118311.84936509298859","2.7410082088429228442","7.9825955039271505598","10.748825479164313634","43514589.95022341609","10622.15552730816853","44663232.655642300844","10623.140519475018664","208845.91915282790433","7020.0391731384752347","0","0","0","2103.9432683911577442","0","0","0","0","0","0","0","0","0","0","0","0","0","0","0","0","0","0","23131.556046300538583","159.56873102966648048","190.10348820201005537","45429.80871944615501","0","0","0","0","0","0","0","0","0","0","0","0"
"05/14/2026 07:54:04.311","50377100.774396941066","52621.571014691784512","16570.131994260536885","36051.439020431251265","1000000000","2721563.6808872725815","16568.100469465065544","2.0315247954711623812","0","0","0","47655537.093509666622","36051.439020431251265","0","0","0","0","0","0","0","0","0","1","18.227131231915663534","0.18227131231915663645","0","0","18.227131231915663534","0.18227131231915663645","1.4307391165683303643e-005","0","1.4307391165683303643e-005","12739.691992399659284","0","12739.691992399659284","68632643.637437015772","0","68632643.637437015772","5387.3079253707546741","0","5387.3079253707546741","83.646529361657854906","0","0","100","12.165753524846612876","13.956044045345576521","121.98225751463151312","109770.59794701587816","258192.05326818255708","1705.4366557758437466","0","100","3500","0","10.823419685792956102","0","0","109798.0230748931499","0","0","88.55867323876879027","89.176580314207043898","201","15081.788841548377604","0.34718674116385367379","0.2975871841977009713","119614.18736400437774","2.7774736141123996802","8.0348235005402823816","10.823419685792956102","43487433.292343936861","10617.764343530030601","44635606.41319873929","10618.780105927766272","206451.67581496140338","6919.3734533747792739","0","0","0","2139.1956096311341753","0","0","0","0","0","0","0","0","0","0","0","0","0","0","0","0","0","0","23491.536972430785681","112.74962614864951149","142.20673568298136047","46107.486758013503277","0","0","0","0","0","0","0","0","0","0","0","0"
"05/14/2026 07:54:05.327","49568918.891908288002","51672.073400161061727","16295.524205351961427","35376.5491948091003","1000000000","2731366.1665335618891","16292.57033389479875","2.953871457163497638","0","0","0","46837552.725374728441","35376.5491948091003","0","0","0","0","0","0","0","0","0","0","13.986058200542331065","0.13986058200542331176","0","0","13.986058200542331065","0.13986058200542331176","1.3647261195464155978e-005","0","1.3647261195464155978e-005","10245.995461081118265","0","10245.995461081118265","42141017.232590690255","0","42141017.232590690255","4112.9256198347111422","0","4112.9256198347111422","86.433808952320518415","0","0","100","11.691315561843868664","13.100044588907604037","122.02440671001070882","107114.72925765613036","266700.76402552268701","1651.5855664618420633","0","100","3500","0","9.5947025810509174448","0","0","107104.88080466589599","0","0","89.266920007098732981","90.357217494001830005","199","12862.079605242490288","0.28852879172056206114","0.2885189433131579162","114093.34304653425352","2.1158712403458523887","7.5017091911049966768","9.6427825059981699951","42696924.025343030691","10410.427638863220636","43822675.945630252361","10411.412262682273649","210410.17163667027489","7115.8763403068660409","0","0","0","2103.1564775004103467","0","0","0","0","0","0","0","0","0","0","0","0","0","0","0","0","0","0","23120.936519037750259","227.44810220158930747","256.00219295416980003","45379.342572583758738","0","0","0","0","0","0","0","0","0","0","0","0"
"05/14/2026 07:54:06.311","32270353.232374958694","33768.624868924816838","10644.524105640499329","23124.100763284317509","1000000000","1812552.3284642458893","10642.491932271725091","2.0321733687744369945","0","0","0","30457800.903910711408","23124.100763284317509","0","0","0","0","0","0","0","0","0","0","9.8979399956702494023","0.098979399956702490693","0","0","9.8979399956702494023","0.098979399956702490693","1.404101455541144316e-005","0","1.404101455541144316e-005","7050.6255029629082856","0","7050.6255029629082856","34597800.375545635819","0","34597800.375545635819","4907.0540423692173135","0","4907.0540423692173135","90.607864684219251217","0","0","100","9.0513000988322200868","10.134660524330932674","121.98912128979240777","72572.968656824072241","404181.34210342174629","1564.4666946374347845","0","100","3500","0","5.9502070549334877825","0","0","72546.555582758766832","0","0","91.687640695307976557","94.00018672176616974","200","8920.5078218255293905","0.14880851093658234441","0.049606223300336670101","78012.030139349284582","1.4881257452235343575","4.4643873946350307591","5.999813278233823155","27778663.805366560817","6748.8477576999048324","28508514.806415162981","6749.8638443842919514","140289.05633997445693","4771.5430698823774947","0","0","0","1422.5213581421057825","0","0","0","0","0","9.1447801594849646989","7.1126067907105285926","0","0","0","0","0","0","0","0","0","0","0","15627.413205875418498","3077.7265670088845582","6671.6251696864756013","30635.013534274636186","0","0","0","0","0","0","0","0","0","0","0","0"
"05/14/2026 07:54:07.311","41629054.486907213926","44257.932078006058873","14287.584612663142252","29970.347465342914802","1000000000","2411108.8568832958117","14284.586378622991106","2.9982340401503515537","0","0","0","39217945.630023919046","29970.347465342914802","0","0","0","0","0","0","0","0","0","1","13.858811905876203596","0.13858811905876203263","0","0","13.858811905876203596","0.13858811905876203263","1.4586562138272124483e-005","0","1.4586562138272124483e-005","9497.4060278495962848","0","9497.4060278495962848","48509028.18240056932","0","48509028.18240056932","5107.6081237503949524","0","5107.6081237503949524","87.182877776976823725","0","0","100","13.553073966186611088","14.907330713107686648","122.01273943726513949","96823.528788360665203","290050.14660031796666","1674.6632252254073592","0","100","3500","0","8.4169306217074755239","0","0","96907.511899357050424","0","0","87.797403704192120699","91.583069378292520923","226","13616.261769758102673","0.53700157938112291767","0.048820143213085274991","104511.9826402910403","2.3920970356085105024","6.1511080912763711481","8.4169306217074755239","35698509.577858641744","8602.9328725380746619","36628825.62170881778","8603.9322838847929233","179506.27080649498384","6118.3962646001509711","0","0","0","2039.7985586489558045","0","0","0","0","0","0","0","0","0","0","0","0","0","0","0","0","0","0","22456.772960726131714","902.46844608525577769","1395.1782400166302978","44197.967397203050496","0","0","0","0","0","0","0","0","0","0","0","0"
"05/14/2026 07:54:08.327","50317440.212803445756","52274.062048696083366","16432.227060206227179","35841.834988489856187","1000000000","2786125.2672674548812","16430.257241570383485","1.969818635843469945","0","0","0","47531314.945535995066","35841.834988489856187","0","0","0","0","0","0","0","0","0","0","18.420667016325715792","0.18420667016325717458","0","0","18.420667016325715792","0.18420667016325717458","1.4512801613779193247e-005","0","1.4512801613779193247e-005","12694.49619869324124","0","12694.49619869324124","68661889.396850392222","0","68661889.396850392222","5408.7919931724727576","0","5408.7919931724727576","83.533038151767655677","0","0","100","14.498006116362136098","16.181489890356093753","121.99950109877056548","109503.75439614780771","253438.85767200999544","1609.1183636546447815","0","100","3500","0","10.851379081946067373","0","0","109496.8609882251767","0","0","86.745328792098675308","89.14862091805393618","220","16940.057583590696595","0.62510253919040470461","0.52892988771453963714","120023.09488608594984","3.510163911050046881","7.3569222545642620759","10.851379081946067373","43384128.718192726374","10587.775167658650389","44529058.222815841436","10588.760076976572236","217787.08801612572279","7392.7293403205430877","0","0","0","2101.796484444982525","0","0","0","0","0","0","0","0","0","0","0","0","0","0","0","0","0","0","23109.912235715590214","407.75245761959826041","458.96774215152851184","45327.496629394088814","0","0","0","0","0","0","0","0","0","0","0","0"
"05/14/2026 07:54:09.311","49807564.634023174644","51913.278447698270611","16436.021141665372852","35477.257306032901397","1000000000","2798900.1603162349202","16431.956843658037542","4.0642980073356511639","0","0","0","47008664.473706938326","35477.257306032901397","0","0","0","0","0","0","0","0","0","0","14.321346752864460683","0.14321346752864461127","0","0","14.321346752864460683","0.14321346752864461127","1.3901893117728259615e-005","0","1.3901893117728259615e-005","10305.027597599544606","0","10305.027597599544606","42330086.433393567801","0","42330086.433393567801","4107.712088345493612","0","4107.712088345493612","86.166872897526999964","0","0","100","13.885093727908733641","15.133346334170262537","122.01202798668798266","107970.21860068784736","259775.77243885447388","1634.3426067632528884","0","100","3500","0","8.2949397224202350287","0","0","107917.39957299879461","0","0","87.570739284307478556","91.705060277579761419","186","14010.247094521782856","0.29758391964045743938","0.14878688107633616933","115383.16598674019042","2.4302602124905812175","5.9020590649788715609","8.2949397224202350287","42876689.80810213834","10466.583443391136825","44008511.452886961401","10467.599517892969743","218915.2835691201908","7469.1636629810927843","0","0","0","2105.3063677998675303","0","0","0","0","0","0","0","0","0","0","0","0","0","0","0","0","0","0","23136.016406758193625","420.65484375923989546","471.45856885093553501","45396.176592935553344","0","0","0","0","0","0","0","0","0","0","0","0"
"05/14/2026 07:54:10.327","50164815.815891601145","52295.915730329885264","16505.898402385369991","35790.017327944515273","1000000000","2761096.3673339155503","16502.944943289156072","2.9534590962159197325","0","0","0","47403719.448557682335","35790.017327944515273","0","0","0","0","0","0","0","0","0","0","15.463030009746320914","0.15463030009746320248","0","0","15.463030009746320914","0.15463030009746320248","1.4023479503438419537e-005","0","1.4023479503438419537e-005","11023.293833443218318","0","11023.293833443218318","53236486.127947196364","0","53236486.127947196364","4829.4536036438330484","0","4829.4536036438330484","85.479715057243510046","0","0","100","11.843514968729465409","13.491665130321466748","122.00625578909868807","107953.70112414719188","263588.36519867187599","1636.6916729913671134","0","100","3500","0","10.370067716102282063","0","0","107962.56407544498506","0","0","88.945011231854408607","89.629932283897716161","204","13642.051592027321021","0.09616330567788926309","0.19234630686129372545","116791.04834040743299","1.6829612507670166366","8.5590758317338124783","10.370067716102282063","43214722.087867178023","10553.693837144886857","44355962.310317784548","10554.678323510292103","212349.77107246301603","7176.9056038046855974","0","0","0","2136.3354129295153143","0","0","0","0","0","0","0","0","0","0","0","0","0","0","0","0","0","0","23492.79813766683219","155.54884573403845138","190.99035488862949705","46054.272173660247063","0","0","0","0","0","0","0","0","0","0","0","0"
"05/14/2026 07:54:11.311","41031346.82295960933","43307.181427916599205","13728.149911803497162","29579.031516113100224","1000000000","2293371.2749183448032","13727.13376451172735","1.0161472917693188389","0","0","0","38737975.548041261733","29579.031516113100224","0","0","0","0","0","0","0","0","0","0","13.134805734730031546","0.13134805734730031768","0","0","13.134805734730031546","0.13134805734730031768","1.4332535195654581424e-005","0","1.4332535195654581424e-005","9166.6647190510248038","0","9166.6647190510248038","46940607.105328649282","0","46940607.105328649282","5120.7945904001771851","0","5120.7945904001771851","87.70548626407284587","0","0","100","11.437669658618414559","12.782563889168830684","121.99545546197633428","92906.36209414737823","308408.2102201274829","1663.0150432256925797","0","100","3500","0","6.6454230880118920766","0","0","92845.408580040151719","0","0","89.513035980121912871","93.354576911988104371","205","11608.596761722656083","0.14881747555417215723","0.14880731667127541917","99586.867240300183767","1.2897006603883416354","5.3076201171075387819","6.6454230880118920766","35284446.55486946553","8342.5692654261074495","36186614.637215606868","8343.5854127178754425","168440.63967284935643","5696.521717658801208","0","0","0","2006.8909012444046311","0","0","0","0","0","8.1291783341545507113","6.0968837506159125894","0","0","0","0","0","0","0","0","0","0","0","22050.396231394217466","1025.292617395242587","1416.50932472643035","43413.876893552376714","0","0","0","0","0","0","0","0","0","0","0","0"
"05/14/2026 07:54:12.326","48196272.714511752129","50283.428754577056679","15840.431766936573695","34442.996987640486623","1000000000","2631142.7692248327658","15839.447400060675136","0.98436687589712734692","0","0","0","45565129.945286914706","34442.996987640486623","0","0","0","0","0","0","0","0","0","0","14.48185684170312193","0.14481856841703122374","0","0","14.48185684170312193","0.14481856841703122374","1.3875490566037734731e-005","0","1.3875490566037734731e-005","10434.288884509549462","0","10434.288884509549462","46355521.422087259591","0","46355521.422087259591","4442.6143396226416371","0","4442.6143396226416371","86.222188088620015378","0","0","100","11.561030552689407713","13.197265301943115645","122.00393236335037273","103838.61819472906063","274785.14119420247152","1702.3854171046116335","0","100","3500","0","9.7589051778377076118","0","0","103930.18664110889949","0","0","89.200988167783719973","90.241094822162295941","210","13084.441762812715751","0.1442275976081534572","0.33654418939423030865","111518.55240723108","2.2596411836351695257","7.6442989827858340846","9.7589051778377076118","41558930.008955769241","10140.947555492206448","42655546.208445198834","10141.931922368103187","201480.2121586240246","6784.2565086830018117","0","0","0","2043.5456343624362034","0","0","0","0","0","0","0","0","0","0","0","0","0","0","0","0","0","0","22504.595516760124156","967.63263900687616115","1042.4445215750579337","44139.995082103087043","0","0","0","0","0","0","0","0","0","0","0","0"
"05/14/2026 07:54:13.311","50558606.125140205026","52662.82074522725452","16598.294165766626975","36064.526579460623907","1000000000","2780746.4256136133336","16598.294165766626975","0","0","0","0","47777859.699526593089","36064.526579460623907","0","0","0","0","0","0","0","0","0","0","14.605649346981683934","0.14605649346981683379","0","0","14.605649346981683934","0.14605649346981683379","1.3930384652649937147e-005","0","1.3930384652649937147e-005","10481.583093788383849","0","10481.583093788383849","43053196.496931232512","0","43053196.496931232512","4107.5089623098538141","0","4107.5089623098538141","85.951908139800906383","0","0","100","14.508526287558007439","16.471602610469510353","121.95592322964924392","110774.58398705199943","249901.63815638615051","1693.4716717846690699","0","100","3500","0","12.451091181194961166","0","0","110766.4569484351523","0","0","86.513071947214029933","87.400104918533727982","225","15014.703844617522918","0.44643201811327865025","0.29761795919229794283","119014.385264703742","3.6209998793152418095","9.027697355134607804","12.599895081466272018","43613468.138617686927","10647.119189543398534","44764811.291389733553","10648.13474841306197","215696.57944539314485","7304.9149494835628502","0","0","0","2098.1446247230696827","0","0","0","0","0","0","0","0","0","0","0","0","0","0","0","0","0","0","23047.092988124561089","370.67898742687339109","429.58140186730810228","45245.178761211136589","0","0","0","0","0","0","0","0","0","0","0","0"
"05/14/2026 07:54:14.311","50957713.203780055046","53010.977952904555423","16705.102300378679502","36305.875652525872283","1000000000","2828442.6889105397277","16704.102413965774758","0.99988641290349422608","0","0","0","48129270.514869511127","36305.875652525872283","0","0","0","0","0","0","0","0","0","0","14.728534888271951786","0.14728534888271951897","0","0","14.728534888271951786","0.14728534888271951897","1.3951870796627829856e-005","0","1.3951870796627829856e-005","10555.800861022187746","0","10555.800861022187746","43355330.83441721648","0","43355330.83441721648","4107.2516813488682601","0","4107.2516813488682601","85.802608699391186065","0","0","100","14.908147837648010992","17.127253266606615512","121.96542607744376596","110900.86528993707907","248081.77301255232305","1652.9234696433557019","0","100","3500","0","10.549634016308894857","0","0","110893.86561402207008","0","0","85.978513263940143929","89.352709001291856339","230","15101.300809772508728","0.3906079302149563226","0.29296094750672202478","119011.48976802374818","2.7342855105777230662","7.8122586012092227747","10.647290998708136556","43907152.147516041994","10719.782232738361927","45066352.462360277772","10720.782119151264851","221790.8045646014798","7544.1429853568643011","0","0","0","2085.7630573166889008","0","0","0","0","0","4.9994320645174710194","3.9995456516139769043","0","0","0","0","0","0","0","0","0","0","0","22940.393971244866407","356.95944940654743505","437.95024885173046414","44985.889602941111661","0","0","0","0","0","0","0","0","0","0","0","0"
"05/14/2026 07:54:15.311","49460701.353343009949","51554.351436451441259","16280.426849814462912","35273.924586636981985","1000000000","2768123.9089797241613","16278.425322048320595","2.001527766143897491","0","0","0","46692577.444363281131","35273.924586636981985","0","0","0","0","0","0","0","0","0","0","14.098855770343268645","0.14098855770343268756","0","0","14.098855770343268645","0.14098855770343268756","1.3781876832844574805e-005","0","1.3781876832844574805e-005","10237.814523826036748","0","10237.814523826036748","42044764.76894813776","0","42044764.76894813776","4106.8105571847509054","0","4106.8105571847509054","86.266684119994764046","0","0","100","12.204980919542068207","14.086918886053265254","122.00999196208320541","107299.75532283826033","263669.20438765716972","1623.9811618185231055","0","100","3500","0","12.890656132803158584","0","0","107266.75570563382644","0","0","88.386843483946947231","87.060523881842826199","200","13504.843343817212372","0.43944986816503950333","0.29295991211202637716","114495.6718502065487","2.8808591357422592694","10.058596982420905164","12.939476118157166695","42604500.014861345291","10402.940564532907956","43729442.683600395918","10403.941328415980024","215972.85207799114869","7350.6107211634644045","0","0","0","2094.5988072695890878","0","0","0","0","0","0","0","0","0","0","0","0","0","0","0","0","0","0","23019.570838420968357","437.3338169024416402","488.37277493911102511","45162.472515270907024","0","0","0","0","0","0","0","0","0","0","0","0"
"05/14/2026 07:54:16.327","41834983.79642816633","44439.669476453294919","14288.501401548212016","30151.168074905082904","1000000000","2394382.1189779695123","14285.549841663570987","2.9515598846412336442","0","0","0","39440601.677450194955","30151.168074905082904","0","0","0","0","0","0","0","0","0","0","11.571979349398937131","0.11571979349398937853","0","0","11.571979349398937131","0.11571979349398937853","1.3794049295774648235e-005","0","1.3794049295774648235e-005","8382.4300723811029457","0","8382.4300723811029457","35491004.284976258874","0","35491004.284976258874","4233.9755868544598343","0","4233.9755868544598343","88.814736948238802938","0","0","100","10.567328824421853284","12.288061467397040971","121.97301607154024339","94825.835904749576002","303457.67581875750329","1654.2137846816258389","0","100","3500","0","10.671085456276985681","0","0","94864.237296179693658","0","0","89.974856302033160205","89.280824858231923713","198","11066.493289307614759","0.19231935647257233923","0.048079839118143084808","100768.20506579340145","1.7308151300154470675","9.0867351239028177901","10.719175141768078063","35939110.106662489474","8515.250267189960141","36859945.630299217999","8516.2341204848398775","175972.00032231034129","5982.8118861677803579","0","0","0","2087.7366917362328422","0","0.98385329488041128876","0.98385329488041128876","0","0","0.98385329488041128876","0","0","0","0","0","0","0","0","0","0","0","0","22903.120851521092845","809.71126168657849576","1242.60671143395939","45065.400171997236612","0","0","0","0","0","0","0","0","0","0","0","0"
"05/14/2026 07:54:17.311","48710970.606327407062","51000.756029864242009","16213.419799483841416","34787.336230380402412","1000000000","2715289.8475365187041","16210.370062233954741","3.0497372498872357127","0","0","0","45995680.758790887892","34787.336230380402412","0","0","0","0","0","0","0","0","0","0","13.798553138023628151","0.13798553138023628151","0","0","13.798553138023628151","0.13798553138023628151","1.3704782564826960297e-005","0","1.3704782564826960297e-005","10075.315294544130666","0","10075.315294544130666","41385080.868357785046","0","41385080.868357785046","4107.5717889214001843","0","4107.5717889214001843","86.576663448347602525","0","0","100","11.95240486824910775","14.510504638749649686","122.00658838967180486","106565.21101331985847","264595.49242857686477","1678.2402939399271418","0","100","3500","0","12.251078055615149509","0","0","106572.32220100604172","0","0","88.076239621733733998","87.897738724505387609","194","12717.851234766310881","0.24801780803214418247","0.24801780803214418247","113509.79373085820407","1.9345368708836396809","10.019943825703641949","12.102261275494608839","41923680.731953203678","10234.918210621563048","43030458.844151616096","10235.934789704859213","209069.65427060297225","7088.6059478212318936","0","0","0","2073.8213299233202633","0","0","0","0","0","0","0","0","0","0","0","0","0","0","0","0","0","0","22820.167261822891305","565.21797031243431775","706.52246289054301087","44809.789412593156158","0","0","0","0","0","0","0","0","0","0","0","0"
"05/14/2026 07:54:18.311","50328766.887851051986","52363.00513667659834","16471.419130068450613","35891.586006608151365","1000000000","2759258.4783742176369","16468.421419719616097","2.997710348835559202","0","0","0","47569508.409476839006","35891.586006608151365","0","0","0","0","0","0","0","0","0","0","14.359699896420144327","0.14359699896420144438","0","0","14.359699896420144327","0.14359699896420144438","1.3751886611760199603e-005","0","1.3751886611760199603e-005","10434.030487513635308","0","10434.030487513635308","42848296.471155330539","0","42848296.471155330539","4106.5910745067994867","0","4106.5910745067994867","86.222249288850989046","0","0","100","12.93646501655973502","15.049296811251020145","121.96709750184736265","110344.0510411610594","254243.04327341259341","1648.9858187219590491","0","100","3500","0","11.377074072096293733","0","0","110349.05099816143047","0","0","87.698337222327893414","88.476436132989405792","235","13738.881845616127976","0.24413965820447849908","0.19531972655238283298","118023.98499372907099","2.5878863769590720878","9.0331973535237040096","11.523563867010588879","43406034.470871143043","10598.904556699591922","44552163.057856403291","10599.903793482537367","213460.95851988249342","7218.4865199960268001","0","0","0","2114.3850327120144357","0","0","0","0","0","0","0","0","0","0","0","0","0","0","0","0","0","0","23221.263598863184598","208.84048763554395123","251.80766930218698008","45566.196539083444804","0","0","0","0","0","0","0","0","0","0","0","0"
"05/14/2026 07:54:19.311","51421683.667321130633","53428.58060044299782","16840.813411287766939","36587.767189155238157","1000000000","2856290.958853312768","16838.813314683098724","2.0000966046660053621","0","0","0","48565392.708467818797","36587.767189155238157","0","0","0","0","0","0","0","0","0","0","14.958942602643492847","0.14958942602643493514","0","0","14.958942602643492847","0.14958942602643493514","1.4053908305148440173e-005","0","1.4053908305148440173e-005","10644.514130032481262","0","10644.514130032481262","43743296.801235496998","0","43743296.801235496998","4109.4686208192406411","0","4109.4686208192406411","85.578576053559856973","0","0","100","15.850432061334950973","18.782287805166816952","122.00587305877216693","114663.4840143219335","236021.47129082318861","1678.99244453399956","0","100","3500","0","13.867405331486670761","0","0","114696.48386582260719","0","0","84.599538501153745074","86.034944912637726588","220","15268.931289809195732","0.58593853515366212115","0.14647963380091549856","124334.44049501777044","3.7597606005984980371","10.253874365314086248","13.965055087362276964","44312268.282558046281","10812.522244824425798","45481492.75610011816","10813.522293126758086","224662.85121571371565","7653.3696577544696993","0","0","0","2095.1011933876407056","0","0","0","0","0","5.0002415116650134053","4.0001932093320107242","0","0","0","0","0","0","0","0","0","0","0","23012.111484984725394","216.01043330392857911","261.01260690891371041","45184.182396009724471","0","0","0","0","0","0","0","0","0","0","0","0"
"05/14/2026 07:54:20.311","42664193.442412249744","45197.302395808372239","14471.184655199025656","30726.117740609344764","1000000000","2396742.2867895108648","14469.182692875556313","2.0019623234694647884","0","0","0","40267451.15562274307","30726.117740609344764","0","0","0","0","0","0","0","0","0","1","15.596818806362385601","0.15596818806362386378","0","0","15.596818806362385601","0.15596818806362386378","1.468491667451275894e-005","0","1.468491667451275894e-005","10631.420918784591777","0","10631.420918784591777","59872575.09811116755","0","59872575.09811116755","5631.6625553149424377","0","5631.6625553149424377","85.982478035043925502","0","0","100","13.452707794961236587","15.803193829955755945","121.97595376008101198","99234.166433001955738","280851.97789676417597","1659.9860561171285553","0","100","3500","0","14.013841972316054552","0","0","99106.167508192927926","0","0","86.994796010407981157","85.937328125343753982","227","14790.875756643643399","0.83006833986332029252","0.19530960938078123501","108086.0920768265496","3.9062421875156254636","10.107409785180429651","14.062671874656251347","36680550.275379925966","8759.5861463406436087","37627810.780126675963","8760.58712750237828","176629.13187506393297","5965.8477239390049363","0","0","0","2046.0054945857930306","0","0","0","0","0","0","0","0","0","0","0","0","0","0","0","0","0","0","22504.058478120252403","737.72311619849779163","1172.148940391371525","44345.467427172116004","0","0","0","0","0","0","0","0","0","0","0","0"
"05/14/2026 07:54:21.326","48785905.96906132251","50610.421404442633502","15871.487992844346081","34738.933411598292878","1000000000","2693847.0081467600539","15868.535340979125976","2.9526518652197095705","0","0","0","46092058.960914567113","34738.933411598292878","0","0","0","0","0","0","0","0","0","0","13.911629286838387287","0.13911629286838386732","0","0","13.911629286838387287","0.13911629286838386732","1.3780093631132351309e-005","0","1.3780093631132351309e-005","10091.179858032561242","0","10091.179858032561242","41518914.983113780618","0","41518914.983113780618","4114.3766702428556528","0","4114.3766702428556528","86.579742512276169464","0","0","100","12.463053403365712768","14.912548798432148089","122.0185750931332791","106887.37056930550898","262745.57295504794456","1667.9612895132790982","0","100","3500","0","11.77716903321830344","0","0","106910.0170330946421","0","0","87.787898394032254146","88.367060169118786916","193","12953.777287388842524","0.48078698258585989","0.28846825101513312584","114475.90519638864498","2.5962044127952412786","8.9905560789979812597","11.536780465095851866","42058325.110197886825","10250.623058754425074","43166793.925962053239","10251.607276042832382","209909.92640219960595","7125.7331680635661542","0","0","0","2056.0299154813246787","0","0","0","0","0","4.9210864420328492841","3.9368691536262794273","0","0","0","0","0","0","0","0","0","0","0","22569.086640451052517","843.47421616443034509","920.24316466014283833","44314.383410505812208","0","0","0","0","0","0","0","0","0","0","0","0"
"05/14/2026 07:54:22.311","48551577.604100450873","50738.267556931532454","16066.152545719882255","34672.115011211652018","1000000000","2719263.3961760974489","16064.119884719664697","2.0326610002175962144","0","0","0","45832314.207924351096","34672.115011211652018","0","0","0","0","0","0","0","0","0","0","13.700035657070412043","0.13700035657070411266","0","0","13.700035657070412043","0.13700035657070411266","1.363737486095661862e-005","0","1.363737486095661862e-005","10050.492315575906105","0","10050.492315575906105","41275051.657538495958","0","41275051.657538495958","4106.7691374254218317","0","4106.7691374254218317","86.649870933595565248","0","0","100","11.236269925248318913","12.898179075705785479","122.00641163627417995","104362.06426621015999","274199.58822899527149","1635.5620354965722072","0","100","3500","0","10.863276976199154333","0","0","104338.6990942745033","0","0","89.398888840352825014","88.987918246769268649","199","12573.510132509984032","0.19840975561192511489","0.34722469135300804144","111022.15414491546107","2.033722852118649449","9.02775054679253941","11.111291710391446586","41816479.372200451791","10210.056204092987173","42920563.913010649383","10211.072534593095043","210685.31267255387502","7167.1626867672448498","0","0","0","2085.5101862232540952","0","0","0","0","0","0","0","0","0","0","0","0","0","0","0","0","0","0","22954.840675457315228","554.91645305940380695","620.97793556647570767","45018.359502319217427","0","0","0","0","0","0","0","0","0","0","0","0"
"05/14/2026 07:54:23.311","48235673.096480183303","50620.601356392638991","16116.595195605490517","34504.006160787146655","1000000000","2679386.6998360352591","16116.595195605490517","0","0","0","0","45556286.39664414525","34504.006160787146655","0","0","0","0","0","0","0","0","0","0","13.652745244860867047","0.13652745244860867158","0","0","13.652745244860867047","0.13652745244860867158","1.3661116670001999916e-005","0","1.3661116670001999916e-005","9988.7908455740325735","0","9988.7908455740325735","41020527.794755034149","0","41020527.794755034149","4106.6559935961577139","0","4106.6559935961577139","86.820278700432623964","0","0","100","11.280305454405826993","12.806150365738933061","121.96978700063991141","104619.41413128086424","273827.57144222495845","1668.9906536523396881","0","100","3500","0","10.694503110360187748","0","0","104641.41400808155595","0","0","89.555813685584823247","89.354326264623821885","184","12668.929053997298979","0.24413687504799938544","0.24413687504799938544","111521.37548029731261","2.1972418753039959505","8.4959912513119828503","10.645673735376181668","41550419.456253558397","10146.708491521671021","42647663.243618451059","10147.707970293491599","204349.4317713312339","6899.4019618768807049","0","0","0","2103.9028146821433438","0","0","0","0","0","0","0","0","0","0","0","0","0","0","0","0","0","0","23098.953895543472754","277.8550985660977517","310.83789803617412417","45289.381587502117327","0","0","0","0","0","0","0","0","0","0","0","0"
"05/14/2026 07:54:24.311","48696146.580672413111","50731.047140819187916","16029.910765363230894","34701.136375455957022","1000000000","2746213.3486311566085","16026.910407720599324","3.0003576426310014647","0","0","0","45949933.23204126209","34701.136375455957022","0","0","0","0","0","0","0","0","0","0","17.301431530134035341","0.17301431530134034342","0","0","17.301431530134035341","0.17301431530134034342","1.438541978387364908e-005","0","1.438541978387364908e-005","12031.434146950316062","0","12031.434146950316062","64900664.159167774022","0","64900664.159167774022","5394.2583541147132564","0","5394.2583541147132564","84.448410808398421068","0","0","100","12.770677936549324372","14.455043373798481809","122.02007587519744902","105782.96751360889175","266646.74253093014704","1683.5538582275696626","0","100","3500","0","10.080566309593930185","0","0","105766.97175248559506","0","0","88.120193424727006004","89.870615621542100371","229","15517.887759743669449","0.39052455579856287793","0.34171648449119035318","115391.4212733625609","2.3919953963251381346","7.7129549538092891936","10.129384378457906735","41929093.947998598218","10227.219084514874339","43035033.77602609992","10228.219203729084256","215377.67301862381282","7357.8770589454261426","0","0","0","2071.2468926296014615","0","0","0","0","0","0","0","0","0","0","0","0","0","0","0","0","0","0","22801.717964781400951","631.07522416672065901","689.08213859092006714","44718.330424986655999","0","0","0","0","0","0","0","0","0","0","0","0"
"05/14/2026 07:54:25.326","43549345.21584777534","46292.339629968475492","15001.490696830860543","31290.848933137614949","1000000000","2513465.5018882812001","14999.521480409643118","1.9692164212169676052","0","0","0","41035879.713959492743","31290.848933137614949","0","0","0","0","0","0","0","0","0","0","12.449028671523006295","0.12449028671523006129","0","0","12.449028671523006295","0.12449028671523006129","1.4056052017339112911e-005","0","1.4056052017339112911e-005","8858.5200708445299824","0","8858.5200708445299824","36881375.584315739572","0","36881375.584315739572","4163.3789040791371008","0","4163.3789040791371008","87.912169693535616943","0","0","100","13.30913090615702643","15.244223059855780633","122.01821691246041723","99647.244774463571957","280880.61842430231627","1656.6179622298982395","0","100","3500","0","12.522908744797767611","0","0","99735.886639267788269","0","0","87.534806321631691617","87.477091255202239495","231","13372.117760520410229","0.52899896467443974224","0.28853593619747142096","106692.30320718085568","3.5106223299395034054","8.992972550478031124","12.522908744797767611","37354881.549663044512","8998.3344367509344011","38327946.213610351086","8999.3190449615431135","187961.70740515957004","6410.7840592718384869","0","0","0","2070.631066909641504","0","0","0","0","0","0","0","0","0","0","0","0","0","0","0","0","0","0","22730.66515010745934","332.79757518566754015","716.79477732297618786","44695.305112361515057","0","0","0","0","0","0","0","0","0","0","0","0"
"05/14/2026 07:54:26.311","49510617.523778885603","51445.419675841862045","16116.30142206124583","35329.118253780616214","1000000000","2680919.1684561255388","16114.270254196597307","2.031167864649473298","0","0","0","46829698.355322755873","35329.118253780616214","0","0","0","0","0","0","0","0","0","0","14.322812823786545522","0.14322812823786545966","0","0","14.322812823786545522","0.14322812823786545966","1.3923234219105009733e-005","0","1.3923234219105009733e-005","10280.756146923309643","0","10280.756146923309643","42209813.140681125224","0","42209813.140681125224","4105.7109552504198291","0","4105.7109552504198291","86.229217197183743338","0","0","100","13.438737201365187346","15.320934503494230583","121.98803146753616033","107499.46956663315359","260393.49603485921398","1644.3688289828994584","0","100","3500","0","11.971509903798294161","0","0","107457.82711945075425","0","0","87.433700530395753958","88.177266202482769586","187","14392.036014013394379","0.44634863234761035233","0.29756236931433899251","115290.6698675150692","3.0251988006500729611","8.6788635041181052543","11.822733797517226861","42755242.647375449538","10443.249576095267912","43884551.668441906571","10444.265160027591264","206285.40833380050026","6933.3915059809769446","0","0","0","2078.9003094687359408","0","0","0","0","0","0","0","0","0","0","0","0","0","0","0","0","0","0","22882.121579208640469","450.91926595218308194","487.48028751587361285","44899.981232008933148","0","0","0","0","0","0","0","0","0","0","0","0"
"05/14/2026 07:54:27.311","46438351.478504098952","48471.805846322713478","15305.096220965500834","33166.709625357209006","1000000000","2590166.9907822352834","15302.095613942699856","3.0006070228007124534","0","0","0","43848184.487721867859","33166.709625357209006","0","0","0","0","0","0","0","0","0","1","13.173731071425251571","0.1317373107142525146","0","0","13.173731071425251571","0.1317373107142525146","1.3749540805677312879e-005","0","1.3749540805677312879e-005","9583.9388308254765434","0","9583.9388308254765434","39415589.773811243474","0","39415589.773811243474","4112.6712586098938118","0","4112.6712586098938118","87.247804404819234492","0","0","100","11.6704096422549366","12.64411869162765889","122.00217616100505325","100526.29205704818014","285309.22536752274027","1652.6924339380439051","0","100","3500","0","6.3553294985140729167","0","0","100473.3019185129524","0","0","89.614140601884713533","93.498202497215473272","189","12183.732607361769624","0.19529400542095601279","0.19530400460202310131","107100.06867721915478","1.8553180494517498289","4.7359421263398528978","6.501797502784523175","39931998.243244610727","9735.9695866473794013","40984819.228930011392","9736.9697889883118478","199616.38239415833959","6782.3720738705442272","0","0","0","2014.4075146402117298","0","0","0","0","0","0","0","0","0","0","0","0","0","0","0","0","0","0","22159.482863383262156","1210.2448325296206804","1316.2662806685791566","43499.800009541926556","0","0","0","0","0","0","0","0","0","0","0","0"
"05/14/2026 07:54:28.326","49282524.020144380629","51334.119755184830865","16187.445775898142529","35146.673979286693793","1000000000","2735611.3563097747974","16183.505786662191895","3.9399892359494077532","0","0","0","46546912.663834609091","35146.673979286693793","0","0","0","0","0","0","0","0","0","1","17.233152081636930575","0.17233152081636929354","0","0","17.233152081636930575","0.17233152081636929354","1.4191613949716137862e-005","0","1.4191613949716137862e-005","12145.016819814049086","0","12145.016819814049086","65714733.747347407043","0","65714733.747347407043","5410.8392538523921758","0","5410.8392538523921758","84.373107857956341604","0","0","100","11.579186055123358301","13.402278238863685189","122.0299625468164777","106354.17437179580156","267856.26516512624221","1627.1262832210284159","0","100","3500","0","10.267134509558751176","0","0","106352.20448525436223","0","0","89.008134462679919352","89.732865490441255929","197","14514.124037254889117","0.336621548742760901","0.096170550716005262504","115463.91468263798743","1.923539044751166216","8.3192893798954408169","10.267134509558751176","42488363.241791628301","10360.201695928968547","43608683.421076901257","10361.186693237954387","212164.4803666396474","7198.3603340795680197","0","0","0","2107.894241232933382","0","0","0","0","0","3.9399892359494077532","2.9549919269620557039","0","0","0","0","0","0","0","0","0","0","0","23160.24172621960679","245.26432993785064696","285.64921960633205344","45450.73082860338036","0","0","0","0","0","0","0","0","0","0","0","0"
"05/14/2026 07:54:29.311","39643567.846572458744","42050.556361754250247","13468.287100645935425","28582.269261108314822","1000000000","2284654.4522908427753","13466.255378349864259","2.0317222960696836864","0","0","0","37358913.394281610847","28582.269261108314822","0","0","0","0","0","0","0","0","0","0","11.04643201092278737","0.11046432010922788147","0","0","11.04643201092278737","0.11046432010922788147","1.3929938508839355185e-005","0","1.3929938508839355185e-005","7929.8121215599758216","0","7929.8121215599758216","33608132.578006707132","0","33608132.578006707132","4238.2003586984374124","0","4238.2003586984374124","89.295606096931621209","0","0","100","10.840709273578113425","11.976600278599072169","122.00460386857446338","90853.374399347070721","317634.09179851284716","1645.7288308224285629","0","100","3500","0","8.977156824101651722","0","0","90889.9461511431291","0","0","90.19906254190523498","91.022843175898344725","170","10564.156859087923294","0.14880674222137338369","0.14881690106505318649","96663.20352494798135","2.1329609778496569916","6.6469009431470462701","8.977156824101651722","34032071.75230460614","8055.7789039162962581","34903233.638413362205","8056.7947650643318411","169157.13492616973235","5768.0595985418322016","0","0","0","1991.087850148290272","0","0","0","0","0","0","0","0","0","0","0","0","0","0","0","0","0","0","21890.791879002808855","1628.4254202998515666","2042.8967686980672624","43090.798177341923292","0","0","0","0","0","0","0","0","0","0","0","0"
"05/14/2026 07:54:30.326","49947093.388031244278","51910.935781148800743","16297.802418686362216","35613.133362462438527","1000000000","2765175.7727583586238","16293.86693968396321","3.9354790023993633241","0","0","0","47181917.615272887051","35613.133362462438527","0","0","0","0","0","0","0","0","0","0","14.39366750232052361","0.14393667502320522944","0","0","14.39366750232052361","0.14393667502320522944","1.3894477711244178266e-005","0","1.3894477711244178266e-005","10351.293646060925312","0","10351.293646060925312","42515766.758720800281","0","42515766.758720800281","4107.2901815416789759","0","4107.2901815416789759","86.250121724646987786","0","0","100","14.33238499418709111","15.458588140404604161","121.96532697039744164","108309.18880896618066","258022.05971912923269","1664.0078643571680459","0","100","3500","0","6.9699557478599789562","0","0","108325.92734961355745","0","0","87.36047696959833786","93.030044252140015715","217","14589.115104248614443","0.38461542248569557945","0.28845664372384766105","117380.49321980794775","2.1154045162330219476","5.1442878918610546179","6.9699557478599789562","43064978.595421642065","10513.632154909899327","44201883.382508784533","10514.616024660499534","216014.50696269865148","7340.6522092254126619","0","0","0","2081.8683922692630404","0","0","0","0","0","2.9516092517995224931","2.9516092517995224931","0","0","0","0","0","0","0","0","0","0","0","22904.487793964293814","587.37024110810500588","649.35403539589492539","44941.202467899529438","0","0","0","0","0","0","0","0","0","0","0","0"
"05/14/2026 07:54:31.311","49653269.576628029346","51465.86846836998302","16147.78833006835157","35318.080138301629631","1000000000","2769904.4807623494416","16144.740427401295165","3.0479026670570692481","0","0","0","46883365.095865681767","35318.080138301629631","0","0","0","0","0","0","0","0","0","0","14.368041220356614573","0.14368041220356614351","0","0","14.368041220356614573","0.14368041220356614351","1.4006179441473557597e-005","0","1.4006179441473557597e-005","10259.240377314094076","0","10259.240377314094076","42196627.516018249094","0","42196627.516018249094","4113.0362448009509535","0","4113.0362448009509535","86.259153080961596061","0","0","100","14.682548970844244707","16.938720410654521942","122.03711294327071357","107923.32004173692258","255372.06337849161355","1653.8726881719555877","0","100","3500","0","12.003336150707866636","0","0","107913.1611185908987","0","0","86.118870178632377588","87.996663849292133364","225","14754.819977278553779","0.39683329811615170035","0.2976224338865139929","115897.05881904753915","3.3234420460640734518","8.6806255384165265099","12.003336150707866636","42745063.058058276772","10421.795186223804194","43872047.420488856733","10422.811153779490269","218380.19415952762938","7447.0421831761050271","0","0","0","2061.3981704862644619","0","0","0","0","0","7.1117728897998278015","5.0798377784284483027","0","0","0","0","0","0","0","0","0","0","0","22644.900848678338662","652.25117075021273649","746.73615342898187919","44448.580561248920276","0","0","0","0","0","0","0","0","0","0","0","0"
"05/14/2026 07:54:32.326","46328065.339048571885","48497.149868901062291","15382.551192421085943","33114.598676479974529","1000000000","2584243.9724830146879","15381.566078671972718","0.98511374911438276403","0","0","0","43743821.366565555334","33114.598676479974529","0","0","0","0","0","0","0","0","0","0","16.575567319417658041","0.16575567319417658374","0","0","16.575567319417658041","0.16575567319417658374","1.4393137925141001899e-005","0","1.4393137925141001899e-005","11527.801092136507577","0","11527.801092136507577","63107805.332066081464","0","63107805.332066081464","5474.4009571013502864","0","5474.4009571013502864","84.997831467798604876","0","0","100","12.550525579460808601","14.203019246039248813","122.01428049325230063","100968.46864587681193","279892.26419692911441","1656.1247075689427675","0","100","3500","0","10.239685802848342178","0","0","101026.56101076774939","0","0","88.336785585827570344","89.567997624301526116","227","14915.953148015405532","0.62500916930209227118","0.14423742963760652347","110270.13934290641919","2.9807887244119855019","7.4039025140478633702","10.432002375698479213","39874063.058313220739","9736.8642962465582968","40926984.157006643713","9737.8494099956733407","199501.29601564834593","6770.6867976631529018","0","0","0","1976.1381807234517964","0","0","0","0","0","0","0","0","0","0","0","0","0","0","0","0","0","0","21736.53487420885358","1593.91404606707124","1678.6338284909081722","42721.427957843436161","0","0","0","0","0","0","0","0","0","0","0","0"
"05/14/2026 07:54:33.311","49187831.939149133861","51111.850812779361149","16009.644373868150069","35102.206438911212899","1000000000","2734208.8305079685524","16008.628920083177945","1.0154537849719744713","0","0","0","46453623.108641162515","35102.206438911212899","0","0","0","0","0","0","0","0","0","0","13.912758877276596436","0.13912758877276595881","0","0","13.912758877276596436","0.13912758877276595881","1.3656582884500300851e-005","0","1.3656582884500300851e-005","10180.93964812901504","0","10180.93964812901504","41830067.058537051082","0","41830067.058537051082","4108.6646718531819715","0","4108.6646718531819715","86.59874401901113572","0","0","100","11.661612272219189279","12.983166640671710113","122.00651928303153682","106297.8676041073486","269081.82278626173502","1682.754216736305807","0","100","3500","0","8.6562078941785358666","0","0","106235.91950077547517","0","0","89.348914956434640544","91.343802261744329485","186","12761.309286365974913","0.14876395817344101324","0.24794670090431386589","113173.09153126775345","1.5868629481567557704","7.0417005239745282807","8.6066063668902241801","42374329.978206329048","10342.39679993955906","43492730.467898763716","10343.412253724531183","213123.4403899179888","7239.1700330652056437","0","0","0","2118.2365954515385056","0","0","0","0","0","0","0","0","0","0","0","0","0","0","0","0","0","0","23305.679818891785544","270.11070680254522358","308.69795063148023928","45740.100290277616295","0","0","0","0","0","0","0","0","0","0","0","0"
"05/14/2026 07:54:34.326","49356408.588363833725","51694.334565717545047","16465.39125473472086","35228.943310982824187","1000000000","2801227.5114179090597","16465.39125473472086","0","0","0","0","46555181.076945930719","35228.943310982824187","0","0","0","0","0","0","0","0","0","1","13.924591171697892733","0.13924591171697892067","0","0","13.924591171697892733","0.13924591171697892067","1.3639754968165155712e-005","0","1.3639754968165155712e-005","10211.202258245895791","0","10211.202258245895791","41909815.954062789679","0","41909815.954062789679","4104.2978969708665318","0","4104.2978969708665318","86.466359863450279022","0","0","100","12.222570483515895035","12.995400114406198355","121.99775161233063159","107088.40059667658352","267037.09637368604308","1642.7713039763141296","0","100","3500","0","5.6998567159581181585","0","0","107048.02072649491311","0","0","89.341189843526024106","94.300133435664534431","178","12827.995344299453791","0.19234865776957693617","0.096169404696119953346","113891.91628484708781","1.5868985854480179842","4.0393710550478001409","5.7479561908721947816","42455661.159092620015","10372.753210431146726","43577337.001984708011","10373.738277212765752","218042.56197744669043","7443.1646019010213422","0","0","0","2127.7442482935684893","0","0","0","0","0","0","0","0","0","0","0","0","0","0","0","0","0","0","23359.873659274857346","210.80429126612207824","245.28162862273083533","45831.217081530819996","0","0","0","0","0","0","0","0","0","0","0","0"
"05/14/2026 07:54:35.311","48185499.33118595928","50159.782687009559595","15801.957471292518676","34357.825215717042738","1000000000","2679023.2215608209372","15800.941268239701458","1.0162030528162391274","0","0","0","45506476.109625138342","34357.825215717042738","0","0","0","0","0","0","0","0","0","1","13.623152952822117356","0.13623152952822117912","0","0","13.623152952822117356","0.13623152952822117912","1.3675413012441362345e-005","0","1.3675413012441362345e-005","9964.887135916040279","0","9964.887135916040279","40970185.313772507012","0","40970185.313772507012","4111.455027534162582","0","4111.455027534162582","86.799110530204487191","0","0","100","11.684725100572961765","12.939856150188955297","122.015267175572518","103534.93721318384632","276220.63674270297633","1642.5410201002528083","0","100","3500","0","9.4233857331100896459","0","0","103534.93721318384632","0","0","89.376598053337502847","90.576624425757330528","175","12675.093907737140398","0.39683583788357473798","0.099211499187747756445","110314.35512793282396","2.6290031398011524111","6.9445408125895182749","9.4233755742426765778","41494420.0798471421","10120.366202996925495","42588809.795547060668","10121.382406049740894","207728.1632444843417","7054.4815926503315495","0","0","0","2068.9894155338629389","0","0","0","0","0","0","0","0","0","0","0","0","0","0","0","0","0","0","22778.191428876001737","690.00187286222637795","749.95785297838449424","44680.415826224401826","0","0","0","0","0","0","0","0","0","0","0","0"
"05/14/2026 07:54:36.326","48558374.224763728678","50564.610264261602424","15898.623565962361681","34665.986698299238924","1000000000","2659864.8179058949463","15896.65530553946337","1.9682604228984663663","0","0","0","45898509.406857833266","34665.986698299238924","0","0","0","0","0","0","0","0","0","0","14.142776403680132447","0.14142776403680132336","0","0","14.142776403680132447","0.14142776403680132336","1.4005099453978158295e-005","0","1.4005099453978158295e-005","10093.239448623335193","0","10093.239448623335193","41789349.48697784543","0","41789349.48697784543","4140.3307332293288709","0","4140.3307332293288709","86.407904168504629183","0","0","100","14.104580435279197914","16.065863744850457095","121.99985644387554373","106429.83643411501544","261111.24001961384783","1669.0898831981730837","0","100","3500","0","12.210756821475833078","0","0","106439.68357206898509","0","0","86.870204880584793727","87.789243178524174027","214","14484.155216496712455","0.33653467452265423132","0.28846532547734576868","114348.9047766989097","3.2692572783414206583","8.7500787699287911892","12.210756821475833078","41863049.030252858996","10209.366813574344633","42967062.04753998667","10210.350943785793788","204506.19445999644813","6900.7210426820229259","0","0","0","2070.6099648891868128","0","0","0","0","0","4.92065105724616636","3.9365208457969327327","0","0","0","0","0","0","0","0","0","0","0","22785.566785684095521","723.33570541518633945","785.33590873648813613","44677.543339372285118","0","0","0","0","0","0","0","0","0","0","0","0"
"05/14/2026 07:54:37.311","50284834.900571748614","52233.499951997422613","16385.826229865557252","35847.673722131868999","1000000000","2785432.1419155038893","16382.781669064765083","3.0445608007925599736","0","0","0","47499402.758656241","35847.673722131868999","0","0","0","0","0","0","0","0","0","0","18.017961568260020044","0.18017961568260021377","0","0","18.017961568260020044","0.18017961568260021377","1.4584570489108096732e-005","0","1.4584570489108096732e-005","12345.694047213830345","0","12345.694047213830345","67224422.086543053389","0","67224422.086543053389","5445.1715577476370527","0","5445.1715577476370527","83.892830169211407565","0","0","100","15.328613628756292186","17.651101499104697723","121.99914651813087119","110419.51168189870077","247903.68425409027259","1661.4364255312407295","0","100","3500","0","10.445446202276798431","0","0","110496.69332513853442","0","0","85.56898999716968035","89.604142943072616845","234","16709.825761424839584","0.64463857860834150593","0.59504943325893100425","120900.98194345612137","3.4711081533877674588","7.0909735873567694142","10.395857056927383155","43393443.112076982856","10588.982465156523176","44538498.369840659201","10589.997318756788445","218587.28725370264146","7436.8471827359599047","0","0","0","2073.3459053397332355","0","0","0","0","0","4.0594144010567463354","3.0445608007925599736","0","0","0","0","0","0","0","0","0","0","0","22749.973157122272823","348.09478489061604023","450.59499851729890452","44721.553602841915563","0","0","0","0","0","0","0","0","0","0","0","0"
"05/14/2026 07:54:38.326","41709638.846767999232","44392.312141571928805","14281.175102329854781","30111.137039242075844","1000000000","2363607.4331120764837","14279.20338134375379","1.9717209861010429606","0","0","0","39346031.413655921817","30111.137039242075844","0","0","0","0","0","0","0","0","0","1","11.672262200325095094","0.11672262200325095316","0","0","11.672262200325095094","0.11672262200325095316","1.3992018890200709277e-005","0","1.3992018890200709277e-005","8350.23837613791693","0","8350.23837613791693","35341316.240089759231","0","35341316.240089759231","4232.3721369539553052","0","4232.3721369539553052","88.568180940727259554","0","0","100","12.733505001922603483","13.898298968097378747","121.99128498111745955","95759.710876171462587","296029.69039292325033","1615.2169192002509135","0","100","3500","0","7.329177326545677218","0","0","95676.980253480724059","0","0","88.54347969967703591","92.670822673454324558","194","11738.884426797434571","0.19236042222969870763","0.096175286625006795038","101821.69876499923703","2.0198090558610490852","5.1938003430596602072","7.329177326545677218","35787682.323807254434","8482.3436822066869354","36704958.474077239633","8483.3295426997374307","173124.98946361598792","5860.9406311853499574","0","0","0","2028.9008946979731718","0","0","0","0","0","0","0","0","0","0","0","0","0","0","0","0","0","0","22319.881562663806108","1005.577702911531901","1437.3845988676603156","43932.901151810387091","0","0","0","0","0","0","0","0","0","0","0","0"
"05/14/2026 07:54:39.311","47549398.928240723908","49632.555348293324641","15645.905816989932646","33986.649531303388358","1000000000","2634013.5877525764517","15642.858506891187062","3.0473100987450365551","0","0","0","44915385.340488150716","33986.649531303388358","0","0","0","0","0","0","0","0","0","1","13.582907128034094058","0.13582907128034094058","0","0","13.582907128034094058","0.13582907128034094058","1.3790624033006702553e-005","0","1.3790624033006702553e-005","9847.8904691110437852","0","9847.8904691110437852","40436813.618794508278","0","40436813.618794508278","4106.1396596183603833","0","4106.1396596183603833","86.866964108744042505","0","0","100","11.62620140145216574","13.85025169898849029","121.9881322205202423","103693.34198841317266","273597.45501209801296","1623.3353955178470187","0","100","3500","0","12.34683302616886813","0","0","103709.59565945714712","0","0","88.65383128619671993","87.603549270917440595","195","12427.963222005846546","0.2480275591595102469","0.099215087357736431173","111751.09940846796962","2.0338381761897812439","10.417187962403923862","12.396450729082564735","40963295.353014625609","10004.319054179954037","42045143.258110821247","10005.334824212870444","202365.76903746038442","6852.3846420446716365","0","0","0","2066.0762469491346565","0","0","0","0","0","4.0630801316600484441","3.0473100987450365551","0","0","0","0","0","0","0","0","0","0","0","22705.507545749267592","898.95647912978574823","976.15500163132674061","44563.862884047412081","0","0","0","0","0","0","0","0","0","0","0","0"
"05/14/2026 07:54:40.311","49915377.492398306727","51728.582986108573095","16114.574222859162546","35614.008763249410549","1000000000","2754541.5458615082316","16112.574896032505421","1.9993268266574641956","0","0","0","47160835.946536794305","35614.008763249410549","0","0","0","0","0","0","0","0","0","0","14.400825969072354127","0.1440082596907235335","0","0","14.400825969072354127","0.1440082596907235335","1.374571483107463257e-005","0","1.374571483107463257e-005","10474.473244858454564","0","10474.473244858454564","47513986.040900021791","0","47513986.040900021791","4536.1694979958010663","0","4536.1694979958010663","86.171897114217571811","0","0","100","11.802292694475905677","13.524840189660798373","122.0125836989147956","107758.36210889038921","264061.37373699882301","1640.7466687143505624","0","100","3500","0","10.41242161177753367","0","0","107785.35794073395664","0","0","88.946214523389514284","89.587578388222468107","196","13174.965785282753131","0.19529377204641418242","0.34175410242404441474","114984.24643235084659","2.1481415045959328936","8.3484887979544346592","10.41242161177753367","43046874.117484636605","10506.462474084974019","44183011.580001011491","10507.462137498303491","215731.36324999370845","7322.5345026329632674","0","0","0","2109.2898021236246677","0","0","0","0","0","3.9986536533149283912","2.9989902399861962934","0","0","0","0","0","0","0","0","0","0","0","23211.1847940798325","266.91013135877147988","340.885223945097664","45483.685643043980235","0","0","0","0","0","0","0","0","0","0","0","0"
"05/14/2026 07:54:41.311","49347915.395769789815","51571.578578928943898","16351.817590879543786","35219.760988049405569","1000000000","2786492.3246162310243","16349.817490874544092","2.0001000050002502029","0","0","0","46561423.071153558791","35219.760988049405569","0","0","0","0","0","0","0","0","0","0","17.657543443582206066","0.17657543443582207621","0","0","17.657543443582206066","0.17657543443582207621","1.4346596263200649921e-005","0","1.4346596263200649921e-005","12310.615530776538435","0","12310.615530776538435","68300119.005950301886","0","68300119.005950301886","5548.0669374492281349","0","5548.0669374492281349","84.113523963020526253","0","0","100","12.257954589087557196","14.064039881737082638","122.00417626328496112","107058.56814014686097","264398.22859277244424","1649.8546478055284297","0","100","3500","0","10.855583989425864999","0","0","107060.56796396238497","0","0","88.451868245254715362","89.144426008809446671","217","15454.638446352877509","0.43937245076244041408","0.14645415084237631276","117071.68598446478427","2.0504280994404489036","8.6898662386088858511","10.855573991190558658","42458282.914145708084","10374.518725936297415","43580147.007350370288","10375.518775938797262","217194.85974298714427","7413.3706685334263966","0","0","0","2108.1054052702634181","0","0","0","0","0","0","0","0","0","0","0","0","0","0","0","0","0","0","23153.157657882893545","221.01105055252762099","257.01285064253210066","45464.273213660679176","0","0","0","0","0","0","0","0","0","0","0","0"
"05/14/2026 07:54:42.326","49663469.71049144119","51525.264022661664058","16154.824752059286766","35370.439270602371835","1000000000","2760499.5035572326742","16152.855131874934159","1.9696201843525100728","0","0","0","46902970.206934206188","35370.439270602371835","0","0","0","0","0","0","0","0","0","0","14.327474580636520685","0.14327474580636520574","0","0","14.327474580636520685","0.14327474580636520574","1.391919433547028959e-005","0","1.391919433547028959e-005","10292.250273334040685","0","10292.250273334040685","42217563.851639539003","0","42217563.851639539003","4101.8788632666728518","0","4101.8788632666728518","86.205126765640542885","0","0","100","14.334687040031266037","15.990316032993252549","122.01456701911395442","107781.48584863847645","257901.57990441989386","1625.098934053288076","0","100","3500","0","10.309464468538687143","0","0","107803.15383442584425","0","0","86.898603738629802251","89.690525682335149327","227","14734.230335416479647","0.33664313217970515124","0.33664313217970515124","115970.01465937728062","3.7030350574721135892","6.6366169827497474287","10.309474317664847121","42767800.88558062911","10455.72874863529978","43898453.47392744571","10456.713558727475174","217119.11140191458981","7385.0908812297366239","0","0","0","2067.1163834779590616","0","0","0","0","0","0","0","0","0","0","0","0","0","0","0","0","0","0","22719.568826506201731","586.94681493704797504","659.82276175809090546","44610.912365492178651","0","0","0","0","0","0","0","0","0","0","0","0"
"05/14/2026 07:54:43.311","43094073.591161027551","45602.767380771321768","14590.243690296243585","31012.523690475078183","1000000000","2462385.8457464040257","14588.211481411182831","2.0322088850611104149","0","0","0","40631687.745414622128","31012.523690475078183","0","0","0","0","0","0","0","0","0","0","13.045244530462868582","0.1304524453046286836","0","0","13.045244530462868582","0.1304524453046286836","1.4332131696428570888e-005","0","1.4332131696428570888e-005","9104.2958050737761369","0","9104.2958050737761369","46414220.259740680456","0","46414220.259740680456","5098.0571428571429351","0","5098.0571428571429351","87.601583358441985183","0","0","100","13.532351836892585695","14.999101179843673748","122.00621389002736805","98568.636705241486197","284835.09464698116062","1678.1963087401722987","0","100","3500","0","9.9218845078051458586","0","0","98554.414702625042992","0","0","87.686133301421818942","90.078125650784656386","226","13428.618041910616739","0.54561785863834666443","0.24801181159554266942","105681.6697281220404","2.9761518977363210503","6.8947466478177412696","9.9218743492153436137","37053894.586073599756","8778.1262790214677807","38003151.549538955092","8779.1423834639972483","183797.03598269695067","6274.4449326261792521","0","0","0","2073.8691672048635155","0","0","0","0","0","0","0","0","0","0","0","0","0","0","0","0","0","0","22818.657465908680024","652.33905210461648494","1233.5507932320940654","44941.283388683928933","0","0","0","0","0","0","0","0","0","0","0","0"
"05/14/2026 07:54:44.326","49224490.720050081611","51421.179982005145575","16292.823912285917686","35128.356069719229708","1000000000","2752318.7569769434631","16290.855109928079401","1.9688023578377036316","0","0","0","46472171.963073141873","35128.356069719229708","0","0","0","0","0","0","0","0","0","0","14.942593925687731371","0.14942593925687730483","0","0","14.942593925687731371","0.14942593925687730483","1.4000987175938739546e-005","0","1.4000987175938739546e-005","10669.924378301435354","0","10669.924378301435354","52139178.576280258596","0","52139178.576280258596","4886.5555863087001853","0","4886.5555863087001853","85.892116182572607386","0","0","100","12.26889975218863249","14.027859480084504895","121.98931667830875369","107072.85617481402005","264554.49086377973435","1681.767454885209645","0","100","3500","0","10.382236831675839994","0","0","107018.70089962743805","0","0","88.513832390982216225","89.66583336459569864","187","13500.417783332031831","0.24040021343088371908","0.3846206486601343455","114625.05545992500265","2.1154431068746584188","8.221372214067750761","10.334166635404296031","42376797.270452409983","10331.290372753350312","43493994.168407417834","10332.274773932269454","213382.73714716601535","7250.1146827373440829","0","0","0","2101.6965169917484673","0","0","0","0","0","3.9376047156754072631","2.9532035367565554473","0","0","0","0","0","0","0","0","0","0","0","23123.583692803829763","324.8523890432211374","399.66687864105387007","45332.658690392046992","0","0","0","0","0","0","0","0","0","0","0","0"
"05/14/2026 07:54:45.311","48300543.391848154366","50496.784199219633592","16017.791676254888444","34478.992522964741511","1000000000","2714453.8574115815572","16015.759735156796523","2.0319410980914485165","0","0","0","45586089.534436576068","34478.992522964741511","0","0","0","0","0","0","0","0","0","0","17.381096008031196476","0.17381096008031196587","0","0","17.381096008031196476","0.17381096008031196587","1.4314993306559570526e-005","0","1.4314993306559570526e-005","12142.880002194497138","0","12142.880002194497138","68359570.264777168632","0","68359570.264777168632","5629.6010709504689657","0","5629.6010709504689657","84.407931883554155661","0","0","100","11.417670513005980126","12.870923592813593217","122.01942166594734829","104887.1838257942436","272750.58180058083963","1667.0689575302753838","0","100","3500","0","9.522559498980765369","0","0","104961.34350519686996","0","0","89.446609751255991227","90.427834736307204366","193","14492.629950107806508","0.49603732937923000756","0.24801866468961500378","114670.16619082566467","2.1825622174945094045","7.4405802584294757906","9.5721652636927885283","41553041.028446666896","10147.513843868693584","42650362.371295578778","10148.529814417739544","209338.69968977340613","7121.9535488105266268","0","0","0","2110.1708303679693017","0","0","0","0","0","0","0","0","0","0","0","0","0","0","0","0","0","0","23180.384047027244378","375.90910314691797112","404.35627852019825923","45445.378629364291555","0","0","0","0","0","0","0","0","0","0","0","0"
"05/14/2026 07:54:46.311","49286116.108856342733","51468.197800579022442","16261.951740019841964","35206.246060559184116","1000000000","2774453.6650803470984","16259.952975056712603","1.9987649631292825347","0","0","0","46511662.443775996566","35206.246060559184116","0","0","0","0","0","0","0","0","0","0","13.92726722565315356","0.13927267225653153226","0","0","13.92726722565315356","0.13927267225653153226","1.3641302644466210331e-005","0","1.3641302644466210331e-005","10203.695136774987986","0","10203.695136774987986","41900765.51698705554","0","41900765.51698705554","4106.4305582761999176","0","4106.4305582761999176","86.548335605084659505","0","0","100","11.807294582894732216","12.897852163034679407","122.0007112052659437","107034.40663035794569","267397.92515227384865","1609.7955559643926335","0","100","3500","0","8.2552719846813555904","0","0","107063.40294782562705","0","0","89.471630074154319345","91.744738014957661676","192","12885.363558828028545","0.2929594241647876518","0.34178766146542111093","114061.51418769816519","2.3924936309799216261","5.8591684840177276072","8.2064337477417037547","42446252.460604593158","10365.595098788458927","43567159.851927496493","10366.594481270023607","215806.65306906861952","7346.4606219816778321","0","0","0","2139.6778930298969499","0","0","0","0","0","0","0","0","0","0","0","0","0","0","0","0","0","0","23517.468556179137522","130.91910508496800958","164.89810945816580556","46134.493496468538069","0","0","0","0","0","0","0","0","0","0","0","0"
"05/14/2026 07:54:47.311","42729571.725466102362","45369.552435955731198","14677.149220783987403","30692.403215171747433","1000000000","2455221.2438233913854","14675.149064171724604","2.0001566122627401079","0","0","0","40274350.481642708182","30692.403215171747433","0","0","0","0","0","0","0","0","0","0","12.909097654444948944","0.12909097654444948167","0","0","12.909097654444948944","0.12909097654444948167","1.4168905718362419751e-005","0","1.4168905718362419751e-005","9111.7134471629124164","0","9111.7134471629124164","43117872.12938772887","0","43117872.12938772887","4732.1365382504664012","0","4732.1365382504664012","87.667443755088044099","0","0","100","12.037393493973590708","14.346773703290129021","122.0089776375210846","97461.955530526771327","289860.73965347342892","1675.8444816321045892","0","100","3500","0","13.233712817679021967","0","0","97366.964345708722249","0","0","88.229275383796775145","86.766287182320979809","218","12854.807073903541095","0.39061417984872026654","0.3417949072558818524","104242.326312118239","2.9784756207132514483","10.351405764054115721","13.282542090122861467","36665150.881314009428","8932.6994303653973475","37631122.516893073916","8933.6995086715287471","184110.41584556069574","6258.4900397701139809","0","0","0","2021.1582566914989911","0","0","0","0","0","5.0003915306568504917","4.0003132245254802157","0","0","0","0","0","0","0","0","0","0","0","22222.740040545173542","965.07556541677206496","1242.0972562151616785","43713.422761002184416","0","0","0","0","0","0","0","0","0","0","0","0"
"05/14/2026 07:54:48.326","46535518.682435266674","48498.306688812976063","15329.036307430849774","33169.270381382128107","1000000000","2606322.056043909397","15327.067512631540012","1.9687947993104097932","0","0","0","43929196.626391358674","33169.270381382128107","0","0","0","0","0","0","0","0","0","0","14.673737309687155062","0.14673737309687154284","0","0","14.673737309687155062","0.14673737309687154284","1.4349027537069131028e-005","0","1.4349027537069131028e-005","10223.951392818957174","0","10223.951392818957174","51727705.047763451934","0","51727705.047763451934","5059.4631234353937543","0","5059.4631234353937543","86.287136531362406799","0","0","100","14.145240762713333638","15.524022696725173986","122.00245195165445011","102442.53548475855496","272595.62630941625684","1658.3664637334261442","0","100","3500","0","9.470457963886392605","0","0","102515.40907045705535","0","0","87.296542437445921792","90.529542036113610948","220","14685.012296432809308","0.48077169232659705544","0.28846498464185127419","110778.68282175585045","2.8846400001890475373","6.5385068311170790878","9.470457963886392605","40057181.676151171327","9776.0505759758398199","41114341.793999284506","9777.0349733754956105","201722.71513734458131","6854.3590937991912142","0","0","0","2033.7650276876534008","0","0","0","0","0","0","0","0","0","0","0","0","0","0","0","0","0","0","22347.78976697246253","1386.0315387145285513","1488.4088682786698428","43826.35663004937669","0","0","0","0","0","0","0","0","0","0","0","0"
"05/14/2026 07:54:49.311","50917696.899242132902","52900.063206114937202","16603.291189148872945","36296.772016966067895","1000000000","2762434.4312770683318","16600.242662704935356","3.0485264439345503007","0","0","0","48155262.467965066433","36296.772016966067895","0","0","0","0","0","0","0","0","0","0","18.379888977421209972","0.18379888977421210416","0","0","18.379888977421209972","0.18379888977421210416","1.4474780035194369064e-005","0","1.4474780035194369064e-005","12704.225867356581148","0","12704.225867356581148","70908172.286455795169","0","70908172.286455795169","5581.463445848664378","0","5581.463445848664378","83.466197834699158875","0","0","100","13.664335857518931761","15.819846273847053553","122.01246004387338928","110016.92302410845878","253072.34875411985558","1684.9896168481898258","0","100","3500","0","11.922612255344821719","0","0","109990.51571245200466","0","0","86.997631971983835797","88.126982772761238039","202","16484.256468623341789","0.39675006817665908754","0.24796498385850940238","120374.68318843505403","2.9755798063021132727","8.8771748608155096605","11.873017227238769067","43943423.413902498782","10725.73220524305907","45103265.784761838615","10726.748380724369781","212713.98115197717561","7158.9562658396353072","0","0","0","2126.855282385004557","0","0","0","0","0","0","0","0","0","0","0","0","0","0","0","0","0","0","23366.95519275832703","254.04387032787917633","309.93352180001261331","45873.209752845796174","0","0","0","0","0","0","0","0","0","0","0","0"
"05/14/2026 07:54:50.326","50368902.455842830241","52247.6364000305839","16313.903098114717068","35933.733301915868651","1000000000","2748819.2836028384045","16309.962779752755523","3.9403183619623733946","0","0","0","47620083.172239989042","35933.733301915868651","0","0","0","0","0","0","0","0","0","1","14.233268183939134843","0.14233268183939135065","0","0","14.233268183939134843","0.14233268183939135065","1.3624245852187028081e-005","0","1.3624245852187028081e-005","10449.724295924213948","0","10449.724295924213948","42915047.524179771543","0","42915047.524179771543","4106.811463046757126","0","4106.811463046757126","86.211547298440493137","0","0","100","12.538780307948293569","13.847806356869591937","121.99668304327309443","108805.41732444758236","260825.90419801371172","1692.9138898709779824","0","100","3500","0","8.1055254735575736902","0","0","108757.16090757517668","0","0","88.632028172270935329","91.846375719438597685","211","13108.018542281977716","0.1442570280491679291","0.19234598681241799056","117063.17355863499688","2.0196574821318447057","6.1551503639220346287","8.1536242805614005391","43473658.577718451619","10615.217667126633387","44621552.122925326228","10616.202746717124683","213730.74858956306707","7233.4394329724273121","0","0","0","2095.2642889734920573","0","0","0","0","0","4.9253979524529665213","3.9403183619623733946","0","0","0","0","0","0","0","0","0","0","0","23053.81765625135813","188.1502017837033236","226.56830581283648485","45218.108442289711093","0","0","0","0","0","0","0","0","0","0","0","0"
"05/14/2026 07:54:51.311","47182848.125261336565","49224.817069181510305","15554.249801800395289","33670.567267381120473","1000000000","2652115.9102979679592","15551.2021400274607","3.0476617729345689689","0","0","0","44530732.214963369071","33670.567267381120473","0","0","0","0","0","0","0","0","0","0","13.978828440967546953","0.13978828440967547286","0","0","13.978828440967546953","0.13978828440967547286","1.3877006857603871881e-005","0","1.3877006857603871881e-005","10073.538046806395869","0","10073.538046806395869","47827386.938859432936","0","47827386.938859432936","4747.8241226300924609","0","4747.8241226300924609","86.635275583384100173","0","0","100","11.315722321818940443","12.757947466026502426","122.01492606931293494","102408.62152296749991","279737.5965878093848","1632.4024677618288024","0","100","3500","0","10.168856003572612323","0","0","102476.68061776529066","0","0","89.546781457351926292","89.831154155134839812","164","12649.849365922871584","0.19840971530019183011","0.19840971530019183011","109556.85809150514251","1.9345226606223711041","8.283704661180694373","10.168845844865160188","40596748.429336711764","9908.9643110679280653","41668281.927406318486","9909.9801983255729283","204993.85794564028038","6972.0342492166491866","0","0","0","2077.4894418837311605","0","0","0","0","0","0","0","0","0","0","0","0","0","0","0","0","0","0","22851.367973463398812","995.56951249195924447","1037.2208900553982858","44793.51685133465071","0","0","0","0","0","0","0","0","0","0","0","0"
"05/14/2026 07:54:52.311","38673628.025781095028","41215.442623078663019","13269.888760698171609","27945.553862380493229","1000000000","2254334.335407236591","13266.889237922245229","2.9995227759263500822","0","0","0","36419293.6903738603","27943.554180529874429","1.9996818506175666474","0","0","0","0","0","0","0","0","1","11.859509553088020795","0.11859509553088021239","0","0","11.859509553088020795","0.11859509553088021239","1.4175797776980997409e-005","0","1.4175797776980997409e-005","8365.6690220585896895","0","8365.6690220585896895","44553295.570674702525","0","44553295.570674702525","5325.7301302736941579","0","5325.7301302736941579","88.798963800613606168","0","0","100","10.638886355891937541","11.712434988633509292","122.00691585981635967","89202.097630656455294","324314.42455357639119","1644.8358453826306231","0","100","3500","0","6.6514857670567195669","0","0","89141.1037178489496","0","0","90.399247527587789364","93.348504234107153366","212","10903.911789603396755","0.048824316849518718808","0.19528726856193939776","95150.503979702814831","1.2205579270572906037","5.4192991935738676901","6.6514957658928448581","33131832.725413385779","7947.7355152795180402","33991200.000079981983","7947.7355152795180402","167165.40398422608268","5695.0939105588295206","0","0","0","1965.687259157067956","0","0","0","0","0","0","0","0","0","0","0","0","0","0","0","0","0","0","21608.562077773425699","1700.7294139502403141","2116.6632388786943011","42515.235825980082154","0","0","0","0","0","0","0","0","0","0","0","0"
"05/14/2026 07:54:53.326","49719583.403686143458","51727.782813845595228","16258.147544462151927","35469.635269383441482","1000000000","2763288.1098603145219","16255.192234074769658","2.9553103873840558258","0","0","0","46956295.293825827539","35467.665062458516331","1.9702069249227038839","0","0","0","0","0","0","0","0","0","15.268894945211464176","0.15268894945211464176","0","0","15.268894945211464176","0.15268894945211464176","1.4155221836771956633e-005","0","1.4155221836771956633e-005","10790.823327801648702","0","10790.823327801648702","52382159.46106171608","0","52382159.46106171608","4854.3246302720463063","0","4854.3246302720463063","85.535562425923515661","0","0","100","13.535059728938872325","15.556040887653498572","122.00400410296971643","108539.89862230283325","257217.42317707152688","1673.1170466007904452","0","100","3500","0","13.403181709503176222","0","0","108533.99002767092315","0","0","87.227864300735674874","86.59682813781998334","235","15023.586617387674778","0.38466598470671320431","0.4808349427141822563","116856.24556670758466","3.9908640474625221017","9.2318654650831657449","13.403171862180018437","42869413.305871278048","10459.828564414634457","44000615.492643348873","10461.798771339557788","215903.15566072959336","7343.9463126493792515","0","0","0","2083.4938231057594749","0","0","0","0","0","0","0","0","0","0","0","0","0","0","0","0","0","0","22906.610812613816961","540.82180089128223699","606.8237328761928211","44966.032647510874085","0","0","0","0","0","0","0","0","0","0","0","0"
"05/14/2026 07:54:54.311","49869725.958563476801","51782.203570709789346","16237.695751313889559","35544.507819395897968","1000000000","2731800.7441186183132","16236.680831896968812","1.0149194169206756655","0","0","0","47137925.214444860816","35544.507819395897968","0","0","0","0","0","0","0","0","0","0","15.612620421984125585","0.15612620421984124697","0","0","15.612620421984125585","0.15612620421984124697","1.4223121761658031825e-005","0","1.4223121761658031825e-005","10969.249058078661619","0","10969.249058078661619","55247990.992387190461","0","55247990.992387190461","5036.6247224278313297","0","5036.6247224278313297","85.394894732485582267","0","0","100","14.255516993738037712","15.911671232342532889","122.00181870274175822","108285.2841187507438","257047.58171160612255","1672.6458423782646605","0","100","3500","0","10.636459798062281479","0","0","108355.35853473380848","0","0","87.007187105967290108","89.165177499122748372","230","15351.374956520856358","0.34713219085110308404","0.34713219085110308404","116785.61544886979391","3.0746574406833970805","7.934609675602686707","10.834822500877249851","43005119.558014772832","10503.401045712071209","44140923.996846035123","10504.415965128991957","212239.94846645169309","7182.5847135476215044","0","0","0","2076.5251270197022677","0","0","0","0","0","0","0","0","0","0","0","0","0","0","0","0","0","0","22827.567525379836297","676.95125108609067865","738.86133551825184895","44826.960806552400754","0","0","0","0","0","0","0","0","0","0","0","0"
"05/14/2026 07:54:55.326","50866184.609134845436","52737.642982567951549","16455.271508532212465","36282.371474035739084","1000000000","2758352.687937325798","16455.271508532212465","0","0","0","0","48107831.921197526157","36280.401372687818366","1.9701013479236413328","0","0","0","0","0","0","0","0","0","15.549371147322629483","0.15549371147322629816","0","0","15.549371147322629483","0.15549371147322629816","1.4098981961064476279e-005","0","1.4098981961064476279e-005","11030.597447024467328","0","11030.597447024467328","54582335.559088170528","0","54582335.559088170528","4948.2664761564565197","0","4948.2664761564565197","85.252205374486464962","0","0","100","13.15058948864755628","14.837928051023350662","121.98039723773369758","109981.00549250043696","255549.63954040280078","1656.6638119913106948","0","100","3500","0","11.562515788904526914","0","0","109915.99965921184048","0","0","87.825576444594275927","88.437484211095480191","204","14673.589459599612383","0.62517413961365597697","0.24044931935232916054","118021.04514605873555","2.7892180137846183108","8.7042870279788484567","11.562515788904526914","43876883.638525016606","10711.441028660838128","45035177.144617848098","10712.426079334800306","213117.68341298782616","7187.9147678994049784","0","0","0","2127.7094557575323961","0","0","0","0","0","0","0","0","0","0","0","0","0","0","0","0","0","0","23398.893709289088292","141.84729705050216353","197.01013479236414128","45971.329903124205885","0","0","0","0","0","0","0","0","0","0","0","0"
"05/14/2026 07:54:56.311","41782649.367593258619","44297.006646683490544","14151.645606074484022","30145.361040609008342","1000000000","2397852.963021108415","14151.645606074484022","0","0","0","0","39384796.404572151601","30143.330092617321498","2.0309479916869235261","0","0","0","0","0","0","0","0","0","12.909025672845290345","0.12909025672845289567","0","0","12.909025672845290345","0.12909025672845289567","1.4223830311170808884e-005","0","1.4223830311170808884e-005","9072.2446788654870033","0","9072.2446788654870033","47084198.432554960251","0","47084198.432554960251","5189.9171703604206414","0","5189.9171703604206414","87.96701565287564506","0","0","100","11.080800660499404486","11.992083433556750549","122.03557076945973847","93909.638334523071535","307247.21729537984356","1605.0498525436637465","0","100","3500","0","6.3510329500112820966","0","0","93971.605449083290296","0","0","90.193085249791195679","93.648967049988712574","148","11663.023643704938877","0.29761451256011056676","0.14881233554606476677","100399.93169395437872","1.2400621620891305597","5.2082285734718878345","6.3510329500112820966","35894548.3059964329","8439.6043794550114399","36807211.652604721487","8440.6198534508548619","177695.76358465570956","6062.37975518546682","0","0","0","2077.6597954957228467","0","0","0","0","0","3.0464219875303855112","2.0309479916869235261","0","0","0","0","0","0","0","0","0","0","0","22819.73163459427451","625.53198143957251887","1083.5107535649738111","44937.770738060717122","0","0","0","0","0","0","0","0","0","0","0","0"
"05/14/2026 07:54:57.311","47808671.525840610266","49890.518611835985212","15790.315646340122839","34100.202965495867829","1000000000","2690653.5888898884878","15788.315986282332233","1.9996600577901757489","0","0","0","45118017.936950720847","34098.203305438073585","1.9996600577901757489","0","0","0","0","0","0","0","0","0","17.696708333479151065","0.17696708333479149733","0","0","17.696708333479151065","0.17696708333479149733","1.4494120055687495426e-005","0","1.4494120055687495426e-005","12208.924482837917822","0","12208.924482837917822","71184570.622994095087","0","71184570.622994095087","5830.5357464581111344","0","5830.5357464581111344","84.29844923066463025","0","0","100","11.753106188702062695","13.707089644757910918","121.99981489919125011","103887.511033755276","273444.1162316162372","1699.6157168864122013","0","100","3500","0","9.7273067687614336307","0","0","103869.51510263529781","0","0","88.772118048247378397","90.272683232403423403","196","14647.688157707543724","0.19528724903548735914","0.24411156100314312933","113649.30389238994394","2.0017167999928009436","7.7139413258355400416","9.7273167675965730439","41140162.172430686653","10015.297399442095411","42223190.057690195739","10016.297229470990715","208752.51207294760388","7112.790825559654877","0","0","0","2079.64646010178285","0","0","0","0","0","0.99983002889508787447","0.99983002889508787447","0","0","0","0","0","0","0","0","0","0","0","22858.114120599497255","880.85025545657242674","949.83852745033345855","44820.380535308999242","0","0","0","0","0","0","0","0","0","0","0","0"
"05/14/2026 07:54:58.311","50251948.945207864046","52261.960802829184104","16457.025975732987717","35804.934827096192748","1000000000","2793848.2412528786808","16453.024753759797022","4.0012219731906126796","0","0","0","47458100.703954987228","35804.934827096192748","0","0","0","0","0","0","0","0","0","0","14.166582834322555939","0.14166582834322555273","0","0","14.166582834322555939","0.14166582834322555273","1.3627116198537899842e-005","0","1.3627116198537899842e-005","10399.175908322402393","0","10399.175908322402393","42758914.572510443628","0","42758914.572510443628","4111.7599076567912562","0","4111.7599076567912562","86.250742241241553643","0","0","100","12.090786313325192936","13.334285974886746828","122.00569579477567572","108410.43433179100975","262864.23715837922646","1626.126512642683565","0","100","3500","0","8.1065543426587556297","0","0","108408.434176178911","0","0","89.052229183695629899","91.893445657341246147","198","13148.022916182879271","0.097658847625598024789","0.1953076953691946227","115454.98239763053425","2.0995852248943460694","5.9569597078754465969","8.1065543426587556297","43310707.089945271611","10563.226009223217261","44452983.941295668483","10564.226314716514025","218130.61709045941825","7411.2633998423116282","0","0","0","2113.645507337941126","0","0","0","0","0","0","0","0","0","0","0","0","0","0","0","0","0","0","23262.104246636921744","319.09745236195135476","357.10906110726216411","45597.925606480217539","0","0","0","0","0","0","0","0","0","0","0","0"
"05/14/2026 07:54:59.311","48190872.50692345947","50045.259808699949645","15738.194829053109061","34307.064979646835127","1000000000","2678818.739490580745","15735.195173113645069","2.99965593946374387","0","0","0","45512053.767432875931","34307.064979646835127","0","0","0","0","0","0","0","0","0","0","14.418203332265203898","0.1441820333226520312","0","0","14.418203332265203898","0.1441820333226520312","1.4146507749656660646e-005","0","1.4146507749656660646e-005","10192.830882297801509","0","10192.830882297801509","46156625.835016727448","0","46156625.835016727448","4528.3421620561111922","0","4528.3421620561111922","86.262936910518547506","0","0","100","13.920672419446422197","16.342510056701403443","122.01656455638756427","105510.20508131245151","262671.95409705571365","1694.4572653379120766","0","100","3500","0","12.46785487364656575","0","0","105483.21372664335649","0","0","86.603072114762142064","87.532155124448792094","226","14593.325757759788758","0.63463910125121159034","0.34173489950164492868","114302.38894482096657","3.5637711016051438762","8.9338481019365811875","12.467844875551204353","41516690.035652913153","10123.838795690135157","42611448.466860853136","10124.838681003289821","209343.98824454838177","7127.1825121658548596","0","0","0","2020.7682178854088306","0","0","0","0","0","4.99942656577290645","3.99954125261832516","0","0","0","0","0","0","0","0","0","0","0","22205.453034536942141","1191.8632932802609048","1327.8476958692838252","43523.007910992615507","0","0","0","0","0","0","0","0","0","0","0","0"
"05/14/2026 07:55:00.326","50364925.422086820006","52197.34923824530415","16279.90764508560278","35917.441593159703189","1000000000","2723686.955370655749","16276.952855144574642","2.9547899410283022803","0","0","0","47641238.46671616286","35917.441593159703189","0","0","0","0","0","0","0","0","0","0","15.716263235351881633","0.15716263235351882188","0","0","15.716263235351881633","0.15716263235351882188","1.421184901629128358e-005","0","1.421184901629128358e-005","11063.718469190307587","0","11063.718469190307587","52703745.07805865258","0","52703745.07805865258","4763.6556574379064841","0","4763.6556574379064841","85.162318110359009893","0","0","100","14.420555165033302814","16.160837728022091397","121.98341719900550117","109663.78893296494789","253194.27606403047685","1631.3035326882786649","0","100","3500","0","10.929779862930089962","0","0","109648.0275461756828","0","0","86.745974860304656318","89.118316053900912266","227","15543.682634232096461","0.48093946897892159154","0.38474763531692135476","118243.89386636766721","3.5589599501764519474","7.2622076508459043609","10.881683946099085958","43479312.432199880481","10616.560258114690441","44627350.757007330656","10617.545188095033154","210865.62935154375737","7104.2999482123814232","0","0","0","2093.9611382087236962","0","0","0","0","0","0","0","0","0","0","0","0","0","0","0","0","0","0","23019.783500571160403","119.17652762147486101","167.43809665827046729","45156.084808774859994","0","0","0","0","0","0","0","0","0","0","0","0"
"05/14/2026 07:55:01.311","40533111.90148755163","42834.767915683842148","13643.561449115297364","29191.20646656855024","1000000000","2279734.6678852532059","13640.513289720945977","3.0481593943510492117","0","0","0","38253377.233602300286","29191.20646656855024","0","0","0","0","0","0","0","0","0","0","15.811650642885261675","0.15811650642885261009","0","0","15.811650642885261675","0.15811650642885261009","1.4860949288511125465e-005","0","1.4860949288511125465e-005","10639.092339416612958","0","10639.092339416612958","66925160.066470190883","0","66925160.066470190883","6290.495272657816713","0","6290.495272657816713","86.085668177357447917","0","0","100","11.756819123609565381","13.416403272854322992","122.03096913434248449","91954.679037109803176","309635.39430086145876","1655.4137462916953609","0","100","3500","0","9.3509445566780762249","0","0","91947.569898322049994","0","0","88.962084487886286865","90.599464338887514714","200","13660.71797630036599","0.29753647073830319369","0.34712757517272085916","100725.32511868960864","2.3307006614720080506","6.8433083593763637253","9.3509445566780762249","34843400.303088650107","8168.0511237293621889","35726704.060808748007","8169.0671768608117418","167758.50042750436114","5688.8814829905086299","0","0","0","1971.1430750136785264","0","0","0","0","0","4.064212525801399245","3.0481593943510492117","0","0","0","0","0","0","0","0","0","0","0","21712.039365962522425","1648.0381792124674121","1963.0146499620757368","42749.419452642017859","0","0","0","0","0","0","0","0","0","0","0","0"
"05/14/2026 07:55:02.311","48109110.979332394898","50032.608237262451439","15701.520805014733924","34331.087432247717516","1000000000","2607609.6812987010926","15699.522138924481624","1.9986660902513662119","0","0","0","45501501.298033691943","34331.087432247717516","0","0","0","0","0","0","0","0","0","0","13.604551395224131483","0.13604551395224132038","0","0","13.604551395224131483","0.13604551395224132038","1.3653908680381334213e-005","0","1.3653908680381334213e-005","9958.3537946774322336","0","9958.3537946774322336","40953147.869112156332","0","40953147.869112156332","4112.4415454089312334","0","4112.4415454089312334","86.838387533917341443","0","0","100","11.847684132057421991","12.934811124868426546","121.95469899867293861","103721.31915800306888","275858.99106531857979","1664.7804154632003701","0","100","3500","0","6.2119837582726766811","0","0","103757.31441022930085","0","0","89.450046409648962253","93.788016241727319766","201","12595.338674828790317","0.097648741100151148498","0.14646311280309379232","110562.41681722181966","1.2693836400663003339","5.1263589308152770485","6.2608081288227479533","41477126.165996812284","10113.250416671913626","42570740.287931837142","10114.249749717038867","198799.32133294240339","6678.5427405749405807","0","0","0","2061.6240720942842017","0","0","0","0","0","0","0","0","0","0","0","0","0","0","0","0","0","0","22640.88947036747777","980.34571726829517502","1060.2923608783498821","44420.353855836612638","0","0","0","0","0","0","0","0","0","0","0","0"
"05/14/2026 07:55:03.327","49360202.021037913859","51412.59268147599505","16162.549974750325418","35250.042706725675089","1000000000","2698828.62396861054","16160.579652919926957","1.9703218303974552317","0","0","0","46661373.397069305182","35250.042706725675089","0","0","0","0","0","0","0","0","0","0","14.26469871360866648","0.14264698713608667258","0","0","14.26469871360866648","0.14264698713608667258","1.3744102856058450809e-005","0","1.3744102856058450809e-005","10382.610885279389549","0","10382.610885279389549","46352561.901108361781","0","46352561.901108361781","4464.4417876458865067","0","4464.4417876458865067","86.228330153259065582","0","0","100","11.512094086652622238","12.978594467177920535","122.05048828559149854","106563.11476636810403","268309.4734702174901","1672.2039135480424648","0","100","3500","0","10.704666707699884043","0","0","106561.14515045109147","0","0","89.343745922324131925","89.295333292300114181","254","13016.206787611588879","0.2404283867790976692","0.38469132762971625095","113651.76245171486516","2.6447122545700745277","8.0784194005047087472","10.704666707699884043","42565697.918532311916","10393.44765534657563","43689616.778314948082","10394.43281626177486","206808.91996217769338","6974.9392796069914766","0","0","0","2121.0514504228603982","0","0","0","0","0","0","0","0","0","0","0","0","0","0","0","0","0","0","23293.144678958717122","368.45018228432411433","417.70822804426052244","45706.540660644968739","0","0","0","0","0","0","0","0","0","0","0","0"
"05/14/2026 07:55:04.311","49636587.319903798401","51781.115709952682664","16337.829534874232195","35443.286175078450469","1000000000","2754561.3072537002154","16334.784840588941734","3.0446942852915079847","0","0","0","46882026.012650094926","35443.286175078450469","0","0","0","0","0","0","0","0","0","0","15.433526528404268419","0.15433526528404267752","0","0","15.433526528404268419","0.15433526528404267752","1.4052613562771763692e-005","0","1.4052613562771763692e-005","10970.033509905304527","0","10970.033509905304527","52640377.152370505035","0","52640377.152370505035","4798.5611990008328576","0","4798.5611990008328576","85.548512853152033131","0","0","100","12.316915350107274563","13.785126129640465464","121.98466870892120539","107236.44860696146498","264796.44109230797039","1640.8351129366994883","0","100","3500","0","9.6057190780691410481","0","0","107282.16847078941646","0","0","88.781405883802932522","90.394280921930857176","218","14143.693874422164299","0.34729186518085086721","0.39689627962827372931","115228.28080408844107","2.5302518851608017947","7.1938390545045010072","9.6057190780691410481","42772583.867626436055","10446.346092835165109","43902218.22217053175","10447.360990930261323","213083.94445422128774","7228.1042332820406955","0","0","0","2121.1370187530842486","0","0","0","0","0","0","0","0","0","0","0","0","0","0","0","0","0","0","23324.388021523147472","220.23288663608576599","264.88840282036119333","45688.682445084370556","0","0","0","0","0","0","0","0","0","0","0","0"
"05/14/2026 07:55:05.311","40917730.882069982588","43179.307392062488361","13712.036624665717682","29467.27076739677068","1000000000","2308171.819503411185","13710.035451778287097","2.0011728874293224223","0","0","0","38609559.062566570938","29467.27076739677068","0","0","0","0","0","0","0","0","0","0","15.897423795744328956","0.15897423795744328179","0","0","15.897423795744328956","0.15897423795744328179","1.4903046494188227416e-005","0","1.4903046494188227416e-005","10674.25618154800577","0","10674.25618154800577","66566246.477060206234","0","66566246.477060206234","6236.1484814398199887","0","6236.1484814398199887","85.865559093189375517","0","0","100","13.645845767362972722","14.718593841255110277","122.02251230416152339","92834.680572803190444","303064.01831403176766","1665.9045436696478646","0","100","3500","0","6.6473507260126574181","0","0","92769.684297089785105","0","0","87.878253977888192594","93.352639274708295147","205","14904.145992434634536","0.34176535871763646934","0.29294887838586836093","102071.15132302920392","2.1482851086436669519","4.4918561371725100884","6.647360725291706629","35206038.259023614228","8269.8469573016755021","36100342.410686902702","8270.8475437453889754","171484.50706959349918","5833.4189668564749809","0","0","0","1970.1547076741678666","0","0","0","0","0","0","0","0","0","0","0","0","0","0","0","0","0","0","21675.704130190704745","1700.9969543149240963","2061.2080740522019369","42688.019448198589089","0","0","0","0","0","0","0","0","0","0","0","0"
"05/14/2026 07:55:06.311","47261446.200299710035","49166.52406228959444","15489.234302456688965","33677.289759832907293","1000000000","2588157.4928071419708","15487.235175675266873","1.9991267814218751653","0","0","0","44673288.707492575049","33677.289759832907293","0","0","0","0","0","0","0","0","0","1","13.741274004798109232","0.13741274004798109676","0","0","13.741274004798109232","0.13741274004798109676","1.4053839860926477207e-005","0","1.4053839860926477207e-005","9774.7303977622577804","0","9774.7303977622577804","40196969.96351993829","0","40196969.96351993829","4112.3354126188769442","0","4112.3354126188769442","86.80399758514725761","0","0","100","14.605329890359191936","16.037554336435530189","121.98808596602249565","103592.58894481103926","268306.62040075671393","1682.8308754970123573","0","100","3500","0","9.2903840427746473551","0","0","103643.58381982610445","0","0","86.869808121592114958","90.758438936480928305","221","14113.581585050702415","0.43939681473804065304","0.39057383548245760974","111382.80602799418557","2.9292587725885015359","6.2002883985282917223","9.143915105007904387","40719509.718155115843","9929.6627233224535303","41793280.694992430508","9930.6622867131645762","198161.44308166194241","6682.0812669026172443","0","0","0","2030.1132465339142072","0","0","0","0","0","6.9969437349765630785","5.9973803442656254958","0","0","0","0","0","0","0","0","0","0","0","22325.248331528790004","1514.3385369270704359","1599.3014251375000185","43873.835908475179167","0","0","0","0","0","0","0","0","0","0","0","0"
"05/14/2026 07:55:07.311","49561179.643912233412","51581.43344521416293","16238.377094714129271","35343.05635050003184","1000000000","2727390.0533012147062","16236.376185701165014","2.0009090129645898948","0","0","0","46833789.59061101824","35343.05635050003184","0","0","0","0","0","0","0","0","0","1","14.334225238726100216","0.14334225238726100438","0","0","14.334225238726100216","0.14334225238726100438","1.3886670541509252443e-005","0","1.3886670541509252443e-005","10327.691870416731035","0","10327.691870416731035","44510973.335186176002","0","44510973.335186176002","4309.8665116729634974","0","4309.8665116729634974","86.119283605216324418","0","0","100","13.365034036460208711","15.121195395678849849","122.01814872662028222","107111.51466030426673","261731.1999402550573","1643.7930464554513037","0","100","3500","0","10.064778549713636835","0","0","107094.51680033483717","0","0","87.586682794891984827","89.886404803989961465","198","13679.277778927633335","0.2441232287341859597","0.53707310307781852554","114430.59318831759447","3.124785327248018163","7.0307669863080404227","10.211248487228930415","42723553.310268856585","10420.73413951958355","43850417.244554199278","10421.734594026065679","210875.80087633812218","7139.2433582576568369","0","0","0","2099.9540091063372529","0","0","0","0","0","5.0022725324114745149","4.0018180259291797896","0","0","0","0","0","0","0","0","0","0","0","23067.47955596227257","409.18589315125859684","509.23134379948811556","45232.549147077515954","0","0","0","0","0","0","0","0","0","0","0","0"
"05/14/2026 07:55:08.326","49363716.602324970067","51369.596504172281129","16171.946494764828458","35197.650009407450852","1000000000","2762137.3329931548797","16169.976348392803629","1.9701463720247096578","0","0","0","46601579.269331812859","35197.650009407450852","0","0","0","0","0","0","0","0","0","0","15.291985464521633986","0.15291985464521634652","0","0","15.291985464521633986","0.15291985464521634652","1.401727001895820169e-005","0","1.401727001895820169e-005","10911.655681458854815","0","10911.655681458854815","54418153.716730386019","0","54418153.716730386019","4987.1582558454456375","0","4987.1582558454456375","85.543793707851932595","0","0","100","11.29915814887306702","13.039052625938849062","122.02184559105525352","106480.10987123381346","268334.40387763973558","1646.8077931042089403","0","100","3500","0","11.659977275142441755","0","0","106438.7426898280828","0","0","89.284590480319423023","88.340012876171783773","202","13427.590097721102211","0.33661823115830691311","0.19235468190271487465","113943.93131629582786","2.3563768615370310755","9.1850517829125113423","11.659987123828219779","42512476.44443744421","10373.805721896109389","43634265.967790074646","10374.790795082120894","215206.96880174713442","7325.0042111878701689","0","0","0","2121.8476426706124585","0","0","0","0","0","0","0","0","0","0","0","0","0","0","0","0","0","0","23343.279288934772921","527.01415451660977851","569.37230151514108911","45809.843442318546295","0","0","0","0","0","0","0","0","0","0","0","0"
"05/14/2026 07:55:09.311","47471363.414008609951","49265.345085862543783","15394.278104609205911","33871.066981253337872","1000000000","2571364.2871835986152","15392.247465101936541","2.0306395072693850246","0","0","0","44899999.126825012267","33871.066981253337872","0","0","0","0","0","0","0","0","0","0","18.189950767380931751","0.18189950767380930197","0","0","18.189950767380931751","0.18189950767380930197","1.4602511825150872203e-005","0","1.4602511825150872203e-005","12449.850819068598867","0","12449.850819068598867","73584917.384446963668","0","73584917.384446963668","5910.5059533518187891","0","5910.5059533518187891","84.010487138088734582","0","0","100","12.453065708495643094","13.747490407726472128","121.99415988925419185","103063.54681374107895","275443.99933019443415","1616.0497406092883921","0","100","3500","0","6.447722736127969867","0","0","103176.294470062654","0","0","88.785765725551542005","93.552287422677522954","184","14860.344252114322444","0.24801707735838957047","0.34722797182394343762","113284.98524224595167","2.0337420660998932753","4.5139229984892832448","6.4477125773224734928","40981680.179557271302","9983.6391374899303628","42061285.918713092804","9984.654457243565048","197430.95673377320054","6637.1452295099843468","0","0","0","2033.6854665302889771","0","0","0","0","0","8.1225580290775400982","6.0919185218081546296","0","0","0","0","0","0","0","0","0","0","0","22340.080539224138192","1280.318209333347113","1370.6816674068347766","43774.495858206129924","0","0","0","0","0","0","0","0","0","0","0","0"
"05/14/2026 07:55:10.311","41586844.992172367871","43912.945100438293593","13971.212358836282874","29941.7327416020089","1000000000","2331697.971201185137","13967.221724057981191","3.9906347783022804165","0","0","0","39255147.020971186459","29941.7327416020089","0","0","0","0","0","0","0","0","0","0","11.702022660088966077","0.11702022660088966244","0","0","11.702022660088966077","0.11702022660088966244","1.4017824628653569608e-005","0","1.4017824628653569608e-005","8328.4547823168595642","0","8328.4547823168595642","35318841.742199406028","0","35318841.742199406028","4240.7436511739342677","0","4240.7436511739342677","88.905484363126618064","0","0","100","12.563507740438211613","13.685205118813607683","121.73223112323162809","94971.918432752339868","299165.93966442812234","1652.0333710740958395","0","100","3500","0","6.885216262440319035","0","0","95137.921786020073341","0","0","88.808424838718295291","93.114773737608686588","229","12304.248545820626532","0.24413880371986174111","0.097649521517344559096","103281.08627794281347","1.8066311475073772996","5.1757546388022701578","6.8852262623913196293","35759990.454401612282","8460.1457300008351012","36674875.402405634522","8461.1433886954091577","171521.47340621030889","5808.3689198189686067","0","0","0","2010.282269569773689","0","0","0","0","0","0.99765869457557010413","0.99765869457557010413","0","0","0","0","0","0","0","0","0","0","0","22102.130719627180952","1152.2957922347834483","1581.289030902278455","43467.989322657587763","0","0","0","0","0","0","0","0","0","0","0","0"
"05/14/2026 07:55:11.326","51441676.643892563879","53310.818222036134102","16656.298644838174368","36654.519577197963372","1000000000","2812267.5895440187305","16653.336823017623828","2.9618218205509170282","0","0","0","48629409.054348543286","36654.519577197963372","0","0","0","0","0","0","0","0","0","1","14.922626396732924903","0.14922626396732924237","0","0","14.922626396732924903","0.14922626396732924237","1.3939992645030798801e-005","0","1.3939992645030798801e-005","10738.578647377440575","0","10738.578647377440575","46217436.620221681893","0","46217436.620221681893","4303.869081548221402","0","4303.869081548221402","85.400026474384560515","0","0","100","14.773869386339633536","16.213723419347719101","122.23770140657353522","110928.65636440178787","250187.46079833686235","1627.8136532500880094","0","100","3500","0","9.4181878729986294729","0","0","110685.41984150235658","0","0","86.654018270132212365","90.581821973687496552","239","15052.106285497637145","0.33655973132726141328","0.28847836303963653171","118736.84417844895506","3.077089410174639994","6.2022601886369042035","9.4181780263125070007","44397953.9339954108","10840.267863216355181","45570179.825037293136","10841.255137156538694","220193.68142703737249","7458.8546180873927369","0","0","0","2102.8934925911507889","0","0","0","0","0","0","0","0","0","0","0","0","0","0","0","0","0","0","23149.599349425967375","204.36570561801326562","331.72404390170271427","45406.703056925922283","0","0","0","0","0","0","0","0","0","0","0","0"
"05/14/2026 07:55:12.326","50812355.085292868316","52467.696153808472445","16304.622735421857215","36163.073418386615231","1000000000","2793600.6704988693818","16301.623724495661008","2.9990109261965400833","0","0","0","48018754.414793998003","36163.073418386615231","0","0","0","0","0","0","0","0","0","0","15.99967824317572429","0.15999678243175724512","0","0","15.99967824317572429","0.15999678243175724512","1.4321941608454236871e-005","0","1.4321941608454236871e-005","11162.318667303523398","0","11162.318667303523398","53574395.164474755526","0","53574395.164474755526","4799.5758552749421142","0","4799.5758552749421142","85.074755435799403358","0","0","100","14.804639300616951658","16.228480275452472625","122.00270660411403867","110474.03398218002985","251054.35508538229624","1638.9411620122837121","0","100","3500","0","7.5212870955451816002","0","0","110509.03272572513379","0","0","86.714942416094103805","92.576361049140061255","215","15445.445508506243641","0.43944165060863843442","0.34179350592338747505","119004.72773027447693","2.685498975519465148","4.7850590838774058611","7.4236389508599343046","43818940.513418674469","10700.470984669254904","44976046.899732463062","10701.470654977987579","220443.29780038542231","7498.5269858000829117","0","0","0","2082.3132530891311944","0","0","0","0","0","0","0","0","0","0","0","0","0","0","0","0","0","0","22865.458971631156601","489.83845127876821834","569.81207597734260162","44837.212687255741912","0","0","0","0","0","0","0","0","0","0","0","0"
"05/14/2026 07:55:13.311","47343401.796402134001","49207.989516227316926","15453.664771956293407","33754.324744271019881","1000000000","2625303.6176557610743","15450.615508978402431","3.0492629778919284611","0","0","0","44718098.178746372461","33754.324744271019881","0","0","0","0","0","0","0","0","0","0","18.259583976179381892","0.18259583976179380449","0","0","18.259583976179381892","0.18259583976179380449","1.4629429478310408412e-005","0","1.4629429478310408412e-005","12488.764736452709258","0","12488.764736452709258","77070276.262209370732","0","77070276.262209370732","6171.1688776755918298","0","6171.1688776755918298","83.840424922421675547","0","0","100","12.064641310441770017","13.584597759053570698","121.99870126079851218","102270.43494035696494","278166.35074856696883","1687.1381566050188212","0","100","3500","0","8.7843413877185518857","0","0","102198.317656119194","0","0","88.838614727550435646","91.11646359029703035","209","14996.33217586785031","0.1488077703071967739","0.24800279229161731331","112280.51713984069647","1.9344299064509167252","7.0433036808108377969","8.8835364097029749786","40815641.255430355668","9949.7450968613629811","41891587.927073419094","9950.7615178539945191","205349.56598315405427","6975.6972724241022661","0","0","0","1984.0537776150149512","0","0","0","0","0","5.0821049631532142499","4.0656839705225715775","0","0","0","0","0","0","0","0","0","0","0","21812.394501853596012","1412.8251797565935703","1458.5641244249725332","42797.422315705851361","0","0","0","0","0","0","0","0","0","0","0","0"
"05/14/2026 07:55:14.311","42186068.7593184039","44826.260761070996523","14430.713884087757833","30395.546876983236871","1000000000","2421136.7832590527833","14427.715605699208027","2.9982783885492949594","0","0","0","39764931.976059347391","30395.546876983236871","0","0","0","0","0","0","0","0","0","0","11.537966583650913321","0.1153796658365091321","0","0","11.537966583650913321","0.1153796658365091321","1.3764785876177978481e-005","0","1.3764785876177978481e-005","8378.1892437362475903","0","8378.1892437362475903","35786683.286456920207","0","35786683.286456920207","4271.4102349994036558","0","4271.4102349994036558","88.830599766241348902","0","0","100","10.689722257775502001","12.114562268014847035","122.02101463288855143","95779.814715768749011","300926.18985478498507","1663.8404377020242464","0","100","3500","0","10.164451985533718315","0","0","95777.814907550360658","0","0","90.092094591763768108","89.835548014466283462","200","10978.947118971289456","0.29294325428088419105","0.14646662759690040612","101641.25260387528397","1.6599984421422324665","8.495314377797306804","10.164451985533718315","36234578.105251967907","8511.1129189619314275","37154969.616446234286","8512.1123450914492423","179025.20372801937629","6108.4925036044305671","0","0","0","2054.820122285783782","0","0","0","0","0","0","0","0","0","0","0","0","0","0","0","0","0","0","22595.025936107489542","754.56672778490587916","1162.3325886276099936","44471.464485092663381","0","0","0","0","0","0","0","0","0","0","0","0"
"05/14/2026 07:55:15.326","49008961.801165916026","51028.634720293994178","16038.358892631249546","34990.275827662742813","1000000000","2724184.6494496199302","16037.373916957685651","0.98497567356330217869","0","0","0","46284777.151716291904","34990.275827662742813","0","0","0","0","0","0","0","0","0","0","14.019717640520218183","0.14019717640520218405","0","0","14.019717640520218183","0.14019717640520218405","1.381976315278586655e-005","0","1.381976315278586655e-005","10147.219389049138044","0","10147.219389049138044","41684044.428312733769","0","41684044.428312733769","4107.9277810133953608","0","4107.9277810133953608","86.430648575602987194","0","0","100","14.115301410030772544","16.759404538127867568","122.00258074876124681","120038.39211641959264","229966.55454463412752","1640.7055703628304855","0","100","3500","0","10.999265489973531373","0","0","120086.64816260673979","0","0","86.255563600798765833","89.04881887065464241","194","12820.351209473785275","0.096158873957429530366","0.19233744251269979664","128732.35896825816599","3.5100303109708068661","7.260462730484647409","10.951181129345355814","42214213.494462221861","10304.815496819266627","43328544.053283244371","10305.800472492830522","211470.33721134671941","7179.4876846029092121","0","0","0","2093.0733063220168333","0","0","0","0","0","0","0","0","0","0","0","0","0","0","0","0","0","0","23049.415737054834608","329.96685064370620921","367.39592623911170222","45196.593757125679986","0","0","0","0","0","0","0","0","0","0","0","0"
"05/14/2026 07:55:16.311","48730169.324844233692","50611.538309149153065","15899.284887755113232","34712.253421394038014","1000000000","2689036.4017429272644","15899.284887755113232","0","0","0","0","46041132.923101305962","34712.253421394038014","0","0","0","0","0","0","0","0","0","0","15.123183807637675002","0.15123183807637674558","0","0","15.123183807637675002","0.15123183807637674558","1.4264220007665772972e-005","0","1.4264220007665772972e-005","10602.23240182826521","0","10602.23240182826521","51661846.084762997925","0","51661846.084762997925","4872.732847834419772","0","4872.732847834419772","85.709182874206888414","0","0","100","14.0182185280495748","16.898964956115893443","121.98913349605707879","106929.30418031466252","257772.0995183675841","1690.4855127220209852","0","100","3500","0","11.007453020128089349","0","0","106919.1450125699339","0","0","86.152430424967022304","88.942929261835871557","235","14343.728938775369897","0.64487794589961977554","0.34723259311093951363","115489.41892201884184","3.4227894869767712116","7.837689512964102434","11.057070738164131996","41992833.638619922101","10233.450266732092132","43099452.312812589109","10234.466195478913505","209240.68469533821917","7097.2782252943907224","0","0","0","2041.0008523642186447","0","0","0","0","0","4.0637149872856515032","3.0477862404642386274","0","0","0","0","0","0","0","0","0","0","0","22415.45186986765475","911.2880858988073669","991.54645689769904493","43981.587307392612274","0","0","0","0","0","0","0","0","0","0","0","0"
"05/14/2026 07:55:17.326","49964886.472399249673","51845.040780478309898","16224.348418842459068","35620.692361635847192","1000000000","2733010.4482834241353","16224.348418842459068","0","0","0","0","47231876.02411583066","35619.707575692365936","0.98478594348057413299","0","0","0","0","0","0","0","0","0","19.25409578013573153","0.19254095780135732641","0","0","19.25409578013573153","0.19254095780135732641","1.4727920806985847602e-005","0","1.4727920806985847602e-005","13081.896473195947692","0","13081.896473195947692","77378145.295515045524","0","77378145.295515045524","5914.9027401385128542","0","5914.9027401385128542","82.934335545888984598","0","0","100","14.141281695443353783","16.213552898330423346","122.02270356143596075","108285.24501289319596","256258.90799632601556","1678.7875786260901805","0","100","3500","0","11.9705093728190608","0","0","108310.8452926845639","0","0","86.698861855091919892","88.12564886626620364","722","17103.940779069685959","0.52885062251776659981","0.19231647817052402449","119707.89293057135365","3.8461818700266716675","7.8846703719982800251","11.87435113373379636","43113558.326064787805","10531.300879581260233","44252372.669393271208","10532.285665524741489","213001.32128730035038","7213.5570359952052968","0","0","0","2060.1721937613610862","0","0","0","0","0","0","0","0","0","0","0","0","0","0","0","0","0","0","22641.213626561879209","665.7152977928681139","757.30039053656150827","44490.659354565381363","0","0","0","0","0","0","0","0","0","0","0","0"
"05/14/2026 07:55:18.311","50948036.84386561811","52789.882863118538808","16523.365336247894447","36266.51752687064436","1000000000","2806407.2438401142135","16522.349950926425663","1.0153853214679464667","0","0","0","48141629.600025504827","36266.51752687064436","0","0","0","0","0","0","0","0","0","0","14.758522425649911014","0.14758522425649911458","0","0","14.758522425649911014","0.14758522425649911458","1.3954092219020172711e-005","0","1.3954092219020172711e-005","10570.161196481323714","0","10570.161196481323714","43399355.717705823481","0","43399355.717705823481","4105.8366954851107948","0","4105.8366954851107948","85.842488019668806487","0","0","100","14.885993929901410127","16.738727423977540099","121.98051079247427708","110813.89780348286149","249133.45123660989339","1682.6140978893499778","0","100","3500","0","11.096883261475355198","0","0","110777.34131131386675","0","0","86.279926634392353435","88.853541539690723994","222","14930.280676685040817","0.49583322586285927258","0.24791661293142963629","118981.22742890473455","3.2229261227990466665","7.9333519231866729271","11.146458460309272454","43964417.649102732539","10737.69977452353487","45125559.502696759999","10738.715159845003654","220639.16881369892508","7490.4975164690422389","0","0","0","2083.5706796522263176","0","0","0","0","0","0","0","0","0","0","0","0","0","0","0","0","0","0","22897.954384423661395","610.24657820223592353","688.43124795526773596","45000.862062137923203","0","0","0","0","0","0","0","0","0","0","0","0"
"05/14/2026 07:55:19.327","43054956.588346667588","45644.14012829784042","14673.862477828970441","30970.277650468873617","1000000000","2467356.2187433387153","14670.908801806863266","2.9536760221072806409","0","0","0","40587600.369603328407","30970.277650468873617","0","0","0","0","0","0","0","0","0","0","11.9776484820554181","0.11977648482055418266","0","0","11.9776484820554181","0.11977648482055418266","1.3826668182334887281e-005","0","1.3826668182334887281e-005","8661.1626554925824166","0","8661.1626554925824166","36512539.585412189364","0","36512539.585412189364","4215.6626122541774748","0","4215.6626122541774748","88.373714859111487385","0","0","100","11.95322822314199307","13.50740587270501436","121.96900029875801863","98308.351103926834185","289474.27581233222736","1644.5287169672526488","0","100","3500","0","10.085214054336699263","0","0","98336.908788233442465","0","0","88.937623430393756507","89.914776098312017893","203","11493.975559545971919","0.1923286179291709419","0.096159385288943452497","105561.01817007282807","2.3079729572039036078","7.7413278069997923936","10.085223901687978554","36971426.630441471934","8797.0317525095179008","37922726.91246830672","8798.0163111835536256","183852.54855474171927","6269.669636259721301","0","0","0","2072.4960088452753553","0","0","0","0","0","0","0","0","0","0","0","0","0","0","0","0","0","0","22797.456097298028908","727.5888601124268007","1173.5939394506260669","44856.493189069231448","0","0","0","0","0","0","0","0","0","0","0","0"
"05/14/2026 07:55:20.311","49534910.212822124362","51444.725398979884631","16105.628698240634549","35339.096700739246444","1000000000","2708503.5666818656027","16102.580121920695092","3.0485763199395488066","0","0","0","46826406.646140262485","35339.096700739246444","0","0","0","0","0","0","0","0","0","0","15.294334372723961124","0.15294334372723961124","0","0","15.294334372723961124","0.15294334372723961124","1.3992906944315330978e-005","0","1.3992906944315330978e-005","10931.178491196575123","0","10931.178491196575123","55017583.680117353797","0","55017583.680117353797","5033.0880356976849725","0","5033.0880356976849725","85.517855517115805242","0","0","100","11.481204621052254922","13.341261067342115254","121.99509432279356247","107478.0114967545378","265154.28981918201316","1667.389100335367857","0","100","3500","0","10.49690377562168031","0","0","107450.57730680386885","0","0","89.050906432083039022","89.453480630917709959","185","13483.396320201298295","0.14884678038185411575","0.34729899334096347996","115050.86400424965541","1.9845424513578191483","8.5831725204193123346","10.546519369082297146","42674475.357798695564","10405.807172060325684","43799733.330867372453","10406.823364166972169","209112.01170572009869","7060.5027569799949561","0","0","0","2100.4690844383490003","0","0","0","0","0","4.0647684265860650754","3.0485763199395488066","0","0","0","0","0","0","0","0","0","0","0","23080.771318262322893","348.55389257975508599","430.86545321812286602","45301.844114301689842","0","0","0","0","0","0","0","0","0","0","0","0"
"05/14/2026 07:55:21.326","49846891.505212336779","51897.86306740114378","16334.84230628631849","35563.020761114821653","1000000000","2790509.4635136327706","16331.88791266969929","2.9543936166189759263","0","0","0","47056382.04169870168","35563.020761114821653","0","0","0","0","0","0","0","0","0","0","15.579372183797875806","0.15579372183797876583","0","0","15.579372183797875806","0.15579372183797876583","1.402784821349410487e-005","0","1.402784821349410487e-005","11107.535200615144277","0","11107.535200615144277","52692642.220569513738","0","52692642.220569513738","4743.8645269970738809","0","4743.8645269970738809","85.30102622722925787","0","0","100","11.75121742185420004","13.319259920944382714","122.01534198334464065","108292.10144811232749","263210.08992462331662","1670.9707867633514979","0","100","3500","0","10.476308823490310118","0","0","108311.7946807200351","0","0","89.083772600389750096","89.523701023155084044","200","13708.459218220023104","0.14423366168285275957","0.19231483112560054938","116166.4405063012091","1.7308531734211862751","8.7504380526368183979","10.476298976844923061","42933677.40857924521","10475.294966658682824","44066443.130680315197","10476.279764530889224","217990.91780010337243","7421.4367649468676973","0","0","0","2134.0569890711071821","0","0","0","0","0","0","0","0","0","0","0","0","0","0","0","0","0","0","23444.09814574378106","282.63698932321540269","329.90728718911901751","46011.72618522393168","0","0","0","0","0","0","0","0","0","0","0","0"
"05/14/2026 07:55:22.311","49396381.076195277274","51331.993352139361377","16101.905437826959314","35230.087914312403882","1000000000","2718184.5748801543377","16099.875060746344388","2.0303770806162235729","0","0","0","46678196.501315124333","35230.087914312403882","0","0","0","0","0","0","0","0","0","0","17.965386215763302857","0.17965386215763304301","0","0","17.965386215763302857","0.17965386215763304301","1.4526704452111057695e-005","0","1.4526704452111057695e-005","12358.905289710952275","0","12358.905289710952275","69508676.15658146143","0","69508676.15658146143","5624.1774273040909975","0","5624.1774273040909975","83.996056816944303591","0","0","100","13.166093711142643485","15.621914370374705427","122.003261918058584","107870.28341155225644","258716.51803791208658","1705.6156200664509015","0","100","3500","0","13.343899687763617123","0","0","107894.66386115415662","0","0","87.247262852322421622","86.656090153582582047","212","16322.711008473934271","0.19840866720087640962","0.24801337366454337396","118396.54252717379131","3.075380055555645864","10.416582011218403991","13.343909846417412624","42569970.093560792506","10396.545841295372156","43694218.308377124369","10397.561029835680529","210753.14096796399099","7140.8361925272574808","0","0","0","2088.2428274137855624","0","0","0","0","0","0","0","0","0","0","0","0","0","0","0","0","0","0","23005.187511922118574","451.75890043710973032","537.03473782299113282","45157.616649985422555","0","0","0","0","0","0","0","0","0","0","0","0"
"05/14/2026 07:55:23.311","40199939.567184977233","42505.080258580404916","13513.337742394120141","28991.742516186288412","1000000000","2271952.6702999728732","13511.336655804101611","2.0010865900183798516","0","0","0","37927986.89688500762","28991.742516186288412","0","0","0","0","0","0","0","0","0","0","11.288456208841374462","0.1128845620884137424","0","0","11.288456208841374462","0.1128845620884137424","1.409775252840554381e-005","0","1.409775252840554381e-005","8013.3512497286019425","0","8013.3512497286019425","34154609.953204587102","0","34154609.953204587102","4262.2130103633407998","0","4262.2130103633407998","89.092711611376586234","0","0","100","12.861761148758903417","14.281321789432595892","122.0087896765727038","91989.737348999129608","307112.71881183813093","1671.6499564991092939","0","100","3500","0","10.712610361206120757","0","0","91922.751375861902488","0","0","88.216270572064658495","89.238580162117045802","209","12259.432874756026649","0.68345264760917545654","0.43936527284717419306","98219.432850761062582","3.368413769991190243","7.1273733383082609194","10.614971412163543008","34599595.580400153995","8144.4224213748066177","35480337.823438122869","8145.4229646698149736","167963.20401978274458","5707.0989547324197702","0","0","0","1960.0643149230031668","0","0","0","0","0","0","0","0","0","0","0","0","0","0","0","0","0","0","21563.709094038062176","1635.8882873400254994","2060.1186444239219782","42469.060699960078637","0","0","0","0","0","0","0","0","0","0","0","0"
"05/14/2026 07:55:24.326","50589958.955010034144","52643.976020950052771","16582.640732361887785","36061.335288588168623","1000000000","2786904.7949631311931","16579.686580212419358","2.9541521494706453055","0","0","0","47803054.160046897829","36061.335288588168623","0","0","0","0","0","0","0","0","0","0","14.587225766856182219","0.14587225766856182219","0","0","14.587225766856182219","0.14587225766856182219","1.3908291079812207009e-005","0","1.3908291079812207009e-005","10487.240130620790296","0","10487.240130620790296","43020270.013445325196","0","43020270.013445325196","4102.1536150234742308","0","4102.1536150234742308","85.942420937067538489","0","0","100","13.71859859424557726","15.66945075999287873","122.00558193171640653","109496.37595525094366","254697.02351512969472","1695.8165918222643995","0","100","3500","0","12.002472643159812549","0","0","109536.75254077051068","0","0","87.17719637639798691","87.997527356840194557","201","14605.491215630663646","0.33659578843124443592","0.048078078326496832828","117330.41834081779234","2.7889914003070224169","9.4729571149844069566","12.146726574197607817","43580916.886110931635","10653.657368374304497","44732969.263622425497","10654.642085757461246","216165.15995059866691","7315.4654394724748272","0","0","0","2123.0506780862369851","0","0","0","0","0","0","0","0","0","0","0","0","0","0","0","0","0","0","23293.489698576038791","336.77334503965357726","376.16204036592881721","45672.176948199332401","0","0","0","0","0","0","0","0","0","0","0","0"
"05/14/2026 07:55:25.311","49424867.808321230114","51469.010277044180839","16182.010394146160252","35286.999882898024225","1000000000","2708961.7746850308031","16179.979136957414084","2.0312571887461445819","0","0","0","46715906.033636197448","35286.999882898024225","0","0","0","0","0","0","0","0","0","0","13.996573852396490878","0.13996573852396490545","0","0","13.996573852396490878","0.13996573852396490545","1.3660341066825301462e-005","0","1.3660341066825301462e-005","10243.630002846806747","0","10243.630002846806747","42074388.903891980648","0","42074388.903891980648","4107.3710093198496907","0","4107.3710093198496907","86.483590687209471071","0","0","100","12.418951248529134901","13.570890840652447551","122.006984321804822","106035.77141691591532","268268.11731677642092","1633.398032689901811","0","100","3500","0","7.5888976401069951905","0","0","106038.81880130525678","0","0","88.893383581330979837","92.411092201120538903","204","12844.725201096896853","0.24802642987516188011","0.59524311415544683967","113118.90853255440015","2.3809622978493165668","5.2083518519289837556","7.5889077988794628737","42617701.45170904696","10404.099320757752139","43742766.058383002877","10405.114949352126132","208090.11144391004927","7029.1655016560334843","0","0","0","2110.4762191072441055","0","0","0","0","0","5.0781429718653612326","4.0625143774922891637","0","0","0","0","0","0","0","0","0","0","0","23233.519724878402485","231.56331951706047789","272.18846329198339618","45607.817658917185327","0","0","0","0","0","0","0","0","0","0","0","0"
"05/14/2026 07:55:26.311","50182678.137025699019","52112.064130788807233","16352.999252828483804","35759.06487796032161","1000000000","2769434.1070500640199","16350.999864241513933","1.9993885869701044644","0","0","0","47413244.029975630343","35759.06487796032161","0","0","0","0","0","0","0","0","0","1","17.646044292755071581","0.17646044292755069804","0","0","17.646044292755071581","0.17646044292755069804","1.4266502303774958175e-005","0","1.4266502303774958175e-005","12367.218104703581048","0","12367.218104703581048","68685300.035249218345","0","68685300.035249218345","5553.8197397138465021","0","5553.8197397138465021","84.082737319538651377","0","0","100","12.039281303788639477","13.273369464369125126","121.99945609031840377","107960.56436885443691","264213.97784733923618","1676.7292082328704055","0","100","3500","0","8.3654261274504033707","0","0","107910.57244255053229","0","0","89.12488704449611987","91.634573872549594853","197","14800.609701533203406","0.14645472191499747661","0.19527629531142923214","117252.06379169765569","1.8551498011443223746","6.4930193048679791801","8.3654261274504033707","43226397.367684960365","10546.774796267302008","44366688.666605748236","10546.774796267302008","215574.07744711666601","7305.7658967887618928","0","0","0","2124.3503736557358934","0","0","0","0","0","0","0","0","0","0","0","0","0","0","0","0","0","0","23320.868478419299208","305.90645380642598639","348.89330842628322671","45712.021263897499011","0","0","0","0","0","0","0","0","0","0","0","0"
"05/14/2026 07:55:27.311","48911418.392729908228","51002.637532969158201","16064.200802510031281","34938.436730459128739","1000000000","2717151.9643995547667","16063.200790009874254","1.0000125001562518712","0","0","0","46194266.428330354393","34938.436730459128739","0","0","0","0","0","0","0","0","0","0","13.877444698821506108","0.13877444698821506108","0","0","13.877444698821506108","0.13877444698821506108","1.3712172710206503332e-005","0","1.3712172710206503332e-005","10121.12651408142483","0","10121.12651408142483","41615880.198502480984","0","41615880.198502480984","4111.7834206106117563","0","4111.7834206106117563","86.572494379011374122","0","0","100","11.874961200869099898","13.427636820935211048","122.00828777480516862","105930.0361389653699","268819.49573327292455","1629.9082361663038228","0","100","3500","0","9.2327406775584925924","0","0","105984.03309893653204","0","0","89.00047147807626402","90.767269321976527863","227","12963.270167889548247","0.24412864801786715585","0.14648318853173325493","112833.64746564767847","2.3436410206925377686","6.8844498730809018383","9.2327306780234703609","42152750.909386366606","10280.12850160627022","43264620.807760097086","10282.128526606582454","211110.63888298603706","7170.089626120326102","0","0","0","2074.0259253240665203","0","0","0","0","0","0","0","0","0","0","0","0","0","0","0","0","0","0","22815.285191064886021","585.00731259140741258","664.00830010375125312","44773.559669495865819","0","0","0","0","0","0","0","0","0","0","0","0"
"05/14/2026 07:55:28.326","41467889.275871001184","43774.52740811843978","13941.597135109121155","29832.930273009318626","1000000000","2351072.41880801972","13938.642989650346863","2.9541454587743580795","0","0","0","39116816.857062980533","29832.930273009318626","0","0","0","0","0","0","0","0","0","1","11.626260186975089894","0.11626260186975090338","0","0","11.626260186975089894","0.11626260186975090338","1.4083631591505607589e-005","0","1.4083631591505607589e-005","8253.8824118155571341","0","8253.8824118155571341","35227656.788562253118","0","35227656.788562253118","4268.0104986876640396","0","4268.0104986876640396","88.767401128185213111","0","0","100","12.817370488041655463","14.526759711032942946","122.00757104472475589","94116.170803982866346","299492.87964251701487","1647.8086312078210085","0","100","3500","0","10.505953916876409338","0","0","94123.065400766165112","0","0","88.096420873987014488","89.494046083123592439","226","12691.967735650914619","0.5770731555503380017","0.33661780017672460197","100917.19805950588488","2.8372648580038002386","7.598093769611170778","10.505953916876409338","35668907.648587852716","8384.8495271545543801","36575645.177982829511","8385.8342423074791441","175137.49823859074968","5966.3891115712785904","0","0","0","1993.063469519767068","0","0","0","0","0","0","0","0","0","0","0","0","0","0","0","0","0","0","21914.835728341113281","1513.5071900453961007","1853.2339178044474011","43122.64597688223148","0","0","0","0","0","0","0","0","0","0","0","0"
"05/14/2026 07:55:29.311","50372728.928654626012","52575.185451164514234","16686.261806990594778","35888.923644173926732","1000000000","2827079.4307714174502","16684.229994289591559","2.03181270100342104","0","0","0","47545649.497883208096","35888.923644173926732","0","0","0","0","0","0","0","0","0","0","14.534865298657678068","0.14534865298657678734","0","0","14.534865298657678068","0.14534865298657678734","1.3947753630250461958e-005","0","1.3947753630250461958e-005","10424.215062498051338","0","10424.215062498051338","42843225.230399943888","0","42843225.230399943888","4109.9713478218500313","0","4109.9713478218500313","85.994062473213901399","0","0","100","14.549093940319655971","16.666436468577149554","121.99867987583697015","109612.68708029777918","252067.62741228681989","1662.3830936959529936","0","100","3500","0","11.582452853413037985","0","0","109581.20639862118696","0","0","86.326992144639064009","88.417536990718758716","227","14721.788460177293018","0.59507294147660638739","0.39671867960713852463","117521.44672214510501","3.4712452841226002498","8.1326262953302101977","11.582463009281241284","43404639.461439594626","10589.80779762983002","44549785.354226730764","10590.823703980331629","221520.41153959895018","7557.3273413822234943","0","0","0","2083.6239248790079728","0","0","0","0","0","4.06362540200684208","3.0477190515051311159","0","0","0","0","0","0","0","0","0","0","0","22915.799548267081263","206.22898915184720181","253.97658762542761224","45024.969454235804733","0","0","0","0","0","0","0","0","0","0","0","0"
"05/14/2026 07:55:30.326","49622517.595406718552","51539.084699460268894","16147.096567290962412","35391.988132169302844","1000000000","2707760.0797615805641","16144.145349446325781","2.9512178446370711526","0","0","0","46914757.515645138919","35391.988132169302844","0","0","0","0","0","0","0","0","0","0","17.695240908978998817","0.17695240908978998595","0","0","17.695240908978998817","0.17695240908978998595","1.444620517768129941e-005","0","1.444620517768129941e-005","12235.7491838652968","0","12235.7491838652968","67621325.303397491574","0","67621325.303397491574","5526.5373854317413134","0","5526.5373854317413134","84.252790703400052053","0","0","100","13.440528509411217684","15.41561419128132826","121.9690791031569006","107395.76497618106077","260131.11410429092939","1669.3795315159650272","0","100","3500","0","11.617214466848857057","0","0","107631.1524145482108","0","0","87.384513873501248327","88.286618903414819215","193","16054.605158254718845","0.76938227835635319973","0.38468621513159512171","119188.77412684311275","3.750734913952285865","8.0304306078735514518","11.71338109658517368","42794401.933244429529","10456.164823549142966","43925092.188667416573","10457.148562830689116","208828.17468651916715","7051.4431701195089772","0","0","0","2095.3646696923206036","0","0","0","0","0","0","0","0","0","0","0","0","0","0","0","0","0","0","23047.04388805243434","409.23554112300723773","452.52006951101759569","45223.478511936933501","0","0","0","0","0","0","0","0","0","0","0","0"
"05/14/2026 07:55:31.311","50440755.441275157034","52433.061244996875757","16440.633801943098661","35992.427443053777097","1000000000","2747455.1851613032632","16437.582648128940491","3.0511538141558487425","0","0","0","47693300.25611384958","35992.427443053777097","0","0","0","0","0","0","0","0","0","0","14.22913261311737898","0.1422913261311737898","0","0","14.22913261311737898","0.1422913261311737898","1.3633842709752773894e-005","0","1.3633842709752773894e-005","10449.18476221239689","0","10449.18476221239689","42941499.414280176163","0","42941499.414280176163","4109.5549931866844418","0","4109.5549931866844418","86.10024992439693392","0","0","100","12.320677107795418692","13.716491988760374454","122.04973526603593825","108390.02410371330916","262216.00435186317191","1600.7522723115257577","0","100","3500","0","7.444492312562034364","0","0","108116.79925520328106","0","0","88.728270529877718786","92.555507687437966524","183","13015.253564340033336","0.099195697111094216503","0.099205855400608916606","114970.78170035440417","1.2896253287603423043","6.051323538778305533","7.444492312562034364","43500108.722780913115","10614.96411944819738","44647981.26510193944","10615.981170719582224","211790.75675327130011","7139.6999251246852509","0","0","0","2126.6542084666266419","0","0","0","0","0","4.0682050855411313606","3.0511538141558487425","0","0","0","0","0","0","0","0","0","0","0","23357.599498634404881","273.58679200264111842","304.09833014419956498","45790.699391579590156","0","0","0","0","0","0","0","0","0","0","0","0"
"05/14/2026 07:55:32.326","42069610.907796472311","44634.799250244090217","14351.119931897665083","30283.679318346425134","1000000000","2413273.6535239466466","14348.16581087421946","2.9541210234453818551","0","0","0","39656337.254272527993","30283.679318346425134","0","0","0","0","0","0","0","0","0","0","11.533984712738529765","0.11533984712738530598","0","0","11.533984712738529765","0.11533984712738530598","1.3771428571428570261e-005","0","1.3771428571428570261e-005","8374.9331014676572522","0","8374.9331014676572522","35671034.991071172059","0","35671034.991071172059","4259.2620811287479228","0","4259.2620811287479228","88.784581963709982233","0","0","100","10.514888943513721387","12.11773752347817279","122.01241013759064913","95007.544033122845576","303340.57388095289934","1634.8687968547490073","0","100","3500","0","9.2664300640284515964","0","0","95064.665954940661322","0","0","90.064284490381936621","90.733579783473146563","207","10996.954810650679065","0.048085350265784067292","0.19233155356154590931","101001.40638110958389","1.2501698694024339087","8.0780335721024218998","9.2664202165268605427","36118761.573384553194","8507.8685475226993731","37038800.902582444251","8508.8532545305151871","179137.89886172793922","6113.0611045163104791","0","0","0","2041.297627200758825","0","0","0","0","0","0","0","0","0","0","0","0","0","0","0","0","0","0","22457.22802023179247","744.43849790823617241","1208.235498589161125","44222.207013969549735","0","0","0","0","0","0","0","0","0","0","0","0"
"05/14/2026 07:55:33.311","46435081.87411878258","48335.372042628412601","15228.925032934948831","33106.447009693460132","1000000000","2591964.6642664899118","15225.880668631703884","3.0443643032454752451","0","0","0","43843117.209852293134","33106.447009693460132","0","0","0","0","0","0","0","0","0","0","13.241695515333457678","0.13241695515333457012","0","0","13.241695515333457678","0.13241695515333457012","1.3761602618243242086e-005","0","1.3761602618243242086e-005","9612.0728934470462264","0","9612.0728934470462264","39499904.305482067168","0","39499904.305482067168","4109.4054054054049629","0","4109.4054054054049629","87.2779258785493397","0","0","100","11.758915584130642529","13.176951368359123506","122.00097801718301582","101556.81100115155277","281112.81199999997625","1673.9575576593563255","0","100","3500","0","9.2771481378616460489","0","0","101598.45678990399756","0","0","89.268245160606099375","90.722841703560931137","197","12790.335901727314194","0.049604333567861029486","0.34722017639760183183","108701.60314955927606","1.6864863898427229216","7.5395641035695417642","9.277158296439068863","40013736.171736247838","9764.2911086093208723","41069627.25006429106","9765.3058967104025214","201549.0943320634251","6850.8344704034007009","0","0","0","2000.1473472322770704","0","0","0","0","0","0","0","0","0","0","0","0","0","0","0","0","0","0","21976.251117028004956","1658.1637571677022152","1727.1693480412661756","43074.710526620227029","0","0","0","0","0","0","0","0","0","0","0","0"
"05/14/2026 07:55:34.311","51816753.429057113826","53902.406568261474604","17023.971633050619857","36878.434935210854746","1000000000","2891579.862587583717","17020.970051216991124","3.0015818336263211386","0","0","0","48925173.566469535232","36878.434935210854746","0","0","0","0","0","0","0","0","0","0","18.492203086645492505","0.18492203086645492283","0","0","18.492203086645492505","0.18492203086645492283","1.4496934775791784061e-005","0","1.4496934775791784061e-005","12762.725956579117337","0","12762.725956579117337","70349009.928232178092","0","70349009.928232178092","5512.0677328316087369","0","5512.0677328316087369","83.316968410248477994","0","0","100","14.357743400706207026","16.224144799681294415","122.00370566437268849","112205.92857473580807","247228.18262024220894","1674.0436925403753321","0","100","3500","0","11.52385583787756218","0","0","112134.92672158744244","0","0","86.662762685015380271","88.47614416212243782","232","16936.442041137273918","0.63475701664202177632","0.39062816404762895628","122874.20701680313505","3.4179539356165022923","8.1054319044700484653","11.52385583787756218","44653760.53180026263","10906.747856120175129","45833178.084850721061","10907.748383398051374","228140.22990115793073","7777.0985309257985136","0","0","0","2101.107283538424781","0","0","0","0","0","0","0","0","0","0","0","0","0","0","0","0","0","0","23096.171682476666319","205.1080919644652738","249.13129219098465228","45298.87250581056287","0","0","0","0","0","0","0","0","0","0","0","0"
"05/14/2026 07:55:35.311","51155419.737120345235","53072.836551800333837","16617.817687912767724","36455.018863887569751","1000000000","2790781.5653302394785","16614.818262302771473","2.9994256099956859707","0","0","0","48364638.171790108085","36455.018863887569751","0","0","0","0","0","0","0","0","0","0","14.768835124317602592","0.14768835124317603036","0","0","14.768835124317602592","0.14768835124317603036","1.394041328552557059e-005","0","1.394041328552557059e-005","10595.970871578094375","0","10595.970871578094375","43560810.104864925146","0","43560810.104864925146","4111.0730326476696064","0","4111.0730326476696064","85.802213238505487425","0","0","100","14.461226174251876841","16.528274180854943154","122.00003541578126942","110916.57441028807079","249445.28327398924739","1659.3652927755133533","0","100","3500","0","10.627267511841564485","0","0","110934.56752792057523","0","0","86.445905950608832313","89.372742484628673765","235","14900.300635007110031","0.34167935302044849522","0.39048212076315852448","118932.50831556929916","2.9286558916046740997","7.663314083797010845","10.627257515371324459","44127161.648544311523","10762.938897201187501","45291022.769139714539","10763.938705737851706","217406.3666807806585","7361.5902554660788155","0","0","0","2089.5998416303277736","0","0","0","0","0","3.9992341466609149236","2.9994256099956859707","0","0","0","0","0","0","0","0","0","0","0","22980.599215250280395","213.9590268463589382","272.94773050960742466","45097.363854821807763","0","0","0","0","0","0","0","0","0","0","0","0"
"05/14/2026 07:55:36.326","50747887.753996476531","52605.710796142906474","16445.8715415603765","36159.839254582526337","1000000000","2731072.5225802008063","16444.886581894472329","0.98495966590168138044","0","0","0","48016815.231416277587","36159.839254582526337","0","0","0","0","0","0","0","0","0","0","14.447510032767352683","0.14447510032767352239","0","0","14.447510032767352683","0.14447510032767352239","1.3740337236533958079e-005","0","1.3740337236533958079e-005","10514.444433500450032","0","10514.444433500450032","43224505.796487636864","0","43224505.796487636864","4110.9643091334892233","0","4110.9643091334892233","86.069663943293477359","0","0","100","13.096575256107170659","15.08131599684791091","121.99329389566015891","109782.12022937947768","255442.88226532918634","1661.8132263783641065","0","100","3500","0","10.495639342612051337","0","0","109810.68726172385504","0","0","87.642116711744307622","89.55243756625841911","201","13788.025921528134859","0.33666640958669913353","0.096193216969681208384","117321.84662813466275","1.9237855409361435122","8.6089580253421758016","10.399465825256736906","43786571.059915103018","10680.902617037832897","44941566.282860718668","10681.887576703735249","210568.61721512506483","7081.8599978330894373","0","0","0","2087.129532045662927","0","0","0","0","0","7.8796773272134510435","5.9097579954100885047","0","0","0","0","0","0","0","0","0","0","0","22957.439892836391664","281.69846444788089457","352.61556039280196728","45062.88967466782924","0","0","0","0","0","0","0","0","0","0","0","0"
"05/14/2026 07:55:37.311","40765128.862642385066","43381.395086965028895","13925.218466982028986","29456.176619983001729","1000000000","2301929.4690022114664","13925.218466982028986","0","0","0","0","38463199.393640175462","29456.176619983001729","0","0","0","0","0","0","0","0","0","0","11.202639211284202148","0.1120263921128420298","0","0","11.202639211284202148","0.1120263921128420298","1.3779470198675496548e-005","0","1.3779470198675496548e-005","8133.3763969681194794","0","8133.3763969681194794","34613080.761998683214","0","34613080.761998683214","4255.6841184555787549","0","4255.6841184555787549","89.095232048436329819","0","0","100","11.197703861893664623","12.309292793363823648","122.02081755635403226","92930.101898859356879","309575.88550944795134","1613.1370304036711332","0","100","3500","0","5.5565149814351126878","0","0","92881.342089376121294","0","0","89.895792804644528928","94.393890601746264224","193","10679.414106192565669","0.1984081431553711139","0.14880356770978833691","98263.206061088116257","1.3392727438959350916","4.3154355257343413044","5.6557139736993171653","35047890.677990041673","8262.4453464139460266","35941397.412238702178","8263.4616373544649832","167265.22815426727175","5657.6916658654909043","0","0","0","2033.5981719771593816","0","0","0","0","0","0","0","0","0","0","0","0","0","0","0","0","0","0","22356.368109522016312","950.23202938462975453","1542.7296477068105105","44045.033071123492846","0","0","0","0","0","0","0","0","0","0","0","0"
"05/14/2026 07:55:38.311","49708413.871586106718","51764.737400645055459","16294.251388110275002","35470.486012534776819","1000000000","2692588.0549342194572","16294.251388110275002","0","0","0","0","47015825.816651888192","35470.486012534776819","0","0","0","0","0","0","0","0","0","0","17.574254455627315252","0.17574254455627316696","0","0","17.574254455627315252","0.17574254455627316696","1.4280758917689119402e-005","0","1.4280758917689119402e-005","12302.659621685470483","0","12302.659621685470483","68792625.961560770869","0","68792625.961560770869","5591.687332412448086","0","5591.687332412448086","84.167528947228433367","0","0","100","11.581228973061522325","14.236322391459802716","122.01076330330577946","106329.11544278252404","265855.00277435552562","1679.7174715212900082","0","100","3500","0","10.503527184136329353","0","0","106318.11729267136252","0","0","88.336853784548381441","89.49647281586366887","194","14778.514253902492783","0.14647103597259847341","0.48825011909271154309","116003.48821328251506","1.9530004763708461724","8.4955700711116488577","10.503527184136329353","42859599.133425727487","10462.308897420991343","43990959.989315770566","10463.30854474541411","204591.82000590194366","6868.5767661169147686","0","0","0","2130.2484483474231638","0","0","0","0","0","0","0","0","0","0","0","0","0","0","0","0","0","0","23394.746333493545535","269.90477759446469008","293.89631338063935573","45942.791383200012206","0","0","0","0","0","0","0","0","0","0","0","0"
"05/14/2026 07:55:39.311","49760463.979050911963","52018.949888811373967","16505.148077112771716","35513.801811698598613","1000000000","2798193.7581457630731","16504.148673656694882","0.99940345607706770892","0","0","0","46962270.220905147493","35513.801811698598613","0","0","0","0","0","0","0","0","0","0","14.23364713202498244","0.14233647132024981885","0","0","14.23364713202498244","0.14233647132024981885","1.3832643544156221577e-005","0","1.3832643544156221577e-005","10286.859773401258281","0","10286.859773401258281","42294626.337539128959","0","42294626.337539128959","4111.5196735645586159","0","4111.5196735645586159","86.284966454117437706","0","0","100","12.963336489798008344","15.148695079114228079","121.97806656019783134","108645.75072753091808","257978.85864664422115","1702.6043147572504495","0","100","3500","0","13.063330099641945026","0","0","108691.74003961478593","0","0","87.604998332502916014","86.936669900358054974","234","13756.802919001624105","0.3905122215139913977","0.24406638957690363068","117003.80831494760059","3.1240577841722938501","9.8603061316706881456","13.063330099641945026","42844530.099983327091","10449.762536741820441","43974535.599700540304","10450.761940197897275","218237.73389663713169","7437.5605201255375505","0","0","0","2103.7442750422274003","0","0","0","0","0","3.9976138243082708357","2.9982103682312031268","0","0","0","0","0","0","0","0","0","0","0","23135.190604728039034","184.88963937425751283","225.86518107341728978","45424.885885614879953","0","0","0","0","0","0","0","0","0","0","0","0"
"05/14/2026 07:55:40.326","50378207.069177813828","52499.656589856029314","16529.967273874881357","35969.689315981144318","1000000000","2760869.8542020842433","16527.013208120330091","2.9540657545496302738","0","0","0","47617337.214975729585","35969.689315981144318","0","0","0","0","0","0","0","0","0","0","14.624176070087008483","0.14624176070087008261","0","0","14.624176070087008483","0.14624176070087008261","1.3991453071993969782e-005","0","1.3991453071993969782e-005","10449.51526242689215","0","10449.51526242689215","42893980.05710208416","0","42893980.05710208416","4104.8774971730117613","0","4104.8774971730117613","86.008364534703801496","0","0","100","14.930214451986678625","16.427186087965189643","122.02492594804070336","110798.25450837571407","249868.43770834256429","1658.7331809478930609","0","100","3500","0","10.35475106240937393","0","0","110820.90941524138907","0","0","86.544370821007589711","89.597163992906033059","227","14862.603899835366974","0.38473865409038193741","0.24046412116539309101","118824.0015145297657","3.558886722231929145","6.8292046797426468885","10.402836007093963389","43448489.709265768528","10613.95825609682106","44596246.662521123886","10614.942944681672088","213318.99626753790653","7206.9357525162477032","0","0","0","2098.3713743150874507","0","0","0","0","0","0","0","0","0","0","0","0","0","0","0","0","0","0","23077.161674541712273","283.5903124367645205","321.99316724590971717","45311.429920451926591","0","0","0","0","0","0","0","0","0","0","0","0"
"05/14/2026 07:55:41.311","42881479.686170265079","45633.259499090563622","14716.736346336570932","30916.523152753994509","1000000000","2447648.8266531392001","14713.688982377499997","3.0473639590702452651","0","0","0","40433830.859517127275","30916.523152753994509","0","0","0","0","0","0","0","0","0","0","12.248165863710990919","0.12248165863710991363","0","0","12.248165863710990919","0.12248165863710991363","1.4155933795046367587e-005","0","1.4155933795046367587e-005","8653.4978557731392357","0","8653.4978557731392357","36360074.08751257509","0","36360074.08751257509","4201.777673435849465","0","4201.777673435849465","88.18024530985692877","0","0","100","14.259345562797468787","15.959210203461493549","121.9931319704910635","99938.948655423111632","278407.22693175578024","1627.0879057093418396","0","100","3500","0","11.229834911229685801","0","0","99936.917334691883298","0","0","86.926293797986275536","88.522194229789718634","211","13053.267018836742864","0.69429809215293858404","0.34714904607646929202","106948.02083850685449","3.8185988808556641239","7.6868020900038231957","11.477805770210281366","36826885.551370732486","8791.6450219176567771","37777610.285625360906","8792.6608099040131492","181086.55590379025671","6151.6120453764679041","0","0","0","2057.9864603587720921","0","0","0","0","0","0","0","0","0","0","0","0","0","0","0","0","0","0","22630.740548041998409","724.2568342723616297","1144.7930606240554425","44551.445293620628945","0","0","0","0","0","0","0","0","0","0","0","0"
"05/14/2026 07:55:42.326","48342147.682833820581","50273.830314282065956","15787.776068310282426","34486.05424597178353","1000000000","2686273.3653426230885","15784.823242362344899","2.9528259479383320851","0","0","0","45655874.317491196096","34486.05424597178353","0","0","0","0","0","0","0","0","0","0","17.304091078704118445","0.17304091078704120221","0","0","17.304091078704118445","0.17304091078704120221","1.4444902992436698235e-005","0","1.4444902992436698235e-005","11972.724943573957717","0","11972.724943573957717","66593831.605651281774","0","66593831.605651281774","5562.1282472870761922","0","5562.1282472870761922","84.4633493068182446","0","0","100","12.978925126291672498","15.085128308558211074","121.94604403580933649","105579.1876405935036","265548.49222334113438","1648.5668990220274281","0","100","3500","0","10.702415443427437225","0","0","105656.00258570922597","0","0","87.650134886148165947","89.249495697263341754","152","15185.723765184984586","0.33660231872405671494","0.57704661527011846811","115763.07671035859676","3.029479957837799553","7.8381787725749525464","10.750504302736651141","41607947.59009540081","10149.847058380028102","42705516.932045340538","10150.831333696007277","209276.61768354941159","7119.2633604793190898","0","0","0","2053.1983091331203468","0","0","0","0","0","4.9213765798972204379","3.9371012639177762615","0","0","0","0","0","0","0","0","0","0","0","22560.574517564837151","942.93575270830740465","1038.4104583583134627","44270.735162123433838","0","0","0","0","0","0","0","0","0","0","0","0"
"05/14/2026 07:55:43.311","33426543.632529798895","35076.038937078141316","11132.957990119677561","23943.080946958460117","1000000000","1877781.9681474943645","11130.923830063013156","2.0341600566635622549","0","0","0","31548761.664382304996","23943.080946958460117","0","0","0","0","0","0","0","0","0","0","9.428652235228526024","0.094286522352285268012","0","0","9.428652235228526024","0.094286522352285268012","1.370119574844995537e-005","0","1.370119574844995537e-005","6889.7001119194856074","0","6889.7001119194856074","28411845.809040375054","0","28411845.809040375054","4123.8145851786239291","0","4123.8145851786239291","90.70607486974789424","0","0","100","8.5692912387473061386","9.2167718381107501813","122.12240587893023758","74095.761680983079714","399402.89328193379333","1574.646684840459784","0","100","3500","0","4.5620597013166559464","0","0","73940.328814673019224","0","0","92.381101958409132635","95.437940298683344054","179","8763.1627764089080301","0.099211650369448095566","0.14880731667127541917","79021.866051816235995","1.2897006603883416354","3.0754392548581299671","4.5620597013166559464","28781013.312763907015","6999.544754979317986","29537973.089689776301","7000.5618350076501883","144640.98498911925708","4910.4623767858392966","0","0","0","1449.339040372788304","0","0","0","0","0","1.0170800283317811274","1.0170800283317811274","0","0","0","0","0","0","0","0","0","0","0","15955.951484468983836","2993.2665233804323179","6359.8014171586282828","31275.210871202270937","0","0","0","0","0","0","0","0","0","0","0","0"
"05/14/2026 07:55:44.326","49181065.791397601366","51362.159644706669496","16191.230603434483783","35170.929041272182076","1000000000","2684840.6108044269495","16189.261346489283824","1.969256945200010156","0","0","0","46496225.180593177676","35170.929041272182076","0","0","0","0","0","0","0","0","0","0","13.888600059787622243","0.1388860005978762302","0","0","13.888600059787622243","0.1388860005978762302","1.3625569938176198566e-005","0","1.3625569938176198566e-005","10192.873948355252651","0","10192.873948355252651","41858903.724504895508","0","41858903.724504895508","4106.683153013910669","0","4106.683153013910669","86.488558232082326072","0","0","100","11.882975723268259571","12.942368560773754638","122.00020787242571885","106264.8736803662614","269187.67802373960149","1678.819977622954184","0","100","3500","0","8.9395987454839236364","0","0","106314.10593777455506","0","0","89.406188373552126336","91.156561652344024083","178","12858.480989899213455","0.52886249516047145747","0.28847134703722393523","113280.47036104869039","2.7885530725442864153","6.0578785948884332768","8.843438347655974141","42403789.244213961065","10354.353017861654735","43523477.235143564641","10355.337646334253805","204688.50539797946112","6887.4761658370362056","0","0","0","2114.981959144810844","0","0","0","0","0","0","0","0","0","0","0","0","0","0","0","0","0","0","23252.986008921721805","176.24849659540092262","209.72586466380110437","45558.759427202239749","0","0","0","0","0","0","0","0","0","0","0","0"
"05/14/2026 07:55:45.311","49768997.163580909371","51961.751601502408448","16469.956013773062296","35491.795587729349791","1000000000","2785628.1736068828031","16466.909594879089127","3.0464188939712180115","0","0","0","46983368.989974029362","35491.795587729349791","0","0","0","0","0","0","0","0","0","2","14.231142994198750173","0.14231142994198750507","0","0","14.231142994198750173","0.14231142994198750507","1.3830358376937507459e-005","0","1.3830358376937507459e-005","10285.72565901148846","0","10285.72565901148846","42300866.76710370928","0","42300866.76710370928","4112.5797215914699336","0","4112.5797215914699336","86.25395708258099603","0","0","100","12.857601633019232423","14.791341487594710458","122.01440180223670495","108703.82312223612098","258704.10720793966902","1679.1961313271560812","0","100","3500","0","11.706279989865642222","0","0","108706.87066512419551","0","0","87.905839059983492234","88.194509770776193136","224","14158.884257978161259","0.3968307986942363752","0.24801543965699224259","116303.37923745599983","2.579364635928085292","9.3254069438227862321","11.805490229223803311","42850578.83989930898","10447.185860391964525","43980296.574972160161","10448.201333356621035","216027.65660928701982","7360.1480478344628864","0","0","0","2121.3230231686247862","0","0","0","0","0","0","0","0","0","0","0","0","0","0","0","0","0","0","23331.506835960903118","212.23384961332820353","245.74445744701159811","45771.428408952895552","0","0","0","0","0","0","0","0","0","0","0","0"
"05/14/2026 07:55:46.311","42517576.414803393185","45151.065565147335292","14560.343624109529628","30590.721941037809302","1000000000","2476858.4538595112972","14558.343576908415343","2.0000472011139462936","0","0","0","40040717.960943877697","30590.721941037809302","0","0","0","0","0","0","0","0","0","1","15.504734367358269154","0.15504734367358269376","0","0","15.504734367358269154","0.15504734367358269376","1.4702882609520196173e-005","0","1.4702882609520196173e-005","10546.248891473838739","0","10546.248891473838739","62522819.53854110837","0","62522819.53854110837","5928.4414944054615262","0","5928.4414944054615262","86.148156955029790538","0","0","100","13.632685095107651918","16.001360052226004882","122.00710067834658901","98356.406755804506247","282524.62093495932641","1642.9232754830350132","0","100","3500","0","11.724020076001462343","0","0","98373.405961941578425","0","0","86.865504129403475986","88.275979923998534105","213","14602.318071746050919","0.48825085142416996264","0.29295251073510913953","107855.96312652199413","3.1736405336601403171","8.5932369837520692357","11.724020076001462343","36480068.929626740515","8722.2058440579203307","37423283.189483270049","8723.2058676584765635","186128.39263006608235","6373.1504063495895025","0","0","0","2065.048735150149696","0","0","0","0","0","4.0000944022278925871","3.0000708016709194403","0","0","0","0","0","0","0","0","0","0","0","22679.535237031595898","675.01593037595682745","1086.0256302048728685","44631.053292857708584","0","0","0","0","0","0","0","0","0","0","0","0"
"05/14/2026 07:55:47.311","49392627.150670923293","51345.133551820850698","16155.176048239834927","35189.957503581012134","1000000000","2744045.0589779368602","16153.177016370969795","1.9990318688659081126","0","0","0","46648582.091692991555","35189.957503581012134","0","0","0","0","0","0","0","0","0","0","14.273061833340349835","0.1427306183334035028","0","0","14.273061833340349835","0.1427306183334035028","1.3963738628582606803e-005","0","1.3963738628582606803e-005","10218.051397708088189","0","10218.051397708088189","42025087.250244699419","0","42025087.250244699419","4112.827937004793057","0","4112.827937004793057","86.269369568349546284","0","0","100","13.702940268448861261","15.982426533279372904","122.00357753357752699","107564.05866076092934","258660.99699655023869","1641.7414257254481527","0","100","3500","0","12.56149983867337383","0","0","107524.06495976883161","0","0","86.92038523617927126","87.438510159877836259","199","14617.697712610262897","0.43938633292035977895","0.1952817036811365925","115428.81996085615538","3.0269014019868518695","9.4712776118740382714","12.561489840122163741","42567176.716316282749","10378.973463151794931","43689529.161027312279","10379.972979086227497","214396.16793586863787","7287.4706779506677776","0","0","0","2071.9965320795135995","0","0","0","0","0","0","0","0","0","0","0","0","0","0","0","0","0","0","22801.957012218979798","815.60500249729045663","900.56385692409162402","44745.329836760050966","0","0","0","0","0","0","0","0","0","0","0","0"
"05/14/2026 07:55:48.326","49733941.208022885025","51976.044246920195292","16535.951607763206994","35440.092639156988298","1000000000","2805281.9293059990741","16534.966504009618802","0.98510375359008750529","0","0","0","46928659.278716884553","35440.092639156988298","0","0","0","0","0","0","0","0","0","0","14.102676974661743969","0.14102676974661743081","0","0","14.102676974661743969","0.14102676974661743081","1.3724832279087598627e-005","0","1.3724832279087598627e-005","10278.572564958973089","0","10278.572564958973089","42226117.760287806392","0","42226117.760287806392","4108.1694460417866139","0","4108.1694460417866139","86.296133477664170641","0","0","100","11.695298737232878494","13.711407132885204518","122.00677219893158565","107706.79172222540365","263660.83375234267442","1595.3643831947074432","0","100","3500","0","13.782777754142816917","0","0","107746.18343539070338","0","0","88.745001205383104548","86.169134944607534976","188","13342.958041916723232","0.38467871419500104802","0.24042665834715978845","114944.0342235204007","3.0774691051645546302","10.771141868075941872","13.830865055392472129","42779734.248560391366","10443.084891808517568","43909021.727940939367","10444.069995562107579","218224.12391029053833","7430.6376133300300353","0","0","0","2135.7049377833095605","0","0","0","0","0","0","0","0","0","0","0","0","0","0","0","0","0","0","23454.335269226394303","193.08033570365714127","252.18656091906240135","46054.5855840901786","0","0","0","0","0","0","0","0","0","0","0","0"
"05/14/2026 07:55:49.311","40188388.850994572043","42949.190628838834527","13887.883944199689722","29061.306684639144805","1000000000","2352958.7513790326193","13885.85147179456726","2.0324724051221556564","0","0","0","37835430.09961553663","29061.306684639144805","0","0","0","0","0","0","0","0","0","0","11.074607290489241862","0.11074607290489242584","0","0","11.074607290489241862","0.11074607290489242584","1.3816854644531744432e-005","0","1.3816854644531744432e-005","8019.1198744094654103","0","8019.1198744094654103","34032628.499002866447","0","34032628.499002866447","4243.9356228614879001","0","4243.9356228614879001","89.176476109138747006","0","0","100","10.859655737891422689","11.842442632462574892","122.01165536297412473","92660.676729801227339","311824.0370593717671","1593.727478695703212","0","100","3500","0","7.501227026767876005","0","0","92608.87296854343731","0","0","90.264040314736433857","92.498772973232121331","82","10579.140656861534808","0.14879731061735698705","0.34718356726747640062","97942.628858047028189","2.0334819850530259089","5.4060991356368388594","7.501227026767876005","34457000.607302755117","8144.1169273244777287","35337703.42000066489","8145.1331635270389597","172126.02304498510784","5880.9589042209572654","0","0","0","2107.6738841116753065","0","0","0","0","0","0","0","0","0","0","0","0","0","0","0","0","0","0","23159.006820164402598","548.76754938298199704","978.63546306631792504","45601.567117523249181","0","0","0","0","0","0","0","0","0","0","0","0"
"05/14/2026 07:55:50.311","20393133.188837304711","24775.318678736333823","9014.752094317405863","15760.56658441892796","1000000000","1465112.7094004913233","9011.7521768151364085","2.9999175022686874748","0","0","0","18928020.479436814785","15760.56658441892796","0","0","0","0","0","0","0","0","0","0","8.2192468487030456714","0.082192468487030462265","0","0","8.2192468487030456714","0.082192468487030462265","1.5691714394807178729e-005","0","1.5691714394807178729e-005","5237.8559589611286356","0","5237.8559589611286356","43608912.75489923358","0","43608912.75489923358","8325.7182130584187689","0","8325.7182130584187689","92.891523265442927482","0","0","100","9.2815646909369018402","10.361951175806137115","122.0016199822932208","62885.937227660848293","465657.54265451821266","1626.9725041646795489","0","100","3500","0","7.1297265454337459545","0","0","62864.937582554848632","0","0","91.498425664011591607","92.870263454655258784","191","7695.8699397980162757","0.19530826175647036935","0.24413782717333815109","67930.851968601724366","1.8554534864639704583","5.3222126323075729104","7.1297365453447447692","17064790.718255247921","3292.9094449902627275","17420976.923134613782","3293.9094174910187576","80113.796870586054865","2809.9227271250038029","0","0","0","1949.9463764746467405","0","0","0","0","0","3.999890003024916485","2.9999175022686874748","0","0","0","0","0","0","0","0","0","0","0","21455.409976225651917","1985.9453865018710985","3579.9015527073001977","42584.828917204773461","0","0","0","0","0","0","0","0","0","0","0","0"
"05/14/2026 07:55:51.326","53890324.824468061328","55700.920051494933432","16435.288694872790074","39265.631356622150633","1000000000","2940039.4820793368854","16432.337131503460114","2.9515633693276481786","0","0","0","50950285.342388726771","39265.631356622150633","0","0","0","0","0","0","0","0","0","1","15.176897822503626401","0.15176897822503626623","0","0","15.176897822503626401","0.15176897822503626623","1.4150573868331649141e-005","0","1.4150573868331649141e-005","10715.158885115806697","0","10715.158885115806697","45863926.041692793369","0","45863926.041692793369","4280.2842714167663871","0","4280.2842714167663871","85.462788637871696551","0","0","100","15.661326383822849806","18.034685578242655168","121.99847591844564931","131495.72049025111482","207348.03299919900019","1593.3742417562332321","0","100","3500","0","12.004119156559657","0","0","131614.87888533918886","0","0","85.281440574263285725","87.995880843440346553","612","27805.26682075849385","0.33659933826421489789","0.817449908444585982","144407.17270512500545","3.1255385540173001857","8.8957650918715298616","12.004119156559657","46432601.788352243602","10883.397997167481662","47609488.489148817956","10884.381851623924376","225597.82686227658996","7679.9678869905410465","0","0","0","2611.1497273985260108","0","0","0","0","0","0","0","0","0","0","0","0","0","0","0","0","0","0","28703.953766711380013","974.99976633456651598","1340.0097696747523059","56488.987471105421719","0","0","0","0","0","0","0","0","0","0","0","0"
"05/14/2026 07:55:52.311","70258275.155063614249","71574.15192649011442","20539.720723991129489","51034.431202498977655","1000000000","3744319.3787420089357","20537.689300717072911","2.0314232740570794533","0","0","0","66513955.776321612298","51032.399779224921076","2.0314232740570794533","0","0","0","0","0","0","0","0","0","20.445013094297227241","0.20445013094297226353","0","0","20.445013094297227241","0.20445013094297226353","1.4060381444739415837e-005","0","1.4060381444739415837e-005","14538.896372426517701","0","14538.896372426517701","59846704.736893109977","0","59846704.736893109977","4116.3168925527452302","0","4116.3168925527452302","80.348680107029878172","0","0","100","18.242041156651101375","22.780422553753783887","121.99041750437348242","170448.12163825475727","152680.52595823799493","1665.9212346345429978","0","100","3500","0","18.851104939262373961","0","0","170484.69064096623333","0","0","81.332621561604142357","81.148895060737629592","626","39644.862161778626614","0.64482048927364743474","0.79363225037027718134","190158.8140997478331","4.9601990251910299534","13.987767142964532496","18.851104939262373961","60623846.024616383016","14768.447202394967462","62220804.740204326808","14769.462914031995751","303181.79795992287109","10299.315999469392409","0","0","0","2989.2393477749924386","0","0","0","0","0","4.0628465481141589066","3.04713491108561918","0","0","0","0","0","0","0","0","0","0","0","32879.601402250860701","315.88631911587583545","355.49907295998889367","64523.081742237984145","0","0","0","0","0","0","0","0","0","0","0","0"
"05/14/2026 07:55:53.311","46774862.199604041874","48480.777948576454946","14888.853131284422489","33591.924817292034277","1000000000","2590174.4169940939173","14884.852902071288554","4.0002292131339123316","0","0","0","44184687.782609947026","33589.924702685464581","2.0001146065669561658","0","0","0","0","0","0","0","0","0","13.465750864676168774","0.13465750864676168108","0","0","13.465750864676168774","0.13465750864676168108","1.3922557634653159558e-005","0","1.3922557634653159558e-005","9673.5542946610839863","0","9673.5542946610839863","39794920.24893026799","0","39794920.24893026799","4113.7847617078468829","0","4113.7847617078468829","86.959960476517537131","0","0","100","13.134783123432139718","14.651452029898120344","122.0349570200573055","106588.34989335664432","264291.69834342296235","1607.8242648078562524","0","100","3500","0","10.166517966996369893","0","0","106515.35787138465093","0","0","88.007580733522161154","89.687018773754161316","190","17554.081338909654733","0.39058535609379846365","0.63468745522386793567","115574.36772160802502","3.1246428533218653101","7.0792708393430627822","10.312981226245842237","40316170.116547681391","9827.5631193667395564","41378899.010913327336","9828.5631766700244043","202739.61698005296057","6892.3949342297319163","0","0","0","2059.1179874606814337","0","0","0","0","0","0","0","0","0","0","0","0","0","0","0","0","0","0","22656.298205887196673","2862.1640019973146991","2938.1683570468590005","44399.544093876582338","0","0","0","0","0","0","0","0","0","0","0","0"
"05/14/2026 07:55:54.311","49006109.127873465419","51105.165844912589819","16087.236665172567882","35017.929179740021937","1000000000","2694532.6006915541366","16085.235640648010303","2.001024524556572981","0","0","0","46311576.527181915939","35017.929179740021937","0","0","0","0","0","0","0","0","0","0","17.365816283214620341","0.17365816283214619009","0","0","17.365816283214620341","0.17365816283214619009","1.4317709621568141639e-005","0","1.4317709621568141639e-005","12135.213229173336003","0","12135.213229173336003","68319395.530511617661","0","68319395.530511617661","5629.8471432104870473","0","5629.8471432104870473","84.321400725214417093","0","0","100","11.493805037886545506","13.035112251689534801","122.01199586659278395","105398.99204094958259","271126.45256166986655","1627.0307508811918069","0","100","3500","0","10.352250287672781326","0","0","105351.99115263279236","0","0","89.262812676342392137","89.647749712327211569","201","14517.274376485716857","0.43944661626105480101","0.19531849604758044769","115030.17407028994057","2.1972530811512749338","8.2030568364623590583","10.352250287672781326","42215474.322853296995","10298.272715630402672","43329096.497406668961","10299.273227892681462","206269.61004034065991","6967.5673945059870675","0","0","0","2124.0875328168021952","0","0","0","0","0","0","0","0","0","0","0","0","0","0","0","0","0","0","23302.931100723570125","281.14394570019851471","327.16750976499969283","45724.410898379966966","0","0","0","0","0","0","0","0","0","0","0","0"
"05/14/2026 07:55:55.311","40615970.231247492135","43235.578647778798768","13914.473542748177351","29321.105105030623236","1000000000","2322626.9661957202479","13911.473225014529817","3.0003177336479933679","0","0","0","38293343.26505176723","29319.104893208190333","2.0002118224319955786","0","0","0","0","0","0","0","0","0","11.180662665638410047","0.11180662665638409214","0","0","11.180662665638410047","0.11180662665638409214","1.3817066238260009418e-005","0","1.3817066238260009418e-005","8092.8570335598542442","0","8092.8570335598542442","34438719.06034848839","0","34438719.06034848839","4255.4463667820073169","0","4255.4463667820073169","89.150174158328070462","0","0","100","10.676367243751800018","11.827144868635796726","121.98920827695455671","92351.651665885670809","312956.01542026724201","1584.9768593378535115","0","100","3500","0","8.5458079602435788047","0","0","92363.651490688222111","0","0","90.307633046722742165","91.454192039756421195","181","10740.8431836895179","0.19530812504199959734","0.14647859380549946295","97934.570155275723664","1.8066226564224983075","6.6893857818964939099","8.5458079602435788047","34863120.004408463836","8219.8704842842853395","35752026.139568179846","8220.8705901955017907","169217.92017774682608","5739.6078244686113976","0","0","0","2058.2179652825234371","0","0","0","0","0","0","0","0","0","0","0","0","0","0","0","0","0","0","22665.400265888158174","890.09426098223798363","1353.1432978752450254","44632.726605747549911","0","0","0","0","0","0","0","0","0","0","0","0"
"05/14/2026 07:55:56.311","56111161.423906758428","58834.983559710919508","18290.533804101163696","40544.449755609755812","1000000000","3128630.8928695302457","18287.535028201487876","2.9987758996777511555","0","0","0","52982530.531037226319","40542.450571676636173","1.9991839331185008444","0","0","0","0","0","0","0","0","0","15.992584486019961076","0.15992584486019961743","0","0","15.992584486019961076","0.15992584486019961743","1.3773809318749461819e-005","0","1.3773809318749461819e-005","11606.262323719456617","0","11606.262323719456617","47690740.639670886099","0","47690740.639670886099","4109.0524502626822141","0","4109.0524502626822141","84.569298996131649915","0","0","100","13.559250258771431419","15.643543352813848557","122.00537802123757558","135319.05677136749728","206181.60121180771966","1519.9107812371412365","0","100","3500","0","11.475636882612160861","0","0","135332.05600831229822","0","0","87.193618554024780565","88.524373117271835554","576","27434.389601330400183","0.34179603516599205149","0.19530773443028059955","146579.39578946714755","2.7343382816759325138","8.7889680479706431271","11.47562688272816267","48319388.025807864964","11791.186837532917707","49594427.554672181606","11792.186429499477526","245035.9763144684257","8350.5912886359783442","0","0","0","2380.0284723775753264","0","0","0","0","0","0","0","0","0","0","0","0","0","0","0","0","0","0","26179.313604186769226","357.85392402821167934","373.84739549315963814","51432.005455373109726","0","0","0","0","0","0","0","0","0","0","0","0"
"05/14/2026 07:55:57.326","58629921.190078541636","61614.58202586437983","19007.706744989285653","42606.875280875094177","1000000000","3219094.1412100922316","19006.722297778545908","0.98444721074110652648","0","0","0","55410827.048868447542","42604.906386453607411","1.968894421482213053","0","0","0","0","0","0","0","0","0","17.030928959940503375","0.1703092895994050282","0","0","17.030928959940503375","0.1703092895994050282","1.4065921106140706983e-005","0","1.4065921106140706983e-005","12103.778456061905672","0","12103.778456061905672","49835143.485642082989","0","49835143.485642082989","4117.3211874745829846","0","4117.3211874745829846","83.740414098346192873","0","0","100","15.650540540114677768","18.90108612243418662","122.00115943208169256","145958.0705636353523","185256.65749136442901","1489.0665876699772525","0","100","3500","0","14.456374792013315655","0","0","146023.06950198602863","0","0","84.540857566933908629","85.543615360132108094","517","35869.565645579306874","0.76936363951494979307","0.19234829576967679698","162220.60797249403549","3.7506538975444967399","10.626829731382040123","14.456384639867891906","50473943.405114300549","12292.792320524198658","51803218.847044959664","12293.776767734938403","251053.72768319700845","8519.4061617535371624","0","0","0","2439.4601882164620292","0","0","0","0","0","0","0","0","0","0","0","0","0","0","0","0","0","0","26817.326467798484373","227.40730568119562349","253.00293316046438008","52757.51047082664445","0","0","0","0","0","0","0","0","0","0","0","0"
"05/14/2026 07:55:58.311","61705475.673161521554","64165.217914545035455","19423.984829979654023","44741.23308456538507","1000000000","3339917.0918056191877","19421.951969191588432","2.0328607880669444796","0","0","0","58365558.581355899572","44741.23308456538507","0","0","0","0","0","0","0","0","0","1","21.478239150301416061","0.21478239150301417504","0","0","21.478239150301416061","0.21478239150301417504","1.4538861386138614556e-005","0","1.4538861386138614556e-005","14782.963650822819545","0","14782.963650822819545","79373293.413368418813","0","79373293.413368418813","5369.2409240924089318","0","5369.2409240924089318","80.548302858802287574","0","0","100","16.194359847758466486","19.290203107885421474","122.00965155720012945","152621.49242204413167","176528.94377774672466","1514.3419148411703645","0","100","3500","0","14.346169937888253898","0","0","152535.1617293804884","0","0","84.145683335403759884","85.405846238449839802","777","38639.586725833323726","0.79355026720678534247","0.19838502744084127172","171230.32713949546451","4.5133177795788057551","10.21696603868949893","14.594153761550154869","53215916.649455107749","12986.931144565674913","54620253.473345942795","12987.947574959707708","265060.65243447275134","8988.2939744379946205","0","0","0","2495.3366173521744713","0","0","0","0","0","0","0","0","0","0","0","0","0","0","0","0","0","0","27422.275600629047403","172.79316698569027722","175.84245816779070992","53917.566681899566902","0","0","0","0","0","0","0","0","0","0","0","0"
"05/14/2026 07:55:59.326","57218222.22239728272","59892.33873556504841","18362.362434907554416","41529.976300657493994","1000000000","3116768.7913886746392","18362.362434907554416","0","0","0","0","54101453.431008607149","41529.976300657493994","0","0","0","0","0","0","0","0","0","0","16.320716573207359801","0.16320716573207361133","0","0","16.320716573207359801","0.16320716573207361133","1.3793317243675101046e-005","0","1.3793317243675101046e-005","11831.946965779126913","0","11831.946965779126913","48689517.344003625214","0","48689517.344003625214","4115.0892143808259789","0","4115.0892143808259789","84.272840121072690067","0","0","100","13.708508160895453543","16.150748495682027084","122.0230013691291191","144171.47072468214901","192520.33166680324939","1506.6791678364766085","0","100","3500","0","12.058406994943094759","0","0","144226.61715174021083","0","0","86.766069712705444772","87.941593005056901688","520","33232.615605867693375","0.33657560612658199428","0.19232469757923559284","157328.81736616132548","2.3560095485849545938","9.6163530447684948399","12.058406994943094759","49317906.375583969057","12018.051990457244756","50617478.747593931854","12019.036673127498943","241952.28700427629519","8179.7589418048610241","0","0","0","2434.1355608693411341","0","0","0","0","0","0","0","0","0","0","0","0","0","0","0","0","0","0","26768.598390870971343","771.00653080934228001","837.96495238665420402","52599.778879659570521","0","0","0","0","0","0","0","0","0","0","0","0"
"05/14/2026 07:56:00.311","43667596.105498924851","47053.983635781871271","15364.690466395451949","31689.293169386415684","1000000000","2564020.051500053145","15363.674686250908053","1.0157801445455145739","0","0","0","41103576.053998872638","31689.293169386415684","0","0","0","0","0","0","0","0","0","0","12.424918866414163432","0.12424918866414164098","0","0","12.424918866414163432","0.12424918866414164098","1.3913284804367606991e-005","0","1.3913284804367606991e-005","8930.7390308441645175","0","8930.7390308441645175","36983888.711127363145","0","36983888.711127363145","4141.1901728844404715","0","4141.1901728844404715","87.92640014918970337","0","0","100","12.081433881188150536","13.795686394965780863","122.00421098016671806","109131.59427709206648","260111.76404881360941","1416.9636449789970811","0","100","3500","0","8.1978872307401537967","0","0","109085.88577241532039","0","0","88.676756948042509521","91.802112769259849756","171","19040.131559233905136","0.049597859176411449034","0.19838127945412492581","117015.80346155584266","1.5374726909596296842","6.7450549167039355325","8.1978872307401537967","37469703.849298857152","9073.9640312250812713","38450951.532050400972","9074.9798113696269866","193266.39342180776293","6617.8076417140273406","0","0","0","2026.4813883683013955","0","0","0","0","0","9.1420213009096311652","7.1104610118186020173","0","0","0","0","0","0","0","0","0","0","0","22292.31105219586243","121.89361734546174887","171.66684442819195056","43920.30188985895802","0","0","0","0","0","0","0","0","0","0","0","0"
"05/14/2026 07:56:01.326","45086418.30179643631","47504.221722336689709","15340.171578357056205","32164.050143979635322","1000000000","2561012.1579302218743","15338.202491446285421","1.9690869107704327412","0","0","0","42525406.143866211176","32164.050143979635322","0","0","0","0","0","0","0","0","0","0","12.760271204387297672","0.12760271204387296784","0","0","12.760271204387297672","0.12760271204387296784","1.3660832894043225606e-005","0","1.3660832894043225606e-005","9338.39467432877791","0","9338.39467432877791","38310554.935949541628","0","38310554.935949541628","4102.4775962045332562","0","4102.4775962045332562","87.606978171450265336","0","0","100","10.040815040205226083","11.702887874456957107","121.9968637110016374","98923.628201575338608","292488.969197379658","1517.5839826642866228","0","100","3500","0","11.281987093683842005","0","0","98885.220819794732961","0","0","90.420938374743258237","88.718012906316161548","200","11995.905576141256461","0.43276772018614972914","0.19234996269600354579","105122.97354282886954","2.0195958247886043324","9.2324436835707199833","11.281987093683842005","38805654.272446013987","9485.0916491811749438","39831351.644266329706","9486.0761926365594263","199086.50120035538566","6794.33438561337789","0","0","0","1862.756217588829486","0","0","0","0","0","0","0","0","0","0","0","0","0","0","0","0","0","0","20447.983024895558628","215.61501672936239515","246.13586384630409043","40099.470394384479732","0","0","0","0","0","0","0","0","0","0","0","0"
"05/14/2026 07:56:02.311","48099268.830060072243","50147.433026683334901","15849.443787167281698","34297.989239516049565","1000000000","2679638.2822090373375","15846.397964903397224","3.0458222638845584562","0","0","0","45419630.547851033509","34297.989239516049565","0","0","0","0","0","0","0","0","0","0","13.754445219084146856","0.13754445219084146523","0","0","13.754445219084146856","0.13754445219084146523","1.3816204081632653823e-005","0","1.3816204081632653823e-005","9949.6860620228908374","0","9949.6860620228908374","40911939.491288796067","0","40911939.491288796067","4111.8824489795915724","0","4111.8824489795915724","86.766338856255927681","0","0","100","12.310929231729357269","14.933639306749183717","122.00176633863235054","104118.27729028770409","269693.37787748733535","1687.2898315950658343","0","100","3500","0","12.155034897896721091","0","0","104194.46436877634551","0","0","87.797372674510569368","87.84496510210327358","216","13555.205004698711491","0.24800886387377168996","0.19840505940520333783","111626.259918414813","2.3808911882696501827","9.8211672629518709243","12.155034897896721091","41443800.975008316338","10107.053545656926872","42536751.652891598642","10108.06881974488897","208634.76397974041174","7093.7200525871367063","0","0","0","2024.4565313952698489","0","0","0","0","0","5.076370439807597279","4.0610963518460776456","0","0","0","0","0","0","0","0","0","0","0","22231.456704093390726","821.35673716086932927","976.69367261898173638","43698.412019951763796","0","0","0","0","0","0","0","0","0","0","0","0"
"05/14/2026 07:56:03.311","42270135.788016073406","44597.559286299030646","14181.403747935275533","30416.155538363753294","1000000000","2386340.4847121587954","14178.403239349070645","3.0005085862053619827","0","0","0","39883795.303303912282","30416.155538363753294","0","0","0","0","0","0","0","0","0","0","15.670548099072552972","0.15670548099072553749","0","0","15.670548099072552972","0.15670548099072553749","1.4712145672986671205e-005","0","1.4712145672986671205e-005","10655.806159143974583","0","10655.806159143974583","63109577.073313929141","0","63109577.073313929141","5922.5530317251732413","0","5922.5530317251732413","85.935935220392451583","0","0","100","13.523679433145927575","14.926892779168433378","122.00683776328003205","95896.962399785334128","292921.01432652806398","1701.484790405465219","0","100","3500","0","9.6408894379122926921","0","0","95836.980562285738415","0","0","87.752847889512992197","90.212665811339206812","162","14759.530814069499684","0.39053599798528493281","0.73224374892963273176","105289.11845493184228","3.3195109937038154158","6.4437689848053576469","9.7873341886607896356","36344596.409091345966","8850.5001597770824446","37301682.635206669569","8851.5003293058180134","179658.45210763224168","6083.0310737670033632","0","0","0","1978.3353278380686788","0","0","0","0","0","0","0","0","0","0","0","0","0","0","0","0","0","0","21785.692674908397748","1394.2363230567582377","1687.2859949761484586","42825.258881380395906","0","0","0","0","0","0","0","0","0","0","0","0"
"05/14/2026 07:56:04.311","30594963.073962539434","34977.874795678057126","12335.361743888752244","22642.51305178930852","1000000000","2018118.4130689194426","12332.35995241960336","3.0017914691487876944","0","0","0","28576844.660893619061","22642.51305178930852","0","0","0","0","0","0","0","0","0","0","8.6774117354823481207","0.086774117354823473991","0","0","8.6774117354823481207","0.086774117354823473991","1.4402340248962656799e-005","0","1.4402340248962656799e-005","6028.5978672071487381","0","6028.5978672071487381","25533318.284352101386","0","25533318.284352101386","4235.3659751037348542","0","4235.3659751037348542","91.379858275971656667","0","0","100","13.187939170970029323","14.465651249241878062","121.99483116953224737","83130.660181125800591","339208.56788876058999","1677.0536657173029198","0","100","3500","0","9.0820118164023568852","0","0","83106.659413101224345","0","0","88.089637617927522228","90.77149815429963553","182","10180.325770424653456","0.24414004882800977025","0.34180006836001364245","88031.817018144589383","3.0761706152341230514","6.0546812109362422305","9.2285018457003644698","25851492.170527368784","6123.6545970635270351","26513743.402062349021","6124.6551942199102996","134156.06433919761912","4613.7534880816865552","0","0","0","2047.2217819594732191","0","0","0","0","0","5.0029857819146466014","4.0023886255317169258","0","0","0","0","0","0","0","0","0","0","0","22495.425269801016839","441.26334596487180306","1296.7739146722763053","44434.518520653124142","0","0","0","0","0","0","0","0","0","0","0","0"
"05/14/2026 07:56:05.326","52453593.888295039535","54475.295625668215507","16295.34723891939575","38179.94838674881612","1000000000","2862048.3754403912462","16293.378845220184303","1.9683936992111368269","0","0","0","49591545.512854650617","38179.94838674881612","0","0","0","0","0","0","0","0","0","0","14.706682304237405745","0.14706682304237406189","0","0","14.706682304237405745","0.14706682304237406189","1.3897896891866741927e-005","0","1.3897896891866741927e-005","10576.179345861437469","0","10576.179345861437469","44577786.932995587587","0","44577786.932995587587","4214.923506420994272","0","4214.923506420994272","85.902001274245378681","0","0","100","13.97361269313117127","16.690884571090073507","122.01257586401483479","126647.83399677036505","218097.60312844993314","1676.0721691859941984","0","100","3500","0","11.960575202633572545","0","0","126725.63053106277948","0","0","86.361566632496405305","88.087509342660723632","590","23798.846129681503953","0.28848757709233746604","0.28849742442907599926","137674.26177489937982","2.6926360631135506374","9.2799627376777813481","11.912490657339269262","45139058.649176046252","10742.508613444779257","46300714.064340300858","10743.492810294384981","217897.24571527441731","7378.5237814929460001","0","0","0","2525.449116087888342","0","0","0","0","0","3.9367873984222736539","2.9525905488167052404","0","0","0","0","0","0","0","0","0","0","0","27763.208930523480376","734.21084980575403733","1119.0318180015312919","54623.909349958652456","0","0","0","0","0","0","0","0","0","0","0","0"
"05/14/2026 07:56:06.311","69145782.065183907747","70125.577017663250444","19928.115641222346312","50197.461376440900494","1000000000","3583140.6637052712031","19926.082367511375196","2.0332737109705485423","0","0","0","65562641.401478633285","50197.461376440900494","0","0","0","0","0","0","0","0","0","0","20.04434235664324504","0.20044342356643246594","0","0","20.04434235664324504","0.20044342356643246594","1.3891465990705535651e-005","0","1.3891465990705535651e-005","14438.276621601864463","0","14438.276621601864463","62499645.702055856586","0","62499645.702055856586","4328.7469370511198576","0","4328.7469370511198576","80.817948027067899375","0","0","100","16.724818336990978196","19.426351296431764837","122.01102738467193376","165389.72274348718929","162681.46516500465805","1632.7136065901888742","0","100","3500","0","12.191303273515242012","0","0","165298.28265351013397","0","0","84.033916965066225657","87.759085387586182492","600","37119.596525682980428","0.29765787337942728463","0.1488238566836826704","180958.92206357931718","2.8277345570864662605","9.2769647736125797621","12.240914612413822837","59762176.10712261498","14529.773938595539221","61333327.369063779712","14530.790575451024779","285581.42580065742368","9605.1850106248712109","0","0","0","2991.9622656931619531","0","0","0","0","0","5.0831842774263709117","4.0665474219410970846","0","0","0","0","0","0","0","0","0","0","0","32922.767928035122168","239.92629789452473688","269.40876670359767786","64649.97091401956277","0","0","0","0","0","0","0","0","0","0","0","0"
"05/14/2026 07:56:07.311","60143127.728913351893","61693.021068827911222","18331.280697698199219","43361.740371129715641","1000000000","3221131.5814910340123","18328.281960466447345","2.9987372317517091425","0","0","0","56921996.14742231369","43361.740371129715641","0","0","0","0","0","0","0","0","0","0","20.963641067865928846","0.20963641067865929069","0","0","20.963641067865928846","0.20963641067865929069","1.4402843601895733597e-005","0","1.4402843601895733597e-005","14552.871785691044352","0","14552.871785691044352","81889612.28426708281","0","81889612.28426708281","5627.041417679785809","0","5627.041417679785809","81.15520718404927436","0","0","100","14.219519920146654002","16.846387883790345796","122.00838778442003729","137304.98722825679579","200858.21422590487055","1668.5745134990579572","0","100","3500","0","13.059749241297568645","0","0","137361.97269696230069","0","0","86.208251371342896618","87.135509913218598399","208","27543.976286047061876","0.48815288498874886969","0.19525915451616399077","151959.25039115027175","2.7336681528130077901","10.104788713019130952","12.864490086781399825","51935585.924767076969","12676.661857691724435","53306368.688145421445","12677.661436768976273","255476.41888000961626","8643.3602809856765816","0","0","0","2548.9266469889525979","0","0","0","0","0","0","0","0","0","0","0","0","0","0","0","0","0","0","28015.202798101716326","356.84973057845337507","415.82489613623698688","54955.858088159075123","0","0","0","0","0","0","0","0","0","0","0","0"
"05/14/2026 07:56:08.326","44295619.407261170447","46939.0382540553328","15145.946700964383126","31793.091553090947855","1000000000","2558307.609882730525","15143.976624650520534","1.9700763138611319114","0","0","0","41737311.797378443182","31793.091553090947855","0","0","0","0","0","0","0","0","0","0","12.691279862133328038","0.12691279862133328371","0","0","12.691279862133328038","0.12691279862133328371","1.3890471057453918785e-005","0","1.3890471057453918785e-005","9138.1989818448601","0","9138.1989818448601","37571278.099814116955","0","37571278.099814116955","4111.4532715317454858","0","4111.4532715317454858","87.711809570970942218","0","0","100","13.090727013722116112","14.544858461131175531","122.00081947712072861","99594.262013747429592","283003.96333323448198","1628.9793656376157287","0","100","3500","0","9.1587911177714929067","0","0","99594.262013747429592","0","0","88.071978173605401707","90.745026039096757131","158","13039.713906313199914","0.33663010221618427931","0.14427426469762677508","106481.4764659263019","2.35638116927845509","7.021081632504325043","9.2549739609032464216","38059786.102904379368","9282.9995909136541741","39063634.548479691148","9283.9846290705845604","194517.45492539272527","6633.2469487704311177","0","0","0","2061.6848624556746472","0","0","0","0","0","0","0","0","0","0","0","0","0","0","0","0","0","0","22645.042189676780254","686.57159538060443538","947.60670696720444539","44522.739655104654958","0","0","0","0","0","0","0","0","0","0","0","0"
"05/14/2026 07:56:09.311","29927037.563621263951","33914.077769528674253","11770.460682893877674","22143.61708663479294","1000000000","1943099.8606453007087","11770.460682893877674","0","0","0","0","27983937.702975962311","22143.61708663479294","0","0","0","0","0","0","0","0","0","1","8.5201291729013206577","0.085201291729013209353","0","0","8.5201291729013206577","0.085201291729013209353","1.4617218543046358564e-005","0","1.4617218543046358564e-005","5826.8400826887300354","0","5826.8400826887300354","27947125.437406502664","0","27947125.437406502664","4796.2746601603348608","0","4796.2746601603348608","91.652348547414348445","0","0","100","12.626324223994174645","14.104140323047268168","121.99551525376071481","81020.411438792390982","349173.77121086796978","1653.7680210430805801","0","100","3500","0","10.023689147993176007","0","0","81008.221502519358182","0","0","88.45193652689866326","89.777919316712328168","209","10220.245736925327947","0.29760761953521730483","0.19840169359123216442","86182.849450426874682","2.5296596869009779773","7.7377676330254354653","10.222080683287671832","25314652.918654855341","5857.3045655190999241","25948102.941112253815","5858.3200482801121325","128133.61478453536984","4410.2416310765347589","0","0","0","2021.8261771755421705","0","0","0","0","0","0","0","0","0","0","0","0","0","0","0","0","0","0","22249.227293780077162","673.26507055117247091","1489.7132104050831458","43955.17131041855464","0","0","0","0","0","0","0","0","0","0","0","0"
"05/14/2026 07:56:10.326","60132599.139239728451","61668.523416908748914","18434.596120396174229","43233.927296512578323","1000000000","3254108.3798702284694","18431.642647052452958","2.9534733437216833529","0","0","0","56878490.759369499981","43233.927296512578323","0","0","0","0","0","0","0","0","0","1","18.654017467451001977","0.1865401746745100342","0","0","18.654017467451001977","0.1865401746745100342","1.4284753430855076222e-005","0","1.4284753430855076222e-005","13056.32116147898887","0","13056.32116147898887","64084102.319342926145","0","64084102.319342926145","4908.281707133162854","0","4908.281707133162854","82.455183493704851116","0","0","100","16.614241766965790248","19.602993458307540919","122.00765558681396783","138261.94353666398092","194333.96793515808531","1661.1323487259348894","0","100","3500","0","13.408671730692024227","0","0","138269.82086848959443","0","0","83.959000713787119707","86.447083994005723184","590","25991.256358606864524","0.62503883291424144897","0.19231585370524834078","151049.80708906691871","3.9425193110974547928","9.6639922707361360921","13.552916005994275039","51870292.901858441532","12654.648786732839653","53238696.171471573412","12655.63327784741341","260610.54988554306328","8857.4665578213280241","0","0","0","2501.5919221322660633","0","0","0","0","0","0","0","0","0","0","0","0","0","0","0","0","0","0","27486.991918903135229","71.867851363894303063","107.30953148855449797","53982.601285430355347","0","0","0","0","0","0","0","0","0","0","0","0"
"05/14/2026 07:56:11.311","70136720.434175640345","71461.036372417234816","20499.12729152627071","50961.909080890960468","1000000000","3729756.4389228485525","20497.095965430893557","2.0313260953799012754","0","0","0","66406963.995252788067","50961.909080890960468","0","0","0","0","0","0","0","0","0","0","23.911396890309116969","0.23911396890309116747","0","0","23.911396890309116969","0.23911396890309116747","1.4351515151515152046e-005","0","1.4351515151515152046e-005","16657.889645162878878","0","16657.889645162878878","90121456.034231901169","0","90121456.034231901169","5410.1364550942016649","0","5410.1364550942016649","78.503857450287526376","0","0","100","17.004389166237231734","20.067456608214893521","122.00706752201804761","169363.92479933734285","157839.23965593770845","1708.6534561274781936","0","100","3500","0","12.35171388958419314","0","0","169414.71711372875143","0","0","83.553610553964489327","87.64829626908611715","599","39569.244603494371404","0.099199415510745445057","0.24801377678231839585","188003.68833470184472","2.2321341497111686358","10.118990536995440266","12.35170373091388818","60532274.470750682056","14743.364800267321698","62126516.067535497248","14744.380463315012094","301066.90324844588758","10221.632911951663118","0","0","0","2992.1433384945944454","0","0","0","0","0","4.0626521907598025507","3.0469891430698514689","0","0","0","0","0","0","0","0","0","0","0","32897.326114677496662","171.6470550596016551","182.81934858419108991","64590.075854794711631","0","0","0","0","0","0","0","0","0","0","0","0"
"05/14/2026 07:56:12.311","71053465.782229408622","72433.510937535160338","20742.437236375273642","51691.073701159883058","1000000000","3761951.0292459363118","20739.436883833848697","3.0003525414236174029","0","0","0","67291514.752983480692","51691.073701159883058","0","0","0","0","0","0","0","0","0","1","20.370454813176625208","0.20370454813176624986","0","0","20.370454813176625208","0.20370454813176624986","1.3877546154370187318e-005","0","1.3877546154370187318e-005","14680.724985185759579","0","14680.724985185759579","60365748.975504621863","0","60365748.975504621863","4111.9051706519521758","0","4111.9051706519521758","80.464598986779662937","0","0","100","17.15327296902475851","21.437989513314761325","122.00780410512321339","170693.62735857974621","154470.0080817072303","1658.9769402205311053","0","100","3500","0","15.187185368603850932","0","0","170713.62708058359567","0","0","82.421881015508304813","84.910452737216900232","609","38099.470417361204454","0.24413526377588273819","0.1953162108655091822","187264.39702488138573","3.0761103234597251266","11.91382887171988969","15.089547262783097992","61146252.684690453112","14910.75201336156897","62758590.134340785444","14911.752130875378498","303011.60386345395818","10277.207571889697647","0","0","0","3023.3552442411983066","0","0","0","0","0","0","0","0","0","0","0","0","0","0","0","0","0","0","33243.906158973681158","90.010576242708523864","123.01445419836831263","65274.669773698406061","0","0","0","0","0","0","0","0","0","0","0","0"
"05/14/2026 07:56:13.311","71058095.178663000464","72049.438245395911508","20452.259859207326372","51597.178386188592413","1000000000","3757920.4879020545632","20450.259735999738041","2.000123207589587615","0","0","0","67300174.690760955215","51597.178386188592413","0","0","0","0","0","0","0","0","0","0","21.029568259501001393","0.21029568259500999727","0","0","21.029568259501001393","0.21029568259500999727","1.3977154628214499168e-005","0","1.3977154628214499168e-005","15049.927075507850532","0","15049.927075507850532","69435573.231311053038","0","69435573.231311053038","4613.6817064256765661","0","4613.6817064256765661","79.976539189531266061","0","0","100","17.195352029088208923","20.679340236397695918","121.99439463999244992","171663.91624480535393","154833.27411773614585","1680.6467280577624024","0","100","3500","0","15.106668404948820239","0","0","171676.91351277963258","0","0","83.037492106745986575","84.844522391646975734","573","38259.957756879506633","0.39054361175308022203","0.5369912175426795331","188233.43333231355064","3.5636717158164610275","11.569710779975469706","15.155477608353029595","61349039.100808613002","14935.920052675244733","62964102.588719464839","14936.920114279038899","305302.80665288981982","10362.638338521652258","0","0","0","3034.1869059134041891","0","0","0","0","0","4.00024641517917523","3.0001848113843814225","0","0","0","0","0","0","0","0","0","0","0","33344.053993726010958","28.001724906254224834","40.002464151791748748","65430.030489878176013","0","0","0","0","0","0","0","0","0","0","0","0"
"05/14/2026 07:56:14.326","71738123.869383871555","72623.116016933199717","20561.397584699912841","52061.718432233283238","1000000000","3726875.8069153125398","20558.445905460077483","2.951679239836335622","0","0","0","68011248.06246855855","52061.718432233283238","0","0","0","0","0","0","0","0","0","1","22.2085062642172133","0.22208506264217214854","0","0","22.2085062642172133","0.22208506264217214854","1.4334549615409064208e-005","0","1.4334549615409064208e-005","15477.622040621798078","0","15477.622040621798078","75385667.393370106816","0","75385667.393370106816","4870.623355158603772","0","4870.623355158603772","79.27161565876534155","0","0","100","19.314736993040160229","23.003759605824395607","122.00551530497129704","172098.51877917832462","150880.02655039425008","1673.2785297682551118","0","100","3500","0","15.651260638690246196","0","0","172199.95944343149313","0","0","81.189600992670293067","84.300648152880995667","656","40434.445743475858762","0.57707480374246711285","0.24044619344247858406","192093.16310605008039","4.0395039287946774564","11.73380181635658559","15.699351847119002556","61974944.965940579772","15110.629921802146782","63608892.268233656883","15111.613814882091901","301004.37773386994377","10161.647729676558811","0","0","0","3005.7933592333351953","0","0","0","0","0","0","0","0","0","0","0","0","0","0","0","0","0","0","33038.145731488104502","0","0.98389307994544517033","64911.362056320802367","0","0","0","0","0","0","0","0","0","0","0","0"
"05/14/2026 07:56:15.311","71927573.688586071134","72874.510385816989583","20696.425994320779864","52178.084391496209719","1000000000","3780272.7407621210441","20694.39334592220257","2.0326483985779590924","0","0","0","68147300.947823956609","52178.084391496209719","0","0","0","0","0","0","0","0","0","1","25.080245595507751233","0.25080245595507749679","0","0","25.080245595507751233","0.25080245595507749679","1.4613424089967445624e-005","0","1.4613424089967445624e-005","17170.797346987310448","0","17170.797346987310448","94039095.959298253059","0","94039095.959298253059","5476.6877774489494186","0","5476.6877774489494186","77.397742863429400018","0","0","100","19.23413015104699042","23.284109102316335793","122.01016966475879144","172477.94770837493706","150187.06696915236535","1694.3961504294654787","0","100","3500","0","15.876468409575872798","0","0","172326.58977887014044","0","0","80.893858426026241659","84.024325503237761836","606","42116.105753480602289","0.69441213536480628221","0.54561316289850803063","194612.77511716273148","4.1168900852221534947","11.854670294674383157","15.975674496762238164","62165925.088775917888","15145.263217804375017","63803629.903510183096","15146.279542003663664","307608.81275039690081","10420.372015309907511","0","0","0","3011.3686024932467262","0","0","0","0","0","4.0652967971559181848","3.0489725978669386386","0","0","0","0","0","0","0","0","0","0","0","33109.809764436380647","68.093721352361640697","76.224314946673473514","65057.960969085448596","0","0","0","0","0","0","0","0","0","0","0","0"
"05/14/2026 07:56:16.311","66908849.292951360345","69518.106284495617729","20735.505825415861182","48782.600459079760185","1000000000","3698742.7367967059836","20731.504956026943546","4.0008693889182120884","0","0","0","63210106.55615465343","48782.600459079760185","0","0","0","0","0","0","0","0","0","0","19.282656068350501499","0.19282656068350501055","0","0","19.282656068350501499","0.19282656068350501055","1.4014452841156808415e-005","0","1.4014452841156808415e-005","13764.991132573108189","0","13764.991132573108189","56791092.704444676638","0","56791092.704444676638","4125.7631158261883684","0","4125.7631158261883684","81.263149749072496775","0","0","100","17.465344919153075409","21.832812909913425159","122.01272194110178759","167384.1257577011711","156940.34737734880764","1735.6591165495094629","0","100","3500","0","18.962263094560615428","0","0","167377.1271322312241","0","0","82.083058224219499266","81.037736905439388124","563","38137.509793076635106","0.53699766008950922114","0.48817787318892885695","185366.59400093820295","4.2471614938154944596","14.645376187301618387","18.962263094560615428","57522691.680902257562","13981.038079574691437","59034508.198631562293","13982.038296921920846","289686.94897401204798","9864.143478377851352","0","0","0","3094.6724723282368359","0","0","0","0","0","0","0","0","0","0","0","0","0","0","0","0","0","0","34002.388719068650971","1.0002173472295530221","3.0006520416886588443","67045.569002144169644","0","0","0","0","0","0","0","0","0","0","0","0"
"05/14/2026 07:56:17.326","68328757.720331057906","69432.616435305055347","19787.65044529847728","49644.96599000657443","1000000000","3611598.378569167573","19784.695153252087039","2.9552920463929623907","0","0","0","64717159.341761887074","49644.96599000657443","0","0","0","0","0","0","0","0","0","1","20.053757965848369338","0.20053757965848367784","0","0","20.053757965848369338","0.20053757965848367784","1.3913153399385035856e-005","0","1.3913153399385035856e-005","14416.899699653667994","0","14416.899699653667994","64902311.343760453165","0","64902311.343760453165","4501.8216604031431416","0","4501.8216604031431416","80.854624018260210505","0","0","100","16.083423809846472352","19.487555211683524448","121.99516674722087828","163940.25471461558482","164003.86680601103581","1664.4280601691727952","0","100","3500","0","13.727988474695518306","0","0","163901.84483630399336","0","0","84.011269633072132024","86.175839288658323767","579","36792.723947810627578","0.28853640727312263037","0.67324505119238797768","179414.5113308156142","3.4143359959533796655","10.387261418495679521","13.824160711341670904","59040848.145174972713","14364.689540167391897","60594141.763980321586","14365.67463751618925","291490.30550922587281","9882.496603138066348","0","0","0","2929.6795153242233027","0","0","0","0","0","0","0","0","0","0","0","0","0","0","0","0","0","0","32247.161712891207571","604.84977216175957437","711.24028583190624886","63340.774430340359686","0","0","0","0","0","0","0","0","0","0","0","0"
"05/14/2026 07:56:18.311","71971635.462527111173","72748.046250171377324","20471.337385555201763","52276.708864616179198","1000000000","3744842.0496727246791","20470.321791102378484","1.0155944528230986812","0","0","0","68226793.412854373455","52276.708864616179198","0","0","0","0","0","0","0","0","0","0","21.834770548286492442","0.21834770548286491776","0","0","21.834770548286492442","0.21834770548286491776","1.4147291515829657637e-005","0","1.4147291515829657637e-005","15429.926521741337638","0","15429.926521741337638","74823669.444317489862","0","74823669.444317489862","4849.256368064239723","0","4849.256368064239723","79.445196798065168764","0","0","100","18.004874488820696854","21.5840203236439514","122.00791944582253734","172444.68878891624627","152744.3907669467153","1720.8406397951407598","0","100","3500","0","13.592782064630126726","0","0","172515.79790626314934","0","0","82.326720759599609778","86.407207776818253819","575","38538.094068422818964","0.39681334362326892151","0.14880246422081927493","191161.62431915558409","3.0753389680110254645","10.614894082369396244","13.592792223181749733","62044891.306003689766","15105.951891290769709","63678340.924901865423","15106.967485743592988","305433.93811982998159","10341.798313097613573","0","0","0","2965.5358022434479608","0","0","0","0","0","6.0935667169385920872","5.0779722641154938501","0","0","0","0","0","0","0","0","0","0","0","32595.503963357350585","31.483428037516059561","43.670561471393241959","64056.588922911301779","0","0","0","0","0","0","0","0","0","0","0","0"
"05/14/2026 07:56:19.326","59217067.179520621896","62439.075121692185348","19079.37227653852824","43359.702845153660746","1000000000","3365660.1632200758904","19078.3874330823528","0.98484345617811019924","0","0","0","55851407.016300544143","43359.702845153660746","0","0","0","0","0","0","0","0","0","0","20.922698342196110133","0.20922698342196111021","0","0","20.922698342196110133","0.20922698342196111021","1.4610423542354235077e-005","0","1.4610423542354235077e-005","14323.563226654434402","0","14323.563226654434402","83485983.412478640676","0","83485983.412478640676","5828.5764576457650037","0","5828.5764576457650037","80.923877923389639477","0","0","100","16.558295102215723205","19.247778604018048298","122.01914797982320238","154176.67005607738975","174810.21474469525856","1711.2799044440205307","0","100","3500","0","12.451040734246953789","0","0","154068.36120136574027","0","0","84.200248381595898195","87.548969112006744808","522","36523.715060671172978","0.33654495154510860599","0.14423777048520469712","171963.93787758558756","2.6442606630250624633","9.7597149785248280551","12.451030887993253415","50828511.375631317496","12286.906959278103386","52157151.864239729941","12287.891802734280645","251840.2292400416336","8551.395729994530484","0","0","0","3113.0901649790062038","0","0","0","0","0","0","0","0","0","0","0","0","0","0","0","0","0","0","34225.279789101688948","0.98484345617811019924","2.9545303685343307087","67424.352696865782491","0","0","0","0","0","0","0","0","0","0","0","0"
"05/14/2026 07:56:20.311","49742134.553651042283","54146.403811201875214","17707.01918544666114","36439.384625755214074","1000000000","2982811.4405495612882","17707.01918544666114","0","0","0","0","46759323.113101482391","36439.384625755214074","0","0","0","0","0","0","0","0","0","0","14.45852578450338477","0.14458525784503384326","0","0","14.45852578450338477","0.14458525784503384326","1.4351860441665826066e-005","0","1.4351860441665826066e-005","10067.681989569689904","0","10067.681989569689904","41919176.117025911808","0","41919176.117025911808","4163.7366138953311747","0","4163.7366138953311747","85.97704615038908571","0","0","100","16.469609308977442907","19.50173243190534933","122.00010167354658108","131697.55913819238776","204093.36525044136215","1648.6955800939970231","0","100","3500","0","14.732910605303484175","0","0","131796.09485678086639","0","0","84.068461501656017276","85.267089394696512272","226","28164.962201901515073","0.74403898722845829283","0.29761762661904567207","144271.52949580390123","4.1170218245137899515","10.714193923732397096","14.732910605303484175","42461570.073127493262","10228.082690825312966","43567608.032664082944","10229.097885137058256","212378.65001693851082","7229.1986939322141552","0","0","0","2819.1946037143320609","0","0","0","0","0","0","0","0","0","0","0","0","0","0","0","0","0","0","30991.851948934508982","8.121554493955583709","13.197526052677824637","61103.530429586578975","0","0","0","0","0","0","0","0","0","0","0","0"
"05/14/2026 07:56:21.311","50791369.784924805164","52553.732290247440687","16373.278337629622911","36180.453952617819596","1000000000","2790338.1153495409526","16372.278076261327442","1.0002613682955356911","0","0","0","48001031.669575259089","36180.453952617819596","0","0","0","0","0","0","0","0","0","0","14.896470692449256035","0.14896470692449256812","0","0","14.896470692449256035","0.14896470692449256812","1.3998045847425779359e-005","0","1.3998045847425779359e-005","10646.782004137681724","0","10646.782004137681724","46997496.445821292698","0","46997496.445821292698","4414.2442690717771256","0","4414.2442690717771256","85.668963563158612828","0","0","100","14.020439051628004634","15.959862662372465536","121.99948633906514317","109060.99821292774868","255076.016435391095","1675.6926779628615805","0","100","3500","0","13.250177688627140071","0","0","109045.00114678966929","0","0","86.884314780764384523","86.554542285194230544","220","14972.254088600149771","0.73227010430964778465","0.39054005645044459483","117057.53164869562897","4.2471806021307436652","9.0801712889371533066","13.396637708261117439","43790442.442610256374","10684.79193613291136","44945856.352264851332","10685.792197501206829","219157.2657935518655","7443.9451028553758078","0","0","0","2085.5449528961917167","0","0","0","0","0","0","0","0","0","0","0","0","0","0","0","0","0","0","22928.991345438564167","419.10951331582941748","479.1251954135615847","45009.761050562512537","0","0","0","0","0","0","0","0","0","0","0","0"
"05/14/2026 07:56:22.326","49643219.287989042699","51605.575754471377877","16232.573304661929797","35373.002449809449899","1000000000","2739884.8087188396603","16230.60321262907928","1.9700920328493147782","0","0","0","46903334.479270204902","35373.002449809449899","0","0","0","0","0","0","0","0","0","0","14.86737521608111301","0.14867375216081113454","0","0","14.86737521608111301","0.14867375216081113454","1.3922890344000736758e-005","0","1.3922890344000736758e-005","10680.853956092560111","0","10680.853956092560111","51648815.334408350289","0","51648815.334408350289","4835.6447477635338146","0","4835.6447477635338146","85.812128668676407983","0","0","100","11.766761206964469366","13.674612778696920046","122.0149446779794431","105865.73040883740759","268442.5381466319086","1601.3105141004448342","0","100","3500","0","11.231855120057531394","0","0","105782.02106461937365","0","0","88.775678728341546275","88.768154728110303608","192","13686.970187557186364","0.33661037683718803004","0.24043316969289374452","113290.25683307065628","2.2119871308081910932","8.9922241821170469933","11.279933875461845005","42765134.493257857859","10443.45786613421842","43894454.289432138205","10444.44291215064186","212982.70948727370705","7222.3573924255879319","0","0","0","2085.3424167709995345","0","0","0","0","0","0","0","0","0","0","0","0","0","0","0","0","0","0","22941.721722530270199","282.70820671387667744","373.33244022494517367","45016.602950606844388","0","0","0","0","0","0","0","0","0","0","0","0"
"05/14/2026 07:56:23.311","41864148.798023045063","44464.94851079453656","14472.163765765717471","29992.784745028817269","1000000000","2383269.2236966770142","14469.115925028805577","3.0478407369109969949","0","0","0","39480879.574326366186","29992.784745028817269","0","0","0","0","0","0","0","0","0","0","15.854300685790576608","0.15854300685790576053","0","0","15.854300685790576608","0.15854300685790576053","1.4510123640420193128e-005","0","1.4510123640420193128e-005","10928.540935650531537","0","10928.540935650531537","69768666.856174632907","0","69768666.856174632907","6384.0788323882125042","0","6384.0788323882125042","85.887042218842722718","0","0","100","9.9472258425176889318","11.201087822048304332","122.01425081433224307","92556.302265476755565","313960.99747613299405","1566.11710716841867","0","100","3500","0","7.4025179106363525605","0","0","92555.286625329434173","0","0","90.803005549625865456","92.59748208936365188","171","13243.947521061076259","0.09919768312566759616","0.19839536625133519232","100766.73721641676093","1.1903315676971877313","6.1996114164892830445","7.4025179106363525605","36024981.728194780648","8785.9088976021012058","36975087.153005868196","8786.9248445144039579","181163.65340198966442","6154.6063947356069548","0","0","0","1821.5928137604726089","0","0","0","0","0","4.0637876492146629559","3.0478407369109969949","0","0","0","0","0","0","0","0","0","0","0","20064.951517997396877","39.62192957984296271","265.16214411125673678","39463.441861523591797","0","0","0","0","0","0","0","0","0","0","0","0"
"05/14/2026 07:56:24.311","32930014.051676779985","36333.407149209211639","12427.061000073483228","23906.346149135730229","1000000000","2029601.9991272063926","12425.06147296164454","1.9995271118380504305","0","0","0","30900412.052549574524","23906.346149135730229","0","0","0","0","0","0","0","0","0","1","9.1181679664730648227","0.091181679664730647117","0","0","9.1181679664730648227","0.091181679664730647117","1.3603222437714455791e-005","0","1.3603222437714455791e-005","6701.4151153252259974","0","6701.4151153252259974","27768408.771325580776","0","27768408.771325580776","4143.6634342831566755","0","4143.6634342831566755","91.073450519740902109","0","0","100","8.4968543396033204829","9.4489414196752576913","121.98911674204407518","79264.03708575310884","372435.12835067801643","1551.0398617244463821","0","100","3500","0","8.2526748038690538323","0","0","79304.038113779519335","0","0","92.280820981514239065","91.747325196130944391","120","9324.2396329585662897","0.390616914126378445","0.2441380713092366761","83635.149423340175417","2.0019341847199405571","6.2987802396361063373","8.2526748038690538323","28122577.010537009686","6807.3900522526428176","28858758.903519317508","6808.3898158085612522","147261.17273264873074","5048.8059573910768449","0","0","0","1698.5982815064237457","0","0","0","0","0","0","0","0","0","0","0","0","0","0","0","0","0","0","18646.590081445738178","150.96429694377280839","659.84394690655665272","36737.311625800495676","0","0","0","0","0","0","0","0","0","0","0","0"
"05/14/2026 07:56:25.326","35199288.649104349315","38787.987796754525334","13134.645216987802996","25653.342579766722338","1000000000","2158815.5617946241982","13130.709447951323455","3.9357690364784785331","0","0","0","33040473.087309721857","25653.342579766722338","0","0","0","0","0","0","0","0","0","0","9.9452561752984127708","0.099452561752984128263","0","0","9.9452561752984127708","0.099452561752984128263","1.3841803728070176837e-005","0","1.3841803728070176837e-005","7178.8427225367449864","0","7178.8427225367449864","29606051.166178204119","0","29606051.166178204119","4124.0701754385963795","0","4124.0701754385963795","90.334558725775679022","0","0","100","10.007553734087760944","11.234192543011692678","121.98689119348324539","88782.229845227411715","327140.31553505698685","1500.8776293303003513","0","100","3500","0","7.5808626066884210459","0","0","88911.242292368013295","0","0","90.842152843498041648","92.419127545528752421","598","14659.162409830394608","0.28851049330498484968","0.14425032276108196161","95286.032905658721575","1.3944657430102898044","6.154864263085487508","7.5327857309566041977","29989851.619539439678","7292.9800245946207724","30778532.505221288651","7293.9639668537402031","158284.82334005497978","5435.2970393767791393","0","0","0","1765.1924128605976421","0","0","0","0","0","0","0","0","0","0","0","0","0","0","0","0","0","0","19443.68298246280392","2.9518267773588591218","541.16824251579078009","38395.394835365797917","0","0","0","0","0","0","0","0","0","0","0","0"
"05/14/2026 07:56:26.311","55649584.117274560034","58995.07120778279932","18735.305866675611469","40259.765341107187851","1000000000","3064277.5899029388092","18734.289411279198248","1.0164553964125222496","0","0","0","52585306.527371622622","40259.765341107187851","0","0","0","0","0","0","0","0","0","0","16.182670647969292332","0.16182670647969293887","0","0","16.182670647969292332","0.16182670647969293887","1.3893668788698002926e-005","0","1.3893668788698002926e-005","11655.694030662392834","0","11655.694030662392834","50614469.649150088429","0","50614469.649150088429","4342.467253858899312","0","4342.467253858899312","84.293864745207699229","0","0","100","15.041501793227174844","16.973154406041235376","122.02772293421497807","140713.09136636115727","195816.97788946176297","1446.3050612856534372","0","100","3500","0","10.130635603648908472","0","0","140547.53818869995303","0","0","86.038929940104736716","89.819775868385832496","519","35473.069220830569975","0.5951639097903214104","0.44636785363238001834","154345.32909991175984","3.3229798743913039338","6.9435518610984905408","10.180224131614167504","47962269.175685167313","11707.533255879432545","49228268.43773855269","11708.549711275843947","240932.45552245300496","8189.581128895692018","0","0","0","2065.4373655102453995","0","0","0","0","0","4.0658215856500889984","3.0493661892375669709","0","0","0","0","0","0","0","0","0","0","0","22704.564189666511083","8.1316431713001779968","12.197464756950267883","44736.23490690793551","0","0","0","0","0","0","0","0","0","0","0","0"
"05/14/2026 07:56:27.311","52130478.478907436132","55571.410522916827176","17915.612961540849938","37655.797561375977239","1000000000","2954050.5040229102597","17913.612334744473628","2.0006267963753043837","0","0","0","49176427.974884532392","37655.797561375977239","0","0","0","0","0","0","0","0","0","0","18.850595034110874337","0.18850595034110875781","0","0","18.850595034110874337","0.18850595034110875781","1.4596159504452186595e-005","0","1.4596159504452186595e-005","12919.047537593527522","0","12919.047537593527522","77696790.404433712363","0","77696790.404433712363","6014.1268292682925676","0","6014.1268292682925676","83.01645079895038748","0","0","100","13.398798627734610278","15.544638628246650214","122.00944521898588846","130480.26775091372838","213957.95387480742647","1406.0783185623438385","0","100","3500","0","10.109065004110428632","0","0","130511.26947770990955","0","0","87.241493480669305427","89.695618570180172924","153","33401.8604836289378","0.48827106463951708282","0.29296463874711092812","144893.07054402929498","2.9784654940814583313","7.1775986499447066436","10.353210536247182461","44889075.747431665659","10964.435157534855534","46074723.210781939328","10965.435470933043689","234909.59717679547612","8059.5250491979131766","0","0","0","1899.5951431583514477","0","0","0","0","0","0","0","0","0","0","0","0","0","0","0","0","0","0","20855.534038814359519","42.01316272388139339","68.021311076760341052","41104.878158327002893","0","0","0","0","0","0","0","0","0","0","0","0"
"05/14/2026 07:56:28.311","27217092.574192319065","29990.463898580288514","10344.194754494144945","19646.26914408614175","1000000000","1631970.4925918944646","10341.194407954119015","3.0003465400253732653","0","0","0","25585122.081600427628","19646.26914408614175","0","0","0","0","0","0","0","0","0","1","7.4998587507768705862","0.074998587507768707527","0","0","7.4998587507768705862","0.074998587507768707527","1.3450322812051649477e-005","0","1.3450322812051649477e-005","5576.64410239382687","0","5576.64410239382687","23030372.007966920733","0","23030372.007966920733","4129.7905308464851259","0","4129.7905308464851259","92.614550619971595324","0","0","100","6.4991455781268001601","6.9826763565147267343","121.97392616605650062","64681.022117139800685","466434.81218117178651","1263.9222687804701764","0","100","3500","0","5.1763015303415871315","0","0","64647.024208011214796","0","0","94.269271519006650806","94.823698469658410204","115","8128.5000972440202531","0.19530892580090808419","0.24413865723738520375","68074.813398975966265","1.2695230176234031383","3.9062285157431633209","5.1763015303415871315","23324489.978592529893","5665.6543830812461238","23937228.749920617789","5666.6544985945874942","122378.13467455492355","4184.4833078220535754","0","0","0","1147.1324938030343219","0","0","0","0","0","0","0","0","0","0","0","0","0","0","0","0","0","0","12643.46031966692135","188.02171650825670213","442.05105689707164629","24937.880325177560735","0","0","0","0","0","0","0","0","0","0","0","0"
"05/14/2026 07:56:29.311","22908395.262996587902","25504.358635132080963","8885.85365502681816","16618.504980105262803","1000000000","1368384.4884493397549","8883.855037470582829","1.9986175562363512892","0","0","0","21540010.774547245353","16618.504980105262803","0","0","0","0","0","0","0","0","0","0","6.2966816649325076938","0.062966816649325074717","0","0","6.2966816649325076938","0.062966816649325074717","1.3471780059905862035e-005","0","1.3471780059905862035e-005","4670.7692289243532286","0","4670.7692289243532286","19377060.886984474957","0","19377060.886984474957","4148.5802310654689791","0","4148.5802310654689791","93.883057526241131541","0","0","100","5.2578312482001727801","6.056592967075160594","122.03488297117802119","57377.126229677705851","529943.45500479137991","1166.0025652056433501","0","100","3500","0","4.7367586845859177558","0","0","57453.1263968780695","0","0","95.077182152680322247","95.263241315414077803","378","9203.0202466445425671","0.14648934079796641083","0.097659560531977607223","60847.133863694500178","0.87889604496779760723","3.9550622022200903061","4.7367586845859177558","19626836.117457553744","4745.7173872832163397","20140101.092074614018","4746.7166960613349147","101881.52854670424131","3483.5904005199604399","0","0","0","907.37237053130354525","0","0","0","0","0","3.9972351124727025784","2.9979263343545272669","0","0","0","0","0","0","0","0","0","0","0","9993.0877811817572365","90.9370988087539871","327.77327922276163008","19759.332469730688899","0","0","0","0","0","0","0","0","0","0","0","0"
"05/14/2026 07:56:30.311","40542030.50907868892","44656.218264321221795","15302.669757019461031","29353.548507301766222","1000000000","2401895.7579294354655","15300.668492420360053","2.0012645991001716261","0","0","0","38140134.751149252057","29353.548507301766222","0","0","0","0","0","0","0","0","0","0","11.288677432845052095","0.11288677432845051207","0","0","11.288677432845052095","0.11288677432845051207","1.3485569227093536547e-005","0","1.3485569227093536547e-005","8376.2929795337677206","0","8376.2929795337677206","34419957.97144215554","0","34419957.97144215554","4109.2113248118503179","0","4109.2113248118503179","88.930830767187700303","0","0","100","8.5173778780460480675","10.031960511368181344","122.01422538774397708","109126.53569975667051","269135.65012557053706","1247.0404041090932878","0","100","3500","0","8.3015319274381997872","0","0","109062.53362608948373","0","0","91.736037764490333757","91.698468072561794884","432","27440.889084806349274","0.29295759774769847272","0.24413799806841585127","115294.73554943180352","2.5878687794760080187","5.6640135550888484062","8.3015319274381997872","34810296.626438245177","8508.3764430743794946","35730386.030932947993","8509.3770753739281645","187594.54099045187468","6474.0909780890542606","0","0","0","1385.8757348768688189","0","0","0","0","0","4.0025291982003432523","3.0018968986502572172","0","0","0","0","0","0","0","0","0","0","0","15229.62359915230445","3.0018968986502572172","3.0018968986502572172","30111.027158061180671","0","0","0","0","0","0","0","0","0","0","0","0"
"05/14/2026 07:56:31.326","32675778.934570245445","37015.367782677756622","13220.688511638183627","23794.679271039574814","1000000000","2039401.7281518448144","13218.719242477292937","1.9692691608904719924","0","0","0","30636377.206418398768","23794.679271039574814","0","0","0","0","0","0","0","0","0","0","12.574355251352089979","0.1257435525135209009","0","0","12.574355251352089979","0.1257435525135209009","1.451799886299033489e-005","0","1.451799886299033489e-005","8659.8611350158498681","0","8659.8611350158498681","55281197.851291030645","0","55281197.851291030645","6383.6125071063106589","0","6383.6125071063106589","88.729977888535884745","0","0","100","8.9951531653328409277","10.257087077576141354","122.00421679973013056","94072.612928989328793","311581.62690644920804","1139.4086695508051434","0","100","3500","0","7.1471050999161844786","0","0","94087.384865068219369","0","0","91.615852382514447072","92.852894900083811081","287","27007.038335143715813","0.43277530929509699931","0.19233911085974922384","103101.22026039968478","2.1157597631228286517","4.904711338199043702","7.1471050999161844786","27957777.293775178492","6831.3947191290471892","28696552.558021564037","6832.3793537094925341","156998.01458283199463","5450.9370373448264218","0","0","0","1165.8073432471594515","0","0","0","0","0","3.9385383217809439849","2.9539037413357078776","0","0","0","0","0","0","0","0","0","0","0","12846.527371068994398","47.262459861371326042","49.231729022261802697","25445.911462446234509","0","0","0","0","0","0","0","0","0","0","0","0"
"05/14/2026 07:56:32.311","17174962.6535650976","21185.90934977249708","8424.2063584329735022","12761.702991339525397","1000000000","1240380.8752544294111","8422.1756952153209568","2.0306632176528802702","0","0","0","15934581.778310667723","12761.702991339525397","0","0","0","0","0","0","0","0","0","0","4.9178842404990641413","0.049178842404990638637","0","0","4.9178842404990641413","0.049178842404990638637","1.4085481524585394177e-005","0","1.4085481524585394177e-005","3489.6947395364745717","0","3489.6947395364745717","14293789.653141399845","0","14293789.653141399845","4096","0","4096","95.192578649191432305","0","0","100","7.0029610031657707481","7.518661470555732862","122.00369208048735459","61140.317607871103974","491158.02957301877905","1084.7901652192301754","0","100","3500","0","4.7150201695850153527","0","0","61144.380492385032994","0","0","93.869208037765019981","95.185782652023604555","288","17901.069168374262517","0.29761185205652562757","0.19841467366515544435","64877.155639557946415","2.281677321178420037","2.7281001784838121438","4.8142173479763901156","14480484.768045969307","3546.5533096307553933","14864097.356492776424","3547.568641239581666","90327.961247635408654","3186.1105884973690081","0","0","0","711.74745778733449697","0","0","0","0","0","0","0","0","0","0","0","0","0","0","0","0","0","0","7816.0227247459361024","43.659259179536924478","49.751248832495562624","15274.648723184964183","0","0","0","0","0","0","0","0","0","0","0","0"
"05/14/2026 07:56:33.311","21051225.664530083537","24991.447898113976407","9537.1319306919049268","15454.315967422069662","1000000000","1401128.9474866425153","9535.1308539124893286","2.0010767794150030596","0","0","0","19650096.717043440789","15454.315967422069662","0","0","0","0","0","0","0","0","0","0","5.9673464498535624401","0.059673464498535624956","0","0","5.9673464498535624401","0.059673464498535624956","1.3837352191050311816e-005","0","1.3837352191050311816e-005","4315.3220748084540901","0","4315.3220748084540901","17696050.244636639953","0","17696050.244636639953","4100.7484349640617438","0","4100.7484349640617438","94.050441452952696864","0","0","100","6.7497928006630374398","7.3177573831763735868","122.01779473361257544","67690.507169830045314","444340.23015673703048","1129.9416950085376357","0","100","3500","0","5.8704678718379144087","0","0","67661.50866615283303","0","0","93.947983532741488943","93.983059397297068926","271","19296.004326176771428","0.43939819495281506878","0.48822243857449204585","71347.318478366520139","2.5875949225586301061","3.3687428252209064006","6.0169406027029364026","17926798.410224542022","4384.359223698272217","18400989.572488956153","4385.3597620879791066","106209.15114423070918","3724.0038864913208272","0","0","0","684.36825855993106416","0","0","0","0","0","0","0","0","0","0","0","0","0","0","0","0","0","0","7534.0540744974869085","115.06191481636268747","186.10014048559528987","14734.928865222376771","0","0","0","0","0","0","0","0","0","0","0","0"
"05/14/2026 07:56:34.311","18556556.776571430266","22404.475735267798882","8727.7957695789918944","13676.679965688805169","1000000000","1271874.2381428275257","8725.7958163778985181","1.9999532010950946681","0","0","0","17284682.538428600878","13676.679965688805169","0","0","0","0","0","0","0","0","0","0","5.0750484774854571768","0.050750484774854567882","0","0","5.0750484774854571768","0.050750484774854567882","1.3369467860906216356e-005","0","1.3369467860906216356e-005","3795.9111756784895988","0","3795.9111756784895988","15564435.792202463374","0","15564435.792202463374","4100.3161222339304004","0","4100.3161222339304004","94.985161504451554038","0","0","100","4.2256013465298378762","4.4900642225614149083","122.00552125902095213","64224.032112016051542","479944.77056506241206","1104.0005520002760022","0","100","3500","0","3.2715090185472917028","0","0","64239.032119516057719","0","0","96.335381099385671178","96.728490981452708297","294","16368.008184004091163","0.24413992675802195786","0","66330.033165016575367","1.1718696484391053492","2.0507793847661845987","3.2715090185472917028","15767527.039867268875","3857.9097249124374684","16184805.275556553155","3858.9097015129850661","95297.770032181259012","3340.9218224293554158","0","0","0","631.98521154604986805","0","0","0","0","0","0","0","0","0","0","0","0","0","0","0","0","0","0","6953.8372802076437438","1.9999532010950946681","5.9998596032852837823","13422.685909149728104","0","0","0","0","0","0","0","0","0","0","0","0"
"05/14/2026 07:56:35.311","7985904.3828965844586","9846.9239992136863293","3976.5846689905924904","5870.3393302230933841","1000000000","558871.71037658501882","3973.5834730139958992","3.001195976596673809","0","0","0","7427032.6725199986249","5870.3393302230933841","0","0","0","0","0","0","0","0","0","0","2.1931602193160220082","0.021931602193160218417","0","0","2.1931602193160220082","0.021931602193160218417","1.3372926829268292733e-005","0","1.3372926829268292733e-005","1640.6538005395150321","0","1640.6538005395150321","6720117.9670098535717","0","6720117.9670098535717","4096","0","4096","97.770969777096979669","0","0","100","1.646752540203216153","1.7356380510440834186","122.03724960612198913","29367.936880684919743","1073937.2288623284549","929.9663352186649945","0","100","3500","0","1.0742101074210141931","0","0","29345.937677056088432","0","0","98.541729854172984915","98.925789892578990248","1","7493.7287270200813509","0","0","30397.899596034621936","0.34180003418000343141","0.63477006347700637434","1.0742101074210141931","6807916.9549065297469","1667.6645643288850351","6988368.8649926995859","1668.6649629877506413","43841.470826124212181","1552.6187185593457798","0","0","0","168.06697468941371199","0","0","0","0","0","0","0","0","0","0","0","0","0","0","0","0","0","0","1867.7442961019964969","0","0","3410.3590280726866695","0","0","0","0","0","0","0","0","0","0","0","0"
"05/14/2026 07:56:36.326","4020.6046386728990001","23.633238140619539536","12.801337326168917841","10.831900814450621695","1000000000","2189.0286827748850556","9.8471825585914753987","2.954154767577442442","0","0","0","1831.5759558980143993","10.831900814450621695","0","0","0","0","0","0","0","0","0","0","0","0","0","0","0","0","0","0","0","0","0","0","0","0","0","0","0","0","100.01245706129751056","0","0","100","0.22105780639183930658","0.24550266050897104342","122.0133124510571605","2215.8776993083506568","14412847.555555554107","791.80696455285067259","0","100","3500","0","0.37121057918638733497","0","0","2215.8776993083506568","0","0","99.795044413608707146","99.628799268292894453","4","113.25597129798237006","0","0.048075393877014635513","2778.2182176661590347","0.096160635233315833181","0.048075393877014635513","0.37120073170709977362","181.18815907808314591","1.9694365117182950353","535.68673118737626737","2.954154767577442442","539.62560421081286677","2.954154767577442442","0","0","0","0","0","0","0","0","0","0","0","0","0","0","0","0","0","0","0","0","0","0","0","0","0","0","0","0","0","0","0","0","0","0","0","0","0","0"
"05/14/2026 07:56:37.311","3839.4449747099415617","23.361702227071074134","13.204440389214084917","10.157261837856987441","1000000000","2196.0000093446806204","10.157261837856987441","3.0471785513570965875","0","0","0","1643.444965365260714","10.157261837856987441","0","0","0","0","0","0","0","0","0","0","0","0","0","0","0","0","0","0","0","0","0","0","0","0","0","0","0","0","99.993976592612270338","0","0","100","2.3154809689256081739","2.4205183290485923209","121.99975427962978358","6868.9926784236840831","4566232.8108827443793","892.77607043241437168","0","100","3500","0","1.5494580660128876026","0","0","6868.9926784236840831","0","0","98.024576314743256944","98.450531776470441514","29","1818.0536587872829841","0.24798561208078151452","0.099198307838982230367","7661.2171777835055764","1.3391263682428897752","0.69436783983952754529","1.5494682235295598183","186.89361781656859307","2.031452367571397577","552.55504397942013384","3.0471785513570965875","556.61794871456288547","3.0471785513570965875","0","0","0","0","0","0","0","0","0","0","0","0","0","0","0","0","0","0","0","0","0","0","0","0","0","0","0","0","0","0","0","0","0","0","0","0","0","0"
"05/14/2026 07:56:38.311","3883.982784908632766","22.993977877193962911","11.996858022883808204","10.997119854310156484","1000000000","2129.4422990618759286","8.9976435171628565968","2.9992145057209520509","0","0","0","1754.5404858467568374","10.997119854310156484","0","0","0","0","0","0","0","0","0","0","0","0","0","0","0","0","0","0","0","0","0","0","0","0","0","0","0","0","100.03053990532629314","0","0","100","2.9254242114929875918","2.9707075684514001601","121.99040798896261606","7135.6867433519664701","4373317.1568627450615","818.96404747831559234","0","100","3500","0","2.0510836416407163263","0","0","7142.6864360654562915","0","0","97.587797477827820103","97.655947266563472908","33","2010.9117209754490432","0.34179894042328468062","0.14648954588240775676","7984.6494738880955992","1.9531239453157693831","0.39061878908175384773","2.3440527334365302004","183.95182301755170329","1.9994763371473012192","543.85756370406591031","2.9992145057209520509","547.85651637836053851","2.9992145057209520509","0","0","0","0","0","0","0","0","0","0","0","0","0","0","0","0","0","0","0","0","0","0","0","0","0","0","0","0","0","0","0","0","0","0","0","0","0","0"
"05/14/2026 07:56:39.326","6597.6737930014814992","53.191159274720810402","29.550644041511564097","23.640515233209249857","1000000000","4009.0373749650684658","26.595579637360405201","2.9550644041511562321","0","0","0","2588.6364180364130334","23.640515233209249857","0","0","0","0","0","0","0","0","0","0","0","0","0","0","0","0","0","0","0","0","0","0","0","0","0","0","0","0","99.969906639682420746","0","0","100","1.7650721065967451828","1.815932784550027046","122.02689538331215147","5246.2207907523124959","6012803.0058237835765","836.12567136262680378","0","100","3500","0","1.4308033903085215499","0","0","5239.3269395161069042","0","0","98.483613692636509995","98.328794382782817252","1","999.6084292497835122","0.14424330560595186035","0","5978.9386935718575842","0.86547952824324891896","0.14425315290972071103","1.6231212329139377282","181.24395012127092741","1.9700429361007707474","535.85167861940965395","2.9550644041511562321","539.79176449161116125","2.9550644041511562321","0","0","0","0","0","0","0","0","0","0","0","0","0","0","0","0","0","0","0","0","0","0","0","0","0","0","0","0","0","0","0","0","0","0","0","0","0","0"
"05/14/2026 07:56:40.311","7958.7946509099601826","71.096940475203822984","37.579811394036305217","33.517129081167517768","1000000000","4709.664471193144891","36.564140815819108354","1.0156705782171975283","0","0","0","3249.1301797168148369","33.517129081167517768","0","0","0","0","0","0","0","0","0","0","0","0","0","0","0","0","0","0","0","0","0","0","0","0","0","0","0","0","100.00557665735159674","0","0","100","0.57516642612890223063","0.63686273744977961453","121.97696856520386177","3484.156332367791947","9131893.2109557110816","805.52069141914262218","0","100","3500","0","0.4054910470270622902","0","0","3490.2510664768901734","0","0","99.488613410367733536","99.594508952972944371","1","175.73150014566414256","0","0","4163.7191855322389529","0.14880228332121331336","0.099191364368328774348","0.45509180813413374622","186.88338639196433633","2.0313411564343950566","552.52479455015543408","3.0470117346515923629","556.58747686302422153","3.0470117346515923629","0","0","0","0","0","0","0","0","0","0","0","0","0","0","0","0","0","0","0","0","0","0","0","0","0","0","0","0","0","0","0","0","0","0","0","0","0","0"
"05/14/2026 07:56:41.326","3553.0824910929200087","18.710800257972696414","8.8630106485133826055","9.8477896094593138088","1000000000","1876.9886995629451576","8.8630106485133826055","0","0","0","0","1676.0937915299750784","9.8477896094593138088","0","0","0","0","0","0","0","0","0","0","0","0","0","0","0","0","0","0","0","0","0","0","0","0","0","0","0","0","99.99542095820535792","0","0","100","0.21783760022562090319","0.21132263944930856914","122.02001819836215191","2223.5317009840264291","14366116.031886626035","763.16964936342799319","0","100","3500","0","0","0","0","2223.5317009840264291","0","0","99.823327765940646827","100.10883348368675172","1","60.068836917637554507","0","0","2775.9680536200044116","0.048084862544550875663","0","0","181.19932881405136982","1.9695579218918626285","535.71975475458668825","2.9543368828377940538","539.65887059837041306","2.9543368828377940538","0","0","0","0","0","0","0","0","0","0","0","0","0","0","0","0","0","0","0","0","0","0","0","0","0","0","0","0","0","0","0","0","0","0","0","0","0","0"
"05/14/2026 07:56:42.311","34246.537084131967276","98.511731477737924934","39.607809563214217974","58.90392191452370696","1000000000","4782.3891085429677332","39.607809563214217974","0","0","0","0","29464.147975588995905","58.90392191452370696","0","0","0","0","0","0","0","0","0","0","0","0","0","0","0","0","0","0","0","0","0","0","0","0","0","0","0","0","100.03085228602029133","0","0","100","0.7199880371498509346","0.90730741599186004454","121.82730047972088983","4269.7064782510105942","7428015.1068883612752","828.95086515651314585","0","100","3500","0","0.39611206338605597921","0","0","4276.8175763589715643","0","0","99.282178949557376768","99.554292658263236149","31","425.65001531933705792","0.049605437154137191347","0","4991.9908717881198754","0.14880615265898045063","0.29762246412139198304","0.44570734173676740397","186.86761434952347827","2.0311697211904724547","552.47816416380851479","3.0467545817857089041","556.54050360618953164","3.0467545817857089041","0","0","0","0","0","0","0","0","0","0","0","0","0","0","0","0","0","0","0","0","0","0","0","0","0","0","0","0","0","0","0","0","0","0","0","0","0","0"
"05/14/2026 07:56:43.311","11808.736484203815053","67.026884483366274026","36.014445394047555737","31.012439089318725394","1000000000","4525.8153045186427335","34.013642872156026442","2.0008025218915306276","0","0","0","7282.9211796851723193","31.012439089318725394","0","0","0","0","0","0","0","0","0","0","0","0","0","0","0","0","0","0","0","0","0","0","0","0","0","0","0","0","99.95530163149044256","0","0","100","2.9344086812933616315","2.9859210593686795754","122.06254907092383633","8438.6582343415084324","3702076.4056939501315","875.96452343680073227","0","100","3500","0","2.1031832338119671455","0","0","8425.6587608201862167","0","0","97.514910705759234588","97.945644983958075613","29","2154.91272603459538","0.19530287144519223319","0.097646435905089465357","9359.6209353521171579","1.3671400993863724871","0.5370903962005386667","2.0543550160419199457","184.07383201402083728","2.0008025218915306276","544.21828595449642307","3.0012037828372961634","548.21989099827942482","3.0012037828372961634","0","0","0","0","0","0","0","0","0","0","0","0","0","0","0","0","0","0","0","0","0","0","0","0","0","0","0","0","0","0","0","0","0","0","0","0","0","0"
"05/14/2026 07:56:44.326","15226.497096710892947","73.809932927437756689","39.365297561300138796","34.444635366137617893","1000000000","4862.5983812595995914","36.412900244202624833","2.9523973170975104097","0","0","0","10363.898715451294265","34.444635366137617893","0","0","0","0","0","0","0","0","0","0","0","0","0","0","0","0","0","0","0","0","0","0","0","0","0","0","0","0","100.05413569429815368","0","0","100","3.1586303592668154572","3.2252455633187087081","121.99076446404099272","7714.6096589669914465","4033652.211599745322","914.72525503258896151","0","100","3500","0","0.76640703917629782183","0","0","7732.3330761796787556","0","0","97.387750898216324913","98.848961708301160911","35","2020.4695622463643758","0.33655111515296287639","0.04808013736957043871","8664.7817484249553672","1.4423450424829320493","0.43270154345807348983","1.1510382916988359803","181.08036878198063846","1.9682648780650069398","535.36804683368188762","2.9523973170975104097","539.30457658981185887","2.9523973170975104097","0","0","0","0","0","0","0","0","0","0","0","0","0","0","0","0","0","0","0","0","0","0","0","0","0","0","0","0","0","0","0","0","0","0","0","0","0","0"
"05/14/2026 07:56:45.311","15767.680897988580909","79.260108915583515454","42.678520185314198443","36.581588730269309906","1000000000","5195.6017549407497427","39.630054457791757727","3.0484657275224429362","0","0","0","10572.079143047831167","36.581588730269309906","0","0","0","0","0","0","0","0","0","0","0","0","0","0","0","0","0","0","0","0","0","0","0","0","0","0","0","0","99.946902635093849199","0","0","100","1.5333409168467750927","1.5566959715293238187","121.83223098448232236","4046.3419910562029145","7826154.1771514853463","855.17569188487016163","0","100","3500","0","0.56899899990483504553","0","0","4028.0603254339607702","0","0","98.691273862456498023","99.282230877458331975","1","576.88811519074374701","0.099186852653695201099","0","4740.0296366112697797","0.39673725427107264796","0.1983737053073904022","0.71776912254166713723","186.97256462137647759","2.0323104850149618095","552.78845192406959086","3.0484657275224429362","556.85307289409956866","3.0484657275224429362","0","0","0","0","0","0","0","0","0","0","0","0","0","0","0","0","0","0","0","0","0","0","0","0","0","0","0","0","0","0","0","0","0","0","0","0","0","0"
"05/14/2026 07:56:46.326","20622.136402517000533","57.116847874790416029","21.665011262851535889","35.451836611938880139","1000000000","2943.4872120301474752","17.72591830596944007","3.9390929568820975959","0","0","0","17678.649190486856241","35.451836611938880139","0","0","0","0","0","0","0","0","0","0","0","0","0","0","0","0","0","0","0","0","0","0","0","0","0","0","0","0","99.999950761037410984","0","0","100","0.63717136257496065355","0.82784173092618795753","121.96007428040854847","3893.7976058364029086","8162435.5842185132205","877.43390662626075027","0","100","3500","0","1.0412169508083102265","0","0","3893.7976058364029086","0","0","99.322018876248691299","99.006859972268614456","1","86.660138926050436226","0","0","4528.9770331921135949","0.096163693946364980913","0.28851077742413261396","0.94505325686193852874","181.19827601657650007","1.9695464784410487979","535.7166421359653441","2.9543197176615731969","539.65573509284740794","2.9543197176615731969","0","0","0","0.98477323922052439897","0","0","0","0","0","0","0","0","0","0","0","0","0","0","0","0","0","0","0","0","0","0","0","0","0","0","0","0","0","0","0","0","0","0"
"05/14/2026 07:56:47.311","5397.7780417007561482","22.351047791721555313","10.159567178055253223","12.191480613666303867","1000000000","2088.8070118081600413","9.1436104602497270122","1.0159567178055253223","0","0","0","3308.9710298925961069","12.191480613666303867","0","0","0","0","0","0","0","0","0","0","0","0","0","0","0","0","0","0","0","0","0","0","0","0","0","0","0","0","99.999024705430556992","0","0","100","0.29896908892298890148","0.31670849697001224321","121.99937382592361246","2361.0316001322744341","13517937.607573149726","799.54039126682448568","0","100","3500","0","0","0","0","2361.0316001322744341","0","0","99.737970859011014113","100.20421245979449054","0","72.131344066003222792","0","0","2942.1460903541596963","0","0.049597792583291173962","0","186.93603607621665219","2.0319134356110506445","422.63799460709850564","2.0319134356110506445","556.74428135742789436","3.0478701534165759668","0","0","0","0","0","0","0","0","0","0","0","0","0","0","0","0","0","0","0","0","0","0","0","0","0","0","0","0","0","0","0","0","0","0","0","0","0","0"
"05/14/2026 07:56:48.311","4671.7825433623866047","27.980729671475256026","12.991053061756367981","14.989676609718886269","1000000000","2285.4260270951394887","10.992429513793849694","1.9986235479625182876","0","0","0","2386.3565162672466613","14.989676609718886269","0","0","0","0","0","0","0","0","0","0","0","0","0","0","0","0","0","0","0","0","0","0","0","0","0","0","0","0","100.09732820916094909","0","0","100","1.2298411997529845596","1.24763463464424329","121.99170968246519919","4676.8690476666661198","6770175.8922846755013","871.97558468362888107","0","100","3500","0","0.92956289604271269411","0","0","4678.8689916682333205","0","0","99.000388392853565733","99.168095307046357334","27","947.97345674321127262","0.0976482032730597721","0.048829101544531579304","5397.8488602319139318","0.5859292189023722619","0.14648730463359474485","0.83190469295364444235","183.87336641255168956","1.9986235479625182876","543.6256050458049458","2.9979353219437774314","547.62285214173004988","2.9979353219437774314","0","0","0","0","0","0","0","0","0","0","0","0","0","0","0","0","0","0","0","0","0","0","0","0","0","0","0","0","0","0","0","0","0","0","0","0","0","0"
"05/14/2026 07:56:49.326","4641.0180882473187012","26.598914961298575577","12.806884981365982412","13.792029979932594941","1000000000","2221.5019717677146218","9.8514499856661394972","2.9554349956998420268","0","0","0","2419.5161164796040794","13.792029979932594941","0","0","0","0","0","0","0","0","0","0","0","0","0","0","0","0","0","0","0","0","0","0","0","0","0","0","0","0","99.92315823967382471","0","0","100","2.8665255071737694159","2.9184567612403760073","122.00177818756586134","7136.6616551836459621","4377740.2428926303983","839.89685318317469864","0","100","3500","0","2.0162001808597507235","0","0","7134.6923776849753267","0","0","97.597296792732848303","97.839568898425511634","29","1966.3235824229775517","0.2403914321634165463","0.048080255724336981582","7987.3895346095114292","1.4423485929804993333","0.33655194361209050946","2.0162001808597507235","181.26667973625697527","1.9702899971332279438","535.91887922023795454","2.9554349956998420268","539.85945921450445439","2.9554349956998420268","0","0","0","0","0","0","0","0","0","0","0","0","0","0","0","0","0","0","0","0","0","0","0","0","0","0","0","0","0","0","0","0","0","0","0","0","0","0"
"05/14/2026 07:56:50.311","4348.9141324068650647","24.375044179767577646","11.171895249060138866","13.203148930707437003","1000000000","2173.4414393626088895","9.1406415674128407289","2.0312536816472981371","0","0","0","2175.4726930442561752","13.203148930707437003","0","0","0","0","0","0","0","0","0","0","0","0","0","0","0","0","0","0","0","0","0","0","0","0","0","0","0","0","99.982249215330014636","0","0","100","3.081395386625243038","3.2472116965753912154","122.00848647658587254","7726.8679619520053166","4030735.6288605593145","920.03448199875367663","0","100","3500","0","1.8226339158596505108","0","0","7726.8679619520053166","0","0","97.328110865633050253","97.830271221428660056","26","1951.7729298030953942","0.3470948627116943741","0.099162707266813795992","8710.878351639414177","1.5867048653804050051","0.74376600160122641192","2.3184779169271418908","186.87533871155142151","2.0312536816472981371","552.50100140806500804","3.0468805224709472057","556.56350877135969313","3.0468805224709472057","0","0","0","0","0","0","0","0","0","0","0","0","0","0","0","0","0","0","0","0","0","0","0","0","0","0","0","0","0","0","0","0","0","0","0","0","0","0"
"05/14/2026 07:56:51.326","3863.5988142965757106","20.676752064278311138","9.8460724115611011342","10.830679652717210004","1000000000","1939.6762650775367547","7.8768579292488807297","1.9692144823122201824","0","0","0","1923.9225492190389559","10.830679652717210004","0","0","0","0","0","0","0","0","0","0","0","0","0","0","0","0","0","0","0","0","0","0","0","0","0","0","0","0","100.0180797779062658","0","0","100","1.1859415396686103783","1.1956182322626791592","121.99903552483523583","2390.9477222431696646","13242829.094650207087","860.6624008404161259","0","100","3500","0","0","0","0","2398.8256389556677277","0","0","99.029945075289077749","100.20471704950628578","1","106.35187561872419337","0","0","4561.3137765363926519","0","0.096159603079943339887","0","181.16773237272425945","1.9692144823122201824","535.62633918892390739","2.9538217234683301626","539.56476815354835708","2.9538217234683301626","0","0","0","0","0","0","0","0","0","0","0","0","0","0","0","0","0","0","0","0","0","0","0","0","0","0","0","0","0","0","0","0","0","0","0","0","0","0"
"05/14/2026 07:56:52.311","6720.8643671658492167","50.80018418114776324","19.304069988836150884","31.496114192311615909","1000000000","2801.1221557484877849","17.272062621590240639","2.0320073672459106895","0","0","0","3919.7422114173614318","29.464106825065705664","2.0320073672459106895","0","0","0","0","0","0","0","0","0","0","0","0","0","0","0","0","0","0","0","0","0","0","0","0","0","0","0","99.981592319242821532","0","0","100","0.24384194015051771642","0.24321613757903803865","121.98776508972267152","2404.5780239854370848","13291802.410147991031","819.81177243609965899","0","100","3500","0","0","0","0","2396.4510175672353398","0","0","99.79190787382449912","100.59557786961977399","17","101.58758022752164152","0","0","2969.4049700504574503","0.04960524566076005698","0","0","186.944677786623771","2.0320073672459106895","552.70600389088770044","3.0480110508688658122","556.77001862537952093","3.0480110508688658122","0","0","0","0","0","0","0","0","0","0","0","0","0","0","0","0","0","0","0","0","0","0","0","0","0","0","0","0","0","0","0","0","0","0","0","0","0","0"
"05/14/2026 07:56:53.326","11937.28601735328084","72.872394430303799595","29.542862606879921827","43.329531823423884873","1000000000","5089.2504650785140257","27.573338433087926092","1.9695241737919948477","0","0","0","6848.0355522747659052","41.360007649631889137","1.9695241737919948477","0","0","0","0","0","0","0","0","0","0","0","0","0","0","0","0","0","0","0","0","0","0","0","0","0","0","0","99.996425412891881024","0","0","100","0.28230443078561717751","0.29333845933260122019","122.00065530799476221","2555.3916844304958431","12492131.714836223051","858.69038490304137667","0","100","3500","0","1.0937842656916774153","0","0","2555.3916844304958431","0","0","99.756878839911578893","98.906215734308318588","14","147.71050199020206151","0","0","3153.1268491508467378","0","0.048084597379876886647","1.0456996683117947278","181.19622398886352244","1.9695241737919948477","535.71057527142261279","2.9542862606879922716","539.64962361900654741","2.9542862606879922716","0","0","0","0","0","0","0","0","0","0","0","0","0","0","0","0","0","0","0","0","0","0","0","0","0","0","0","0","0","0","0","0","0","0","0","0","0","0"
"05/14/2026 07:56:54.311","4923.559455330473611","31.470173838194781979","14.212336572087966857","17.257837266106815122","1000000000","2423.2033855409981697","12.182002776075400163","2.0303337960125666939","0","0","0","2500.356069789475896","17.257837266106815122","0","0","0","0","0","0","0","0","0","0","0","0","0","0","0","0","0","0","0","0","0","0","0","0","0","0","0","0","100.08685972575939616","0","0","100","1.7633440504016462125","1.8315735235314960505","121.96343574210298755","5786.2027056669940066","5446486.8725868724287","926.6052445247231617","0","100","3500","0","0.92792278557484175749","0","0","5810.5870542071179443","0","0","98.573444068900116122","99.072077214425164016","29","1450.8687381373954395","0.14882691109177056954","0.049612357104117668638","6597.9983091486319609","1.0418188583041414486","0.34727633950824127185","0.87832058869130591461","186.79070923315612163","2.0303337960125666939","552.25079251541808389","3.0455006940188500408","556.31146010744328123","3.0455006940188500408","0","0","0","0","0","0","0","0","0","0","0","0","0","0","0","0","0","0","0","0","0","0","0","0","0","0","0","0","0","0","0","0","0","0","0","0","0","0"
"05/14/2026 07:56:55.311","6678.1018868113233111","50.008251361474641783","19.003135517360362883","31.0051158441142789","1000000000","2825.4662019233173851","17.002805462901378064","2.0003300544589857068","0","0","0","3852.6356848880063808","29.004785789655290529","2.0003300544589857068","0","0","0","0","0","0","0","0","0","0","0","0","0","0","0","0","0","0","0","0","0","0","0","0","0","0","0","99.981701247974882563","0","0","100","2.8286961265684671396","2.9358950361009386043","122.02653807781842943","7087.4911181377183311","4406398.2362071406096","897.93552822907315658","0","100","3500","0","2.0574596812497403242","0","0","7069.4924104449301012","0","0","97.560336385058548103","97.796060308686946883","31","1917.8622974870404505","0.19530668008441826045","0.048826670021104565111","7948.4293027760613768","1.318270093979590607","0.63471671232021975584","2.2527563620161061841","184.03036501022668858","2.0003300544589857068","544.08977481284409805","3.0004950816884785603","548.09043492176203927","3.0004950816884785603","0","0","0","0","0","0","0","0","0","0","0","0","0","0","0","0","0","0","0","0","0","0","0","0","0","0","0","0","0","0","0","0","0","0","0","0","0","0"
"05/14/2026 07:56:56.311","14760.024328985007742","79.016190417416524383","35.007172969741496615","44.009017447675027768","1000000000","4262.8734627725216342","32.006558143763655266","3.0006148259778426812","0","0","0","10497.150866212487017","42.008607563689800202","2.0004098839852284542","0","0","0","0","0","0","0","0","0","0","0","0","0","0","0","0","0","0","0","0","0","0","0","0","0","0","0","99.962306362685978911","0","0","100","2.7790153359805205291","2.857032697347160255","121.9901625905178264","7023.7883965016044385","4448732.9822064060718","836.85564240168582728","0","100","3500","0","1.7744004811987790227","0","0","7023.7883965016044385","0","0","97.63418934883792133","98.030332479877387186","1","1804.6886912007680621","0.34173231558512923156","0.04882175888709985867","7878.6409344388102909","1.708701571174785494","0.24409879612321441766","2.0184892790097053172","184.03770932664102133","2.0004098839852284542","544.11148844398212532","3.0006148259778426812","548.11230821195260887","3.0006148259778426812","0","0","0","0","0","0","0","0","0","0","0","0","0","0","0","0","0","0","0","0","0","0","0","0","0","0","0","0","0","0","0","0","0","0","0","0","0","0"
"05/14/2026 07:56:57.326","6783.4512943370737048","36.443690705745858338","14.774469205032104924","21.669221500713753414","1000000000","2410.2084096475705337","11.81957536402568465","2.9548938410064211624","0","0","0","4373.2428846895027164","19.699292273376141083","1.9699292273376141083","0","0","0","0","0","0","0","0","0","0","0","0","0","0","0","0","0","0","0","0","0","0","0","0","0","0","0","99.976217349202471496","0","0","100","0.49812015858109004451","0.48743831031722523184","122.00867850098619272","2243.3496696721776971","14218513.576449910179","885.32544031399811502","0","100","3500","0","0","0","0","2237.4409348091253378","0","0","99.587747690399325506","100.83506155570442786","0","84.69186637041583765","0","0","2828.3144211143521716","0.04808723968706955787","0","0","181.23348891506049085","1.9699292273376141083","535.82074983583106587","2.9548938410064211624","539.76060829050618395","2.9548938410064211624","0","0","0","0","0","0","0","0","0","0","0","0","0","0","0","0","0","0","0","0","0","0","0","0","0","0","0","0","0","0","0","0","0","0","0","0","0","0"
"05/14/2026 07:56:58.311","5378.2138763809161901","36.565760066045889687","19.298595590413107459","17.267164475632782228","1000000000","3193.4097124346744749","15.235733360852453444","4.0628622295606549031","0","0","0","2184.8041639462421699","17.267164475632782228","0","0","0","0","0","0","0","0","0","0","0","0","0","0","0","0","0","0","0","0","0","0","0","0","0","0","0","0","100.02172982181851069","0","0","100","0.21315783913284452877","0.23976477969225667985","121.99256198347107727","2403.5894957653245001","13265957.805907173082","769.02673216160212633","0","100","3500","0","0.84189599044659502169","0","0","2415.7801440954949612","0","0","99.815433659280657253","99.20770976922604234","0","95.493411919670535326","0","0","3023.2807858823352944","0","0.049605759672640588331","0.79229023077396210084","186.89166255979012021","2.0314311147803274515","552.54926322024903129","3.0471466721704909553","556.61212544980969597","3.0471466721704909553","0","0","0","0","0","0","0","0","0","0","0","0","0","0","0","0","0","0","0","0","0","0","0","0","0","0","0","0","0","0","0","0","0","0","0","0","0","0"
"05/14/2026 07:56:59.311","9016.357219714567691","82.984880154835792609","48.991073826348838338","33.993806328486947166","1000000000","5749.9523586802479258","45.991620326776462946","2.9994534995723780568","0","0","0","3266.4048610343193104","33.993806328486947166","0","0","0","0","0","0","0","0","0","0","0","0","0","0","0","0","0","0","0","0","0","0","0","0","0","0","0","0","100.00445940823652791","0","0","100","0.67820148361923748848","0.95451876760737996985","122.00797382948272229","3783.4714490385690624","8392025.158562367782","824.88476359852518272","0","100","3500","0","0.35502288846269713929","0","0","3785.4711696775957535","0","0","99.222863126063174377","99.644987110210465175","6","198.9722035831594269","0","0","5417.243211123405672","0.048813522445571473629","0.24410760692056163168","0.35501288978952993958","183.96648130710585178","1.9996356663815852972","543.90090125579115465","2.9994534995723780568","547.90017258855436921","2.9994534995723780568","0","0","0","3.9992713327631705944","0","0","0","0","0","0.9998178331907926486","0","0","0","0","0","0","0","0","0","0","0","0","0","0","0","0","0","0","0","0","0","0","0","0","0","0","0","0"
"05/14/2026 07:57:00.326","5191.2235237261174916","34.463737354023919579","19.693564202299381094","14.770173151724536709","1000000000","2855.5668093334106743","16.739529571954474108","2.9540346303449074306","0","0","0","2335.6567143927068173","14.770173151724536709","0","0","0","0","0","0","0","0","0","0","0","0","0","0","0","0","0","0","0","0","0","0","0","0","0","0","0","0","100.00690329031891679","0","0","100","2.6858358346529271898","2.762046118818589413","122.00549871232685462","7823.9779270269536937","3994623.4687460693531","779.93587390879133636","0","100","3500","0","1.6184128971189148949","0","0","7823.9779270269536937","0","0","97.746504089091629908","98.33349056947517397","30","1938.0224745612390507","0.28851026601006957151","0.1923368947483588276","8741.7812533943688322","1.3944646444194923607","0.62510721765099441782","1.666509430524831803","181.18079066115433307","1.969356420229938287","535.66494630254317144","2.9540346303449074306","539.60365914300314216","2.9540346303449074306","0","0","0","0","0","0","0","0","0","0","0","0","0","0","0","0","0","0","0","0","0","0","0","0","0","0","0","0","0","0","0","0","0","0","0","0","0","0"
"05/14/2026 07:57:01.311","4957.7681007270648479","35.535917166792394539","18.275614542921804428","17.260302623870593663","1000000000","2794.1384012289336169","17.260302623870593663","1.0153119190512114312","0","0","0","2163.6296994981312309","17.260302623870593663","0","0","0","0","0","0","0","0","0","0","0","0","0","0","0","0","0","0","0","0","0","0","0","0","0","0","0","0","100.05396234683789203","0","0","100","5.1507931606150245685","6.1865650294184568736","121.97907721884011778","19554.331103007916681","1553724.0648379053455","847.22905812814190085","0","100","3500","0","4.3665514311856608032","0","0","19560.426276087975566","0","0","94.96422200914048517","95.534250090487503826","30","2028.6767734794955231","0.24801143367857927946","0.099208636901163466115","22040.145857491806964","2.7777300889149536545","1.3392658052940598079","4.4657499095124952859","186.81739310542289445","2.0306238381024228623","552.32968396385899723","3.0459357571536340714","556.3909316400638545","3.0459357571536340714","0","0","0","0","0","0","0","0","0","0","0","0","0","0","0","0","0","0","0","0","0","0","0","0","0","0","0","0","0","0","0","0","0","0","0","0","0","0"
"05/14/2026 07:57:02.326","7242.9456419393154647","48.286304279595434252","23.65043474918959987","24.635869530405834382","1000000000","3364.2743430722207449","23.65043474918959987","0","0","0","0","3878.6712988670947198","24.635869530405834382","0","0","0","0","0","0","0","0","0","0","0","0","0","0","0","0","0","0","0","0","0","0","0","0","0","0","0","0","99.916936864730956813","0","0","100","2.1910309210132439262","2.5452676323509484391","122.05933484504913622","5590.7138616915681268","5611710.5662374310195","817.24066664388897152","0","100","3500","0","1.1045939742795773952","0","0","5571.021315507377949","0","0","97.854222031423390149","98.510781173537552036","2","896.99547868985894183","0.19230750295634260749","0.048069491036447933863","6585.1874439931680172","1.1057853729717914693","0.62500184617565945899","1.489218826462446188","181.31999974378695129","1.9708695624324668039","536.07652098163100618","2.9563043436486999838","540.01826010649585896","2.9563043436486999838","0","0","0","0","0","0","0","0","0","0","0","0","0","0","0","0","0","0","0","0","0","0","0","0","0","0","0","0","0","0","0","0","0","0","0","0","0","0"
"05/14/2026 07:57:03.326","9818.0078544062835135","89.000071200056964926","50.000040000032001331","39.000031200024963596","1000000000","6185.0049480039588161","50.000040000032001331","0","0","0","0","3633.0029064023251522","39.000031200024963596","0","0","0","0","0","0","0","0","0","0","0","0","0","0","0","0","0","0","0","0","0","0","0","0","0","0","0","0","99.999269998393998549","0","0","100","0.26838240000000002095","0.99412319999999998466","121.99607304142941189","2921.004381506572372","10865874.118452584371","857.00128550192823695","0","100","3500","0","0.92752204054848963466","0","0","2921.004381506572372","0","0","99.185198207436059192","99.121308066877745091","1","130.00019500029250707","0","0","3611.0054165081246538","0.048830107426236342427","0.53711118164459958901","0.87869193312225535308","184.00014720011776603","2.0000016000012799111","544.00043520034819267","3.0000024000019198667","548.00043840035073117","3.0000024000019198667","0","0","0","0","0","0","0","0","0","0","0","0","0","0","0","0","0","0","0","0","0","0","0","0","0","0","0","0","0","0","0","0","0","0","0","0","0","0"
"05/14/2026 07:57:04.311","7603.0051316984281584","66.007123488766907826","36.55779147070167312","29.449332018065234706","1000000000","4552.4605323098776353","35.542297263182177858","1.0154942075194908213","0","0","0","3050.5445993885505231","29.449332018065234706","0","0","0","0","0","0","0","0","0","0","0","0","0","0","0","0","0","0","0","0","0","0","0","0","0","0","0","0","100.03513507858210119","0","0","100","0.26064516129032255787","0.26171609653042982035","121.89788199697427729","2687.6881940401176507","11864378.716981131583","852.21859213894879304","0","100","3500","0","0.20968297981220906934","0","0","2698.8615009692339299","0","0","99.803938338597333768","99.790317020187785602","0","112.74882446653553814","0","0","3309.330361369124148","0.099198952712592616821","0","0.20968297981220906934","186.85093418358633244","2.0309884150389816426","552.42884889060303522","3.0464826225584724639","556.49082572068095942","3.0464826225584724639","0","0","0","0","0","0","0","0","0","0","0","0","0","0","0","0","0","0","0","0","0","0","0","0","0","0","0","0","0","0","0","0","0","0","0","0","0","0"
"05/14/2026 07:57:05.326","4807.7036728846687765","36.444383506808598838","20.684650098458931211","15.759733408349662298","1000000000","2785.5328799258031722","16.744716746371516081","3.9399333520874155745","0","0","0","2022.1707929588660591","15.759733408349662298","0","0","0","0","0","0","0","0","0","0","0","0","0","0","0","0","0","0","0","0","0","0","0","0","0","0","0","0","99.967385360576400899","0","0","100","0.64394932560191608939","0.67815769570150008505","122.03176403857061416","3436.7235675829720094","9268743.0866322442889","802.55865546708378133","0","100","3500","0","0.46801810624553796814","0","0","3425.8914875705331724","0","0","99.427234937368950796","99.483896964918287154","38","507.13829149147011321","0.096169857672352671019","0.048084928836176335509","4026.5795609876140588","0.33657480702266451278","0.19233971534470534204","0.46801810624553796814","181.23693419602113863","1.9699666760437077873","535.83093588388851458","2.9549500140655617919","539.77086923597596524","2.9549500140655617919","0","0","0","0","0","0","0","0","0","0","0","0","0","0","0","0","0","0","0","0","0","0","0","0","0","0","0","0","0","0","0","0","0","0","0","0","0","0"
"05/14/2026 07:57:06.311","3567.049562487964522","19.297819387036252436","11.172421750389409212","8.1253976366468432246","1000000000","2059.7883008899748347","8.1253976366468432246","3.0470241137425664313","0","0","0","1507.2612615979894599","8.1253976366468432246","0","0","0","0","0","0","0","0","0","0","0","0","0","0","0","0","0","0","0","0","0","0","0","0","0","0","0","0","100.02349687312795368","0","0","100","2.7252950325953930744","2.7782586860099045545","122.0014273479874447","7253.2360708915439318","4309322.1864501675591","830.97298403211254936","0","100","3500","0","2.1340605817045554815","0","0","7267.4581024030967455","0","0","97.73585837186071501","97.865939418295440078","29","1969.7513643499585214","0.49602478214091361153","0.0992090198736004375","8144.1447591509122503","1.4384799950994848761","0.44642027220411339972","2.1340605817045554815","186.8841456428773995","2.0313494091617108062","552.5270392919853748","3.0470241137425664313","556.58973811030875822","3.0470241137425664313","0","0","0","0","0","0","0","0","0","0","0","0","0","0","0","0","0","0","0","0","0","0","0","0","0","0","0","0","0","0","0","0","0","0","0","0","0","0"
"05/14/2026 07:57:07.311","3888.5734234954420572","23.997367488786476741","12.998574056426008383","10.998793432360468358","1000000000","2161.7628546148484929","10.998793432360468358","1.9997806240655398025","0","0","0","1726.8105688805935642","10.998793432360468358","0","0","0","0","0","0","0","0","0","0","0","0","0","0","0","0","0","0","0","0","0","0","0","0","0","0","0","0","99.998360184151323438","0","0","100","2.7991127280173806469","2.8308295817054949239","121.99979316050745126","6877.2345637930502562","4545136.6094794999808","777.91341823655034204","0","100","3500","0","1.4270897378224400853","0","0","6877.2345637930502562","0","0","97.680790447232780593","98.475271227041204725","29","1926.7855487684221316","0.19528806914983445897","0.14646355214309433879","7659.1475368791461733","1.6111490679596680575","0.19528806914983445897","1.5735532899655346739","183.97981741402966804","1.9997806240655398025","543.94032974582682982","2.9996709360983095927","547.93989099395787434","2.9996709360983095927","0","0","0","0","0","0","0","0","0","0","0","0","0","0","0","0","0","0","0","0","0","0","0","0","0","0","0","0","0","0","0","0","0","0","0","0","0","0"
"05/14/2026 07:57:08.326","3718.9172238558689969","21.667420266109406413","11.818592872423312912","9.8488273936860935009","1000000000","2097.8002348551381147","8.8639446543174837956","2.9546482181058282279","0","0","0","1621.1169890007311096","9.8488273936860935009","0","0","0","0","0","0","0","0","0","0","0","0","0","0","0","0","0","0","0","0","0","0","0","0","0","0","0","0","99.982826215978263917","0","0","100","1.5541198251073384817","1.5537432544215543651","122.01212721197872213","3981.2849082517177521","7942412.106957167387","746.42937433955034976","0","100","3500","0","0.80522792043693502961","0","0","3967.4986137388500538","0","0","98.714053837252592416","99.050528049545576437","0","842.93343592962412458","0.096169251580475581531","0","4569.1718956932900255","0.81739924902114835525","0.096169251580475581531","0.94947195045441690198","181.21842404382411473","1.9697654787372187446","535.77621021652350919","2.9546482181058282279","539.71574117399791248","2.9546482181058282279","0","0","0","0","0","0","0","0","0","0","0","0","0","0","0","0","0","0","0","0","0","0","0","0","0","0","0","0","0","0","0","0","0","0","0","0","0","0"
"05/14/2026 07:57:09.311","3677.5616334345500036","20.312408911541286471","11.171824901347706671","9.140584010193578024","1000000000","2059.6782636302864375","9.140584010193578024","2.0312408911541286471","0","0","0","1617.883369804263566","9.140584010193578024","0","0","0","0","0","0","0","0","0","0","0","0","0","0","0","0","0","0","0","0","0","0","0","0","0","0","0","0","100.01701416533379074","0","0","100","0.19826169770507043322","0.19978775029944109698","121.9524281466798783","1940.120368724446962","16433518.181818181649","747.60659234617435231","0","100","3500","0","0.059625761498172114017","0","0","1954.3411462962492351","0","0","99.847360082106803247","99.940364080791184165","0","68.056578379339242701","0","0","2513.0145509027656772","0","0","0.059635919208822496529","186.87416198617984264","2.0312408911541286471","552.4975223939229636","3.0468613367311929707","556.56000417623124576","3.0468613367311929707","0","0","0","0","0","0","0","0","0","0","0","0","0","0","0","0","0","0","0","0","0","0","0","0","0","0","0","0","0","0","0","0","0","0","0","0","0","0"
"05/14/2026 07:57:10.326","5597.9020276538722101","44.318365806548953856","23.63646176349277539","20.681904043056178466","1000000000","3266.755986229397422","21.666756616535046476","1.9697051469577313565","0","0","0","2331.1460414244752428","20.681904043056178466","0","0","0","0","0","0","0","0","0","0","0","0","0","0","0","0","0","0","0","0","0","0","0","0","0","0","0","0","99.985869273547720582","0","0","100","0.47816510292345143496","0.48566476811696956961","122.03128712871287576","2876.3569270424522983","11095489.06410695985","848.82563201321261204","0","100","3500","0","0","0","0","2862.570895896066304","0","0","99.592316232856646252","100.44332076995226544","0","110.28824917109027126","0","0","3429.7676059188161162","0.14425157616683118023","0.096157870248420138082","0","181.21287352011128746","1.9697051469577313565","535.75979997250294673","2.9545577204365969237","539.69921026641839035","2.9545577204365969237","0","0","0","0","0","0","0","0","0","0","0","0","0","0","0","0","0","0","0","0","0","0","0","0","0","0","0","0","0","0","0","0","0","0","0","0","0","0"
"05/14/2026 07:57:11.310","4815.5280006549355676","33.518756385069160331","19.298677918676183651","14.220078466392976679","1000000000","2918.163245281930358","17.267238137762898731","2.0314397809132822559","0","0","0","1897.3647553730056643","14.220078466392976679","0","0","0","0","0","0","0","0","0","0","0","0","0","0","0","0","0","0","0","0","0","0","0","0","0","0","0","0","100.01654871096310728","0","0","100","1.3867496883436460919","1.4224792405174389032","121.99163763066202648","5021.4761311248321363","6293791.6312916921452","762.92303752270868245","0","100","3500","0","1.9337001139920761972","0","0","5032.6507694906777033","0","0","98.846801705096282831","98.066310044823751468","26","1075.8129117663761463","0.2976228269404074811","0.099210995252074246631","6563.5762256114785487","0.89285832200540704573","0.19842199050414849326","1.9336899551762543048","186.89245984402197109","2.0314397809132822559","552.55162040841275939","3.0471596713699238279","556.6144999702394216","3.0471596713699238279","0","0","0","0","0","0","0","0","0","0","0","0","0","0","0","0","0","0","0","0","0","0","0","0","0","0","0","0","0","0","0","0","0","0","0","0","0","0"
"05/14/2026 07:57:12.310","3322.0664993136929297","17.994943420898728448","9.9971907893881812868","7.9977526315105453847","1000000000","1793.4960276162398713","7.9977526315105453847","1.9994381578776363462","0","0","0","1528.5704716974530584","7.9977526315105453847","0","0","0","0","0","0","0","0","0","0","0","0","0","0","0","0","0","0","0","0","0","0","0","0","0","0","0","0","100.02415971008346673","0","0","100","2.9122271999999997938","2.9768623999999999086","121.97587992396933032","7145.8749471884239028","4369427.6518331933767","774.98643773733954276","0","100","3500","0","1.6613300640392347773","0","0","7145.8749471884239028","0","0","97.584218989372132569","98.192171693939684474","32","2020.9646331189203465","0.097658828094062857805","0.14647824226109287804","7964.8606149392389852","1.2695247657028114752","0.58592296892437290001","1.8078283060603217436","183.94831052474253852","1.9994381578776363462","543.84717894271716432","2.9991572368164547413","535.84942631120657097","1.9994381578776363462","0","0","0","0","0","0","0","0","0","0","0","0","0","0","0","0","0","0","0","0","0","0","0","0","0","0","0","0","0","0","0","0","0","0","0","0","0","0"
"05/14/2026 07:57:13.311","3648.5903419173223483","20.003236523669528424","10.001618261834764212","10.001618261834764212","1000000000","2002.3239760193198435","9.0014564356512885013","1.0001618261834763768","0","0","0","1646.2663658980022774","10.001618261834764212","0","0","0","0","0","0","0","0","0","0","0","0","0","0","0","0","0","0","0","0","0","0","0","0","0","0","0","0","99.976592453110910697","0","0","100","2.544251043883085206","2.5929735869582608565","122.03215845759903857","6221.3592000024000299","5033533.1083252979442","827.91472478334731022","0","100","3500","0","1.6704649352747846791","0","0","6221.3592000024000299","0","0","97.850315286957922467","98.036605763715968465","0","1685.8263598849318896","0.097639767352381473531","0.19529953260898258449","7013.2776324038622988","1.6111511513593375078","0.34176418311360967639","1.9633942362840328677","184.02977601775967287","2.0003236523669527536","544.08803344381124134","3.0004854785504293524","548.08868074854512997","3.0004854785504293524","0","0","0","0","0","0","0","0","0","0","0","0","0","0","0","0","0","0","0","0","0","0","0","0","0","0","0","0","0","0","0","0","0","0","0","0","0","0"
"05/14/2026 07:57:14.326","4452.8613129658424441","27.571896674711098285","14.770658932880945002","12.801237741830151506","1000000000","2446.0211192850842963","11.816527146304755647","2.9541317865761889117","0","0","0","2006.8401936807576931","12.801237741830151506","0","0","0","0","0","0","0","0","0","0","0","0","0","0","0","0","0","0","0","0","0","0","0","0","0","0","0","0","100.00208764731206657","0","0","100","0.36416535624135354388","0.38284325002284708139","122.06834170854271804","2103.3905059688136134","15179659.653233364224","742.48897073992770856","0","100","3500","0","0","0","0","2097.4821056711484744","0","0","99.689255667076182021","100.34916886033758487","1","69.916070189038279636","0","0","2659.7648673322873947","0.048084819928602459682","0","0","181.18674957667292347","1.9694211910507926078","535.6825639658155751","2.9541317865761889117","539.62140634791717275","2.9541317865761889117","0","0","0","0","0","0","0","0","0","0","0","0","0","0","0","0","0","0","0","0","0","0","0","0","0","0","0","0","0","0","0","0","0","0","0","0","0","0"
"05/14/2026 07:57:15.311","3677.5000068553231358","20.312068527231829762","11.171637689977506724","9.140430837254324814","1000000000","2059.6437486613076544","9.140430837254324814","2.0312068527231832427","0","0","0","1617.856258194015254","9.140430837254324814","0","0","0","0","0","0","0","0","0","0","0","0","0","0","0","0","0","0","0","0","0","0","0","0","0","0","0","0","99.990403214283432476","0","0","100","0.13766630054009085238","0.11743076633108674722","121.70420168067226996","1723.373473616137062","18528534.196586225182","770.79579639048210993","0","100","3500","0","0.2814143163935356462","0","0","1730.4822622521494395","0","0","99.897888168909929618","99.718585683606463022","0","79.21221622985191857","0","0","2281.9211521599645494","0","0","0.2814143163935356462","186.87103045053285655","2.0312068527231832427","552.48826394070579227","3.0468102790847746419","556.55067764615216674","3.0468102790847746419","0","0","0","0","0","0","0","0","0","0","0","0","0","0","0","0","0","0","0","0","0","0","0","0","0","0","0","0","0","0","0","0","0","0","0","0","0","0"
"05/14/2026 07:57:16.326","3639.4166453423440544","18.714185727064826636","10.834528578827006484","7.8796571482378228168","1000000000","2177.7402443442283584","7.8796571482378228168","2.9548714305891832232","0","0","0","1461.6764009981161507","7.8796571482378228168","0","0","0","0","0","0","0","0","0","0","0","0","0","0","0","0","0","0","0","0","0","0","0","0","0","0","0","0","99.998650669184357298","0","0","100","0.20312049405984125561","0.20908507845358892396","122.16129032258064058","2837.5125661622541884","11273664.129301356152","785.95453932574764622","0","100","3500","0","0.35450958669996923689","0","0","2825.6937009092353037","0","0","99.824705183528195107","99.645490413300024102","1","115.23393621693291777","0","0","3411.7124363714156061","0","0.096186603981550211628","0.35450958669996923689","181.23211440946991502","1.9699142870594557042","535.8166860801719622","2.9548714305891832232","539.75651465429086784","2.9548714305891832232","0","0","0","0","0","0","0","0","0","0","0","0","0","0","0","0","0","0","0","0","0","0","0","0","0","0","0","0","0","0","0","0","0","0","0","0","0","0"
"05/14/2026 07:57:17.311","3742.7099678066006163","21.328876342995553017","12.187929338854601724","9.140947004140951293","1000000000","2124.7623480736519923","9.140947004140951293","3.046982334713650431","0","0","0","1617.9476197329483966","9.140947004140951293","0","0","0","0","0","0","0","0","0","0","0","0","0","0","0","0","0","0","0","0","0","0","0","0","0","0","0","0","100.00955829600670199","0","0","100","1.5959854839050440223","1.6488297901731951978","121.99194421065287486","5277.8269004823887371","5976825.8269230769947","796.34647613129197907","0","100","3500","0","1.0031335161903465192","0","0","5289.0001291015778406","0","0","98.657196538576357625","98.996866483809654369","29","1326.5669615146266551","0.14879859532663317068","0.049589374181488378446","6020.3387296303153562","1.0415495369102083512","0.39677593901624313988","1.0031335161903465192","186.88158319577055977","2.031321556475766954","552.51946336140861149","3.046982334713650431","556.58210647436010277","3.046982334713650431","0","0","0","0","0","0","0","0","0","0","0","0","0","0","0","0","0","0","0","0","0","0","0","0","0","0","0","0","0","0","0","0","0","0","0","0","0","0"
"05/14/2026 07:57:18.311","4022.2518611538253026","22.995722795560023854","12.997582449664362159","9.9981403458956634722","1000000000","2376.5579602193993196","8.9983263113060960592","3.9992561383582652113","0","0","0","1645.6939009344262104","9.9981403458956634722","0","0","0","0","0","0","0","0","0","0","0","0","0","0","0","0","0","0","0","0","0","0","0","0","0","0","0","0","100.01524994052523709","0","0","100","2.9535963879324689252","3.0403125679982592189","122.00243965074473351","7094.9205368899856694","4395415.1288913935423","772.99134249696396637","0","100","3500","0","1.9535123813017141181","0","0","7103.9204360911153344","0","0","97.523719657493330715","97.802348570840564435","32","2043.9771074563961974","0.34178866702419863355","0.097659619127485400303","7935.9111177954800951","1.6113237158375082192","0.5371079052791694064","2.1976514291594306805","183.96578236448019084","1.9996280691791326056","543.89883481672404741","2.9994421037686991305","547.89809095508235259","2.9994421037686991305","0","0","0","0","0","0","0","0","0","0","0","0","0","0","0","0","0","0","0","0","0","0","0","0","0","0","0","0","0","0","0","0","0","0","0","0","0","0"
"05/14/2026 07:57:19.326","3630.0290185603339523","20.686732534536503181","11.820990019735143406","8.8657425148013579985","1000000000","2060.7925934404934196","8.8657425148013579985","2.9552475049337858515","0","0","0","1569.2364251198403053","8.8657425148013579985","0","0","0","0","0","0","0","0","0","0","0","0","0","0","0","0","0","0","0","0","0","0","0","0","0","0","0","0","99.965731254651629456","0","0","100","2.7712391730127743372","2.8160913020116886685","122.00771489042124074","6192.0468043110349754","5054443.5987261142582","809.45650018188143804","0","100","3500","0","1.8150815172703671507","0","0","6172.3519989538117443","0","0","97.661955764564268634","97.896420944663262276","0","1539.1490386670081989","0.33658210230087054482","0.048084564234498271273","7999.0451958362809819","1.4905624072257421808","0.28849753806637223885","2.1035790553367350597","181.25518030260553815","1.9701650032891906417","535.88488089465988651","2.9552475049337858515","539.82521090123827889","2.9552475049337858515","0","0","0","0","0","0","0","0","0","0","0","0","0","0","0","0","0","0","0","0","0","0","0","0","0","0","0","0","0","0","0","0","0","0","0","0","0","0"
"05/14/2026 07:57:20.311","3993.2046462540652101","22.342447156050212698","13.202355137666033968","9.1400920183841769528","1000000000","2375.4083590000659569","9.1400920183841769528","4.0622631192818570156","0","0","0","1617.7962872539994805","9.1400920183841769528","0","0","0","0","0","0","0","0","0","0","0","0","0","0","0","0","0","0","0","0","0","0","0","0","0","0","0","0","100.02276341106211532","0","0","100","0.61755232185865704952","0.5993050838092328636","121.98445767195767075","2393.1651366222017714","13284449.745762711391","726.27889332974291392","0","100","3500","0","0.15891725393423206114","0","0","2407.3859820860006948","0","0","99.523745965614551778","99.841082746065765718","1","88.372396810751936869","0","0","2956.9200817942401045","0.14880018235107336788","0.09920012156738222675","0.15891725393423206114","186.86410348696540495","2.0311315596409285078","552.46778422233251149","3.0466973394613927617","556.53004734161436318","3.0466973394613927617","0","0","0","0","0","0","0","0","0","0","0","0","0","0","0","0","0","0","0","0","0","0","0","0","0","0","0","0","0","0","0","0","0","0","0","0","0","0"
"05/14/2026 07:57:21.326","4116.0592795271113573","22.653592588926432683","13.78914331499869661","8.8644492739277342963","1000000000","2547.0517580419023034","8.8644492739277342963","4.9246940410709632019","0","0","0","1569.0075214852088266","8.8644492739277342963","0","0","0","0","0","0","0","0","0","0","0","0","0","0","0","0","0","0","0","0","0","0","0","0","0","0","0","0","99.976159405247571499","0","0","100","0.1842279415240430096","0.20593583275296462043","122.04205607476635009","2257.0153591273815437","14177485.839160840958","757.26213401786935719","0","100","3500","0","0.035263597607781971277","0","0","2243.2290523962369662","0","0","99.816503245511441378","100.01282133596352253","0","66.962061265559313483","0","0","2772.032389155139299","0","0.048075086155044813307","0","181.22874071141146146","1.9698776164283853252","535.80671166852084752","2.9548164246425780988","539.74646690137763017","2.9548164246425780988","0","0","0","0","0","0","0","0","0","0","0","0","0","0","0","0","0","0","0","0","0","0","0","0","0","0","0","0","0","0","0","0","0","0","0","0","0","0"
"05/14/2026 07:57:22.310","4253.8409502276226704","29.455918709790132937","15.235820022305240684","14.220098687484890476","1000000000","2338.19051275644415","14.220098687484890476","1.0157213348203493197","0","0","0","1915.6504374711789751","14.220098687484890476","0","0","0","0","0","0","0","0","0","0","0","0","0","0","0","0","0","0","0","0","0","0","0","0","0","0","0","0","100.0188750874547452","0","0","100","0.23252559499526215259","0.23566574618411492703","122.02270815811606042","2319.2482263033630261","13747910.931351114064","721.27299197345064385","0","100","3500","0","0","0","0","2331.4387557451677822","0","0","99.818736175750828465","100.10009485290180464","1","111.74651988321066653","0","0","2888.1396002542537644","0.049605517783369870721","0","0","186.89272560694428194","2.0314426696406986395","552.55240614227000151","3.0471640044610479592","556.6152914815514805","3.0471640044610479592","0","0","0","0","0","0","0","0","0","0","0","0","0","0","0","0","0","0","0","0","0","0","0","0","0","0","0","0","0","0","0","0","0","0","0","0","0","0"
"05/14/2026 07:57:23.310","4290.708332679515479","28.98451936820544006","13.992526591547452597","14.991992776657985686","1000000000","2268.7882402009086036","13.992526591547452597","0","0","0","0","2021.9200924786068754","14.991992776657985686","0","0","0","0","0","0","0","0","0","0","0","0","0","0","0","0","0","0","0","0","0","0","0","0","0","0","0","0","100.04984833506560449","0","0","100","2.3125814889175071443","2.3844133197885089004","122.0019644757305457","6650.6787722153021605","4718573.9588031871244","848.95899528052791538","0","100","3500","0","1.7122728100881445812","0","0","6648.6788688106362315","0","0","98.086373915111238375","98.287727189911862524","28","1826.911760161984148","0.19530347686387275474","0.14647510773140176576","7441.6405687605292769","1.2694875991141896243","0.63474879939010042662","1.7122728100881445812","183.9017780603379606","1.998932370221064847","543.70960470012960286","2.9983985553315970485","547.70746944057168548","2.9983985553315970485","0","0","0","0","0","0","0","0","0","0","0","0","0","0","0","0","0","0","0","0","0","0","0","0","0","0","0","0","0","0","0","0","0","0","0","0","0","0"
"05/14/2026 07:57:24.311","3762.2039052496797922","22.007042253521127861","11.003521126760563931","11.003521126760563931","1000000000","2034.6510883482715144","11.003521126760563931","0","0","0","0","1727.5528169014085051","11.003521126760563931","0","0","0","0","0","0","0","0","0","0","0","0","0","0","0","0","0","0","0","0","0","0","0","0","0","0","0","0","99.9571748863454701","0","0","100","3.0651057790918501134","3.1191352721233736034","121.99818523153942351","7232.2095194995181373","4310786.1330015202984","828.90940020255777654","0","100","3500","0","2.3060668777692416853","0","0","7232.2095194995181373","0","0","97.408535686078224103","97.303357686887920863","28","1970.7845932439581702","0.19529771653054386893","0.14647328739790790864","8095.1152039082116971","1.8552583150262553779","0.53704872274073522931","2.6966423131120742518","184.05889884763124087","2.0006402048655571591","544.17413572343150463","3.0009603072983352945","548.17541613316257099","3.0009603072983352945","0","0","0","0","0","0","0","0","0","0","0","0","0","0","0","0","0","0","0","0","0","0","0","0","0","0","0","0","0","0","0","0","0","0","0","0","0","0"
"05/14/2026 07:57:25.326","4425.1443933578120777","27.577129537952089322","13.788564768976044661","13.788564768976044661","1000000000","2271.1735969470541932","12.80366728547775601","0.98489748349828887264","0","0","0","2153.9707964107578846","13.788564768976044661","0","0","0","0","0","0","0","0","0","0","0","0","0","0","0","0","0","0","0","0","0","0","0","0","0","0","0","0","99.980078867203445725","0","0","100","1.829122719666722352","1.8723186684019625936","122.01571164510166057","4802.5579504884544804","6565572.7067514872178","767.1094204286458762","0","100","3500","0","0.80554049735870325577","0","0","4792.7105895073418651","0","0","98.452247134306148268","99.002131452888690433","1","1083.2097079223497076","0.28848715096781946121","0","5483.9953303814236278","0.91356562181654532573","0.3846560995052212828","0.9978685471113135641","181.22113696368515434","1.9697949669965777453","535.78423102306919645","2.9546924504948663959","539.72382095706234395","2.9546924504948663959","0","0","0","0","0","0","0","0","0","0","0","0","0","0","0","0","0","0","0","0","0","0","0","0","0","0","0","0","0","0","0","0","0","0","0","0","0","0"
"05/14/2026 07:57:26.311","5517.9874915460432021","37.578784683821751855","19.297213756557116682","18.281570927264635174","1000000000","2616.2959282574279314","15.234642439387197754","4.0625713171699189274","0","0","0","2901.691563288614816","18.281570927264635174","0","0","0","0","0","0","0","0","0","0","0","0","0","0","0","0","0","0","0","0","0","0","0","0","0","0","0","0","100.01575463641884767","0","0","100","0.23890025629482519731","0.24224330293658288826","121.95421095666394251","2087.4122944013165579","15270709.956289460883","771.98702858637500412","0","100","3500","0","0.0098631540700888642448","0","0","2099.6015632737330634","0","0","99.810609157943630976","99.890936472450562178","1","98.529923385366274147","0","0","2660.3079314048895867","0","0.049600186739674992364","0.10906352754943560157","186.87828058981628487","2.0312856585849594637","552.50969913510903098","3.0469284878774396397","556.57227045227898543","3.0469284878774396397","0","0","0","0","0","0","0","0","0","0","0","0","0","0","0","0","0","0","0","0","0","0","0","0","0","0","0","0","0","0","0","0","0","0","0","0","0","0"
"05/14/2026 07:57:27.326","4253.7533784296192607","21.667648605105725323","11.81871742096675959","9.8489311841389657332","1000000000","2252.4505618125817819","7.8791449473111727642","3.9395724736555863821","0","0","0","2001.3028166170379336","9.8489311841389657332","0","0","0","0","0","0","0","0","0","0","0","0","0","0","0","0","0","0","0","0","0","0","0","0","0","0","0","0","99.97972426976350846","0","0","100","0.17811871219438407676","0.17901840510130603845","122.06451612903225623","2085.6638673998331797","15348069.157994322479","714.91594321637342091","0","100","3500","0","0.46849836898047447775","0","0","2073.8470749499756494","0","0","99.842156542029840693","99.531501631019523302","1","52.190833320203566359","0","0","2594.7706754478563198","0","0","0.37233882271566764999","181.22033378815697802","1.969786236827793191","535.78185641715981546","2.9546793552416898976","539.72142889081533212","2.9546793552416898976","0","0","0","0","0","0","0","0","0","0","0","0","0","0","0","0","0","0","0","0","0","0","0","0","0","0","0","0","0","0","0","0","0","0","0","0","0","0"
"05/14/2026 07:57:28.311","5468.3897033510220353","33.492364552818067125","17.253642345391124735","16.23872220742694239","1000000000","3177.7149519658596546","13.193961793534390026","4.0596805518567355975","0","0","0","2290.6747513851628355","16.23872220742694239","0","0","0","0","0","0","0","0","0","0","0","0","0","0","0","0","0","0","0","0","0","0","0","0","0","0","0","0","100.0684896588130357","0","0","100","0.57249255455524739045","0.59743256043686443491","121.95127610208817259","3206.1307475758521832","9927990.3133903127164","784.01423412371173072","0","100","3500","0","0","0","0","3218.3174973290706475","0","0","99.552247839945437136","100.11837417899241132","39","441.76967855416398834","0.099180013043908332726","0","3829.6861099488564832","0.099180013043908332726","0.19836002608781666545","0","186.74530538540983571","2.0298402759283677987","552.11655505251599152","3.0447604138925514761","556.17623560437277774","3.0447604138925514761","0","0","0","0","0","0","0","0","0","0","0","0","0","0","0","0","0","0","0","0","0","0","0","0","0","0","0","0","0","0","0","0","0","0","0","0","0","0"
"05/14/2026 07:57:29.326","4735.3043696955110136","31.535845958430041236","16.753418165415958185","14.782427793014081274","1000000000","2461.7669751299449672","13.796932606813141931","2.9564855586028162548","0","0","0","2273.5373945655655916","14.782427793014081274","0","0","0","0","0","0","0","0","0","0","0","0","0","0","0","0","0","0","0","0","0","0","0","0","0","0","0","0","99.936050354461087863","0","0","100","2.5128314637198321257","2.5934008264332564231","122.01549870226176608","6781.9566466917722209","4618404.6048808833584","786.92758650983535063","0","100","3500","0","1.8945956590866397384","0","0","6770.1379595351791068","0","0","97.83500952054903621","98.153506923511869786","29","1883.1108202838613579","0.38473201966532855067","0.096175618156105091572","7539.3375153101251271","1.2984545617233251846","0.48090763782143364224","1.8464930764881315461","181.33111426097272556","1.9709903724018775772","536.10938129331066193","2.9564855586028162548","540.05136203811446194","2.9564855586028162548","0","0","0","0","0","0","0","0","0","0","0","0","0","0","0","0","0","0","0","0","0","0","0","0","0","0","0","0","0","0","0","0","0","0","0","0","0","0"
"05/14/2026 07:57:30.311","3891.9203368368735028","20.302140515580976654","10.151070257790488327","10.151070257790488327","1000000000","1999.7608407847262697","8.1208562062323910169","2.0302140515580977542","0","0","0","1892.1594960521472331","10.151070257790488327","0","0","0","0","0","0","0","0","0","0","0","0","0","0","0","0","0","0","0","0","0","0","0","0","0","0","0","0","100.06348458883674368","0","0","100","3.1476893975711739415","3.2366244744937509026","121.94173450027541605","7434.3219454500158463","4189557.8509011464193","818.69975242966427231","0","100","3500","0","2.0452601441008799732","0","0","7443.4637540999747216","0","0","97.403256850825130186","97.657144418500976712","34","1960.410077157880778","0.54556116262730303124","0.14879771869907582049","8339.3610017959599645","1.9838883223806336176","0.44637284102879970504","2.342855581499025952","186.77969274334500938","2.0302140515580977542","552.21822202380258204","3.0453210773371468534","556.2786501269188193","3.0453210773371468534","0","0","0","0","0","0","0","0","0","0","0","0","0","0","0","0","0","0","0","0","0","0","0","0","0","0","0","0","0","0","0","0","0","0","0","0","0","0"
"05/14/2026 07:57:31.326","4872.4703552794526331","35.471978319526854762","17.735989159763427381","17.735989159763427381","1000000000","2463.3318277449202469","15.765323697567490413","1.9706654621959363016","0","0","0","2409.1385275345319315","17.735989159763427381","0","0","0","0","0","0","0","0","0","0","0","0","0","0","0","0","0","0","0","0","0","0","0","0","0","0","0","0","99.938720083820442142","0","0","100","1.9593016568317720427","1.9488359634126164455","122.09591070723034534","4591.8085994737593865","6861506.2043795622885","787.78616332382739529","0","100","3500","0","0.75740715940064706757","0","0","4582.946005136365784","0","0","98.348524476516104187","98.954095700263124513","3","992.6105657880225408","0.096168995887756222873","0.14424364650459278736","6188.0603129086639456","1.1059040634010304238","0.096168995887756222873","1.0459042997368772632","181.30122252202613709","1.9706654621959363016","536.02100571729465628","2.9559981932939045635","539.96233664168653377","2.9559981932939045635","0","0","0","0","0","0","0","0","0","0","0","0","0","0","0","0","0","0","0","0","0","0","0","0","0","0","0","0","0","0","0","0","0","0","0","0","0","0"
"05/14/2026 07:57:32.311","4138.5957313050994344","23.358945231906083961","12.187275773168391169","11.171669458737692793","1000000000","2136.8356855621914292","10.156063144306992641","2.0312126288613985281","0","0","0","2001.7600457429082326","11.171669458737692793","0","0","0","0","0","0","0","0","0","0","0","0","0","0","0","0","0","0","0","0","0","0","0","0","0","0","0","0","100.02119912058692819","0","0","100","0.20542352828370324946","0.20843334920585906977","122.00760456273764021","2059.9749308770738025","15478280.216535434127","749.63584762686423346","0","100","3500","0","0.059737435635731639394","0","0","2071.1483649202928063","0","0","99.840615524135301939","99.940272722064591449","0","71.103671184119917825","0","0","2635.9146674684452591","0","0.049589893006910891471","0.059727277935406331011","186.87156185524867169","2.0312126288613985281","552.48983505030037122","3.0468189432920977922","556.55226030802316473","3.0468189432920977922","0","0","0","0","0","0","0","0","0","0","0","0","0","0","0","0","0","0","0","0","0","0","0","0","0","0","0","0","0","0","0","0","0","0","0","0","0","0"
"05/14/2026 07:57:33.326","4035.9357831207471463","22.65166496139023522","10.833404981534460632","11.818259979855774588","1000000000","2040.6195565217637977","8.8636949848918309414","1.9697099966426292461","0","0","0","1995.3162265989833486","11.818259979855774588","0","0","0","0","0","0","0","0","0","0","0","0","0","0","0","0","0","0","0","0","0","0","0","0","0","0","0","0","99.986597682314851454","0","0","100","0.22810077519379845512","0.22736339572698052724","122.10499576629975138","2600.6962303100162899","12299499.544937428087","762.18814171145504588","0","100","3500","0","0.17962650763764242967","0","0","2589.86409909706299","0","0","99.805454674366018253","99.820363644957737392","0","114.22974733660049651","0","0","3186.616055010682885","0","0","0.17963635504226749262","181.21331969112188176","1.9697099966426292461","535.76111908679513363","2.9545649949639436471","539.70053908008037524","2.9545649949639436471","0","0","0","0","0","0","0","0","0","0","0","0","0","0","0","0","0","0","0","0","0","0","0","0","0","0","0","0","0","0","0","0","0","0","0","0","0","0"
"05/14/2026 07:57:34.311","4870.5892458567241192","30.460220424369758518","15.230110212184879259","15.230110212184879259","1000000000","2343.4062913148468397","14.214769531372555278","1.0153406808123253136","0","0","0","2527.1829545418777343","15.230110212184879259","0","0","0","0","0","0","0","0","0","0","0","0","0","0","0","0","0","0","0","0","0","0","0","0","0","0","0","0","100.03222794429898101","0","0","100","1.190899251815209503","1.2146009789455209926","121.97291564692446286","4444.6466790282556758","7118703.9023277042434","764.81237415637031063","0","100","3500","0","1.0095990114461494969","0","0","4461.9133594540971899","0","0","99.029271566187688336","99.188786178609845479","32","974.04391343420866178","0.14878889254199867409","0.14878889254199867409","5158.6746989909761396","0.74391399191487928011","0.14878889254199867409","0.81121382139015540957","186.82268526946785414","2.0306813616246506271","552.34533036190498478","3.0460220424369759407","556.40669308515430203","3.0460220424369759407","0","0","0","0","0","0","0","0","0","0","0","0","0","0","0","0","0","0","0","0","0","0","0","0","0","0","0","0","0","0","0","0","0","0","0","0","0","0"
"05/14/2026 07:57:35.326","4345.6763474575536748","27.572838823659978402","13.786419411829989201","13.786419411829989201","1000000000","2270.8202259771396712","11.81693092442570503","1.9694884874042843936","0","0","0","2074.8561214804135489","13.786419411829989201","0","0","0","0","0","0","0","0","0","0","0","0","0","0","0","0","0","0","0","0","0","0","0","0","0","0","0","0","100.01534305414621429","0","0","100","2.8472921616698916303","2.9098343091593190657","122.01129831516352908","6937.8497668459021952","4505670.5681818183511","771.09103867144665401","0","100","3500","0","1.7612605018183180583","0","0","6925.0474890646391941","0","0","97.613012721932648219","97.998312461002242912","30","1945.9462227519520638","0.33659194330121072758","0.19233966016021378231","7701.0624807288795637","1.3463973169548035802","0.57702882839729485731","2.001687538997753979","181.19294084119414379","1.9694884874042843936","535.70086857396529467","2.9542327311064262574","539.63984554877390565","2.9542327311064262574","0","0","0","0","0","0","0","0","0","0","0","0","0","0","0","0","0","0","0","0","0","0","0","0","0","0","0","0","0","0","0","0","0","0","0","0","0","0"
"05/14/2026 07:57:36.310","3858.1991405879198282","20.322355230908190293","10.161177615454095147","10.161177615454095147","1000000000","2001.751990244456465","8.1289420923632746963","2.0322355230908186741","0","0","0","1856.4471503434631359","10.161177615454095147","0","0","0","0","0","0","0","0","0","0","0","0","0","0","0","0","0","0","0","0","0","0","0","0","0","0","0","0","99.966669653293280362","0","0","100","2.9096385346332520605","2.962707528063222906","121.99230357381875933","6871.2457160109270262","4541919.7872026003897","852.30265460277462353","0","100","3500","0","1.3902035802542123122","0","0","6879.3725589630394097","0","0","97.560738741077955183","98.212971264791676163","34","1949.4264531379315031","0.29761632656710024225","0.049604414193506175812","7712.3739615545473498","2.0336997131822585061","0.59522249454026376903","1.7870287352083291665","186.96566812435534644","2.0322355230908186741","552.76806228070267935","3.0483532846362284552","556.83253332688434512","3.0483532846362284552","0","0","0","0","0","0","0","0","0","0","0","0","0","0","0","0","0","0","0","0","0","0","0","0","0","0","0","0","0","0","0","0","0","0","0","0","0","0"
"05/14/2026 07:57:37.311","4441.4439312198110201","26.99662002317309728","13.998247419423087479","12.998372603750009802","1000000000","2414.6976798504824728","9.9987481567307767705","3.9994992626923107082","0","0","0","2026.7462513693285473","12.998372603750009802","0","0","0","0","0","0","0","0","0","0","0","0","0","0","0","0","0","0","0","0","0","0","0","0","0","0","0","0","99.99960005023369547","0","0","100","0.47759541685531131661","0.50657123248004631844","122.0211946050096401","2166.7330584871942847","14707438.071065990254","792.90231443486163698","0","100","3500","0","0.84253417770727700997","0","0","2165.7331816720179631","0","0","99.584232220433108296","99.157465822292721214","0","90.988790181049694183","0","0","2719.6649372797273827","0","0.048823867722214087106","0.84253417770727700997","183.97696608384629258","1.9997496313461553541","543.93189972615425631","2.9996244470192330311","547.93139898884658123","2.9996244470192330311","0","0","0","0","0","0","0","0","0","0","0","0","0","0","0","0","0","0","0","0","0","0","0","0","0","0","0","0","0","0","0","0","0","0","0","0","0","0"
"05/14/2026 07:57:38.326","4062.7517367155646753","23.6378282863451048","11.8189141431725524","11.8189141431725524","1000000000","2103.7667174847142633","8.8641856073794134119","2.9547285357931381","0","0","0","1958.985019230850412","11.8189141431725524","0","0","0","0","0","0","0","0","0","0","0","0","0","0","0","0","0","0","0","0","0","0","0","0","0","0","0","0","99.981230752535537931","0","0","100","0.19699049089662887257","0.20161189937840243158","122.11461318051576086","2308.2332335757732835","13862609.35897435993","755.29645484326715632","0","100","3500","0","0.32338054432590190856","0","0","2297.4010810291292728","0","0","99.821367183103276943","99.676629303128166271","0","52.191280452011937996","0","0","2816.3596621274368772","0","0.048085118241827672081","0.3233706968718275121","181.22335019531246303","1.9698190238620920667","535.79077449048907056","2.9547285357931381","539.73041253821315877","2.9547285357931381","0","0","0","0","0","0","0","0","0","0","0","0","0","0","0","0","0","0","0","0","0","0","0","0","0","0","0","0","0","0","0","0","0","0","0","0","0","0"
"05/14/2026 07:57:39.310","2685.5347489812183994","16.251344925756239235","10.157090578597649966","6.0942543471585892689","1000000000","1562.1605309883184418","7.1099634050183544431","3.0471271735792946345","0","0","0","1123.3742179928999576","6.0942543471585892689","0","0","0","0","0","0","0","0","0","0","0","0","0","0","0","0","0","0","0","0","0","0","0","0","0","0","0","0","100.01969799989618082","0","0","100","0.55524186601393232809","0.56043318412763420966","121.93354542241074512","2417.8001289967478442","13153410.234899330884","755.81651091326909864","0","100","3500","0","0","0","0","2429.9907178824460061","0","0","99.553833699102540322","100.05072311164599341","1","90.413534235592678101","0","0","4042.196098015991538","0.04960563872771035776","0","0","93.445233323098378264","1.0157090578597649522","341.27824344088099906","2.0314181157195299043","284.39853620073421325","2.0314181157195299043","0","0","0","0","0","0","0","0","0","0","0","0","0","0","0","0","0","0","0","0","0","0","0","0","0","0","0","0","0","0","0","0","0","0","0","0","0","0"
"05/14/2026 07:57:40.311","3949.7367275157262156","24.979362051073401574","13.988442748601103816","10.990919302472295982","1000000000","2224.16239702757548","10.990919302472295982","2.9975234461288078336","0","0","0","1725.5743304881505082","10.990919302472295982","0","0","0","0","0","0","0","0","0","0","0","0","0","0","0","0","0","0","0","0","0","0","0","0","0","0","0","0","100.06658901281288365","0","0","100","1.905942423326278945","1.997925294609764979","122.01093749999999716","5762.9880193038106881","5463628.6656255414709","754.86744527660948734","0","100","3500","0","1.1393620052691288969","0","0","5762.9880193038106881","0","0","98.404843200871866316","98.860647993081144591","32","1384.7568366994755706","0.097643888758354863144","0.097633890408082665835","6514.85599128793001","1.0252208385616372599","0.43937750271205255892","1.1393520069188589616","183.84810469590021853","1.9983489640858720371","543.55091823135717277","2.9975234461288078336","547.54761615952895681","2.9975234461288078336","0","0","0","0","0","0","0","0","0","0","0","0","0","0","0","0","0","0","0","0","0","0","0","0","0","0","0","0","0","0","0","0","0","0","0","0","0","0"
"05/14/2026 07:57:41.311","3761.1743348829959359","20.011568687858449778","12.006941212715071643","8.0046274751433799111","1000000000","2276.3159382438989269","8.0046274751433799111","4.0023137375716899555","0","0","0","1484.858396639097009","8.0046274751433799111","0","0","0","0","0","0","0","0","0","0","0","0","0","0","0","0","0","0","0","0","0","0","0","0","0","0","0","0","99.940580439704746141","0","0","100","2.8831967409844247996","2.945568935667723931","121.99628819513488054","6903.9413164988091012","4519335.2004631636664","798.99320855772714367","0","100","3500","0","2.0026751802036613093","0","0","6909.9412654992429452","0","0","97.550858123649888398","97.899665542474991753","32","1953.9833911411751615","0.39061710943339017499","0.04882963866067390607","7755.9340745603658434","1.7089673536415832533","0.43945674802006468029","2.1003344575250104675","184.10643192829775217","2.0011568687858449778","544.3146683097498908","3.0017353031787679107","548.3169820473215168","3.0017353031787679107","0","0","0","0","0","0","0","0","0","0","0","0","0","0","0","0","0","0","0","0","0","0","0","0","0","0","0","0","0","0","0","0","0","0","0","0","0","0"
"05/14/2026 07:57:42.326","3629.5434792715150252","20.683965553514738644","11.819408887722708812","8.8645566657920316089","1000000000","2060.5169494263254819","8.8645566657920316089","2.954852221930677203","0","0","0","1569.0265298451895433","8.8645566657920316089","0","0","0","0","0","0","0","0","0","0","0","0","0","0","0","0","0","0","0","0","0","0","0","0","0","0","0","0","99.984144879170187892","0","0","100","2.160455816034867027","2.2236410448725423272","122.01988931165686836","5245.0081575338099356","5998439.4133132761344","746.47318501889378695","0","100","3500","0","1.5209886347342549406","0","0","5227.2818813724115898","0","0","98.164794383702584923","98.19049740566892126","1","1320.607574024190626","0.28851395959681908066","0","5932.3937553480418501","1.1540558383872763226","0.38467871419500104802","1.8095025943310805161","181.23093627841484476","1.9699014812871180613","535.81320291009603807","2.954852221930677203","539.7530058726703146","2.954852221930677203","0","0","0","0","0","0","0","0","0","0","0","0","0","0","0","0","0","0","0","0","0","0","0","0","0","0","0","0","0","0","0","0","0","0","0","0","0","0"
"05/14/2026 07:57:43.311","2934.0538641103462396","18.280709433709322553","9.1403547168546612767","9.1403547168546612767","1000000000","1535.5795924315830234","8.1247597483152542708","1.0155949685394067838","0","0","0","1398.4742716787632162","9.1403547168546612767","0","0","0","0","0","0","0","0","0","0","0","0","0","0","0","0","0","0","0","0","0","0","0","0","0","0","0","0","100.01074621274719334","0","0","100","0.29704500504606462519","0.30323191908094992986","121.89490861618799045","2062.9101252727818974","15443744.226044226438","791.23928487813748234","0","100","3500","0","0.06563518598514672675","0","0","2077.1300867468435172","0","0","99.759703307020004104","99.88476769034330971","0","76.178365039615286491","0","0","2636.7871419045504808","0","0.049597123671540073453","0.11523230965668762593","93.434737105625430331","1.0155949685394067838","341.23990942924069714","2.0311899370788135677","284.36659119103393323","2.0311899370788135677","0","0","0","0","0","0","0","0","0","0","0","0","0","0","0","0","0","0","0","0","0","0","0","0","0","0","0","0","0","0","0","0","0","0","0","0","0","0"
"05/14/2026 07:57:44.326","3377.3209108858072796","16.743789876074284706","7.8794305299173110768","8.8643593461569754055","1000000000","1808.3293066160229046","7.8794305299173110768","0","0","0","0","1568.9916042697846024","8.8643593461569754055","0","0","0","0","0","0","0","0","0","0","0","0","0","0","0","0","0","0","0","0","0","0","0","0","0","0","0","0","99.979970152178594844","0","0","100","0.20123910231260230819","0.20134939880533142542","122.13110047846889472","2416.5754624433252502","13240106.204081632197","797.64715753019288513","0","100","3500","0","0","0","0","2402.7889683625562611","0","0","99.820154812801177968","100.11000660275956875","0","44.313730973899602361","0","0","2933.5689904721539278","0","0","0","181.22690218809816542","1.9698576324793277692","535.80127603437711059","2.9547864487189916538","539.74099129933586028","2.9547864487189916538","0","0","0","0","0","0","0","0","0","0","0","0","0","0","0","0","0","0","0","0","0","0","0","0","0","0","0","0","0","0","0","0","0","0","0","0","0","0"
"05/14/2026 07:57:45.310","3631.1801670728850695","18.282865176870469526","8.1257178563868759369","10.157147320483593589","1000000000","1933.9208498200764552","8.1257178563868759369","0","0","0","0","1697.2593172528086143","10.157147320483593589","0","0","0","0","0","0","0","0","0","0","0","0","0","0","0","0","0","0","0","0","0","0","0","0","0","0","0","0","100.01872264999758499","0","0","100","0.27977980255694284706","0.28611202309245109543","121.97299168975069961","2318.2245772440151086","13748471.084864391014","745.65155113808373244","0","100","3500","0","0.24742748960451255158","0","0","2330.4150658184794338","0","0","99.77861964799386385","99.802177882038563439","6","132.06362622336632739","0","0","2897.2727845310828343","0","0","0.14822690510837288613","186.89151069689813767","2.0314294640967189842","552.54881423430754239","3.0471441961450782543","556.61167316250100612","3.0471441961450782543","0","0","0","0","0","0","0","0","0","0","0","0","0","0","0","0","0","0","0","0","0","0","0","0","0","0","0","0","0","0","0","0","0","0","0","0","0","0"
"05/14/2026 07:57:46.311","3976.6099400261282426","19.982964522744360636","9.9914822613721803179","9.9914822613721803179","1000000000","2151.1661308734305749","7.9931858090977447873","1.9982964522744361968","0","0","0","1825.4438091526974404","9.9914822613721803179","0","0","0","0","0","0","0","0","0","0","0","0","0","0","0","0","0","0","0","0","0","0","0","0","0","0","0","0","100.07025131693723097","0","0","100","2.2822111401491280702","2.357552532331895101","121.97682886461436169","6690.0794450683588366","4693990.5217521302402","854.88236818613756896","0","100","3500","0","1.8675991647432388376","0","0","6683.0804081358410258","0","0","98.132050878511407177","98.083576869898877248","29","1794.7530419814233937","0.39058172409890135057","0.19528586266737429922","7512.9662158486999033","1.7575927615346744748","0.43939569069263040291","1.9164131313369692222","183.84327360924814343","1.9982964522744361968","543.53663501864662067","2.9974446784116541842","547.53322792319556811","2.9974446784116541842","0","0","0","0","0","0","0","0","0","0","0","0","0","0","0","0","0","0","0","0","0","0","0","0","0","0","0","0","0","0","0","0","0","0","0","0","0","0"
"05/14/2026 07:57:47.311","3863.5750727860117877","21.014005834888955349","11.007336389703738178","10.006669445185215395","1000000000","2035.35656515067285","8.0053355561481733815","3.002000833555564796","0","0","0","1828.2185076353389377","10.006669445185215395","0","0","0","0","0","0","0","0","0","0","0","0","0","0","0","0","0","0","0","0","0","0","0","0","0","0","0","0","99.937210037673978036","0","0","100","2.884525579452578814","2.9423132012604482632","122.02024157154234274","6982.0202478587189034","4469867.0962199317291","767.00222430645055738","0","100","3500","0","1.7578689452786289138","0","0","6988.0202652587695411","0","0","97.529511482293102631","98.04681117191329065","30","1961.0056869164920954","0.19530988281407030138","0.048829970702017576334","7793.0225997655397805","1.513669091798544919","0.43945973632415818999","2.0020187987887183567","184.12271779140797889","2.0013338890370433454","544.36281781807576863","3.002000833555564796","548.36548559614982423","3.002000833555564796","0","0","0","0","0","0","0","0","0","0","0","0","0","0","0","0","0","0","0","0","0","0","0","0","0","0","0","0","0","0","0","0","0","0","0","0","0","0"
"05/14/2026 07:57:48.326","3892.4613011832316261","21.668559875007868953","10.834279937503934477","10.834279937503934477","1000000000","2040.784366409832046","7.8794763181846798616","2.9548036193192550591","0","0","0","1851.6769347733998075","10.834279937503934477","0","0","0","0","0","0","0","0","0","0","0","0","0","0","0","0","0","0","0","0","0","0","0","0","0","0","0","0","99.975450562918695141","0","0","100","1.7372793092309994911","1.7410246511884410747","122.01358365543897833","4220.5822414324693455","7479710.7893507713452","783.85055160528361284","0","100","3500","0","1.4303666000034076511","0","0","4209.7501358198342132","0","0","98.556831848369753857","98.377314705171897913","1","953.22529391195303106","0.14424394479222540921","0.048084597379876886647","4857.7069988302318961","1.0578217529676703368","0.14424394479222540921","1.6226852948281078604","181.22795531824763771","1.9698690795461699654","535.80438963655819862","2.9548036193192550591","539.74412779565057008","2.9548036193192550591","0","0","0","0","0","0","0","0","0","0","0","0","0","0","0","0","0","0","0","0","0","0","0","0","0","0","0","0","0","0","0","0","0","0","0","0","0","0"
"05/14/2026 07:57:49.311","3921.2981944661250964","21.327962207663460958","11.171789727823718152","10.156172479839744582","1000000000","2065.7654823994039361","8.1249379838717956659","3.0468517439519233747","0","0","0","1855.5327120667211602","10.156172479839744582","0","0","0","0","0","0","0","0","0","0","0","0","0","0","0","0","0","0","0","0","0","0","0","0","0","0","0","0","100.01863944637085524","0","0","100","0.20492589221868295901","0.20587499187414678992","121.89615384615385096","1941.138899001456366","16424275.248041775078","770.97039473684219502","0","100","3500","0","0","0","0","1953.3281542542126772","0","0","99.8428395017711523","100.18860885025291907","0","69.072446432286255913","0","0","2501.844640628250545","0","0","0","186.87357362905129321","2.0312344959679489165","552.49578290328202002","3.0468517439519233747","556.55825189521794982","3.0468517439519233747","0","0","0","0","0","0","0","0","0","0","0","0","0","0","0","0","0","0","0","0","0","0","0","0","0","0","0","0","0","0","0","0","0","0","0","0","0","0"
"05/14/2026 07:57:50.326","3650.7927597501629862","18.711913254721633137","9.8483753972219112427","8.8635378574997201184","1000000000","1958.8418665074382261","6.8938627780553387581","2.9545126191665738169","0","0","0","1691.9508932427245327","8.8635378574997201184","0","0","0","0","0","0","0","0","0","0","0","0","0","0","0","0","0","0","0","0","0","0","0","0","0","0","0","0","99.990231366923254086","0","0","100","0.44021327249437119944","0.49119163800397364072","122.07559733646689892","3088.1311872791056885","10333239.303959131241","782.86488963229874116","0","100","3500","0","0.08338788799789886852","0","0","3076.3143587563540677","0","0","99.589894664199292151","99.916612112002098911","0","77.794121108115220409","0","0","3677.0031419962310792","0.14425474389243789219","0.096169829261625261463","0.08338788799789886852","181.21010730888318108","1.9696750794443824706","535.75162160887202845","2.9545126191665738169","539.69097176776074321","2.9545126191665738169","0","0","0","0","0","0","0","0","0","0","0","0","0","0","0","0","0","0","0","0","0","0","0","0","0","0","0","0","0","0","0","0","0","0","0","0","0","0"
"05/14/2026 07:57:51.311","3854.0174909666075109","20.30032915968715912","10.15016457984357956","10.15016457984357956","1000000000","1999.5824222291853403","8.1201316638748650689","2.0300329159687162672","0","0","0","1854.4350687374221707","10.15016457984357956","0","0","0","0","0","0","0","0","0","0","0","0","0","0","0","0","0","0","0","0","0","0","0","0","0","0","0","0","100.06798653716251124","0","0","100","0.8845966977951177368","0.93640956310214218394","121.87048383688991748","3358.6939951487338476","9439605.7651675213128","809.45845604280032148","0","100","3500","0","0.71780945630371961741","0","0","3370.8815754153756643","0","0","99.27434984953890762","99.282190543696273721","26","384.92441008810703806","0.1487802185380213138","0","5083.236602878564554","0.29754012439687849145","0.14877006219843924573","0.71780945630371961741","186.76302826912188948","2.0300329159687162672","552.16895314349073942","3.0450493739530739568","556.22901897542817551","3.0450493739530739568","0","0","0","0","0","0","0","0","0","0","0","0","0","0","0","0","0","0","0","0","0","0","0","0","0","0","0","0","0","0","0","0","0","0","0","0","0","0"
"05/14/2026 07:57:52.326","5885.8952251524915482","45.329178027291909814","18.722921359098833705","26.606256668193079662","1000000000","2625.15065792838368","15.766670618188491915","2.956250740910342234","0","0","0","3260.7445672241074135","24.635422840919517284","1.9708338272735614893","0","0","0","0","0","0","0","0","0","0","0","0","0","0","0","0","0","0","0","0","0","0","0","0","0","0","0","99.927627068953412959","0","0","100","2.6739977245724118049","2.7232849988811955733","122.04521051144391208","7001.8549499273813126","4470728.7162162158638","787.83178058254645748","0","100","3500","0","1.2795995095303491773","0","0","6990.0374732186428446","0","0","97.725280074576915013","98.720400490469657484","33","1975.4881898107350935","0.24042900239099523896","0.096175540155257616126","7826.1239503618708113","1.1540670898744962436","0.38469231262388164927","1.2795995095303491773","181.31671210916763926","1.9708338272735614893","536.06680101840868247","2.956250740910342234","540.00846867295581433","2.956250740910342234","0","0","0","0","0","0","0","0","0","0","0","0","0","0","0","0","0","0","0","0","0","0","0","0","0","0","0","0","0","0","0","0","0","0","0","0","0","0"
"05/14/2026 07:57:53.311","11473.2997431267504","67.985414591800861217","28.411815053289910082","39.573599538510947582","1000000000","5084.7001868584193289","26.382399692340630537","2.0294153609492791013","0","0","0","6388.5995562683310709","37.544184177561668037","2.0294153609492791013","0","0","0","0","0","0","0","0","0","0","0","0","0","0","0","0","0","0","0","0","0","0","0","0","0","0","0","100.10300696853671809","0","0","100","2.9889336310365335336","3.0749653058770380909","121.97583451475705374","7103.106677225000567","4386201.3135351222008","836.97410296487919368","0","100","3500","0","1.6986347843796267831","0","0","7129.5160542602998248","0","0","97.548909518723519341","97.95418267104048482","31","2050.7897013180718204","0.19838567227003855997","0.099187757396801301546","8039.623816707547121","1.5871056931131801715","0.79355284655659008575","2.0458173289595205091","186.70621320733368975","2.0294153609492791013","552.00097817820392265","3.044123041423918874","556.0598089001025528","3.044123041423918874","0","0","0","0","0","0","0","0","0","0","0","0","0","0","0","0","0","0","0","0","0","0","0","0","0","0","0","0","0","0","0","0","0","0","0","0","0","0"
"05/14/2026 07:57:54.326","4982.5492519474910296","35.477012078740045808","14.782088366141685754","20.694923712598360055","1000000000","2226.1825079409377395","12.811143250656128245","1.9709451154855579524","0","0","0","2756.3667440065528353","18.72397859711280077","1.9709451154855579524","0","0","0","0","0","0","0","0","0","0","0","0","0","0","0","0","0","0","0","0","0","0","0","0","0","0","0","99.923102207987795964","0","0","100","1.4971235343891666769","1.5279996470401002728","122.04558045832284563","4075.803846203840294","7765642.1205519251525","743.47231309106052777","0","100","3500","0","1.045884811066188913","0","0","4059.0634100150350605","0","0","98.69460852829895714","98.954115188933812419","0","867.54848719632354914","0.14424367491288558885","0","4755.2686091612331438","0.57699439430950438812","0.14424367491288558885","1.045884811066188913","181.32695062467135472","1.9709451154855579524","536.09707141207184122","2.9564176732283371507","540.03896164304285321","2.9564176732283371507","0","0","0","0","0","0","0","0","0","0","0","0","0","0","0","0","0","0","0","0","0","0","0","0","0","0","0","0","0","0","0","0","0","0","0","0","0","0"
"05/14/2026 07:57:55.311","4801.9424756344842535","32.507332181151575412","16.253666090575787706","16.253666090575787706","1000000000","2540.6511807831279839","15.237811959914802529","1.0158541306609867316","0","0","0","2261.2912948513567244","16.253666090575787706","0","0","0","0","0","0","0","0","0","0","0","0","0","0","0","0","0","0","0","0","0","0","0","0","0","0","0","0","99.998293497850980316","0","0","100","0.24808959328082896834","0.24847963803846490061","121.99760574620910347","2268.2349891448752714","14073347.538048343733","766.91330801808373963","0","100","3500","0","0","0","0","2271.2823267926291919","0","0","99.793878918999951111","100.0399605919896544","0","111.73571375097908742","0","0","2840.1186877067048044","0","0","0","186.91716004162157105","2.0317082613219734633","552.62464707957678911","3.0475623919829604169","556.68806360222072271","3.0475623919829604169","0","0","0","0","0","0","0","0","0","0","0","0","0","0","0","0","0","0","0","0","0","0","0","0","0","0","0","0","0","0","0","0","0","0","0","0","0","0"
"05/14/2026 07:57:56.326","5819.8727231557759296","44.321251064818056875","17.72850042592722275","26.592750638890834125","1000000000","2560.7833948561542456","15.758667045268643037","1.9698333806585803796","0","0","0","3259.0893282996212292","24.622917258232252635","1.9698333806585803796","0","0","0","0","0","0","0","0","0","0","0","0","0","0","0","0","0","0","0","0","0","0","0","0","0","0","0","99.978256778582220932","0","0","100","0.22602801242265385673","0.22465717162454088007","122.09511568123393488","2290.5189453292714461","13967667.1834625341","749.391623987779667","0","100","3500","0","0.082758167026741880079","0","0","2278.7019946224995692","0","0","99.803493666942102891","99.917231985499782354","0","121.12374474441116945","0","0","2826.2207107029271356","0","0","0.082768014500211872786","181.22467102058939759","1.9698333806585803796","535.79467953913388101","2.9547500709878704583","539.73434630045096583","2.9547500709878704583","0","0","0","0","0","0","0","0","0","0","0","0","0","0","0","0","0","0","0","0","0","0","0","0","0","0","0","0","0","0","0","0","0","0","0","0","0","0"
"05/14/2026 07:57:57.310","5008.7022647418034467","31.482110747566078857","11.17107155558796272","20.31103919197811436","1000000000","2167.1878817840647571","9.1399676363901516396","2.0311039191978115248","0","0","0","2841.5143829577382348","18.279935272780303279","2.0311039191978115248","0","0","0","0","0","0","0","0","0","0","0","0","0","0","0","0","0","0","0","0","0","0","0","0","0","0","0","100.03498651028250777","0","0","100","1.2416470825329029015","1.2838545475821314668","121.97113306576103753","4911.6676945444532976","6439600.4544515600428","826.90744640314062508","0","100","3500","0","0.74449952934813046213","0","0","4929.9531171921880741","0","0","98.972601417705405424","99.305115486975864769","33","1074.776508961330137","0.049604857639239510747","0.099209715278479021494","5686.7664434456764866","0.59522781561662108096","0.2480141295114464961","0.69488451302414100397","186.86156056619864785","2.0311039191978115248","552.46026602180472764","3.0466558787967175093","556.52247386020030717","3.0466558787967175093","0","0","0","0","0","0","0","0","0","0","0","0","0","0","0","0","0","0","0","0","0","0","0","0","0","0","0","0","0","0","0","0","0","0","0","0","0","0"
"05/14/2026 07:57:58.310","4963.7005032082597609","31.991624592681631611","16.995550564862117682","14.996074027819515706","1000000000","2941.2299859896675116","12.99659749077691373","3.9989530740852039514","0","0","0","2022.4705172185920219","14.996074027819515706","0","0","0","0","0","0","0","0","0","0","0","0","0","0","0","0","0","0","0","0","0","0","0","0","0","0","0","0","100.01143874059465588","0","0","100","2.9426312514098218465","3.0268654042129075066","121.98929860752964771","7147.2245261389134612","4368043.1710047582164","790.91418581083951267","0","100","3500","0","1.7686252743572938861","0","0","7138.2255025329750424","0","0","97.535071388640119494","97.889612353679851253","32","2024.7803113362199383","0.39058699637169946861","0.048824624408852580759","8033.1284055679952871","1.6599772365062608337","0.43940162188143083721","2.1103876463201443059","183.95184140791940308","1.9994765370426019757","543.85761807558776582","2.9992148055639029636","547.85657114967295911","2.9992148055639029636","0","0","0","0","0","0","0","0","0","0","0","0","0","0","0","0","0","0","0","0","0","0","0","0","0","0","0","0","0","0","0","0","0","0","0","0","0","0"
"05/14/2026 07:57:59.310","4249.027414828905421","28.00677203747866173","15.003627877220711895","13.003144160257949835","1000000000","2364.571753449984044","13.003144160257949835","2.0004837169627616156","0","0","0","1884.455661378921377","13.003144160257949835","0","0","0","0","0","0","0","0","0","0","0","0","0","0","0","0","0","0","0","0","0","0","0","0","0","0","0","0","99.980289986202990349","0","0","100","2.8201152680574357312","2.8746227867220928154","122.02642663043478422","6500.0188500546655632","4806219.6000000005588","857.00248530720739382","0","100","3500","0","1.6600811620568145521","0","0","6502.0188558546824424","0","0","97.620348334243828958","98.095768667038058197","0","1704.0049416143306189","0.29297020507914356413","0.048820034174023925477","8431.0244499709042429","1.2695308886716221153","0.53711037597726318804","1.9042313329619364737","184.04450196057405265","2.0004837169627616156","544.13157101387116654","3.0007255754441422013","548.1325384477966054","3.0007255754441422013","0","0","0","0","0","0","0","0","0","0","0","0","0","0","0","0","0","0","0","0","0","0","0","0","0","0","0","0","0","0","0","0","0","0","0","0","0","0"
"05/14/2026 07:58:00.326","3692.4519446929994047","21.668162918977323272","12.803914452122963752","8.8642484668543595205","1000000000","2123.4799660597777802","8.8642484668543595205","3.9396659852686042314","0","0","0","1568.9719786332216245","8.8642484668543595205","0","0","0","0","0","0","0","0","0","0","0","0","0","0","0","0","0","0","0","0","0","0","0","0","0","0","0","0","99.976474677782363187","0","0","100","0.75672916177561955209","0.78174401217654088114","122.02804428044279916","2580.9895007592308502","12336381.352693922818","738.55098266670086105","0","100","3500","0","0.42059022069391716059","0","0","2570.1574196801188918","0","0","99.345072360799065336","99.579419626657369236","0","63.02301718755847304","0","0","3149.1813900908123287","0.1923286179291709419","0.048084616320113751642","0.37249575702251735976","181.22463532235579464","1.9698329926343021157","535.79457399653017546","2.9547494889514531735","539.73423998179885075","2.9547494889514531735","0","0","0","0","0","0","0","0","0","0","0","0","0","0","0","0","0","0","0","0","0","0","0","0","0","0","0","0","0","0","0","0","0","0","0","0","0","0"
"05/14/2026 07:58:01.311","4559.5060216959373065","30.464405490173302127","16.24768292809242709","14.21672256208087326","1000000000","2464.5704041550202419","13.201242379075097233","3.0464405490173303015","0","0","0","2094.9356175409175194","14.21672256208087326","0","0","0","0","0","0","0","0","0","0","0","0","0","0","0","0","0","0","0","0","0","0","0","0","0","0","0","0","100.02730222065170551","0","0","100","0.17505659279674856688","0.20061394856027600642","121.92793682132280253","2179.7047749348171237","14651504.657661853358","779.04639439655386468","0","100","3500","0","0","0","0","2191.893245251321332","0","0","99.852448154982354822","100.97561763402489987","1","89.382115654363417434","0","0","2764.7513501270141205","0","0.049597002768717382559","0","186.84835367306291687","2.0309603660115533863","552.4212195551425566","3.0464405490173303015","556.48314028716561097","3.0464405490173303015","0","0","0","0","0","0","0","0","0","0","0","0","0","0","0","0","0","0","0","0","0","0","0","0","0","0","0","0","0","0","0","0","0","0","0","0","0","0"
"05/14/2026 07:58:02.326","4094.3474760519575284","27.57799598976540878","14.773926423088612481","12.804069566676798075","1000000000","2261.3956711607638681","12.804069566676798075","1.9698568564118150714","0","0","0","1832.9518048911938877","12.804069566676798075","0","0","0","0","0","0","0","0","0","0","0","0","0","0","0","0","0","0","0","0","0","0","0","0","0","0","0","0","99.9788082370964446","0","0","100","0.26844259712103257787","0.27559747397080697207","122.01744591765526593","2407.677626047585818","13265031.873977085575","762.18506444205786465","0","100","3500","0","1.0444328835105931574","0","0","2395.8608033430577962","0","0","99.760647309881960609","98.955567116489405066","0","85.671964607828215321","0","0","2920.7246784691778885","0.048085212945212889302","0.048085212945212889302","1.0444328835105931574","181.22683078988697503","1.9698568564118150714","535.80106494401366035","2.9547852846177224961","539.7407786568372785","2.9547852846177224961","0","0","0","0","0","0","0","0","0","0","0","0","0","0","0","0","0","0","0","0","0","0","0","0","0","0","0","0","0","0","0","0","0","0","0","0","0","0"
"05/14/2026 07:58:03.310","3832.869822707439198","22.331339009418343267","12.180730368773641459","10.150608640644701808","1000000000","2162.0796404573216023","8.1204869125157621568","4.0602434562578810784","0","0","0","1670.7901822501178231","10.150608640644701808","0","0","0","0","0","0","0","0","0","0","0","0","0","0","0","0","0","0","0","0","0","0","0","0","0","0","0","0","100.06810693794862743","0","0","100","1.8298815606432907721","1.8914999284943510016","121.98805407104684662","5558.2597446288436913","5663981.3949242280796","832.92635062055046546","0","100","3500","0","1.3003295542870718648","0","0","5575.5277299465869874","0","0","98.492647701144520056","98.699670445712925471","31","1601.8595791812292646","0.29758821194350892902","0.099199456525934662232","6389.1545675649540499","0.99195393472216641939","0.4959769673610832097","0.754752858663021442","186.77119898786250474","2.0301217281289405392","552.19311005107181245","3.0451825921934103647","556.2533535073296207","3.0451825921934103647","0","0","0","0","0","0","0","0","0","0","0","0","0","0","0","0","0","0","0","0","0","0","0","0","0","0","0","0","0","0","0","0","0","0","0","0","0","0"
"05/14/2026 07:58:04.310","4366.2902387655549319","28.008276445689702427","13.003842635498790159","15.004433810190912268","1000000000","2290.6768950224791297","12.003547048152729104","1.0002955873460608327","0","0","0","2075.6133437430762569","15.004433810190912268","0","0","0","0","0","0","0","0","0","0","0","0","0","0","0","0","0","0","0","0","0","0","0","0","0","0","0","0","99.969960018023982684","0","0","100","2.9790155635237214327","3.0438697124900198077","121.9889074121569621","6950.00347500173757","4490116.3332853652537","852.00042600021299677","0","100","3500","0","1.8555288866826669114","0","0","6945.0034725017358141","0","0","97.496291502225091108","97.851501289099232395","29","1947.0009735004866798","0.24413985351608788466","0.048829970702017576334","7809.0039045019520927","1.6601590039045976965","0.39061976562814060276","2.6856083886349635392","184.05438807167519144","2.0005911746921216654","544.16079951625704325","3.0008867620381822761","548.16198186564133721","3.0008867620381822761","0","0","0","0","0","0","0","0","0","0","0","0","0","0","0","0","0","0","0","0","0","0","0","0","0","0","0","0","0","0","0","0","0","0","0","0","0","0"
"05/14/2026 07:58:05.326","4221.3034853189756177","25.613510062612224516","11.82162002889795005","13.791890033714274466","1000000000","2145.6240352449776765","11.82162002889795005","0","0","0","0","2075.679450073998396","13.791890033714274466","0","0","0","0","0","0","0","0","0","0","0","0","0","0","0","0","0","0","0","0","0","0","0","0","0","0","0","0","99.959064532494707578","0","0","100","2.0760859117845869015","2.089913984221249077","122.03018590097552476","4926.6211148698384932","6387658.6717343470082","790.74090650419350368","0","100","3500","0","1.2379212305888898094","0","0","4914.804314274508215","0","0","98.251995468639705678","98.521665369441365101","0","1200.3899938089812167","0.14424410103862056465","0.096169298931128355257","5609.0413492501702422","1.2982362987798730103","0.19233859786225671051","1.4783346305586420044","181.26484044310188892","1.9702700048163248603","535.91344131004041174","2.9554050072244875125","539.85398131967303925","2.9554050072244875125","0","0","0","0","0","0","0","0","0","0","0","0","0","0","0","0","0","0","0","0","0","0","0","0","0","0","0","0","0","0","0","0","0","0","0","0","0","0"
"05/14/2026 07:58:06.310","3726.2304278959686599","18.280770701043181248","8.1247869782414134932","10.155983722801767755","1000000000","1870.7322017400856566","8.1247869782414134932","0","0","0","0","1855.4982261558830032","10.155983722801767755","0","0","0","0","0","0","0","0","0","0","0","0","0","0","0","0","0","0","0","0","0","0","0","0","0","0","0","0","100.02147337195222576","0","0","100","0.27830298302495470875","0.27861339314009897494","121.97867803837952749","1963.4876619737653982","16227986.680433660746","778.08150495183872408","0","100","3500","0","0","0","0","1977.7084727692297292","0","0","99.783478525764650158","100.13863225184668693","0","69.072509577970009786","0","0","2524.1939161949335357","0.049600035592571103948","0","0","186.87010049955253521","2.0311967445603533733","552.48551452041613175","3.046795116840530504","556.54790800953685448","3.046795116840530504","0","0","0","0","0","0","0","0","0","0","0","0","0","0","0","0","0","0","0","0","0","0","0","0","0","0","0","0","0","0","0","0","0","0","0","0","0","0"
"05/14/2026 07:58:07.326","3940.4180428009563002","22.651740810902772694","10.833441257388283674","11.818299553514490796","1000000000","2009.1109240974633394","9.8485829612620747753","0.98485829612620756635","0","0","0","1931.3071187034929608","11.818299553514490796","0","0","0","0","0","0","0","0","0","0","0","0","0","0","0","0","0","0","0","0","0","0","0","0","0","0","0","0","99.986814308336619206","0","0","100","0.21453217959060200126","0.21350647877382272766","122.13176895306858682","2684.390074768042723","11916860.653930932283","705.0709073858836291","0","100","3500","0","0","0","0","2670.6037721096595305","0","0","99.816621396448439896","100.06090627553250272","0","88.626231375320571715","0","0","3226.9795579658389215","0","0","0","181.21392648722218155","1.9697165922524151327","535.76291309265695872","2.954574888378622699","539.70234627716172326","2.954574888378622699","0","0","0","0","0","0","0","0","0","0","0","0","0","0","0","0","0","0","0","0","0","0","0","0","0","0","0","0","0","0","0","0","0","0","0","0","0","0"
"05/14/2026 07:58:08.311","3744.1981679825166793","19.289524184291707343","10.15238114962721383","9.1371430346644935128","1000000000","2000.0190864765611423","8.1219049197017714192","2.0304762299254428548","0","0","0","1744.1790815059553097","9.1371430346644935128","0","0","0","0","0","0","0","0","0","0","0","0","0","0","0","0","0","0","0","0","0","0","0","0","0","0","0","0","100.03435833498879504","0","0","100","0.29704973334503298465","0.30407928476020551489","121.77077922077921812","2352.1554518819680197","13549898.18965517357","774.91131683330820579","0","100","3500","0","0.22353737898411774054","0","0","2364.3427858295431179","0","0","99.784089907322879753","99.776472777189397334","5","158.43534131847454205","0","0","2959.4909269361205588","0.099175034338022632907","0.049582439082255659601","0.22352722281060444232","186.80381315314073731","2.0304762299254428548","552.28953453972042098","3.0457143448881640602","556.35048699957133067","3.0457143448881640602","0","0","0","0","0","0","0","0","0","0","0","0","0","0","0","0","0","0","0","0","0","0","0","0","0","0","0","0","0","0","0","0","0","0","0","0","0","0"
"05/14/2026 07:58:09.326","3953.640827346387141","24.630206998170862676","13.792915918975683809","10.837291079195180643","1000000000","2224.600296074792368","9.8520827992683450702","3.9408331197073382945","0","0","0","1729.0405312715945456","10.837291079195180643","0","0","0","0","0","0","0","0","0","0","0","0","0","0","0","0","0","0","0","0","0","0","0","0","0","0","0","0","99.962655210587882948","0","0","100","2.5240046201822545768","2.6003006585177912413","122.02603550295857815","6861.2705651000351281","4566120.6807410595939","805.58623830225758411","0","100","3500","0","1.8054314805347693174","0","0","6849.4526740735964268","0","0","97.836287021887969217","98.194568519465235568","23","1927.3010615617581607","0.19234733175320489762","0.19234733175320489762","7658.978209384667025","1.25028227716944218","0.67323043360038337113","1.7573421855191062591","181.27832350653756066","1.9704165598536691473","535.95330428019792635","2.9556248397805036099","539.89413739990527574","2.9556248397805036099","0","0","0","0","0","0","0","0","0","0","0","0","0","0","0","0","0","0","0","0","0","0","0","0","0","0","0","0","0","0","0","0","0","0","0","0","0","0"
"05/14/2026 07:58:10.310","3535.0752665443706064","21.320097816608782892","12.182913038062162414","9.1371847785466204783","1000000000","2129.9792961545344951","10.15242753171846779","2.0304855063436937357","0","0","0","1405.0959703898358839","9.1371847785466204783","0","0","0","0","0","0","0","0","0","0","0","0","0","0","0","0","0","0","0","0","0","0","0","0","0","0","0","0","100.04866461789742971","0","0","100","2.9966395676287014282","3.2039008964944581948","121.98397872077198656","7309.2955427720753505","4262020.2361111110076","789.23327358725714475","0","100","3500","0","2.442291391461703931","0","0","7318.4372409217348832","0","0","97.417748314234671625","97.458510391383995852","33","1961.4021252213560729","0.19839643430860637308","0.049599108577151593269","8219.4023807826069969","1.339125144046151572","0.84315437328941233996","2.5910887171931573647","186.80466658361982013","2.0304855063436937357","422.34098531948825439","2.0304855063436937357","556.35302873817204272","3.0457282595155406035","0","0","0","0","0","0","0","0","0","0","0","0","0","0","0","0","0","0","0","0","0","0","0","0","0","0","0","0","0","0","0","0","0","0","0","0","0","0"
"05/14/2026 07:58:11.326","3630.346941962229721","20.688544309689774536","11.822025319822728306","8.8665189898670462298","1000000000","2060.9730807557625667","8.8665189898670462298","2.9555063299556820766","0","0","0","1569.3738612064673816","8.8665189898670462298","0","0","0","0","0","0","0","0","0","0","0","0","0","0","0","0","0","0","0","0","0","0","0","0","0","0","0","0","99.955716565933428797","0","0","100","1.9044385649475179534","1.924391385398922516","122.02978510744627272","4750.3903266927318327","6630798.8179178759456","782.86905259550621849","0","100","3500","0","0.85356639201483730517","0","0","4747.4361038527495111","0","0","98.383196755817479584","98.954105444597502128","0","1036.9322168340479493","0.24041266606657046845","0.048074655350905104445","6079.7906046851012434","0.96165066426628187379","0.24041266606657046845","1.045894555402493431","181.27105490394851017","1.9703375533037881251","535.93181449863038779","2.9555063299556820766","539.87248960523800179","2.9555063299556820766","0","0","0","0","0","0","0","0","0","0","0","0","0","0","0","0","0","0","0","0","0","0","0","0","0","0","0","0","0","0","0","0","0","0","0","0","0","0"
"05/14/2026 07:58:12.310","3612.6679618915832179","19.297354870941827443","10.156502563653594606","9.1408523072882346128","1000000000","1994.7371035015657981","9.1408523072882346128","1.0156502563653593274","0","0","0","1617.9308583900176473","9.1408523072882346128","0","0","0","0","0","0","0","0","0","0","0","0","0","0","0","0","0","0","0","0","0","0","0","0","0","0","0","0","100.01710562469303056","0","0","100","0.22659214681213099563","0.22738848430971353443","121.92508710801394045","2004.1250643112864509","15922046.734177216887","728.31103452163836209","0","100","3500","0","0.10900264761346534215","0","0","2011.23549282126055","0","0","99.820553464473078975","99.890997352386534658","1","81.262040113990323675","0","0","2561.785814593545183","0.049600216969206321893","0","0.10900264761346534215","186.87964717122613933","2.0313005127307186548","552.51373946275555227","3.0469507690960782043","556.5763404882169425","3.0469507690960782043","0","0","0","0","0","0","0","0","0","0","0","0","0","0","0","0","0","0","0","0","0","0","0","0","0","0","0","0","0","0","0","0","0","0","0","0","0","0"
"05/14/2026 07:58:13.326","3565.8186005742536508","19.695214584779087374","10.83236802162849699","8.862846563150588608","1000000000","1997.0947588965993873","8.862846563150588608","1.9695214584779086042","0","0","0","1568.7238416776542635","8.862846563150588608","0","0","0","0","0","0","0","0","0","0","0","0","0","0","0","0","0","0","0","0","0","0","0","0","0","0","0","0","99.993057531204925681","0","0","100","0.18954374001468451971","0.19167709183496617342","122.10843373493976571","2156.5856463370887468","14828862.065813526511","760.2210588914302889","0","100","3500","0","0","0","0","2149.6924502072438372","0","0","99.845158327186041447","100.06148762433542743","1","67.94721899418225064","0","0","2698.1939136820196836","0.048075365471744693768","0","0","181.19597417996757827","1.9695214584779086042","535.70983670599116522","2.9542821877168630174","539.64887962294699264","2.9542821877168630174","0","0","0","0","0","0","0","0","0","0","0","0","0","0","0","0","0","0","0","0","0","0","0","0","0","0","0","0","0","0","0","0","0","0","0","0","0","0"
"05/14/2026 07:58:14.310","3770.88117833535307","21.33311011450496153","11.174486250454979341","10.158623864049980412","1000000000","2098.7716903127261503","9.142761477644983259","2.0317247728099960824","0","0","0","1672.1094880226269197","10.158623864049980412","0","0","0","0","0","0","0","0","0","0","0","0","0","0","0","0","0","0","0","0","0","0","0","0","0","0","0","0","100.00708066657008999","0","0","100","0.73914979796567858994","0.74101898114888120617","122.00668985817500811","3446.836483722916455","9221849.4550810027868","759.86846148680865554","0","100","3500","0","0.14835875837819756384","0","0","3452.9316852856450168","0","0","99.391794106813023291","99.901236383939135521","30","577.01241460495623414","0","0","4065.4994423398502477","0.099210602185802798658","0","0.098763616060859593659","186.91867909851964669","2.0317247728099960824","552.62913820431901968","3.0475871592149941236","556.69258774993897987","3.0475871592149941236","0","0","0","0","0","0","0","0","0","0","0","0","0","0","0","0","0","0","0","0","0","0","0","0","0","0","0","0","0","0","0","0","0","0","0","0","0","0"
"05/14/2026 07:58:15.310","4457.9188658766415756","26.999508608943319388","13.999745204637276785","12.999763404306042602","1000000000","2419.9559568015861259","11.999781603974808419","1.9999636006624679219","0","0","0","2037.9629090750549949","12.999763404306042602","0","0","0","0","0","0","0","0","0","0","0","0","0","0","0","0","0","0","0","0","0","0","0","0","0","0","0","0","100.00075999680801431","0","0","100","2.6872922059844674969","2.7624196423143012602","122.00141322781232134","6835.9405273174124886","4575233.1041544759646","807.99297046115702869","0","100","3500","0","1.855882205294734355","0","0","6834.9405360173368535","0","0","97.737649501872098767","98.095297999748396478","28","1923.9832613456262607","0.29295876957316779876","0","7674.9332280809157965","1.4160140527409783573","0.58592753910433581499","1.8558722053367393556","183.99665126094706125","1.9999636006624679219","543.99009938019128185","2.9999454009937021048","547.99002658151619016","2.9999454009937021048","0","0","0","0","0","0","0","0","0","0","0","0","0","0","0","0","0","0","0","0","0","0","0","0","0","0","0","0","0","0","0","0","0","0","0","0","0","0"
"05/14/2026 07:58:16.310","3447.0792851229434746","17.995193483820468572","9.9973297132335954274","7.997863770586875809","1000000000","1963.4755556790780702","7.997863770586875809","1.9994659426467189522","0","0","0","1483.6037294438654044","7.997863770586875809","0","0","0","0","0","0","0","0","0","0","0","0","0","0","0","0","0","0","0","0","0","0","0","0","0","0","0","0","100.0227998084816079","0","0","100","3.0487185189570236155","3.1320647852305287806","121.98373933088281262","7060.9096203568597048","4416399.6176179014146","845.98917133860697959","0","100","3500","0","1.8562944071269793511","0","0","7058.9096459565325858","0","0","97.457401357828601363","97.753078874137457888","33","1986.974566725546083","0.2441479491572270677","0.14648876949433622952","7909.8987532959581586","1.7089656446885845842","0.5371054883138981495","2.2957507156939893633","183.95086672349813739","1.9994659426467189522","543.85473639990755146","2.9991989139700785394","547.85366828520102445","2.9991989139700785394","0","0","0","0","0","0","0","0","0","0","0","0","0","0","0","0","0","0","0","0","0","0","0","0","0","0","0","0","0","0","0","0","0","0","0","0","0","0"
"05/14/2026 07:58:17.310","3621.5070109815374053","20.002800392054886913","11.001540215630187802","9.001260176424699111","1000000000","2028.2839597543656964","9.001260176424699111","2.0002800392054886913","0","0","0","1593.2230512271719363","9.001260176424699111","0","0","0","0","0","0","0","0","0","0","0","0","0","0","0","0","0","0","0","0","0","0","0","0","0","0","0","0","99.979741965029390371","0","0","100","1.1611674903565092354","1.1785009751485122642","122.04060997845185454","3260.6954510448726978","9717534.8666053358465","779.9271548037413595","0","100","3500","0","0.83969854924071940516","0","0","3263.6951708710407729","0","0","99.010895943093530036","99.111486185839964946","0","577.94601984174687459","0.097640528868699727472","0","3870.6384823657472225","0.43940737748438402077","0.24411632071689046142","0.88851381416003016867","184.02576360690497381","2.0002800392054886913","544.07617066389298088","3.000420058808233037","548.07673074230399379","3.000420058808233037","0","0","0","0","0","0","0","0","0","0","0","0","0","0","0","0","0","0","0","0","0","0","0","0","0","0","0","0","0","0","0","0","0","0","0","0","0","0"
"05/14/2026 07:58:18.326","3566.173997578626313","19.697177561881392904","10.83344765903476592","8.8637299028466269846","1000000000","1997.2938047747732071","8.8637299028466269846","1.9697177561881393792","0","0","0","1568.8801928038528786","8.8637299028466269846","0","0","0","0","0","0","0","0","0","0","0","0","0","0","0","0","0","0","0","0","0","0","0","0","0","0","0","0","99.987326396496683856","0","0","100","0.16225495293646816086","0.18615541206981853217","122.18012422360249047","2228.477101289946404","14362294.64364763163","713.93985790331907992","0","100","3500","0","0.22776050926812674291","0","0","2216.6601657108567451","0","0","99.837852715395868586","99.820324343806206002","0","50.221976211130034073","0","0","2717.8951831905665131","0","0.048084853074333591683","0.13160065051922575918","181.21403356930881046","1.9697177561881393792","535.76322968317390405","2.9545766342822088468","539.70266519555013929","2.9545766342822088468","0","0","0","0","0","0","0","0","0","0","0","0","0","0","0","0","0","0","0","0","0","0","0","0","0","0","0","0","0","0","0","0","0","0","0","0","0","0"
"05/14/2026 07:58:19.310","3707.9752647277000506","22.343318494661570384","12.187264633451766471","10.156053861209805689","1000000000","1990.5865567971218297","9.1404484750888244093","3.0468161583629416178","0","0","0","1717.3887079305779935","10.156053861209805689","0","0","0","0","0","0","0","0","0","0","0","0","0","0","0","0","0","0","0","0","0","0","0","0","0","0","0","0","100.01101031302705735","0","0","100","0.56529723404946863319","0.61925114570806383263","121.92386436340370892","2507.7777676207192599","12675229.599676506594","800.37621745043611554","0","100","3500","0","0.065493079703393686231","0","0","2519.9662379372234682","0","0","99.499741755342512306","99.835312531899688793","1","98.523468391741502614","0","0","4302.5300217259482451","0","0","0.21427450518343160724","186.8713910462604133","2.0312107722419612266","552.48933004981336126","3.0468161583629416178","544.36448696084551102","2.0312107722419612266","0","0","0","0","0","0","0","0","0","0","0","0","0","0","0","0","0","0","0","0","0","0","0","0","0","0","0","0","0","0","0","0","0","0","0","0","0","0"
"05/14/2026 07:58:20.326","3629.2721630097685193","20.682419382145219799","11.818525361225839632","8.8638940209193801678","1000000000","2060.3629213070380501","8.8638940209193801678","2.9546313403064599079","0","0","0","1568.9092417027302417","8.8638940209193801678","0","0","0","0","0","0","0","0","0","0","0","0","0","0","0","0","0","0","0","0","0","0","0","0","0","0","0","0","99.983515537197035883","0","0","100","1.6512221138559808331","1.6205735497787070454","122.02906976744185386","5081.1532051392514404","6218513.5570209464058","772.02017690487843993","0","100","3500","0","1.2860933664611273741","0","0","5069.3365697784620352","0","0","98.662011102492499504","98.713906633538869073","30","1061.5277432442078407","0.14425382054998037162","0.096159366350642247467","5765.5333364516118309","1.1059065681524709035","0.14425382054998037162","1.2860933664611273741","181.21738887212956115","1.969754226870973346","535.77314970890472523","2.9546313403064599079","539.71265816264667592","2.9546313403064599079","0","0","0","0","0","0","0","0","0","0","0","0","0","0","0","0","0","0","0","0","0","0","0","0","0","0","0","0","0","0","0","0","0","0","0","0","0","0"
"05/14/2026 07:58:21.310","3631.1617036728348467","20.308510646939790689","12.185106388163873703","8.1234042587759169862","1000000000","2124.2702136699022049","8.1234042587759169862","4.0617021293879584931","0","0","0","1506.8914900029324144","8.1234042587759169862","0","0","0","0","0","0","0","0","0","0","0","0","0","0","0","0","0","0","0","0","0","0","0","0","0","0","0","0","100.03029991224909168","0","0","100","2.9759093708712049953","3.0313824972413758729","121.99300287732147297","6966.033425990312935","4476182.1386946383864","783.1454901485172968","0","100","3500","0","1.3013421246079071025","0","0","6983.3012253839897312","0","0","97.540018890974451438","98.351473497023292225","32","1978.6866599342563404","0.39677344025284938533","0.099198438828255783295","7879.1952880441613161","1.8351000156121237694","0.3471742208387215145","1.6485265029767104394","186.83829795184607292","2.0308510646939792466","552.39148959676231243","3.0462765970409684257","556.45319172615029402","3.0462765970409684257","0","0","0","0","0","0","0","0","0","0","0","0","0","0","0","0","0","0","0","0","0","0","0","0","0","0","0","0","0","0","0","0","0","0","0","0","0","0"
"05/14/2026 07:58:22.310","4425.4297092247652472","32.003107501738419671","17.001650860298532564","15.001456641439883555","1000000000","2430.2359759132609724","15.001456641439883555","2.0001942188586512295","0","0","0","1995.1937333115045021","15.001456641439883555","0","0","0","0","0","0","0","0","0","0","0","0","0","0","0","0","0","0","0","0","0","0","0","0","0","0","0","0","99.995280007551983203","0","0","100","2.7240297922383378548","2.7653517228137824979","122.00882456759619288","6393.0242934923153371","4892798.9518147679046","767.00291461107553914","0","100","3500","0","1.7091372653803782455","0","0","6388.0242744922434213","0","0","97.725263639578173525","97.900233359626625429","3","1759.0066842254000221","0.24413960937662501638","0.097659843744250018904","7185.0273031037513647","1.5136675781318749134","0.48827921875325003276","2.099766640373379456","184.01786813499589357","2.0001942188586512295","544.05282752955304204","3.0002913282879766221","548.05321596727037559","3.0002913282879766221","0","0","0","0","0","0","0","0","0","0","0","0","0","0","0","0","0","0","0","0","0","0","0","0","0","0","0","0","0","0","0","0","0","0","0","0","0","0"
"05/14/2026 07:58:23.326","35610.01591159158852","87.653605557199199438","45.304110737428793243","42.34949481977039909","1000000000","19810.699727899569552","43.334366792323194773","1.9697439451055998028","0","0","0","15799.316183692017148","42.34949481977039909","0","0","0","0","0","0","0","0","0","0","0","0","0","0","0","0","0","0","0","0","0","0","0","0","0","0","0","0","99.98546514061146695","0","0","100","0.38718953053803151221","0.39419774249862926663","122.0653977550024365","2594.8125806755297162","12315440.684410646558","755.30218192718461978","0","100","3500","0","0.17900723168339238711","0","0","2582.9955973859259757","0","0","99.668376744737045669","99.772907593252796232","2","144.75804529764815243","0","0","3158.0887841466505961","0.048085175063814038221","0.048085175063814038221","0.22709240674720909681","181.21644294971517297","1.9697439451055998028","535.77035306872312503","2.9546159176583999262","539.70984095893436461","2.9546159176583999262","0","0","0","0","0","0","0","0","0","0","0","0","0","0","0","0","0","0","0","0","0","0","0","0","0","0","0","0","0","0","0","0","0","0","0","0","0","0"
"05/14/2026 07:58:24.310","4599.2170361174639766","30.471844320566237485","17.267378448320869211","13.204465872245370051","1000000000","2680.5065720658103601","12.188737728226495705","5.0786407200943735063","0","0","0","1918.7104640516540712","13.204465872245370051","0","0","0","0","0","0","0","0","0","0","0","0","0","0","0","0","0","0","0","0","0","0","0","0","0","0","0","0","100.00481477343139147","0","0","100","0.19149980496684435027","0.18736672734364842596","121.80464625131995149","2117.8858968403683321","15057027.573001436889","763.86100451988340865","0","100","3500","0","0","0","0","2132.106713413876605","0","0","99.848812051154425262","100.23834144260364098","0","77.198718541903105006","0","0","2682.6554693311331903","0","0","0","186.89397849947292229","2.0314562880377491361","552.55611034626781475","3.0471844320566239261","556.61902292234333345","3.0471844320566239261","0","0","0","0","0","0","0","0","0","0","0","0","0","0","0","0","0","0","0","0","0","0","0","0","0","0","0","0","0","0","0","0","0","0","0","0","0","0"
"05/14/2026 07:58:25.326","4343.0150727243290021","29.544320222614480542","15.756970785394390333","13.787349437220090209","1000000000","2391.120316683598503","13.787349437220090209","1.9696213481742987916","0","0","0","1951.8947560407300443","13.787349437220090209","0","0","0","0","0","0","0","0","0","0","0","0","0","0","0","0","0","0","0","0","0","0","0","0","0","0","0","0","99.993520371391042545","0","0","100","0.23358395674067725101","0.23303407680042351191","122.09909165978530154","2306.2614802240050267","13872242.643284859136","749.38727004716815827","0","100","3500","0","0.41949194394077515824","0","0","2292.4751178315473226","0","0","99.803937073549604975","99.580517903519123024","1","77.794473500297343094","0","0","2844.914353700747597","0.048085146652804069967","0","0.41948209648088319312","181.20516403203546929","1.9696213481742987916","535.73700670340929264","2.9544320222614479654","539.67624939975780762","2.9544320222614479654","0","0","0","0","0","0","0","0","0","0","0","0","0","0","0","0","0","0","0","0","0","0","0","0","0","0","0","0","0","0","0","0","0","0","0","0","0","0"
"05/14/2026 07:58:26.310","4606.5314463036520465","31.475088127708442443","15.22988135211698868","16.245206775591455539","1000000000","2343.3710773790671738","15.22988135211698868","0","0","0","0","2263.160368924584418","16.245206775591455539","0","0","0","0","0","0","0","0","0","0","0","0","0","0","0","0","0","0","0","0","0","0","0","0","0","0","0","0","100.03344686782729411","0","0","100","1.7090449648179144582","1.7940328582803841684","121.96256212037548039","5604.5636058043701269","5622666.8236146327108","823.72255967875025817","0","100","3500","0","1.0093173852817161062","0","0","5615.7361682661039595","0","0","98.562028450456281803","98.990682614718281229","30","1417.899745143693508","0.24797201066968288519","0","6440.4744154413756405","0.89270533258659379161","0.44635774477307627039","1.0093173852817161062","186.81987791930174581","2.0306508469489319424","552.33703037010945991","3.0459762704233979136","556.39833206400737708","3.0459762704233979136","0","0","0","0","0","0","0","0","0","0","0","0","0","0","0","0","0","0","0","0","0","0","0","0","0","0","0","0","0","0","0","0","0","0","0","0","0","0"
"05/14/2026 07:58:27.310","3493.243129721828609","18.001252887200948294","9.0006264436004741469","9.0006264436004741469","1000000000","1900.1322492045446779","9.0006264436004741469","0","0","0","0","1593.1108805172839311","9.0006264436004741469","0","0","0","0","0","0","0","0","0","0","0","0","0","0","0","0","0","0","0","0","0","0","0","0","0","0","0","0","99.992030095638853027","0","0","100","3.1420882359529347383","3.1947085307981044622","122.0192519251925205","7187.8713371030653434","4333634.0751043111086","780.98602035023566259","0","100","3500","0","2.5402295172457955985","0","0","7193.8712297049878543","0","0","97.363751634980374661","97.117974584304988639","31","2040.9634667539451129","0.097658828094062857805","0.29296648440218719944","8072.8554958866234301","2.1972336331964017475","0.53710355475734294917","2.882025415695010917","184.01280729138747461","2.0001392096889945016","544.03786503540641206","3.0002088145334915303","548.03814345478440373","3.0002088145334915303","0","0","0","0","0","0","0","0","0","0","0","0","0","0","0","0","0","0","0","0","0","0","0","0","0","0","0","0","0","0","0","0","0","0","0","0","0","0"
"05/14/2026 07:58:28.326","4657.7132440618097462","27.583750176338973858","14.777009023038734981","12.806741153300237102","1000000000","2801.7209107681442219","12.806741153300237102","1.970267869738498101","0","0","0","1855.9923332936650695","12.806741153300237102","0","0","0","0","0","0","0","0","0","0","0","0","0","0","0","0","0","0","0","0","0","0","0","0","0","0","0","0","99.96375975950661541","0","0","100","2.2467527146722301445","2.2808541349212978488","122.00767155622997961","5170.1735543554623291","6079789.6834477502853","759.27691626820217152","0","100","3500","0","1.2325719403241452987","0","0","5153.4320399889784312","0","0","98.11115472632808121","98.430827130310646567","1","1298.9445558466391049","0.14425191378998269975","0.048077406002368615334","5848.697283679445718","1.1540547018856150974","0.28850382757996539951","1.5691728696893503248","181.26464401594182618","1.970267869738498101","535.91286056887145151","2.9554018046077472626","539.85339630834846503","2.9554018046077472626","0","0","0","0","0","0","0","0","0","0","0","0","0","0","0","0","0","0","0","0","0","0","0","0","0","0","0","0","0","0","0","0","0","0","0","0","0","0"
"05/14/2026 07:58:29.310","6436.3547907270576616","54.846640160842845546","28.438998601918513032","26.407641558924336067","1000000000","3666.599462604493965","26.407641558924336067","2.0313570429941796291","0","0","0","2769.7553281225636965","26.407641558924336067","0","0","0","0","0","0","0","0","0","0","0","0","0","0","0","0","0","0","0","0","0","0","0","0","0","0","0","0","100.02246062609579269","0","0","100","0.33409777234561960357","0.332979556809575028","122.0208333333333286","2156.6688355258111187","14770637.56464504078","781.19563566620297479","0","100","3500","0","0","0","0","2170.8908627030891694","0","0","99.739605052594541235","100.09775604021702122","1","95.490753904581367806","0","0","2764.1525678124035039","0","0","0","186.88484795546452233","2.0313570429941796291","552.52911569441687334","3.0470355644912694437","556.59182978040519174","3.0470355644912694437","0","0","0","0","0","0","0","0","0","0","0","0","0","0","0","0","0","0","0","0","0","0","0","0","0","0","0","0","0","0","0","0","0","0","0","0","0","0"
"05/14/2026 07:58:30.310","20326.548684423934901","103.99257493014999909","54.996073280367781422","48.996501649782210563","1000000000","6356.5461426054180265","51.996287465074999545","2.9997858152927880937","0","0","0","13970.002541818514146","48.996501649782210563","0","0","0","0","0","0","0","0","0","0","0","0","0","0","0","0","0","0","0","0","0","0","0","0","0","0","0","0","100.00231999860800158","0","0","100","0.58641880497771292635","0.65434877909078981162","122.02297821545806755","4119.962508341173816","7733144.1933916434646","851.99224687055345839","0","100","3500","0","0.24419985348008710346","0","0","4111.9625811405112472","0","0","99.466210320273802381","99.755800146519916893","0","143.99868961192453298","0","0","4792.9563840969049124","0.19530988281407030138","0.097659941404035152668","0.14654991207004863796","183.98686333795768633","1.9998572101951921365","543.96116117309225046","2.9997858152927880937","547.96087559348268314","2.9997858152927880937","0","0","0","0","0","0","0","0","0","0","0","0","0","0","0","0","0","0","0","0","0","0","0","0","0","0","0","0","0","0","0","0","0","0","0","0","0","0"
"05/14/2026 07:58:31.310","17204.226661360953585","97.006916593153093231","53.003779169454780629","44.003137423698312602","1000000000","6209.4427332668819872","51.003636559286675833","2.0001426101681047953","0","0","0","10994.783928094073417","44.003137423698312602","0","0","0","0","0","0","0","0","0","0","0","0","0","0","0","0","0","0","0","0","0","0","0","0","0","0","0","0","100.00129999947999693","0","0","100","0.74376866041799338802","0.94197470023328522259","121.99005387484459106","4237.9936430095358446","7488603.4669811315835","867.9986980019530165","0","100","3500","0","0.92776962889214997787","0","0","4237.9936430095358446","0","0","99.22440031023988638","99.072220371111853865","2","264.99960250059626787","0","0","4977.992533011200976","0.24413990234403906698","0.48827980468807813397","0.92776962889214997787","184.01312013546566959","2.0001426101681047953","544.03878996572450433","3.0002139152521576371","548.03907518606081339","3.0002139152521576371","0","0","0","0","0","0","0","0","0","0","0","0","0","0","0","0","0","0","0","0","0","0","0","0","0","0","0","0","0","0","0","0","0","0","0","0","0","0"
"05/14/2026 07:58:32.310","79654.326582738984143","167.00068470280726274","52.000213200874121355","115.00047150193314849","1000000000","5349.0219309899166547","48.000196800806882891","4.0000164000672402409","0","0","0","74305.304651749072946","115.00047150193314849","0","0","0","0","0","0","0","0","0","0","0.022176653542980363093","0.00022176653542980363418","0","0","0.022176653542980363093","0.00022176653542980363418","4.4360000000000002185e-005","0","4.4360000000000002185e-005","5.000020500084049857","0","5.000020500084049857","307201.25952516403049","0","307201.25952516403049","61440","0","61440","99.954766825686007792","0","0","100","4.1648508642259720602","4.703469062565992509","122.00464788147901629","15346.503123941734884","2004881.8205512478016","845.86237819106838742","0","100","3500","0","3.2372614972400626243","0","0","15340.50409998293253","0","0","96.13527318727604154","96.762748501251166999","29","1980.6777437310950063","0.39057106282661946395","0.097645265329461786163","16522.311819866907172","2.2457511161565717472","1.1228805573238997972","3.3348967640782989363","184.00075440309305463","2.0000082000336201205","544.00223040914465855","3.0000123000504301807","548.00224680921189702","3.0000123000504301807","0","0","0","17.00006970028577058","0","0","0","0","0","6.0000246001008603614","0","8.0000328001344804818","0","0","0","0","0","0","0","0","0","0","0","0","0","0","0","0","0","0","0","0","0","0","0","0","0","0"
"05/14/2026 07:58:33.326","3919.7360927645272568","20.676829426791027089","9.8461092508528693656","10.830720175938155947","1000000000","2025.3446729004353983","7.8768874006822962031","1.9692218501705740508","0","0","0","1894.3914198640920858","10.830720175938155947","0","0","0","0","0","0","0","0","0","0","0","0","0","0","0","0","0","0","0","0","0","0","0","0","0","0","0","0","100.0275544436612023","0","0","100","3.1318713003417433249","3.1979432381630630289","122.00042074893309518","7145.5842879079600607","4361328.5970231536776","892.21325314837542919","0","100","3500","0","1.7132699167517029259","0","0","7145.5842879079600607","0","0","97.389487280541857217","98.046293434932223931","28","1983.3526400009138797","0.43276627115502758203","0.048087329663215369613","8008.2540558527471148","1.8272495918534963355","0.43276627115502758203","1.9537065650677809536","181.16841021569280201","1.9692218501705740508","535.62834324639607075","2.9538327752558610761","539.5667869467372384","2.9538327752558610761","0","0","0","0","0","0","0","0","0","0","0","0","0","0","0","0","0","0","0","0","0","0","0","0","0","0","0","0","0","0","0","0","0","0","0","0","0","0"
"05/14/2026 07:58:34.311","10639.038007518931408","83.284116144778266744","44.689037931344437027","38.595078213433829717","1000000000","5544.4876833456655731","42.657718025374229853","2.0313199059702014004","0","0","0","5094.5503241732658353","38.595078213433829717","0","0","0","0","0","0","0","0","0","0","0","0","0","0","0","0","0","0","0","0","0","0","0","0","0","0","0","0","99.987040846318038234","0","0","100","1.4821557979845247921","1.5004890825720869074","122.00198176773682235","4191.348516367231241","7540925.6118245702237","832.78550603855819645","0","100","3500","0","0.17488763824705655381","0","0","4191.348516367231241","0","0","98.77165300911346435","99.527569786972236443","2","711.93004845491373089","0.09918424361908943776","0.04959212180954471888","4945.9334322046079251","0.74385135891351106263","0.09918424361908943776","0.42283809121822502064","186.88143134925854838","2.0313199059702014004","552.51901442389487329","3.0469798589553023227","556.58165423583523079","3.0469798589553023227","0","0","0","0","0","0","0","0","0","0","0","0","0","0","0","0","0","0","0","0","0","0","0","0","0","0","0","0","0","0","0","0","0","0","0","0","0","0"
"05/14/2026 07:58:35.326","11761.175479573596022","78.762266730779145973","41.350190033659053768","37.412076697120099311","1000000000","4906.8892173275407913","38.396605031254836149","2.9535850024042180628","0","0","0","6854.2862622460552302","37.412076697120099311","0","0","0","0","0","0","0","0","0","0","0","0","0","0","0","0","0","0","0","0","0","0","0","0","0","0","0","0","100.02266857810113265","0","0","100","0.38046915747360260385","0.44377878659433023234","121.98700736249458032","3676.0806697340385654","8668052.7175368145108","836.05477862421616919","0","100","3500","0","0.56494193121711111516","0","0","3691.8367079648837716","0","0","99.649326353275711199","99.531227197251880057","1","125.06355345733268791","0","0","4360.4835803863707042","0.048084564234498271273","0.14424384536287745973","0.5168573669826148631","181.1532134807920329","1.9690566682694787826","535.58341376929820399","2.9535850024042180628","539.52152710583720818","2.9535850024042180628","0","0","0","0","0","0","0","0","0","0","0","0","0","0","0","0","0","0","0","0","0","0","0","0","0","0","0","0","0","0","0","0","0","0","0","0","0","0"
"05/14/2026 07:58:36.310","9651.48651896582669","76.220015680997889262","43.699475657105459447","32.520540023892436921","1000000000","5373.0029720724778599","41.666941905612183916","2.0325337514932773075","0","0","0","4278.4835468933488301","32.520540023892436921","0","0","0","0","0","0","0","0","0","0","0","0","0","0","0","0","0","0","0","0","0","0","0","0","0","0","0","0","99.973665018630569534","0","0","100","0.28989747766111872984","0.29238129142060165222","122.08825526137134432","2980.9875176481773451","10716846.009549794719","872.75674085200557784","0","100","3500","0","0.18494431553534029788","0","0","2964.7312803331228679","0","0","99.743101850337239966","99.715832139690817826","0","112.77764637319280894","0","0","3579.4202538086328786","0","0.049611772386918585875","0.28416786030918128603","186.99310513738149098","2.0325337514932773075","552.84918040617139923","3.0488006272399159613","556.91424790915800713","3.0488006272399159613","0","0","0","0","0","0","0","0","0","0","0","0","0","0","0","0","0","0","0","0","0","0","0","0","0","0","0","0","0","0","0","0","0","0","0","0","0","0"
"05/14/2026 07:58:37.310","9438.1722722917202191","60.994650769127552792","31.997193846099698078","28.997456923027854714","1000000000","4128.6379184545521639","30.997281538409083623","0.99991230769061556494","0","0","0","5309.5343538371689647","28.997456923027854714","0","0","0","0","0","0","0","0","0","0","0","0","0","0","0","0","0","0","0","0","0","0","0","0","0","0","0","0","100.01058000740601983","0","0","100","0.94585020647768747182","0.97127392173207660608","122.00401929260449663","4836.9685597043617236","6560421.9260177724063","873.99431903692618562","0","100","3500","0","0.87884061518842537808","0","0","4842.9685207046150026","0","0","99.209309446516613207","99.121159384811576842","31","601.99608702543434902","0","0.048820034174023925477","5544.9639577342750272","0.4394503076152153076","0.048830034181023926343","0.87884061518842537808","183.98386461507328704","1.9998246153812311299","543.95229538369494549","2.9997369230718469169","547.95194461445737488","2.9997369230718469169","0","0","0","0","0","0","0","0","0","0","0","0","0","0","0","0","0","0","0","0","0","0","0","0","0","0","0","0","0","0","0","0","0","0","0","0","0","0"
"05/14/2026 07:58:38.311","10177.389785334426051","83.945477412420629548","49.967546078821804656","33.977931333598831998","1000000000","5970.1224054976291882","47.968844235668932185","1.9987018431528722484","0","0","0","4207.2673798367959535","33.977931333598831998","0","0","0","0","0","0","0","0","0","0","0","0","0","0","0","0","0","0","0","0","0","0","0","0","0","0","0","0","100.02724996383831524","0","0","100","3.0154629364544964787","3.0494900333793424352","122.00076785257230938","7699.107445332788302","4052732.7577252662741","866.67439043151489386","0","100","3500","0","2.0380293937742766097","0","0","7698.1078208916915173","0","0","97.514585378205211441","97.961970606225719393","26","2001.2481310771543122","0.34166416508799807294","0.09762404506420285788","8635.7555466411267844","1.6595487881813129061","0.39047618762009950188","2.0380293937742766097","183.88056957006423886","1.9987018431528722484","543.64690133758131196","2.9980527647293082616","547.64430502388700006","2.9980527647293082616","0","0","0","0","0","0","0","0","0","0","0","0","0","0","0","0","0","0","0","0","0","0","0","0","0","0","0","0","0","0","0","0","0","0","0","0","0","0"
"05/14/2026 07:58:39.326","50623.033396465594706","149.72857263456188548","65.013722328165030717","84.714850306396854762","1000000000","10099.783258040546571","63.043609530341846892","1.9701127978231827154","0","0","0","40523.250138425049954","84.714850306396854762","0","0","0","0","0","0","0","0","0","0","0.060487546765561166218","0.00060487546765561166218","0","0","0.060487546765561166218","0.00060487546765561166218","4.7238461538461539932e-005","0","4.7238461538461539932e-005","12.805733185850687761","0","12.805733185850687761","786784.24693866632879","0","786784.24693866632879","61440","0","61440","99.928963330520559794","0","0","100","5.388786802366445805","5.8209500455449481038","121.98791441024962978","18603.294182725188875","1638263.4457563403994","856.93153698157004783","0","100","3500","0","3.3778172732379374565","0","0","18604.279161503327487","0","0","95.234603722845491802","96.381710007867027912","25","2068.4554340934446373","0.33666574636816165578","0.14428954120968986996","20823.436348652150627","3.0299621679501105298","1.0580839030532667167","3.6182899921329725323","181.25037739973282669","1.9701127978231827154","535.87068100790577319","2.9551691967347744061","539.8109066035520982","2.9551691967347744061","0","0","0","15.760902382585461723","0","0","0","0","0","1.9701127978231827154","0","12.805733185850687761","0","0","0","0","0","0","0","0","0","0","0","0","0","0","0","0","0","0","0","0","0","0","0","0","0","0"
"05/14/2026 07:58:40.311","23604.433696245872852","102.59705656155412612","50.790622060175309116","51.806434501378817004","1000000000","6075.5742108381700746","47.743184736564792559","3.0474373236105183338","0","0","0","17528.859485407701868","51.806434501378817004","0","0","0","0","0","0","0","0","0","0","0","0","0","0","0","0","0","0","0","0","0","0","0","0","0","0","0","0","99.990148491683299881","0","0","100","1.3538189783773770802","1.6204925784969790303","122.03428851334803085","4888.160353596906134","6460868.8422365412116","868.35177692195190957","0","100","3500","0","1.0167772202252844949","0","0","4882.0666569167515263","0","0","98.649784769933773987","98.735269456017988432","3","346.32509465542176486","0.099185391980344109197","0.049582539796031117885","5617.3727229886735586","0.44632410771740760325","0.5454993435036107341","1.264730543982006683","186.90948918144513868","2.0316248824070122225","552.60196801470738137","3.0474373236105183338","556.66521777952141292","3.0474373236105183338","0","0","0","0","0","0","0","0","0","0","0","0","0","0","0","0","0","0","0","0","0","0","0","0","0","0","0","0","0","0","0","0","0","0","0","0","0","0"
"05/14/2026 07:58:41.311","34601.359771331182856","94.011845492532060575","39.004914619242022411","55.006930873290031059","1000000000","4560.5746324036826991","36.004536571608021234","3.0003780476340016214","0","0","0","30040.785138927501976","55.006930873290031059","0","0","0","0","0","0","0","0","0","0","0","0","0","0","0","0","0","0","0","0","0","0","0","0","0","0","0","0","99.977899982319982541","0","0","100","0.83783796757047357406","0.99149580950613291908","122.00492222878519044","6046.9963718021772365","5248576.6495783030987","825.99950440029738274","0","100","3500","0","0.34172027337622257193","0","0","6046.9963718021772365","0","0","99.181139344911471767","99.658279726623774764","3","164.99990100005942395","0.048830039064031251217","0","6769.9959380024374695","0.34179027343221873858","0.29297023437618752162","0.34172027337622257193","184.02318692155211011","2.000252031756001081","544.06855263763236508","3.0003780476340016214","548.06905670114429086","3.0003780476340016214","0","0","0","0","0","0","0","0","0","0","0","0","0","0","0","0","0","0","0","0","0","0","0","0","0","0","0","0","0","0","0","0","0","0","0","0","0","0"
"05/14/2026 07:58:42.311","19033.095549619127269","136.97909698979935911","68.98947220654127932","67.989624783258065577","1000000000","7837.803951117059114","65.989929936691652301","2.9995422698496208014","0","0","0","11195.291598502068155","67.989624783258065577","0","0","0","0","0","0","0","0","0","0","0","0","0","0","0","0","0","0","0","0","0","0","0","0","0","0","0","0","100.00380958208884863","0","0","100","0.39082105586494758631","0.41900710490656112306","122.00326036329762758","3990.5694175598455331","7987397.4705735035241","872.90581346272745122","0","100","3500","0","0.20625737356612106055","0","0","3996.5687702296922907","0","0","99.659387365206029585","99.793742626433882492","4","222.97594089597734524","0","0.097649287873120313441","4706.49216949491165","0.14647393180968049098","0.097649287873120313441","0.20625737356612106055","183.97192588411007819","1.9996948465664139416","543.91699826606452461","2.9995422698496208014","547.91638795919743643","2.9995422698496208014","0","0","0","0","0","0","0","0","0","0","0","0","0","0","0","0","0","0","0","0","0","0","0","0","0","0","0","0","0","0","0","0","0","0","0","0","0","0"
"05/14/2026 07:58:43.326","22016.547524047018669","73.871116373798884069","31.518342986154191721","42.352773387644695902","1000000000","3958.5068894173032277","29.548446549519553628","1.9698964366346369825","0","0","0","18058.040634629716806","42.352773387644695902","0","0","0","0","0","0","0","0","0","0","0","0","0","0","0","0","0","0","0","0","0","0","0","0","0","0","0","0","100.00393008738977585","0","0","100","1.7339375515137760431","1.8535393411594873747","121.99502126335441687","7238.5947808244318367","4353672.3227650020272","907.16366759277468645","0","100","3500","0","1.3572886770340852891","0","0","7238.5947808244318367","0","0","98.48386290358008921","98.642711322965908494","30","1136.6632707948556344","0.096183717697193360507","0.048096783770137756242","8039.3809499372719074","0.76951899079295771333","0.4809481380152133001","1.3572886770340852891","181.23047217038660506","1.9698964366346369825","535.81183076462127701","2.9548446549519553628","539.75162363789058872","2.9548446549519553628","0","0","0","0","0","0","0","0","0","0","0","0","0","0","0","0","0","0","0","0","0","0","0","0","0","0","0","0","0","0","0","0","0","0","0","0","0","0"
