"(PDH-CSV 4.0) (","\\PDB01\Network Interface(Broadcom BCM5719 4x1GbT OCP Ethernet NIC)\Bytes Total/sec","\\PDB01\Network Interface(Broadcom BCM5719 4x1GbT OCP Ethernet NIC)\Packets/sec","\\PDB01\Network Interface(Broadcom BCM5719 4x1GbT OCP Ethernet NIC)\Packets Received/sec","\\PDB01\Network Interface(Broadcom BCM5719 4x1GbT OCP Ethernet NIC)\Packets Sent/sec","\\PDB01\Network Interface(Broadcom BCM5719 4x1GbT OCP Ethernet NIC)\Current Bandwidth","\\PDB01\Network Interface(Broadcom BCM5719 4x1GbT OCP Ethernet NIC)\Bytes Received/sec","\\PDB01\Network Interface(Broadcom BCM5719 4x1GbT OCP Ethernet NIC)\Packets Received Unicast/sec","\\PDB01\Network Interface(Broadcom BCM5719 4x1GbT OCP Ethernet NIC)\Packets Received Non-Unicast/sec","\\PDB01\Network Interface(Broadcom BCM5719 4x1GbT OCP Ethernet NIC)\Packets Received Discarded","\\PDB01\Network Interface(Broadcom BCM5719 4x1GbT OCP Ethernet NIC)\Packets Received Errors","\\PDB01\Network Interface(Broadcom BCM5719 4x1GbT OCP Ethernet NIC)\Packets Received Unknown","\\PDB01\Network Interface(Broadcom BCM5719 4x1GbT OCP Ethernet NIC)\Bytes Sent/sec","\\PDB01\Network Interface(Broadcom BCM5719 4x1GbT OCP Ethernet NIC)\Packets Sent Unicast/sec","\\PDB01\Network Interface(Broadcom BCM5719 4x1GbT OCP Ethernet NIC)\Packets Sent Non-Unicast/sec","\\PDB01\Network Interface(Broadcom BCM5719 4x1GbT OCP Ethernet NIC)\Packets Outbound Discarded","\\PDB01\Network Interface(Broadcom BCM5719 4x1GbT OCP Ethernet NIC)\Packets Outbound Errors","\\PDB01\Network Interface(Broadcom BCM5719 4x1GbT OCP Ethernet NIC)\Output Queue Length","\\PDB01\Network Interface(Broadcom BCM5719 4x1GbT OCP Ethernet NIC)\Offloaded Connections","\\PDB01\Network Interface(Broadcom BCM5719 4x1GbT OCP Ethernet NIC)\TCP Active RSC Connections","\\PDB01\Network Interface(Broadcom BCM5719 4x1GbT OCP Ethernet NIC)\TCP RSC Coalesced Packets/sec","\\PDB01\Network Interface(Broadcom BCM5719 4x1GbT OCP Ethernet NIC)\TCP RSC Exceptions/sec","\\PDB01\Network Interface(Broadcom BCM5719 4x1GbT OCP Ethernet NIC)\TCP RSC Average Packet Size","\\PDB01\PhysicalDisk(3 F:)\Current Disk Queue Length","\\PDB01\PhysicalDisk(3 F:)\% Disk Time","\\PDB01\PhysicalDisk(3 F:)\Avg. Disk Queue Length","\\PDB01\PhysicalDisk(3 F:)\% Disk Read Time","\\PDB01\PhysicalDisk(3 F:)\Avg. Disk Read Queue Length","\\PDB01\PhysicalDisk(3 F:)\% Disk Write Time","\\PDB01\PhysicalDisk(3 F:)\Avg. Disk Write Queue Length","\\PDB01\PhysicalDisk(3 F:)\Avg. Disk sec/Transfer","\\PDB01\PhysicalDisk(3 F:)\Avg. Disk sec/Read","\\PDB01\PhysicalDisk(3 F:)\Avg. Disk sec/Write","\\PDB01\PhysicalDisk(3 F:)\Disk Transfers/sec","\\PDB01\PhysicalDisk(3 F:)\Disk Reads/sec","\\PDB01\PhysicalDisk(3 F:)\Disk Writes/sec","\\PDB01\PhysicalDisk(3 F:)\Disk Bytes/sec","\\PDB01\PhysicalDisk(3 F:)\Disk Read Bytes/sec","\\PDB01\PhysicalDisk(3 F:)\Disk Write Bytes/sec","\\PDB01\PhysicalDisk(3 F:)\Avg. Disk Bytes/Transfer","\\PDB01\PhysicalDisk(3 F:)\Avg. Disk Bytes/Read","\\PDB01\PhysicalDisk(3 F:)\Avg. Disk Bytes/Write","\\PDB01\PhysicalDisk(3 F:)\% Idle Time","\\PDB01\PhysicalDisk(3 F:)\Split IO/Sec","\\PDB01\Processor Information(_Total)\Performance Limit Flags","\\PDB01\Processor Information(_Total)\% Performance Limit","\\PDB01\Processor Information(_Total)\% Privileged Utility","\\PDB01\Processor Information(_Total)\% Processor Utility","\\PDB01\Processor Information(_Total)\% Processor Performance","\\PDB01\Processor Information(_Total)\Idle Break Events/sec","\\PDB01\Processor Information(_Total)\Average Idle Time","\\PDB01\Processor Information(_Total)\Clock Interrupts/sec","\\PDB01\Processor Information(_Total)\Processor State Flags","\\PDB01\Processor Information(_Total)\% of Maximum Frequency","\\PDB01\Processor Information(_Total)\Processor Frequency","\\PDB01\Processor Information(_Total)\Parking Status","\\PDB01\Processor Information(_Total)\% Priority Time","\\PDB01\Processor Information(_Total)\C3 Transitions/sec","\\PDB01\Processor Information(_Total)\C2 Transitions/sec","\\PDB01\Processor Information(_Total)\C1 Transitions/sec","\\PDB01\Processor Information(_Total)\% C3 Time","\\PDB01\Processor Information(_Total)\% C2 Time","\\PDB01\Processor Information(_Total)\% C1 Time","\\PDB01\Processor Information(_Total)\% Idle Time","\\PDB01\Processor Information(_Total)\DPC Rate","\\PDB01\Processor Information(_Total)\DPCs Queued/sec","\\PDB01\Processor Information(_Total)\% Interrupt Time","\\PDB01\Processor Information(_Total)\% DPC Time","\\PDB01\Processor Information(_Total)\Interrupts/sec","\\PDB01\Processor Information(_Total)\% Privileged Time","\\PDB01\Processor Information(_Total)\% User Time","\\PDB01\Processor Information(_Total)\% Processor Time","\\PDB01\SQLServer:Availability Replica(_Total)\Bytes Sent to Replica/sec","\\PDB01\SQLServer:Availability Replica(_Total)\Sends to Replica/sec","\\PDB01\SQLServer:Availability Replica(_Total)\Bytes Sent to Transport/sec","\\PDB01\SQLServer:Availability Replica(_Total)\Sends to Transport/sec","\\PDB01\SQLServer:Availability Replica(_Total)\Bytes Received from Replica/sec","\\PDB01\SQLServer:Availability Replica(_Total)\Receives from Replica/sec","\\PDB01\SQLServer:Availability Replica(_Total)\Flow Control Time (ms/sec)","\\PDB01\SQLServer:Availability Replica(_Total)\Flow Control/sec","\\PDB01\SQLServer:Availability Replica(_Total)\Resent Messages/sec","\\PDB01\SQLServer:SQL Statistics\Batch Requests/sec","\\PDB01\SQLServer:SQL Statistics\Forced Parameterizations/sec","\\PDB01\SQLServer:SQL Statistics\Auto-Param Attempts/sec","\\PDB01\SQLServer:SQL Statistics\Failed Auto-Params/sec","\\PDB01\SQLServer:SQL Statistics\Safe Auto-Params/sec","\\PDB01\SQLServer:SQL Statistics\Unsafe Auto-Params/sec","\\PDB01\SQLServer:SQL Statistics\SQL Compilations/sec","\\PDB01\SQLServer:SQL Statistics\SQL Re-Compilations/sec","\\PDB01\SQLServer:SQL Statistics\SQL Attention rate","\\PDB01\SQLServer:SQL Statistics\Guided plan executions/sec","\\PDB01\SQLServer:SQL Statistics\Misguided plan executions/sec","\\PDB01\SQLServer:Database Replica(_Total)\Recovery Queue","\\PDB01\SQLServer:Database Replica(_Total)\Redone Bytes/sec","\\PDB01\SQLServer:Database Replica(_Total)\Redones/sec","\\PDB01\SQLServer:Database Replica(_Total)\Log Send Queue","\\PDB01\SQLServer:Database Replica(_Total)\Log Apply Ready Queue","\\PDB01\SQLServer:Database Replica(_Total)\Log Apply Pending Queue","\\PDB01\SQLServer:Database Replica(_Total)\Log Bytes Received/sec","\\PDB01\SQLServer:Database Replica(_Total)\File Bytes Received/sec","\\PDB01\SQLServer:Database Replica(_Total)\Mirrored Write Transactions/sec","\\PDB01\SQLServer:Database Replica(_Total)\Transaction Delay","\\PDB01\SQLServer:Database Replica(_Total)\Group Commit Time","\\PDB01\SQLServer:Database Replica(_Total)\Group Commits/Sec","\\PDB01\SQLServer:Database Replica(_Total)\Log Bytes Compressed/sec","\\PDB01\SQLServer:Database Replica(_Total)\Log Compressions/sec","\\PDB01\SQLServer:Database Replica(_Total)\Log Compression Cache misses/sec","\\PDB01\SQLServer:Database Replica(_Total)\Log Compression Cache hits/sec","\\PDB01\SQLServer:Database Replica(_Total)\Log Bytes Decompressed/sec","\\PDB01\SQLServer:Database Replica(_Total)\Log Decompressions/sec","\\PDB01\SQLServer:Database Replica(_Total)\Database Flow Control Delay","\\PDB01\SQLServer:Database Replica(_Total)\Database Flow Controls/sec","\\PDB01\SQLServer:Database Replica(_Total)\Total Log requiring undo","\\PDB01\SQLServer:Database Replica(_Total)\Log remaining for undo","\\PDB01\SQLServer:Database Replica(_Total)\Redo Bytes Remaining","\\PDB01\SQLServer:Database Replica(_Total)\Redo blocked/sec"
"05/14/2026 15:23:05.626"," "," "," "," ","1000000000"," "," "," ","42235","0","0"," "," "," ","0","0","0","0","0"," "," ","0","0"," "," "," "," "," "," "," "," "," "," "," "," "," "," "," "," "," "," "," "," ","0","100"," "," "," "," "," "," ","0","100","3500","0"," "," "," "," "," "," "," "," ","0"," "," "," "," "," "," "," "," "," "," "," "," "," "," "," "," "," "," "," "," "," "," "," "," "," "," "," ","0"," "," ","0","0","0"," "," "," "," "," "," "," "," "," "," "," "," "," "," ","0","0","0"," "
"05/14/2026 15:23:08.610","129.11180759758431691","4.0347439874245099034","4.0347439874245099034","0","1000000000","129.11180759758431691","0","2.0173719937122549517","42241","0","0","0","0","0","0","0","0","0","0","0","0","0","0","4.3248125998418744942","0.043248125998418748828","0","0","4.3248125998418744942","0.043248125998418748828","1.4309611973392462859e-005","0","1.4309611973392462859e-005","3032.7825638807566975","0","3032.7825638807566975","18356600.356994148344","0","18356600.356994148344","6052.7254988913527995","0","6052.7254988913527995","95.649189477311409746","0","0","100","3.0565048863476125263","3.727884957971705493","122.00269461077844824","40634.634305447310908","763352.30489116942044","984.28693222185381728","0","100","3500","0","2.588152023817169578","0","0","40662.21855987048184","0","0","96.59820580490493569","97.428205993883267411","661","16273.70092962974195","0.081803491220482360546","0.21269108758100099821","48260.67147341362579","0.91620312248489621521","1.5542696838687428684","2.5717940061167343657","10124761.008664477617","2478.3414942755052834","10392871.09154349938","2479.3501802723612855","65438.167817375651794","2320.3140214347117762","0","0","0","323.45197632519818853","0","0","0","0","0","0","0","0","0","0","0","0","0","0","0","0","0","0","3547.8848796086190305","135.83638090995850689","272.68144781677312949","6835.1925433627384336","0","0","0","0","0","0","0","0","0","0","0","0"
"05/14/2026 15:23:09.611","0","0","0","0","1000000000","0","0","0","42241","0","0","0","0","0","0","0","0","0","0","0","0","0","0","6.5118904702596038803","0.065118904702596042133","0","0","6.5118904702596038803","0.065118904702596042133","1.4154867448935244936e-005","0","1.4154867448935244936e-005","4603.7217919501890719","0","4603.7217919501890719","18869137.057259414345","0","18869137.057259414345","4098.6701434159058408","0","4098.6701434159058408","93.431158591219514165","0","0","100","8.5506043540361442723","9.441467147995963316","122.0084948947955894","82233.670500512569561","359104.09761317074299","1331.5412840276524093","0","100","3500","0","7.1111698914373411284","0","0","82167.693229682379751","0","0","92.211846694911216105","92.840026443149483271","373","31479.155430954037001","0.29287197574971657321","0.1952446516151044309","95749.014464516978478","3.4656400502751725234","3.7096983639575835667","7.1599735568505185057","19111191.585653033108","4676.7491041649573162","19617000.758283596486","4677.7494783048859972","126331.24788670962153","4511.6873710767822558","0","0","0","847.31689651929821139","0","0","0","0","0","0","0","0","0","0","0","0","0","0","0","0","0","0","9300.4783789137127314","0","0","18275.835162350718747","0","0","0","0","0","0","0","0","0","0","0","0"
"05/14/2026 15:23:10.610","63.986434875806324385","1.999576089868947637","1.999576089868947637","0","1000000000","63.986434875806324385","0","0.99978804493447381851","42242","0","0","0","0","0","0","0","0","0","0","0","0","0","0","3.7088005518199413935","0.037088005518199414212","0","0","3.7088005518199413935","0.037088005518199414212","1.4461232449297973485e-005","0","1.4461232449297973485e-005","2563.4565472119907099","0","2563.4565472119907099","10536774.203868778422","0","10536774.203868778422","4110.3775351014037369","0","4110.3775351014037369","96.337271131959070658","0","0","100","6.9392087729883629166","7.4343794362279478349","121.98574092066910168","55126.503783145344642","545157.77180915733334","1222.3215928110685127","0","100","3500","0","5.4447707938733209687","0","0","55151.510362376342528","0","0","93.930560790216404143","94.311017273980681352","265","20002.262595288819284","0.48840385921869783337","0.19535954318015050224","63324.660718234961678","2.9792655417413853591","2.6862312282394813501","5.6889827260193204239","10678084.24613981694","2606.4474331441733739","10960044.470572236925","2607.4472211891074949","72308.670561840888695","2586.4516722454836781","0","0","0","730.84506084710028517","0","0","0","0","0","0","0","0","0","0","0","0","0","0","0","0","0","0","8050.2933378123825605","89.980924044102636117","159.96608718951580386","15699.671669606041178","0","0","0","0","0","0","0","0","0","0","0","0"
"05/14/2026 15:23:11.610","64.042440925601397339","2.0013262789250436668","2.0013262789250436668","0","1000000000","64.042440925601397339","0","1.0006631394625218334","42243","0","0","0","0","0","0","0","0","0","0","0","0","0","0","7.0750707003942707729","0.070750707003942703288","0","0","7.0750707003942707729","0.070750707003942703288","1.5033538788522846997e-005","0","1.5033538788522846997e-005","4708.1200711711653639","0","4708.1200711711653639","34306254.75502615422","0","34306254.75502615422","7286.614240170031735","0","7286.614240170031735","93.785317063748834698","0","0","100","7.0955836340793965178","9.0633015115990627208","122.03038400206870051","64310.788298527288134","460618.19256494008005","1280.3143171648639509","0","100","3500","0","6.3727929538966332501","0","0","64309.788052967007388","0","0","92.548093922571808889","93.285330517153894903","513","24797.087685026675899","0.34188653148111786129","0.29304416947929523563","75508.537345918419305","2.0512991838234255759","4.639844344603619497","6.7146694828461033211","12571839.357942508534","3057.0258910580041629","12902518.499009294435","3058.026554197466794","85104.398685008549364","3048.0199228028413927","0","0","0","1133.7513370110373216","0","0","0","0","0","0","0","0","0","0","0","0","0","0","0","0","0","0","12424.233539566670515","24.015915347100524002","41.027188717963397835","24643.331135543525306","0","0","0","0","0","0","0","0","0","0","0","0"
"05/14/2026 15:23:12.595","259.8588519801346024","8.120589124379206325","8.120589124379206325","0","1000000000","259.8588519801346024","0","4.0602945621896031625","42247","0","0","0","0","0","0","0","0","0","0","0","0","0","0","8.8925809119026109073","0.088925809119026116845","0","0","8.8925809119026109073","0.088925809119026116845","1.3647943284512310209e-005","0","1.3647943284512310209e-005","6514.7426250332182462","0","6514.7426250332182462","26854853.199035029858","0","26854853.199035029858","4122.1664069803673556","0","4122.1664069803673556","91.179499830711776553","0","0","100","8.9563164357928108927","10.168828131091300904","122.00442408887155921","104324.66126972330676","281156.13529766653664","1397.9667046361325902","0","100","3500","0","6.9545327873470892399","0","0","104334.8135333735263","0","0","91.682521891987505569","93.045467212652908984","675","42370.472344218585931","0.29742950934841544397","0.44614934013125800982","125758.12028808062314","2.6768554319184696411","4.2631393802985053654","6.9545327873470892399","27198934.741118665785","6617.2650627285056544","27914557.597410019487","6618.2801363690532526","171640.8320274410944","6099.5775060493315323","0","0","0","1621.0726039541991668","0","0","0","0","0","0","0","0","0","0","0","0","0","0","0","0","0","0","17840.934306261115125","5.0753682027370041752","8.120589124379206325","35448.401675196328142","0","0","0","0","0","0","0","0","0","0","0","0"
"05/14/2026 15:23:13.611","252.03659847074823119","7.8761437022108822248","7.8761437022108822248","0","1000000000","252.03659847074823119","0","3.9380718511054411124","42251","0","0","0","0","0","0","0","0","0","0","0","0","0","1","16.371974042532531968","0.16371974042532530524","0","0","16.371974042532531968","0.16371974042532530524","1.3565847886404437959e-005","0","1.3565847886404437959e-005","12064.283115861519036","0","12064.283115861519036","49443531.741597503424","0","49443531.741597503424","4098.3398074098249708","0","4098.3398074098249708","83.96325393918485247","0","0","100","12.335115502190287629","15.08780214931770125","122.00928958266963775","156926.23905399104115","178686.98653346553328","1417.2013179282862438","0","100","3500","0","11.948930472251117152","0","0","156984.34529287760961","0","0","87.65144129418210639","88.051069527748879295","1144","70158.851623749302235","0.52898026106181916806","0.8655969009089998778","198593.33659319183789","4.0394784672799151082","8.0789569345598302164","11.948930472251117152","50092529.920731537044","12256.264118602908638","51417860.435718111694","12257.248636565685956","303526.88792395190103","10705.648327230141149","0","0","0","1751.4574557791449934","0","0","0","0","0","0","0","0","0","0","0","0","0","0","0","0","0","0","19259.140387831161206","2.9535538883290808343","4.9225898138818013905","38168.776898876712949","0","0","0","0","0","0","0","0","0","0","0","0"
"05/14/2026 15:23:14.610","255.85490468355394","7.9954657713610606251","7.9954657713610606251","0","1000000000","255.85490468355394","0","3.9977328856805303126","42255","0","0","0","0","0","0","0","0","0","0","0","0","0","1","18.01783770223604364","0.1801783770223604475","0","0","18.01783770223604364","0.1801783770223604475","1.3673364202216488683e-005","0","1.3673364202216488683e-005","13166.533258988827583","0","13166.533258988827583","53954682.299667857587","0","53954682.299667857587","4097.8654926370127214","0","4097.8654926370127214","82.308304616085109728","0","0","100","14.841492001875323581","18.707153589275456795","121.99289492628876985","168304.91492481823661","161047.79826000143657","1399.3401795976601534","0","100","3500","0","14.675734155300801831","0","0","168321.91905852314085","0","0","84.720163369234384731","85.324275847223844949","1121","75369.322282246823306","0.7814472372826900548","1.123333529382816165","215601.41270342821372","5.3236136800928557378","9.4750515029993565008","14.675724152776158604","54654321.534257918596","13373.415935822793472","56100441.439659565687","13374.415369044214458","326506.83797218598193","11491.48317988868439","0","0","0","2062.8301690111538846","0","0","0","0","0","0","0","0","0","0","0","0","0","0","0","0","0","0","22671.143194694286649","1.9988664428402651563","2.9982996642603976234","44908.532371292239986","0","0","0","0","0","0","0","0","0","0","0","0"
"05/14/2026 15:23:15.610","192.1932887905366556","6.0060402747042704874","6.0060402747042704874","0","1000000000","192.1932887905366556","0","3.0030201373521352437","42258","0","0","0","0","0","0","0","0","0","0","0","0","0","0","17.960081084546825281","0.17960081084546825059","0","0","17.960081084546825281","0.17960081084546825059","1.4626531443466928058e-005","0","1.4626531443466928058e-005","12288.358402044936156","0","12288.358402044936156","67729940.000658661127","0","67729940.000658661127","5511.7158683610296066","0","5511.7158683610296066","83.222738641971872653","0","0","100","16.218326023625827759","19.651607068540513978","122.01422239007712278","150312.48793449086952","178507.5877945892571","1412.3522406488177694","0","100","3500","0","14.626796430215415867","0","0","150300.4849409442686","0","0","83.84369599256451977","85.373193567249941793","863","64865.177375237384695","0.58607851229501550794","1.1233346530010706044","190814.58915853613871","5.1770918750811452114","9.3773762271359561993","14.626806432750061759","43631460.159482389688","10635.696319788810797","44781564.819739215076","10636.697326501262069","269454.99088433239376","9548.6030300673392048","0","0","0","2408.4221501564124992","0","0","0","0","0","0","0","0","0","0","0","0","0","0","0","0","0","0","26507.658752407296561","36.036241648225619372","40.040268498028467548","52587.887638598134799","0","0","0","0","0","0","0","0","0","0","0","0"
"05/14/2026 15:23:16.610","128.05827932291987281","4.0018212288412460254","4.0018212288412460254","0","1000000000","128.05827932291987281","0","2.0009106144206230127","42260","0","0","0","0","0","0","0","0","0","0","0","0","0","0","8.7528953578150634485","0.087528953578150631154","0","0","8.7528953578150634485","0.087528953578150631154","1.4300833469521162975e-005","0","1.4300833469521162975e-005","6121.7860248198958288","0","6121.7860248198958288","25837038.436192311347","0","25837038.436192311347","4220.5066187285501655","0","4220.5066187285501655","91.239292664973504543","0","0","100","13.430815395694967407","15.567161718812515758","122.01737396038485883","112457.68795619762386","248318.57566131916246","1406.3587621202168521","0","100","3500","0","11.061479660502071098","0","0","112387.67009464114381","0","0","87.23071809474977556","88.840845618025923613","609","43801.173679405612347","0.58608833895859047125","0.48840361495494505339","135462.55649816268124","3.7607218386973744195","7.3749165913892795743","11.159154381974079939","26164391.41453275457","6219.8306449265064657","26837045.539424993098","6220.8311002337168247","168264.57720908787451","6014.7373069483928703","0","0","0","2355.0717931730732744","0","0","0","0","0","0","0","0","0","0","0","0","0","0","0","0","0","0","25889.782439988441183","1.0004553072103115063","3.001365921630934519","51527.450142559879168","0","0","0","0","0","0","0","0","0","0","0","0"
"05/14/2026 15:23:17.610","128.01150823459028061","4.000359632330946269","4.000359632330946269","0","1000000000","128.01150823459028061","0","2.0001798161654731345","42262","0","0","0","0","0","0","0","0","0","0","0","0","0","0","14.664906087202497886","0.14664906087202497775","0","0","14.664906087202497886","0.14664906087202497775","1.3941793457588435012e-005","0","1.3941793457588435012e-005","10516.945473398058311","0","10516.945473398058311","44334993.715935058892","0","44334993.715935058892","4215.5770254849749108","0","4215.5770254849749108","85.717950928765347385","0","0","100","15.121012655796892687","20.081254441051640924","122.00108895392364161","151780.91487253515515","176135.41839653105126","1483.3705459623813567","0","100","3500","0","14.724481183531912265","0","0","151815.92361771970172","0","0","83.545420409531772066","85.128991686493364455","591","63708.914486838810262","0.2442018807565837224","0.97680752302633488959","188144.99862065544585","4.1514419753965654536","10.891429888333703957","14.871008313506639098","44835650.725000172853","10681.96030823170986","45990758.569195367396","10682.960398139792233","264675.79435391240986","9340.8397414927603677","0","0","0","2712.2438307203815384","0","0","0","0","0","9.0008091727446295494","7.0006293565791564149","0","0","0","0","0","0","0","0","0","0","0","29788.678002152391855","413.03713203817022759","432.03884029174218995","59010.305026421876391","0","0","0","0","0","0","0","0","0","0","0","0"
"05/14/2026 15:23:18.609","64.008481123748893538","2.000265035117152923","2.000265035117152923","0","1000000000","64.008481123748893538","0","1.0001325175585764615","42263","0","0","0","0","0","0","0","0","0","0","0","0","0","1","22.486480084869437945","0.22486480084869436835","0","0","22.486480084869437945","0.22486480084869436835","1.3873611453961985876e-005","0","1.3873611453961985876e-005","16206.14731451917396","0","16206.14731451917396","67056308.960937321186","0","67056308.960937321186","4137.7082201925450136","0","4137.7082201925450136","78.217877835941365561","0","0","100","19.477361223362969156","23.618881784791184941","121.99299890065381646","199691.58496262138942","129219.51083907677094","1552.3776934928266655","0","100","3500","0","17.068891602018666731","0","0","199730.59445363056147","0","0","80.640569807933488278","82.931108397981333269","1444","88401.508086917543551","0.39072869806913224089","1.6117371247977236859","256548.41823015539558","5.2747724075101372065","11.81938557679669799","17.068891602018666731","67922491.730154246092","16461.181106496609573","69702467.576953947544","16462.181239014167659","398380.78545407264028","14006.855908407864263","0","0","0","3201.4241887050034165","0","0","0","0","0","0","0","0","0","0","0","0","0","0","0","0","0","0","35195.663425403865403","402.05327205854774775","462.06122311206235054","69341.187707371223951","0","0","0","0","0","0","0","0","0","0","0","0"
"05/14/2026 15:23:19.609","128.01966382036280834","4.0006144943863377605","4.0006144943863377605","0","1000000000","128.01966382036280834","0","2.0003072471931688803","42265","0","0","0","0","0","0","0","0","0","0","0","0","0","0","15.613686508161167765","0.15613686508161167543","0","0","15.613686508161167765","0.15613686508161167543","1.4646021767686243981e-005","0","1.4646021767686243981e-005","10659.637320292396907","0","10659.637320292396907","66123692.599183231592","0","66123692.599183231592","6203.1840870707446811","0","6203.1840870707446811","85.675930280733140876","0","0","100","14.769400656157477769","17.993996959270223357","122.02126112437595395","138197.21264978317777","197398.00981342906016","1551.395295521298749","0","100","3500","0","13.308112275650652023","0","0","138195.21214005327784","0","0","85.268667080238131462","86.691887724349342648","613","57058.538515613778145","0.34187663153843184105","0.83029039558624151418","171557.71290524824872","3.4676687072504175369","9.8657899911837656504","13.308112275650652023","39691368.594216071069","8935.3724732118844258","40657637.013045199215","8936.3726268354821514","225462.63106013083598","7971.224380064777506","0","0","0","2932.45042438518567","0","0","0","0","0","0","0","0","0","0","0","0","0","0","0","0","0","0","32229.950520399932429","941.14455980438594906","1034.1588467988683533","63848.807176782349416","0","0","0","0","0","0","0","0","0","0","0","0"
"05/14/2026 15:23:20.609","127.97762951036159507","3.9993009221987998458","3.9993009221987998458","0","1000000000","127.97762951036159507","0","1.9996504610993999229","42267","0","0","0","0","0","0","0","0","0","0","0","0","0","1","19.239567610605483594","0.19239567610605481929","0","0","19.239567610605483594","0.19239567610605481929","1.4328590584028605211e-005","0","1.4328590584028605211e-005","13421.653894899172883","0","13421.653894899172883","57084165.687837772071","0","57084165.687837772071","4253.1394517282478773","0","4253.1394517282478773","81.498989244278803312","0","0","100","19.840903998924574125","26.08260944711523166","121.98798147081053855","176015.17652280104812","142917.53590582674951","1611.3952752610214247","0","100","3500","0","20.243491603375652232","0","0","176099.19713305673213","0","0","78.626392477296761285","79.756508396624354873","1397","73050.919390526498319","0.73261535168397606821","1.1721665581392091138","224959.18248746418976","6.0562222242227283786","14.261418138789114352","20.243491603375652232","57801448.306835971773","13631.617193314608812","59275478.646332629025","13632.617018545159226","329598.38620209187502","11588.974247301572177","0","0","0","3416.4028127883248089","0","0","0","0","0","0","0","0","0","0","0","0","0","0","0","0","0","0","37557.434960368933389","636.88867186015886546","731.87206876238042241","74156.037524640705669","0","0","0","0","0","0","0","0","0","0","0","0"
"05/14/2026 15:23:21.609","128.0283966983876951","4.0008873968246154718","4.0008873968246154718","0","1000000000","128.0283966983876951","0","2.0004436984123077359","42269","0","0","0","0","0","0","0","0","0","0","0","0","0","0","24.870124680506762616","0.24870124680506763837","0","0","24.870124680506762616","0.24870124680506763837","1.4545360945360945087e-005","0","1.4545360945360945087e-005","17097.792290329995012","0","17097.792290329995012","70319340.829796046019","0","70319340.829796046019","4112.7731367731366845","0","4112.7731367731366845","76.039115084381819543","0","0","100","25.527095929609156855","33.646576640303173633","122.01204826269390935","207161.42871689185267","111877.33576712830109","1661.3964091832310714","0","100","3500","0","26.202061260880626037","0","0","207180.43325137376087","0","0","72.434294146130724812","73.651421714267200969","1489","88650.151926249600365","1.1233238639404177217","1.1721762089279961216","275816.80989083996974","9.7680883959376529901","16.605756274610595113","26.348578285732806137","71233179.519217371941","17366.851967766451708","73111080.037552326918","17367.852189615656243","410739.10193280869862","14379.189304187670132","0","0","0","3594.7973260469175329","0","0","0","0","0","0","0","0","0","0","0","0","0","0","0","0","0","0","39551.772583158948692","1261.2797518489601316","1399.3103670394093569","77873.272291794317425","0","0","0","0","0","0","0","0","0","0","0","0"
"05/14/2026 15:23:22.595","64.896631327408883294","2.0280197289815276029","2.0280197289815276029","0","1000000000","64.896631327408883294","0","1.0140098644907638015","42270","0","0","0","0","0","0","0","0","0","0","0","0","0","0","18.49459380035061784","0.18494593800350617174","0","0","18.49459380035061784","0.18494593800350617174","1.4461980982567354979e-005","0","1.4461980982567354979e-005","12796.804489873438797","0","12796.804489873438797","54072911.568098314106","0","54072911.568098314106","4225.501109350238039","0","4225.501109350238039","81.937902171599972689","0","0","100","20.92114257733329552","26.684870270743548559","122.01215262330575229","171252.6995739050908","145978.03071096778149","1819.9830080873721272","0","100","3500","0","19.793287597661201715","0","0","171135.15056001971243","0","0","78.098943080368457004","79.860350820303395381","912","72116.320018678132328","0.79167637789690215033","1.335944387584487858","219653.50604120863136","6.2344578093491280768","13.606943445172928975","20.139649179696604619","54765415.40891417861","13001.634482500572631","56171344.14207008481","13002.648492365064158","312862.60358998022275","10974.628763383536352","0","0","0","3481.0958647967918296","0","0","0","0","0","5.0700493224538183412","4.0560394579630552059","0","0","0","0","0","0","0","0","0","0","0","38264.676246423463454","1284.7504983097976492","1395.27757353929087","75645.135891010970226","0","0","0","0","0","0","0","0","0","0","0","0"
"05/14/2026 15:23:23.595","63.959002279538822222","1.9987188212355881944","1.9987188212355881944","0","1000000000","63.959002279538822222","0","0.99935941061779409722","42271","0","0","0","0","0","0","0","0","0","0","0","0","0","0","27.942382576381024961","0.27942382576381025183","0","0","27.942382576381024961","0.27942382576381025183","1.458608414239482266e-005","0","1.458608414239482266e-005","19145.72758861570037","0","19145.72758861570037","102039680.56475800276","0","102039680.56475800276","5329.6319031214115967","0","5329.6319031214115967","74.537442105892594668","0","0","100","20.474018909882094164","27.261957860719601143","122.01024521209951956","205223.47017831137055","121063.22952744206123","1723.8779494411794531","0","100","3500","0","20.951892219115965332","0","0","205345.46154132287484","0","0","77.681957837270729783","79.04810778088403822","1520","92931.420455431754817","0.63473280465764703173","1.5624084428652480483","268947.95848453929648","5.5660738280736747896","15.331131595688493263","20.903075079800327529","71865826.005530461669","17473.799294652129902","73755282.863684386015","17474.798654062746209","401106.89048320031725","13970.045201026143332","0","0","0","3550.7239859250225891","0","0","0","0","0","7.9948752849423527778","5.9961564637067645833","0","0","0","0","0","0","0","0","0","0","0","39032.979859909799416","1606.969932273412951","1708.9045921564279524","76757.79825132091355","0","0","0","0","0","0","0","0","0","0","0","0"
"05/14/2026 15:23:24.611","189.17260729412134879","5.9116439779412921496","5.9116439779412921496","0","1000000000","189.17260729412134879","0","2.9558219889706460748","42274","0","0","0","0","0","0","0","0","0","0","0","0","0","0","16.490994529508583355","0.16490994529508584687","0","0","16.490994529508583355","0.16490994529508584687","1.4205429710698226162e-005","0","1.4205429710698226162e-005","11613.424594665668337","0","11613.424594665668337","49344287.346884727478","0","49344287.346884727478","4248.9006532620687722","0","4248.9006532620687722","83.845100313353654542","0","0","100","18.546017162173875192","22.978737185498040674","122.00328003280033329","171945.26817861679592","151097.64110673748655","1656.606051497204362","0","100","3500","0","17.380530471417209526","0","0","171842.83831574179931","0","0","81.148206351695165495","82.619459679649665418","836","70418.560921490556211","0.52899604703220126645","0.86563258121627240094","212384.38106115168193","4.95332393613794153","12.503525918058452149","17.4286228118625246","49961049.163103342056","11796.685557981847523","51236691.288335412741","11797.670831978171918","290419.36315632920014","10228.129355834758826","0","0","0","3741.0853640405143778","0","0","0","0","0","0","0","0","0","0","0","0","0","0","0","0","0","0","41135.18934650815936","704.47090737133726179","778.36645709560343676","81353.088602439092938","0","0","0","0","0","0","0","0","0","0","0","0"
"05/14/2026 15:23:25.611","191.89284703421608924","5.9966514698192527888","5.9966514698192527888","0","1000000000","191.89284703421608924","0","2.9983257349096263944","42277","0","0","0","0","0","0","0","0","0","0","0","0","0","1","20.750697765550775387","0.20750697765550774054","0","0","20.750697765550775387","0.20750697765550774054","1.415360016364380196e-005","0","1.415360016364380196e-005","14657.81507606152627","0","14657.81507606152627","61323836.769547879696","0","61323836.769547879696","4183.6956225282965534","0","4183.6956225282965534","79.928434046160489856","0","0","100","20.392277723044639259","26.099639187788682193","122.01219503076796968","187146.55238252136041","134392.80243141611572","1700.3871804601621989","0","100","3500","0","18.142744038003232987","0","0","187223.52464171915199","0","0","78.61113665808288431","81.857265958637896119","1614","81672.565207499224925","0.29287159514403160454","1.1714863805761264182","239834.56362327019451","4.783552726283968326","13.276788998896371652","18.142734041362107433","62103137.607959710062","14887.686715737931081","63712982.670476801693","14888.686157649566667","348957.14233172195964","12193.191321965812676","0","0","0","3659.956280413017339","0","0","0","0","0","14.991628674548131528","11.993302939638505578","0","0","0","0","0","0","0","0","0","0","0","40259.519084543186182","1026.4268432507287798","1128.3699182376560657","79405.659879523271229","0","0","0","0","0","0","0","0","0","0","0","0"
"05/14/2026 15:23:26.611","191.99387539537488578","5.9998086061054651807","5.9998086061054651807","0","1000000000","191.99387539537488578","0","2.9999043030527325904","42280","0","0","0","0","0","0","0","0","0","0","0","0","0","0","27.063772278976294672","0.27063772278976294672","0","0","27.063772278976294672","0.27063772278976294672","1.4208479025568332039e-005","0","1.4208479025568332039e-005","19046.392420081800083","0","19046.392420081800083","78173762.256984010339","0","78173762.256984010339","4104.3868325720586654","0","4104.3868325720586654","74.034933538833371358","0","0","100","23.216286530292244095","30.973602988823909499","121.99580311174688063","216918.02596696076216","110081.14581028251268","1697.062791323278816","0","100","3500","0","24.21627945071009691","0","0","216915.02585595665732","0","0","74.616952512651906204","75.783720549289895985","1545","95209.522752341828891","0.83009706116419401667","1.3672245715210316064","285599.56718398578232","7.1291324097165569285","17.090397146946990858","24.21627945071009691","79195829.653034076095","19346.382850387071812","81287758.920490443707","19347.382818488091289","454193.51122699189","15885.493252765236321","0","0","0","3620.8844937846483845","0","0","0","0","0","3.9998724040703104166","2.9999043030527325904","0","0","0","0","0","0","0","0","0","0","0","39798.730420499588945","859.97256687511674045","965.96918558297988966","78244.504000322398497","0","0","0","0","0","0","0","0","0","0","0","0"
"05/14/2026 15:23:27.611","128.06782471997169637","4.0021195224991155115","4.0021195224991155115","0","1000000000","128.06782471997169637","0","2.0010597612495577557","42282","0","0","0","0","0","0","0","0","0","0","0","0","0","0","21.370591448946797186","0.21370591448946796298","0","0","21.370591448946797186","0.21370591448946796298","1.5071853837471783591e-005","0","1.5071853837471783591e-005","14183.511587736866204","0","14183.511587736866204","84041180.209038704634","0","84041180.209038704634","5925.2731376975170861","0","5925.2731376975170861","80.609907033417186994","0","0","100","21.429903206601412791","25.65037225768041651","122.00788714380334454","160779.45503721447312","157191.81302922274335","1702.3648167802359694","0","100","3500","0","15.60631523819373534","0","0","160675.43274523731088","0","0","78.963452508385358897","84.247172323952526085","481","69913.982566463993862","0.53722894248786678961","0.83026382040983870425","208847.75607412669342","5.4211302382347454909","10.353862345123211242","15.752827676047475691","52389665.566884219646","12434.585356404752019","53734281.675575383008","12435.585886285376546","299938.84761369624175","10524.573814292049065","0","0","0","3153.6701837293030621","0","0","0","0","0","4.0021195224991155115","3.0015896418743368557","0","0","0","0","0","0","0","0","0","0","0","34674.363542932340351","2268.2012393763739055","2508.3284107263207261","68484.269269004871603","0","0","0","0","0","0","0","0","0","0","0","0"
"05/14/2026 15:23:28.611","128.10828993748415883","4.0033840605463799633","4.0033840605463799633","0","1000000000","128.10828993748415883","0","2.0016920302731899817","42284","0","0","0","0","0","0","0","0","0","0","0","0","0","0","13.487522606184684903","0.13487522606184684792","0","0","13.487522606184684903","0.13487522606184684792","1.4636498806164531571e-005","0","1.4636498806164531571e-005","9221.7951834685864014","0","9221.7951834685864014","40330539.404959015548","0","40330539.404959015548","4373.393531582374635","0","4373.393531582374635","86.726790475334198049","0","0","100","18.84006458157984909","23.138071129345576082","121.99595841981808064","147894.61767162612523","175337.87710706458893","1731.1828129050427378","0","100","3500","0","17.520416948905392474","0","0","147860.61408084694995","0","0","80.991592794543976197","82.186581494826995709","859","58576.185645204139291","0.58600311253522008315","0.83016940924537563351","181034.11720277662971","5.4205037882579949482","12.403675875891833513","17.813418505173007844","40819364.608903907239","9366.9178556633924018","41832288.833751171827","9367.9187016785290325","237724.94889930458157","8420.1175253441742825","0","0","0","3541.9940475684097692","0","0","0","0","0","0","0","0","0","0","0","0","0","0","0","0","0","0","38955.929447161688586","1100.9306166502544784","1228.0380605726020349","77169.231151092026266","0","0","0","0","0","0","0","0","0","0","0","0"
"05/14/2026 15:23:29.611","1168.9123270796524139","10.989774015278783281","10.989774015278783281","0","1000000000","1168.9123270796524139","0","8.9916332852280955734","42286","0","0","0","0","0","0","0","0","0","0","0","0","0","0","21.606384401081893287","0.21606384401081893398","0","0","21.606384401081893287","0.21606384401081893398","1.4071058287202865063e-005","0","1.4071058287202865063e-005","15340.725454964156597","0","15340.725454964156597","63989609.668203741312","0","63989609.668203741312","4171.224487137739743","0","4171.224487137739743","79.12238485428765955","0","0","100","20.005371199999999021","25.874059200000001368","121.9827584906514204","197089.63160634273663","127938.59768377373985","1724.0405149521013755","0","100","3500","0","18.748968111895024435","0","0","197173.63358038914157","0","0","78.841361285288328986","81.251031888104975565","1499","85196.002106049490976","0.48828620123475569015","0.92774178232063553295","251413.90822684331215","4.3945858112398026307","14.404482936933298731","18.748968111895024435","64809478.779995217919","15581.501412935263943","66494335.021262720227","15582.500483300289488","368217.3737337407656","12895.001201382114232","0","0","0","3786.4766834460538121","0","0","0","0","0","0","0","0","0","0","0","0","0","0","0","0","0","0","41612.279773670605209","606.43571157038377351","655.3901594566256108","82105.60073851281777","0","0","0","0","0","0","0","0","0","0","0","0"
"05/14/2026 15:23:30.611","498.00448204033835964","6.0000540004860045684","6.0000540004860045684","0","1000000000","498.00448204033835964","0","6.0000540004860045684","42286","0","0","0","0","0","0","0","0","0","0","0","0","0","0","26.863579423279592362","0.2686357942327959325","0","0","26.863579423279592362","0.2686357942327959325","1.3973388816644992716e-005","0","1.3973388816644992716e-005","19225.173026557240519","0","19225.173026557240519","78947014.523130714893","0","78947014.523130714893","4106.4397399219769795","0","4106.4397399219769795","74.131790921628066826","0","0","100","22.363674910756145664","27.983202474346892785","122.0069280197584618","217528.67117944351048","113346.56642594798177","1674.9666681633034386","0","100","3500","0","20.801548224982212787","0","0","217560.67054265618208","0","0","77.063342485577891239","79.198451775017787213","1648","99207.025780186973861","0.63476384279072495254","1.318347212032043192","286386.30091261182679","6.494077007453028294","14.257671700584504393","20.801548224982212787","79970451.73406560719","19527.17574458170202","82081938.737448632717","19528.175753581781464","443187.98869189823745","15386.138475246278176","0","0","0","3691.0332192989740179","0","0","0","0","0","0","0","0","0","0","0","0","0","0","0","0","0","0","40581.365232287091203","1289.0116011044099196","1404.012636113724966","79729.717567458108533","0","0","0","0","0","0","0","0","0","0","0","0"
"05/14/2026 15:23:31.611","64.021395950526667207","2.0006686234539583502","2.0006686234539583502","0","1000000000","64.021395950526667207","0","1.0003343117269791751","42287","0","0","0","0","0","0","0","0","0","0","0","0","0","2","32.751937674454694616","0.32751937674454695282","0","0","32.751937674454694616","0.32751937674454695282","1.4994621194781414139e-005","0","1.4994621194781414139e-005","21852.303039675858599","0","21852.303039675858599","111218993.3875901252","0","111218993.3875901252","5089.5776607919433445","0","5089.5776607919433445","69.870647056682599896","0","0","100","23.630985536968633909","29.915219856953406463","122.01425010765878199","227493.81643452070421","106196.01004084036686","1762.8048575022744444","0","100","3500","0","21.93290700962408124","0","0","227366.83049186455901","0","0","75.456866820702074961","78.067082991539777481","1722","104495.43235563822964","0.97644634164583232749","2.2458385843887773703","303284.42641399597051","7.421006194878916773","14.500262169483471908","21.884092691610700143","83181035.101931065321","20329.794217227397894","85379301.762649074197","20330.79455153912204","462994.73283971502678","16088.376735505005854","0","0","0","3826.278742355695158","0","0","0","0","0","0","0","0","0","0","0","0","0","0","0","0","0","0","42057.055467937381763","495.16548430485465815","527.17618228011804149","82657.624178000289248","0","0","0","0","0","0","0","0","0","0","0","0"
"05/14/2026 15:23:32.611","64.035091229994037576","2.0010966009373136743","2.0010966009373136743","0","1000000000","64.035091229994037576","0","1.0005483004686568371","42288","0","0","0","0","0","0","0","0","0","0","0","0","0","0","13.496086471860021305","0.13496086471860022082","0","0","13.496086471860021305","0.13496086471860022082","1.485045669637944449e-005","0","1.485045669637944449e-005","9091.9824063586838747","0","9091.9824063586838747","42437335.659941650927","0","42437335.659941650927","4667.5558490150760917","0","4667.5558490150760917","86.933900568722222602","0","0","100","17.995493772733166082","22.573740664700526537","122.00733462496540938","132035.97566299262689","197464.47273746316205","1674.151845572393313","0","100","3500","0","16.348278501668080054","0","0","132046.97666078314069","0","0","81.470502873014311263","83.651731499426034588","380","54468.940332888196281","0.68366479292834636539","1.2208335591913754836","168305.26528756157495","5.1763562933784958986","11.134028062670056514","16.397103843160444114","41416064.003073684871","9096.9851478610271442","42399795.087708063424","9097.9856961614968895","216958.89347362355329","7606.1681801627291861","0","0","0","3223.7666241100123443","0","0","0","0","0","0","0","0","0","0","0","0","0","0","0","0","0","0","35447.425189003573905","1543.8460276231373882","1737.9523979140569736","70155.445183960808208","0","0","0","0","0","0","0","0","0","0","0","0"
"05/14/2026 15:23:33.611","255.76492645609422993","7.9926539517529446854","7.9926539517529446854","0","1000000000","255.76492645609422993","0","3.9963269758764723427","42292","0","0","0","0","0","0","0","0","0","0","0","0","0","0","10.255811858361827404","0.10255811858361828237","0","0","10.255811858361827404","0.10255811858361828237","1.50836764705882344e-005","0","1.50836764705882344e-005","6793.7558589900027073","0","6793.7558589900027073","30867757.444133099169","0","30867757.444133099169","4543.5482352941180579","0","4543.5482352941180579","89.852596639496553621","0","0","100","18.311207348913406179","22.567616210612538197","121.98664072632944055","128749.20232928845508","202566.0481078310986","1706.8303410640980928","0","100","3500","0","15.731590878207823536","0","0","128827.19457685905218","0","0","81.5514473914317648","83.877820563238230989","181","49474.082276221743086","0.39058855855393742607","0.6835174787954997333","157491.34536027116701","4.5893530696393112223","11.619867132097285278","16.122179436761761906","31226907.349455118179","6901.6566873386673251","31973285.353431660682","6902.6557690826366525","183878.99681402824353","6554.9753221813834898","0","0","0","3420.8558913502602081","0","0","0","0","0","4.9954087198455905394","3.9963269758764723427","0","0","0","0","0","0","0","0","0","0","0","37635.409295316676435","1292.8117766960388053","1346.7621908703711142","74668.372299019974889","0","0","0","0","0","0","0","0","0","0","0","0"
"05/14/2026 15:23:34.611","255.85664352263424348","7.9955201100823201088","7.9955201100823201088","0","1000000000","255.85664352263424348","0","3.9977600550411600544","42296","0","0","0","0","0","0","0","0","0","0","0","0","0","0","21.095777587220975846","0.2109577758722097629","0","0","21.095777587220975846","0.2109577758722097629","1.4127316550615961021e-005","0","1.4127316550615961021e-005","14927.636045523691791","0","14927.636045523691791","62248897.942482821643","0","62248897.942482821643","4170.0439207284416625","0","4170.0439207284416625","79.59100671877685329","0","0","100","20.951143289879201603","25.931293851968071351","122.01110659623459753","191458.48590202775085","131630.1240549684735","1694.6060041040457236","0","100","3500","0","18.670787332511718404","0","0","191492.47799886524444","0","0","78.761684726072601848","81.085128001482061677","1648","83548.57495632264181","0.58580719750832488391","1.2692522605125418078","244993.03911840493674","6.1509455806368702468","12.741251558271740052","18.91487199851793477","63042597.232770472765","15161.505008743599319","64682046.649262413383","15162.504448757359569","368593.47707479499513","12970.732498581044638","0","0","0","3740.90397150476565","0","0","0","0","0","0","0","0","0","0","0","0","0","0","0","0","0","0","41106.967765960725956","1189.3336163747451337","1295.2742578333359234","81058.582876014566864","0","0","0","0","0","0","0","0","0","0","0","0"
"05/14/2026 15:23:35.611","256.26133530974885844","8.0081667284296518261","8.0081667284296518261","0","1000000000","256.26133530974885844","0","4.0040833642148259131","42300","0","0","0","0","0","0","0","0","0","0","0","0","0","0","19.312879461150661342","0.19312879461150661564","0","0","19.312879461150661342","0.19312879461150661564","1.4130095879382272337e-005","0","1.4130095879382272337e-005","13676.947751316793074","0","13676.947751316793074","56943318.796508677304","0","56943318.796508677304","4163.4522432847834352","0","4163.4522432847834352","81.05619296203478541","0","0","100","20.981811719841889641","25.847910693159022344","121.99393252484037475","194447.7289556034666","129685.8256453530048","1738.6234703764769165","0","100","3500","0","17.402003838977421424","0","0","194392.70922552826232","0","0","78.788909460714506849","82.597996161022578576","1096","81375.181139956781408","0.39076020476146844373","1.3188231937619219192","243618.36154444984277","5.0799526870241047405","12.260258980922355221","17.402003838977421424","57674320.271813198924","13892.167232143339788","59176524.21939894557","13893.168252984392893","344447.26732321624877","12164.405260484641985","0","0","0","3977.0558015063761559","0","0","0","0","0","4.0040833642148259131","3.0030625231611196568","0","0","0","0","0","0","0","0","0","0","0","43738.604629000656132","260.26541867396372254","291.29706474662862092","86439.150645828616689","0","0","0","0","0","0","0","0","0","0","0","0"
"05/14/2026 15:23:36.611","192.04121204410466817","6.0012878763782708802","6.0012878763782708802","0","1000000000","192.04121204410466817","0","3.0006439381891354401","42303","0","0","0","0","0","0","0","0","0","0","0","0","0","1","16.014484248344931672","0.16014484248344931783","0","0","16.014484248344931672","0.16014484248344931783","1.5098680365727212293e-005","0","1.5098680365727212293e-005","10611.277180082845007","0","10611.277180082845007","65271479.259449072182","0","65271479.259449072182","6151.1426147610518456","0","6151.1426147610518456","85.19763526719916058","0","0","100","18.195046345540191624","22.936459824534743746","122.02512849314136645","162279.89450272245449","160163.29611554768053","1754.555571073846977","0","100","3500","0","17.35310449162064117","0","0","162187.91780042115715","0","0","81.176835680223589975","82.64689550837935883","907","63868.822027380461805","0.58580444485146143663","0.73226055490759434097","195753.41565981335589","4.1494298219392033999","13.278177429742758164","17.35310449162064117","38345044.846624083817","8841.8974711973187368","39301202.037957340479","8842.8976858433816233","239943.49187335601891","8594.8444536197457637","0","0","0","4037.8665261565129185","0","0","0","0","0","0","0","0","0","0","0","0","0","0","0","0","0","0","44364.520626126366551","185.03970952166335451","194.04164133623075372","88090.90430806450604","0","0","0","0","0","0","0","0","0","0","0","0"
"05/14/2026 15:23:37.611","128.03759183696334389","4.0011747449051044967","4.0011747449051044967","0","1000000000","128.03759183696334389","0","2.0005873724525522483","42305","0","0","0","0","0","0","0","0","0","0","0","0","0","0","11.857159657935854469","0.11857159657935854857","0","0","11.857159657935854469","0.11857159657935854857","1.4630552813425468865e-005","0","1.4630552813425468865e-005","8106.3800331777410975","0","8106.3800331777410975","38546485.248068831861","0","38546485.248068831861","4755.0799605133270234","0","4755.0799605133270234","88.417553308516161792","0","0","100","17.048076430674690585","20.39003328639098811","122.00966373274846433","134179.04366754318471","198548.83499053382548","1622.1093301688533757","0","100","3500","0","13.374821291564964909","0","0","134197.04488082497846","0","0","83.26202996781447041","86.625178708435029762","399","52276.523437679701601","0.48830304790386108715","0.73245457185579165849","164122.0618269671395","3.4669636406838399978","9.7660809590212664943","13.374821291564964909","38971642.074112959206","8234.417625014704754","39862119.518290571868","8235.417918700930386","207588.94811516662594","7338.1544821559609773","0","0","0","3409.0008826591488287","0","0","0","0","0","0","0","0","0","0","0","0","0","0","0","0","0","0","37490.007066074598697","879.25815019289666452","964.28311352213006558","74367.834396178717725","0","0","0","0","0","0","0","0","0","0","0","0"
"05/14/2026 15:23:38.611","127.88360034696418666","3.996362510842630833","3.996362510842630833","0","1000000000","127.88360034696418666","0","1.9981812554213154165","42307","0","0","0","0","0","0","0","0","0","0","0","0","0","0","13.639384643451288426","0.13639384643451288315","0","0","13.639384643451288426","0.13639384643451288315","1.4702846361185982184e-005","0","1.4702846361185982184e-005","9266.5655720163504157","0","9266.5655720163504157","40939121.211872950196","0","40939121.211872950196","4417.9389757412400286","0","4417.9389757412400286","86.753447205493884553","0","0","100","18.976677989532614532","23.571064450734333207","121.98701675071002626","143972.94270037105889","179377.10404034089879","1717.2855845927176688","0","100","3500","0","18.100250535823004583","0","0","144054.95633923920104","0","0","80.739807310757143455","81.899749464176991864","688","58130.66712994370755","0.92789971285748162888","0.92789971285748162888","180628.0384427930403","5.3720725520697740762","12.941827060169305952","18.100250535823004583","41438586.598478063941","9413.4318942898171372","42456540.057239897549","9414.4309849175278941","233691.29418403367163","8244.4958598683479067","0","0","0","3451.8581187403224249","0","0","0","0","0","3.996362510842630833","2.9972718831319729027","0","0","0","0","0","0","0","0","0","0","0","37946.461131078489416","1086.0115123214848154","1152.950584378098938","75165.584285183620523","0","0","0","0","0","0","0","0","0","0","0","0"
"05/14/2026 15:23:39.611","64.005664501308373815","2.0001770156658866817","2.0001770156658866817","0","1000000000","64.005664501308373815","0","1.0000885078329433409","42308","0","0","0","0","0","0","0","0","0","0","0","0","0","0","12.420524807020067115","0.12420524807020066893","0","0","12.420524807020067115","0.12420524807020066893","1.4765442225392296828e-005","0","1.4765442225392296828e-005","8412.7445278907180182","0","8412.7445278907180182","36211844.748260222375","0","36211844.748260222375","4304.4032334759867808","0","4304.4032334759867808","87.615614712324330071","0","0","100","19.507291503326538162","23.71779786039099136","122.01204244075498195","148375.52519831934478","173707.77851155016106","1678.9946272171928285","0","100","3500","0","17.188601391601487478","0","0","148398.52512471959926","0","0","80.555788608011511087","82.518432504847680775","898","58357.813254997578042","0.58593220710164561904","1.1718644142032912381","180891.42114745231811","5.7128140195735390705","11.767413493400537661","17.481567495152315672","36665692.913822874427","8546.7563879403332976","37589934.709221765399","8547.7564764481667225","224267.84770452187513","7992.7073546008823541","0","0","0","3710.3283640602194282","0","0","0","0","0","0","0","0","0","0","0","0","0","0","0","0","0","0","40788.609791966591729","381.03372148435136069","428.03788135249970992","80903.15992965377518","0","0","0","0","0","0","0","0","0","0","0","0"
"05/14/2026 15:23:40.611","127.94585331487715507","3.998307916089911096","3.998307916089911096","0","1000000000","127.94585331487715507","0","1.999153958044955548","42310","0","0","0","0","0","0","0","0","0","0","0","0","0","0","24.906022885723690052","0.2490602288572368872","0","0","24.906022885723690052","0.2490602288572368872","1.4463557697891863928e-005","0","1.4463557697891863928e-005","17211.716001788045105","0","17211.716001788045105","92370764.692382186651","0","92370764.692382186651","5366.7376735002035275","0","5366.7376735002035275","76.797550759742307491","0","0","100","20.172336163281503474","26.969543122841937333","122.00571081145636754","197433.59527273025014","126250.18307041755179","1722.0836932674926629","0","100","3500","0","21.529357091433187321","0","0","197538.60037597827613","0","0","77.92106592433688661","78.324155716045666509","1306","88322.292463413716177","0.7324559635878121755","1.3184247346544715196","255093.39753912040032","6.2014744923975770874","15.430447634978877502","21.675844283954337044","65487913.515000455081","15874.282003855969378","67204439.08138076961","15875.281580834991473","376200.79182489973027","13165.428390705053971","0","0","0","3718.4263619636171825","0","0","0","0","0","10.995346769247255736","8.9961928112022988557","0","0","0","0","0","0","0","0","0","0","0","40887.696326914454403","1058.5520207848039718","1171.5042194143438792","80526.921007029828615","0","0","0","0","0","0","0","0","0","0","0","0"
"05/14/2026 15:23:41.611","128.05687005599185113","4.0017771892497453479","4.0017771892497453479","0","1000000000","128.05687005599185113","0","2.0008885946248726739","42312","0","0","0","0","0","0","0","0","0","0","0","0","0","1","27.50161828285114396","0.27501618282851142405","0","0","27.50161828285114396","0.27501618282851142405","1.405338034646634887e-005","0","1.405338034646634887e-005","19577.694454107066122","0","19577.694454107066122","80427910.03484646976","0","80427910.03484646976","4108.1400173744186759","0","4108.1400173744186759","73.488791822473999105","0","0","100","23.100671989248173332","30.025653989536166932","121.99587203973243277","223626.63879433777765","107887.90959592798026","1707.0201428376853983","0","100","3500","0","22.019897003909182587","0","0","223456.63678831409197","0","0","75.357759762523173208","77.980102996090820966","1591","101154.1936194847076","0.68361387736171042029","1.9043286578717548707","294004.4692527371808","6.7384167898608335889","15.332341246527303014","22.019897003909182587","81465907.009302824736","19882.82996478736095","83615837.793564110994","19883.830409084672283","461068.76063659868669","16089.145189378601572","0","0","0","3749.6652263270116237","0","0","0","0","0","12.005331567749236044","9.003998675811928365","0","0","0","0","0","0","0","0","0","0","0","41230.310380840128346","979.4349670688752667","1025.4554047452472787","80962.955648603543523","0","0","0","0","0","0","0","0","0","0","0","0"
"05/14/2026 15:23:42.611","128.08570214330407566","4.0026781919782523644","4.0026781919782523644","0","1000000000","128.08570214330407566","0","2.0013390959891261822","42314","0","0","0","0","0","0","0","0","0","0","0","0","0","0","16.165302819803514467","0.161653028198035148","0","0","16.165302819803514467","0.161653028198035148","1.4183855400544003361e-005","0","1.4183855400544003361e-005","11404.630838494036652","0","11404.630838494036652","48963577.529725134373","0","48963577.529725134373","4293.30665964727541","0","4293.30665964727541","84.121386520811000764","0","0","100","17.955176309077700125","22.898969890332843136","122.01518367903697992","160306.83969316032017","162167.83234235300915","1706.9982930017072249","0","100","3500","0","16.504102040565303611","0","0","160297.83970216030139","0","0","81.207613222489584359","83.495897959434699942","710","67148.932851067147567","0.14647966309677487584","0.87890797851164947918","201623.79837620165199","3.5644518017608559646","12.84177046392793109","16.504102040565303611","49581583.037210196257","11587.753365777041836","50834637.455921754241","11588.754035325035147","282541.04821536090458","9931.6452638460395974","0","0","0","3403.2771327295090487","0","0","0","0","0","6.0040172879673789907","5.0033477399728161217","0","0","0","0","0","0","0","0","0","0","0","37427.042434092647454","2107.4100680765500329","2328.5580381833483443","73963.488970470134518","0","0","0","0","0","0","0","0","0","0","0","0"
"05/14/2026 15:23:43.611","63.949562979677928354","1.9984238431149352611","1.9984238431149352611","0","1000000000","63.949562979677928354","0","0.99921192155746763053","42315","0","0","0","0","0","0","0","0","0","0","0","0","0","0","13.388321605393016966","0.13388321605393016522","0","0","13.388321605393016966","0.13388321605393016522","1.448666955204501241e-005","0","1.448666955204501241e-005","9234.7165790341168758","0","9234.7165790341168758","39085972.893179148436","0","39085972.893179148436","4232.5037870590776947","0","4232.5037870590776947","86.756425600985892288","0","0","100","18.501662394680337798","21.873661204284147175","122.00074070768819468","151684.58597854804248","173116.13456012232928","1664.9515499098977216","0","100","3500","0","14.845393483905755971","0","0","151740.58434899547137","0","0","82.109515286354977093","85.154606516094247581","967","60758.231935450683523","0.83006397976519052939","0.92771209515656349875","185762.59430850564968","4.7362285907881975788","10.156053988158028289","14.845393483905755971","39571310.107718043029","9378.6030957383918576","40585494.22070813179","9379.6023076599485648","241029.89971809234703","8560.2485319828247157","0","0","0","3530.215718862533322","0","0","0","0","0","0","0","0","0","0","0","0","0","0","0","0","0","0","38827.376847880077548","1650.698094412936598","1762.6098296273728465","76894.353423454929725","0","0","0","0","0","0","0","0","0","0","0","0"
"05/14/2026 15:23:44.611","63.980281277310325549","1.9993837899159476734","1.9993837899159476734","0","1000000000","63.980281277310325549","0","0.99969189495797383671","42316","0","0","0","0","0","0","0","0","0","0","0","0","0","0","23.925744503389918094","0.23925744503389917428","0","0","23.925744503389918094","0.23925744503389917428","1.4664550134836969259e-005","0","1.4664550134836969259e-005","16310.972958134301734","0","16310.972958134301734","87148308.891199722886","0","87148308.891199722886","5342.9252267712672619","0","5342.9252267712672619","77.645824048279706631","0","0","100","22.862514778841337204","28.493994870802129782","122.00312386537235909","186267.27575134538347","131669.54570586560294","1713.9381268336212543","0","100","3500","0","19.827344750820241615","0","0","186325.27365762097179","0","0","76.646493122118926067","80.026170976714809058","1407","81077.073117660460412","0.97652181799691639696","1.3671365449610921594","242236.25527118472382","7.323933634194903064","12.645985541965309551","19.973829023285194495","62458470.299453705549","15123.338986924229175","64093798.29136659205","15124.338678819187407","359905.07725518994266","12608.114179209966096","0","0","0","3514.9167026722361697","0","2.9990756848739215101","2.9990756848739215101","0","0","4.9984594747898691836","2.9990756848739215101","0","0","0","0","0","0","0","0","0","0","0","38636.09235633577191","1593.5088805630102797","1682.4814592142699894","76083.551049566522124","0","0","0","0","0","0","0","0","0","0","0","0"
"05/14/2026 15:23:45.611","192.21734014650365907","6.006791879578239346","6.006791879578239346","0","1000000000","192.21734014650365907","0","3.003395939789119673","42319","0","0","0","0","0","0","0","0","0","0","0","0","0","0","20.786204841445073299","0.2078620484144507452","0","0","20.786204841445073299","0.2078620484144507452","1.4375428769017980078e-005","0","1.4375428769017980078e-005","14476.368429783557076","0","14476.368429783557076","59705268.747372657061","0","59705268.747372657061","4124.3264177040109644","0","4124.3264177040109644","79.639571533710920903","0","0","100","21.577118089499510489","27.569838194329999936","122.0122642912273534","186964.18541383364936","132493.71509276499273","1666.9481579122889343","0","100","3500","0","20.022099292822627348","0","0","186814.1900786885526","0","0","77.360484464497133672","79.831425394387380834","1038","79081.540564088456449","0.68357812549998397955","1.0741856260599660366","239664.54643260594457","5.8103640683498127828","14.355010639659532501","20.168574605612622719","60487345.041037902236","14706.628785167389651","62077615.159460805357","14707.629917147318338","354749.11482413165504","12461.089754185057245","0","0","0","3620.0932394258188651","0","0","0","0","0","0","0","0","0","0","0","0","0","0","0","0","0","0","39766.964506767806597","1110.2553657420446598","1179.3334723571942959","78387.632896516093751","0","0","0","0","0","0","0","0","0","0","0","0"
"05/14/2026 15:23:46.611","191.82911862113226675","5.994659956910383336","5.994659956910383336","0","1000000000","191.82911862113226675","0","2.997329978455191668","42322","0","0","0","0","0","0","0","0","0","0","0","0","0","0","24.614827340980799164","0.24614827340980799386","0","0","24.614827340980799164","0.24614827340980799386","1.4060497000856897934e-005","0","1.4060497000856897934e-005","17489.420424286043271","0","17489.420424286043271","71947685.002200037241","0","71947685.002200037241","4113.7832619251639699","0","4113.7832619251639699","76.163153574924919553","0","0","100","21.295420251637338538","27.956129079745963395","121.99651592272191181","215889.27805156508111","114245.00400605770119","1675.1263045233608864","0","100","3500","0","20.941069685756396268","0","0","216070.29169999418082","0","0","77.129699255451697582","79.010096490555213222","1566","95037.165802301489748","0.2929929413473074673","1.3672970593597477684","278705.01435808261158","5.4691782366559307249","15.5285658867089289","20.989903509444786778","72869979.422330588102","17761.178342332648754","74790512.611365795135","17762.177452325468039","417715.89867745811353","14611.983644969061061","0","0","0","3883.5405420851102463","0","0","0","0","0","0","0","0","0","0","0","0","0","0","0","0","0","0","42738.928162792581134","660.41170525296058713","711.36631488669888768","84139.048935208513285","0","0","0","0","0","0","0","0","0","0","0","0"
"05/14/2026 15:23:47.611","192.1348786848367638","6.0042149589011488686","6.0042149589011488686","0","1000000000","192.1348786848367638","0","3.0021074794505744343","42325","0","0","0","0","0","0","0","0","0","0","0","0","0","0","16.518892449870016037","0.16518892449870015149","0","0","16.518892449870016037","0.16518892449870015149","1.4260169198895028094e-005","0","1.4260169198895028094e-005","11592.137680651816481","0","11592.137680651816481","50981837.249749325216","0","50981837.249749325216","4397.9668508287295481","0","4397.9668508287295481","83.777025981762292872","0","0","100","18.136549384790157546","23.224097985567770053","122.0080451266876338","166452.13959752375376","155678.689815148653","1673.9511206272777599","0","100","3500","0","16.553182268133980415","0","0","166304.14391899757902","0","0","80.930911066171347557","83.446817731866019585","595","68792.991244655655464","0.3906179297249724458","0.83007560059931684293","208153.92190548038343","4.3456769679120705874","12.20696530308389427","16.553182268133980415","51609778.064201071858","11777.267641884602199","52883316.08789370209","11778.268344377753237","286641.22213794081472","10082.077618488177905","0","0","0","3600.5275703543888994","0","0","0","0","0","0","0","0","0","0","0","0","0","0","0","0","0","0","39576.782901596918236","736.51703495854087578","974.68422832828639457","78267.944096755920327","0","0","0","0","0","0","0","0","0","0","0","0"
"05/14/2026 15:23:48.611","127.96967118792845497","3.9990522246227642178","3.9990522246227642178","0","1000000000","127.96967118792845497","0","1.9995261123113821089","42327","0","0","0","0","0","0","0","0","0","0","0","0","0","0","18.518740006578195079","0.18518740006578196522","0","0","18.518740006578195079","0.18518740006578196522","1.488002410606669435e-005","0","1.488002410606669435e-005","12442.051233857575426","0","12442.051233857575426","74083178.286746039987","0","74083178.286746039987","5954.257613499396939","0","5954.257613499396939","82.60827346572192198","0","0","100","19.198663396355620137","24.565779810789145188","121.99974575328533888","170943.64962656921125","149493.38784486439545","1629.0252498913732779","0","100","3500","0","16.745567343350099776","0","0","171022.65085108816857","0","0","79.888372684668723878","83.303264106943970546","1263","70974.100098551527481","0.83010465410822709131","1.171904805572725472","212369.29172402172117","4.9806179243523533984","11.71909805721229958","16.696735893056025901","46501195.216733634472","11013.389826611091848","47692136.963539637625","11014.389589667247492","278553.98270609864267","9858.6634967512691219","0","0","0","3791.1015089423804056","0","0","0","0","0","3.9990522246227642178","2.9992891684670732744","0","0","0","0","0","0","0","0","0","0","0","41696.118020029251056","738.82489849905573465","850.79836078849314163","82515.443839809959172","0","0","0","0","0","0","0","0","0","0","0","0"
"05/14/2026 15:23:49.611","127.94935764424441516","3.9984174263826379736","3.9984174263826379736","0","1000000000","127.94935764424441516","0","1.9992087131913189868","42329","0","0","0","0","0","0","0","0","0","0","0","0","0","0","22.20091250777239722","0.22200912507772396776","0","0","22.20091250777239722","0.22200912507772396776","1.426629610589898471e-005","0","1.426629610589898471e-005","15555.842997341653245","0","15555.842997341653245","64077038.308237604797","0","64077038.308237604797","4119.1620614316925639","0","4119.1620614316925639","78.560407290542315195","0","0","100","22.190528683698545365","27.307580188920745456","121.99393176993616805","191839.5130976215878","129481.57800078197033","1726.0226108962026501","0","100","3500","0","19.190542846725854531","0","0","191819.51283561813761","0","0","77.622329860779871069","80.760627807587383131","1316","82702.083397292502923","0.78123953139027935144","1.2695129885259537339","247958.24825305212289","6.8358483996314447495","12.40217381087093429","19.239372192412616869","64916857.90764015913","15803.744877777377042","66625757.525171540678","15804.744482133972269","369029.93795055919327","12886.899365231241973","0","0","0","3478.6231609528949775","0","0","0","0","0","0","0","0","0","0","0","0","0","0","0","0","0","0","38240.864265923548373","1463.4207780560454921","1588.3713226305028456","75261.21161244380346","0","0","0","0","0","0","0","0","0","0","0","0"
"05/14/2026 15:23:50.611","1671.261218128393466","20.003126488670179839","20.003126488670179839","0","1000000000","1671.261218128393466","0","18.002813839803160079","42331","0","0","0","0","0","0","0","0","0","0","0","0","0","0","18.260299036224640901","0.18260299036224639235","0","0","18.260299036224640901","0.18260299036224639235","1.4508142675564029883e-005","0","1.4508142675564029883e-005","12589.967811969010654","0","12589.967811969010654","52531218.62947178632","0","52531218.62947178632","4172.4664760088971889","0","4172.4664760088971889","82.149573704553475295","0","0","100","21.487518538605897334","27.094213715128621089","122.01927469502749091","176604.83381118191755","140948.18906019101269","1734.752797726324161","0","100","3500","0","20.909478945791271087","0","0","176533.84392724037752","0","0","77.78036408313758443","78.944051516003213465","911","72202.711113666300662","0.92760041422213312945","1.3181758508336385294","222624.27604066423373","6.7861619731723470395","14.304641641562673371","21.055948483996790088","53199967.154866307974","12786.998607882411306","54582675.272145032883","12787.998764206846317","312972.91766703134635","11027.723633203870122","0","0","0","3641.5691772624059013","0","0","0","0","0","0","0","0","0","0","0","0","0","0","0","0","0","0","40042.258605019967945","644.10067293517977305","709.11083402335782466","79081.360416633120622","0","0","0","0","0","0","0","0","0","0","0","0"
"05/14/2026 15:23:51.611","0","0","0","0","1000000000","0","0","0","42331","0","0","0","0","0","0","0","0","0","0","0","0","0","0","12.466315311091303641","0.12466315311091304141","0","0","12.466315311091303641","0.12466315311091304141","1.4466782729805014663e-005","0","1.4466782729805014663e-005","8614.2418332418365026","0","8614.2418332418365026","35967826.966516137123","0","35967826.966516137123","4175.3909006499534371","0","4175.3909006499534371","87.889024152161979941","0","0","100","14.864557930244318484","18.761774231746581876","121.99658742131821043","120364.20102145748388","224933.11431016010465","1574.2118889202486116","0","100","3500","0","13.806361845568904556","0","0","120483.2170410137187","0","0","84.638371661335256135","85.802963772557134803","1346","50030.734136814811791","0.43952118134844375685","1.123206350323965097","152450.51983997045318","4.4928153999036668509","9.571642372618267558","14.197036227442861644","36429152.809911496937","8751.213877247653727","37375507.658886827528","8752.2136731893024262","210541.02857606764883","7380.4936412478218699","0","0","0","2374.5153614147352528","0","0","0","0","0","3.9991837665932385981","2.9993878249449288376","0","0","0","0","0","0","0","0","0","0","0","26104.672036437365023","3893.205396778517752","7419.4856829721056783","51533.482016320471303","0","0","0","0","0","0","0","0","0","0","0","0"
"05/14/2026 15:23:52.611","64.032400394599662263","2.0010125123312394457","2.0010125123312394457","0","1000000000","64.032400394599662263","0","1.0005062561656197229","42332","0","0","0","0","0","0","0","0","0","0","0","0","0","0","19.106896976905606067","0.19106896976905607399","0","0","19.106896976905606067","0.19106896976905607399","1.4744937490353451074e-005","0","1.4744937490353451074e-005","12964.56006739410077","0","12964.56006739410077","79088722.893784254789","0","79088722.893784254789","6100.3784534650412752","0","6100.3784534650412752","82.083748383840571705","0","0","100","17.709792313354025595","22.540873307945854975","122.00472029031951138","162207.56856650844566","160837.25013872617274","1630.0358607889372706","0","100","3500","0","18.015833737258603264","0","0","162149.56729048039415","0","0","81.496085866628959593","82.081828342943708776","1038","69073.519617431578808","0.68360456077714459866","1.1230739214745273369","204886.50750316504855","5.2247212865634038437","12.744421456177015273","17.869350617168144879","50060706.717599108815","11577.85839634855256","51312684.218214415014","11578.858902604717514","282274.83106451865751","9931.0250986999417364","0","0","0","3419.7303835740885916","0","0","0","0","0","0","0","0","0","0","0","0","0","0","0","0","0","0","37629.040294388963957","1731.8763294226878315","2033.0287125285394723","74214.552563597186236","0","0","0","0","0","0","0","0","0","0","0","0"
"05/14/2026 15:23:53.611","64.044639113462082491","2.0013949722956900779","2.0013949722956900779","0","1000000000","64.044639113462082491","0","1.0006974861478450389","42333","0","0","0","0","0","0","0","0","0","0","0","0","0","0","14.720777055844589398","0.14720777055844588843","0","0","14.720777055844589398","0.14720777055844588843","1.4326793187347932069e-005","0","1.4326793187347932069e-005","10282.16667016910651","0","10282.16667016910651","43406894.605540059507","0","43406894.605540059507","4221.570802919707603","0","4221.570802919707603","85.263132947373406978","0","0","100","18.95523245395082057","22.818099343343188679","122.01778899632070363","170546.78911779727787","152556.34145626227837","1675.9881004844867221","0","100","3500","0","16.406266718746653765","0","0","170436.78989879172877","0","0","81.266943746611246979","83.496073300785340621","922","68015.517089828674216","0.29296994140601173573","0.92772981445403712719","207032.53006903652567","4.8339790332041934207","11.523427695314461872","16.552746689450657414","43960724.625063665211","10446.281057897353094","45090355.978116743267","10447.281755383501149","266962.07256457750918","9465.5975214724658144","0","0","0","3889.7111286566732815","0","0","0","0","0","0","0","0","0","0","0","0","0","0","0","0","0","0","42720.776381137649878","462.322238600304388","489.34107072629620916","84590.959899049630621","0","0","0","0","0","0","0","0","0","0","0","0"
"05/14/2026 15:23:54.611","599.4151506375229701","11.988303012750460397","11.988303012750460397","0","1000000000","599.4151506375229701","0","7.9922020085003069312","42337","0","0","0","0","0","0","0","0","0","0","0","0","0","1","15.956421377749027357","0.1595642137774902769","0","0","15.956421377749027357","0.1595642137774902769","1.431318622174381046e-005","0","1.431318622174381046e-005","11137.13349884517811","0","11137.13349884517811","46607964.608931072056","0","46607964.608931072056","4184.9156799425909412","0","4184.9156799425909412","84.258639719062571771","0","0","100","19.090312465001680664","23.497008143609107833","121.99537325458729242","174662.68118445659638","147916.20944062550552","1649.0064311250812352","0","100","3500","0","16.89410615994141196","0","0","174803.68173435874633","0","0","80.796732063333521978","83.105893840058584487","1167","71073.27718578101485","0.39062199217216009295","0.97656498048140050194","214236.83552365851938","5.1269761475783530713","11.914130762066886149","16.89410615994141196","47203271.76773622632","11312.961943032183626","48426606.160369329154","11313.960968283246984","285701.24129886471201","10117.128717510326169","0","0","0","3773.318373263207377","0","0","0","0","0","0.9990252510625383664","0","0","0","0","0","0","0","0","0","0","0","0","41507.50113114634587","976.04767028809999374","1043.981387360352528","82063.930223281146027","0","0","0","0","0","0","0","0","0","0","0","0"
"05/14/2026 15:23:55.611","600.03858248085350624","12.00077164961706977","12.00077164961706977","0","1000000000","600.03858248085350624","0","8.0005144330780471051","42341","0","0","0","0","0","0","0","0","0","0","0","0","0","1","17.416663758351074165","0.17416663758351075275","0","0","17.416663758351074165","0.17416663758351075275","1.4547920147009689638e-005","0","1.4547920147009689638e-005","11972.76984910129795","0","11972.76984910129795","49663097.33715877682","0","49663097.33715877682","4148.0040093551624523","0","4148.0040093551624523","82.770235101565887703","0","0","100","20.917088406073048645","26.584432415826789509","122.00631461466164751","175104.16140630524023","142936.06178135477239","1773.981373195581682","0","100","3500","0","20.361815792923664503","0","0","175067.16179480115534","0","0","78.196822999379705266","79.638184207076335497","1153","71703.247115905294777","0.63476612792661957219","1.1718728515756053898","218876.70179463116801","6.6894191945429133384","13.671786602101725805","20.361815792923664503","50298922.220698788762","12160.78193827863106","51613926.775491662323","12161.782002582765926","302971.48106623254716","10702.688182850157318","0","0","0","3643.2342599629155302","0","0","0","0","0","10.000643041347558437","8.0005144330780471051","0","0","0","0","0","0","0","0","0","0","0","40045.574930468028469","646.041540471052258","683.04391972403823274","79188.091794302381459","0","0","0","0","0","0","0","0","0","0","0","0"
"05/14/2026 15:23:56.611","599.82659013279260307","11.996531802655852061","11.996531802655852061","0","1000000000","599.82659013279260307","0","7.9976878684372341155","42345","0","0","0","0","0","0","0","0","0","0","0","0","0","0","21.301248057035753192","0.21301248057035751526","0","0","21.301248057035753192","0.21301248057035751526","1.5131154993607046248e-005","0","1.5131154993607046248e-005","14073.931226482423881","0","14073.931226482423881","80254302.481152698398","0","80254302.481152698398","5702.3372638158825794","0","5702.3372638158825794","80.045117169844075988","0","0","100","22.468390216118319103","28.956417952475728583","121.99166211689212957","185295.16379622492241","131689.75078369060066","1708.9553962641575708","0","100","3500","0","20.50927262938362361","0","0","185358.16215196784469","0","0","76.27269658238287775","79.197762761165193979","1153","76754.996694586283411","0.73240652371996350922","1.3183357426223356601","233798.89784876618069","6.2498850021159606527","14.599341372118754379","20.802237238834809574","52447245.501325562596","12700.328335078327655","53820584.469030000269","12701.32804606188256","326697.55173779261531","11610.643363003755439","0","0","0","3816.8965352116701979","0","0","0","0","0","1.9994219671093085289","0","0","0","0","0","0","0","0","0","0","0","0","41962.868534706612991","447.87052063248512468","465.86531833646893119","82928.025507825688692","0","0","0","0","0","0","0","0","0","0","0","0"
"05/14/2026 15:23:57.611","536.09724804079462501","10.001814329119302016","10.001814329119302016","0","1000000000","536.09724804079462501","0","7.0012700303835115889","42348","0","0","0","0","0","0","0","0","0","0","0","0","0","0","14.02346229422697732","0.14023462294226976543","0","0","14.02346229422697732","0.14023462294226976543","1.4668925844576927278e-005","0","1.4668925844576927278e-005","9562.7346800709656236","0","9562.7346800709656236","43118221.645406477153","0","43118221.645406477153","4508.9844158560817959","0","4508.9844158560817959","86.087025905633268508","0","0","100","20.18357497196479855","25.801378004085702145","122.01092325730927257","161849.92483293011901","155907.26020203268854","1703.8202469639452374","0","100","3500","0","17.098703858427921176","0","0","161771.93306106203818","0","0","78.841149765205074118","82.657182212939659394","362","62728.382155682571465","0.78116657141017342703","0.78116657141017342703","197657.14717097344692","4.9799381426063691336","12.352200784956165691","17.342817787060337054","43633619.13851172477","9715.7624393064907053","44684265.725802659988","9716.7626207394023368","256194.47367752509308","9129.6561196200982522","0","0","0","3776.685090675448464","0","0","0","0","0","15.002721493678953024","10.001814329119302016","0","0","0","0","0","0","0","0","0","0","0","41486.525655753954197","294.05334127610746009","340.06168719005626144","82216.914148226482212","0","0","0","0","0","0","0","0","0","0","0","0"
"05/14/2026 15:23:58.611","471.75558343222371604","7.9958573463088766786","7.9958573463088766786","0","1000000000","471.75558343222371604","0","5.9968930097316572869","42350","0","0","0","0","0","0","0","0","0","0","0","0","0","0","24.47445035739395891","0.24474450357393959243","0","0","24.47445035739395891","0.24474450357393959243","1.4154340910405460813e-005","0","1.4154340910405460813e-005","17280.047207541771058","0","17280.047207541771058","72179179.966859161854","0","72179179.966859161854","4177.0244664237379766","0","4177.0244664237379766","76.51879181139280206","0","0","100","23.082403338699403861","29.048761909638766809","122.00170032595181624","208452.47117639280623","116960.88670990520041","1673.1803688437612436","0","100","3500","0","19.081837065959117439","0","0","208577.48465284556733","0","0","76.219474995424434383","80.918162934040879009","1494","91984.915973941984703","0.4395040589992568747","1.2696861713990821308","271416.25867268489674","6.3972668638242495831","12.648035708392132648","19.081837065959117439","73094461.759362474084","17549.907392979694123","74992154.564720019698","17550.906875147986284","419778.51275254285429","14727.369749732662967","0","0","0","3657.1052537680225214","0","0","0","0","0","8.9953395145974859304","4.9974108414430480352","0","0","0","0","0","0","0","0","0","0","0","40210.16711241905432","927.51945217182969827","1051.455241039617249","79078.029672826509341","0","0","0","0","0","0","0","0","0","0","0","0"
"05/14/2026 15:23:59.611","672.14148578275728596","5.0010527215978965998","5.0010527215978965998","0","1000000000","672.14148578275728596","0","3.0006316329587376934","42352","0","0","0","0","0","0","0","0","0","0","0","0","0","0","21.150200185380352735","0.21150200185380352291","0","0","21.150200185380352735","0.21150200185380352291","1.4166215673141326168e-005","0","1.4166215673141326168e-005","14933.143426691318382","0","14933.143426691318382","61604519.751407667994","0","61604519.751407667994","4125.3551239115877252","0","4125.3551239115877252","79.268730610588150398","0","0","100","22.104578101974890814","27.274495717579444687","121.99983538387763815","201043.1660503630701","123610.4107694527338","1693.009819456952755","0","100","3500","0","17.968594140328864484","0","0","200985.16571396111976","0","0","77.643847523310299152","82.031405859671139069","1283","85696.497039682828472","0.48829092775276272675","1.2695324121115829641","254808.4778891717433","5.1269597412235086153","12.93947458500171166","17.968594140328864484","62406816.63490165025","15169.193115150739686","64047097.914110921323","15170.193325695059684","374926.92211710562697","13232.785501348032994","0","0","0","3843.8091218201429911","0","0","0","0","0","5.0010527215978965998","3.0006316329587376934","0","0","0","0","0","0","0","0","0","0","0","42245.89276042606798","821.17285688637457497","902.18991097626053488","83319.538762909593061","0","0","0","0","0","0","0","0","0","0","0","0"
"05/14/2026 15:24:00.611","64.008538739067788015","2.0002668355958683755","2.0002668355958683755","0","1000000000","64.008538739067788015","0","1.0001334177979341877","42353","0","0","0","0","0","0","0","0","0","0","0","0","0","0","21.053298340241163089","0.21053298340241163866","0","0","21.053298340241163089","0.21053298340241163866","1.4859456598447424075e-005","0","1.4859456598447424075e-005","14171.890530196727923","0","14171.890530196727923","81701522.983165949583","0","81701522.983165949583","5765.0405081157377936","0","5765.0405081157377936","80.171153256225352379","0","0","100","20.986962455262933247","26.542922784265353897","122.01295186261170045","188008.09705669287359","133181.42367760330671","1691.8029049615718122","0","100","3500","0","19.931584291983817536","0","0","187884.11150101010571","0","0","78.223709286434484511","80.263712038100990753","1052","78280.880277447664412","0.58585899388994056025","1.0740898203137778655","235572.55579724960262","5.8586699292045807397","13.865509500248570873","19.736287961899012799","52801631.737673804164","12790.706280217780659","54184748.24541593343","12791.706413635578429","321922.94452079903567","11390.519495300672133","0","0","0","3817.5092557347147704","0","0","0","0","0","3.0004002533938027852","0","0","0","0","0","0","0","0","0","0","0","0","41924.592740671600041","619.08258561692127842","647.08632131526337616","82883.056599750401801","0","0","0","0","0","0","0","0","0","0","0","0"
"05/14/2026 15:24:01.611","127.99367711235065315","3.9998024097609579108","3.9998024097609579108","0","1000000000","127.99367711235065315","0","1.9999012048804789554","42355","0","0","0","0","0","0","0","0","0","0","0","0","0","0","15.058973435129221485","0.1505897343512922204","0","0","15.058973435129221485","0.1505897343512922204","1.4785459008345606062e-005","0","1.4785459008345606062e-005","10184.496885853839558","0","10184.496885853839558","42846139.400713607669","0","42846139.400713607669","4206.9961708394694142","0","4206.9961708394694142","85.058956435147919706","0","0","100","21.081613910683888236","27.487401922510784402","122.00762740753366131","165522.31167242093943","149718.80303167557577","1727.982374579779389","0","100","3500","0","19.775478246973932528","0","0","165619.31068303104257","0","0","77.492544758200764932","80.029201967877838797","882","65124.33573177553626","0.53710940917964988817","1.0253888720722408312","205800.90083081152989","5.0781144140741449888","14.843733671892961112","19.970798032122161203","43390544.507101349533","10345.488932846717944","44509273.24190185219","10346.488883449157584","266634.82823948498117","9473.5320075188283226","0","0","0","3714.816488065489466","0","0","0","0","0","5.9997036146414366442","2.9998518073207183221","0","0","0","0","0","0","0","0","0","0","0","40836.982653056940762","532.97367110064760709","569.97184339093655581","80893.003885608050041","0","0","0","0","0","0","0","0","0","0","0","0"
"05/14/2026 15:24:02.611","128.1137650233407328","4.0035551569793978999","4.0035551569793978999","0","1000000000","128.1137650233407328","0","2.0017775784896989499","42357","0","0","0","0","0","0","0","0","0","0","0","0","0","0","16.253074627767162497","0.1625307462776716394","0","0","16.253074627767162497","0.1625307462776716394","1.4687384782215796297e-005","0","1.4687384782215796297e-005","11075.835341783504191","0","11075.835341783504191","47145865.528589390218","0","47145865.528589390218","4256.6419663835167739","0","4256.6419663835167739","83.96499556849602186","0","0","100","21.853344107011423603","27.668267784569106738","122.00643481573989391","167903.61382168819546","147355.90050272809458","1728.9960233091462669","0","100","3500","0","19.726487753838984673","0","0","167824.61400338780368","0","0","77.270759543683581683","79.882881894593708694","649","66837.846272953567677","0.73242065917859322521","0.83008074707267232029","210608.51560041410266","6.5918059326253404251","13.37892204102983662","20.117118105406294859","47737923.275868974626","11250.990879901351946","48954559.648968286812","11251.991768690597382","284548.67922715371242","10075.947441327898559","0","0","0","3679.2671892640664737","0","0","0","0","0","2.0017775784896989499","0","0","0","0","0","0","0","0","0","0","0","0","40425.898197599468403","683.6070430542321219","744.66125919816795431","79953.999151246302063","0","0","0","0","0","0","0","0","0","0","0","0"
"05/14/2026 15:24:03.611","127.84502625916861973","3.9951570705990193666","3.9951570705990193666","0","1000000000","127.84502625916861973","0","1.9975785352995096833","42359","0","0","0","0","0","0","0","0","0","0","0","0","0","0","19.192958105818235026","0.19192958105818236358","0","0","19.192958105818235026","0.19192958105818236358","1.4199504254532000782e-005","0","1.4199504254532000782e-005","13498.636952286437008","0","13498.636952286437008","56521820.249493554235","0","56521820.249493554235","4187.2242693303733176","0","4187.2242693303733176","81.305332336812455196","0","0","100","20.010135356777681181","25.109491936038761395","121.99141133858756803","189607.71992576270713","134060.30983300454682","1719.2150738057330273","0","100","3500","0","18.935476873344736504","0","0","189739.73644102877006","0","0","79.459018378929371806","80.869189432678183493","1115","79816.985104836610844","0.68368293073949870653","1.025514394896100745","237895.76075967104407","5.7135830576248904933","13.478194905041981144","19.130810567321820059","57239178.667619109154","13710.380277028185446","58721729.519476480782","13711.379066295834491","341921.52273014647653","12084.351349294383908","0","0","0","3852.3302053251045436","0","0","0","0","0","6.9915248735482844467","5.9927356058985292719","0","0","0","0","0","0","0","0","0","0","0","42354.65768395550549","763.07500048441272611","820.00598874044874265","83660.586636878768331","0","0","0","0","0","0","0","0","0","0","0","0"
"05/14/2026 15:24:04.611","64.051734586025133922","2.0016167058132854351","2.0016167058132854351","0","1000000000","64.051734586025133922","0","1.0008083529066427175","42360","0","0","0","0","0","0","0","0","0","0","0","0","0","0","16.862833847894247441","0.16862833847894245776","0","0","16.862833847894247441","0.16862833847894245776","1.4975071047957371373e-005","0","1.4975071047957371373e-005","11269.102053728796818","0","11269.102053728796818","71967504.153104454279","0","71967504.153104454279","6386.2678507992895902","0","6386.2678507992895902","84.132029476779962351","0","0","100","17.560230534639398314","21.093138682394052097","122.00379496103222721","158338.14598974466207","167194.81437496448052","1693.0550242882893599","0","100","3500","0","15.376324170975564698","0","0","158221.14218712109141","0","0","82.695262466068186313","84.67250844645273844","974","64995.112341151085275","0.244153086605442049","0.63479402495973780152","193227.27988659631228","4.1506124728285440639","11.279904602886714926","15.327491553547268666","41710321.42661627382","9889.9881434234430344","42779801.245465964079","9890.988951776349495","253168.48418467596639","8982.254967337117705","0","0","0","3554.8712695243948474","0","0","0","0","0","1.0008083529066427175","1.0008083529066427175","0","0","0","0","0","0","0","0","0","0","0","39096.578306297997187","1595.2885145331883905","1739.4049173517448708","77415.5285223875253","0","0","0","0","0","0","0","0","0","0","0","0"
"05/14/2026 15:24:05.611","63.994656446186752419","1.9998330139433360131","1.9998330139433360131","0","1000000000","63.994656446186752419","0","0.99991650697166800654","42361","0","0","0","0","0","0","0","0","0","0","0","0","0","1","22.945608217567130538","0.22945608217567128873","0","0","22.945608217567130538","0.22945608217567128873","1.4098740399385560837e-005","0","1.4098740399385560837e-005","16273.641150963896507","0","16273.641150963896507","67332617.726419851184","0","67332617.726419851184","4137.5262672811059019","0","4137.5262672811059019","77.721369114523540134","0","0","100","21.838888728883254942","26.885752778497803206","122.02029760132461433","206275.09325799427461","120931.3506935522164","1726.0091478484835079","0","100","3500","0","19.287432850268604767","0","0","206293.0933533947682","0","0","77.961718153127392839","80.712567149731398786","1575","90206.478094333899207","0.83007667969328124968","1.7578129687481249821","264927.40411524183583","6.7870828516685941523","12.499950000200000133","19.287432850268604767","68206544.753513082862","16530.619693255615857","69994027.498703867197","16531.619609762587061","392443.23099021235248","13749.851887367405652","0","0","0","3949.6702025380882333","0","0","0","0","0","0","0","0","0","0","0","0","0","0","0","0","0","0","43408.375400654047553","475.96025731851392493","500.95816999280566506","85483.862097514866036","0","0","0","0","0","0","0","0","0","0","0","0"
"05/14/2026 15:24:06.611","127.97077147579494749","3.9990866086185921091","3.9990866086185921091","0","1000000000","127.97077147579494749","0","1.9995433043092960546","42363","0","0","0","0","0","0","0","0","0","0","0","0","0","0","17.921829685407320909","0.17921829685407320021","0","0","17.921829685407320909","0.17921829685407320021","1.4294982850761744117e-005","0","1.4294982850761744117e-005","12534.137203062820845","0","12534.137203062820845","52347211.896802775562","0","52347211.896802775562","4176.3713807130889109","0","4176.3713807130889109","82.540155719821910907","0","0","100","19.814830458308133387","24.212321490853355499","121.97769879265599968","173566.56878521802719","147806.12425967323361","1703.0252047730305094","0","100","3500","0","16.795906512106196118","0","0","173559.56868161648163","0","0","80.178038083045564122","83.252924059211494523","927","72952.079690779428347","0.58593685546120888308","0.97657142588568279784","219376.24676845216891","4.931697700863100664","11.865368824815250903","16.747075940788501924","53017198.871777690947","12732.091990189441276","54393976.415786638856","12733.091761841596963","309037.41585421893978","10864.518543964559285","0","0","0","3578.1827430614848709","0","0","0","0","0","0","0","0","0","0","0","0","0","0","0","0","0","0","39358.010630372024025","1456.6672971893221984","1499.6574782319719361","77755.240703023431706","0","0","0","0","0","0","0","0","0","0","0","0"
"05/14/2026 15:24:07.611","192.02021972913746595","6.0006318665355458108","6.0006318665355458108","0","1000000000","192.02021972913746595","0","3.0003159332677729054","42366","0","0","0","0","0","0","0","0","0","0","0","0","0","0","14.7515050806314445","0.14751505080631444056","0","0","14.7515050806314445","0.14751505080631444056","1.4770154185022026867e-005","0","1.4770154185022026867e-005","9989.0518471595059964","0","9989.0518471595059964","44622426.741535879672","0","44622426.741535879672","4467.1333600320385813","0","4467.1333600320385813","85.593063314930148522","0","0","100","18.95586268247883055","24.227553743656041974","122.02434503710986746","153981.3598880317586","166523.10459468586487","1710.8817780691356347","0","100","3500","0","18.315661608017176576","0","0","153976.36023350787582","0","0","80.131985724495066847","81.635511453431874429","634","61542.747396154933085","0.58590326386535562797","0.78120101869612779133","191843.74359731742879","5.3219363145930751458","12.938638747350541536","18.364488546568125571","45156394.968390166759","10147.068486311607558","46253670.511504858732","10148.068591622697568","253222.66434655568446","8944.9419023823211319","0","0","0","3622.3814367652912551","0","0","0","0","0","0","0","0","0","0","0","0","0","0","0","0","0","0","39819.192961018794449","468.04928558977258035","552.05813172127022881","78886.306728098468739","0","0","0","0","0","0","0","0","0","0","0","0"
"05/14/2026 15:24:08.611","191.98418050352651676","5.9995056407352036487","5.9995056407352036487","0","1000000000","191.98418050352651676","0","2.9997528203676018244","42369","0","0","0","0","0","0","0","0","0","0","0","0","0","1","25.800107967147422272","0.2580010796714742316","0","0","25.800107967147422272","0.2580010796714742316","1.4814746755484092984e-005","0","1.4814746755484092984e-005","17412.565204627138883","0","17412.565204627138883","96379130.359658375382","0","96379130.359658375382","5535.0334213850928791","0","5535.0334213850928791","76.21908570347356715","0","0","100","22.336899516509397756","28.483828183246458821","122.00763432017544119","198727.84101772718714","123413.22134854635806","1717.9986256010995476","0","100","3500","0","20.893203130047211857","0","0","198843.84092492726631","0","0","76.664525191567676643","78.667317776436789245","1644","86436.93085045531916","0.78130172217400795098","1.4161037460679897215","258333.79333296531695","7.1782051971840541427","14.209930697412168854","21.33268222356320365","67132840.253963083029","16127.671079903017016","68876756.555259853601","16128.670997509805602","388627.97705469070934","13651.875085492956714","0","0","0","3665.6979464892096985","0","0","0","0","0","0","0","0","0","0","0","0","0","0","0","0","0","0","40301.679141638735018","617.94908099572603533","691.94298389812684036","79346.461851543441298","0","0","0","0","0","0","0","0","0","0","0","0"
"05/14/2026 15:24:09.611","127.95105872003959746","3.9984705850012374206","3.9984705850012374206","0","1000000000","127.95105872003959746","0","1.9992352925006187103","42371","0","0","0","0","0","0","0","0","0","0","0","0","0","1","27.677049793837554148","0.27677049793837554814","0","0","27.677049793837554148","0.27677049793837554814","1.4025140598875209365e-005","0","1.4025140598875209365e-005","19729.45348404235483","0","19729.45348404235483","81004279.862952426076","0","81004279.862952426076","4105.7538633024269075","0","4105.7538633024269075","73.336970092422404832","0","0","100","22.342727639258651351","29.625142394532048229","122.00323490268938542","226725.77846713547478","106852.14162554516224","1762.8349986441269266","0","100","3500","0","22.668460650063359196","0","0","226731.77790558803827","0","0","75.718244089258305962","77.331539349936633698","1429","102381.41709935950348","0.73230436914011276528","1.4157964457412175463","297224.17981676914496","6.1513686988824467505","16.501294445607040728","22.668460650063359196","82050519.67622384429","20038.335336733700387","84217274.89235368371","20039.334954379952251","469388.45891446521273","16397.727869090074819","0","0","0","3817.5397910299311661","0","0","0","0","0","3.9984705850012374206","2.9988529387509279545","0","0","0","0","0","0","0","0","0","0","0","42015.928907193003397","754.71132291898356925","820.6860875715038901","82486.448933283027145","0","0","0","0","0","0","0","0","0","0","0","0"
"05/14/2026 15:24:10.611","128.01282688525390085","4.0004008401641844017","4.0004008401641844017","0","1000000000","128.01282688525390085","0","2.0002004200820922009","42373","0","0","0","0","0","0","0","0","0","0","0","0","0","0","20.376957353939822326","0.20376957353939822992","0","0","20.376957353939822326","0.20376957353939822992","1.4081779865957300249e-005","0","1.4081779865957300249e-005","14474.450339924060245","0","14474.450339924060245","59721568.101123735309","0","59721568.101123735309","4125.9990326815450317","0","4125.9990326815450317","79.989157916880287758","0","0","100","19.663703521221389536","24.544992673453585041","122.00465193950093123","193701.17252917925362","132014.95807257780689","1678.6981700690216712","0","100","3500","0","18.666729722185117168","0","0","193592.19212385613355","0","0","79.874548179881799115","81.333270277814889937","1218","83032.070833664110978","0.78111189941618319743","1.6598665355965065427","243952.13740569446236","6.0047983516514280566","12.69307586418721101","18.666729722185117168","60499366.03647685796","14703.473288023460555","62089293.347193390131","14704.473388233500373","356495.72087123128586","12536.256132864513347","0","0","0","3691.3698752615009653","0","0","0","0","0","0","0","0","0","0","0","0","0","0","0","0","0","0","40525.060611073226028","1419.1421980482443814","1531.1534215728415802","79904.006381439423421","0","0","0","0","0","0","0","0","0","0","0","0"
"05/14/2026 15:24:11.611","128.05840743963321415","4.0018252324885379423","4.0018252324885379423","0","1000000000","128.05840743963321415","0","2.0009126162442689711","42375","0","0","0","0","0","0","0","0","0","0","0","0","0","1","18.032936767580149962","0.18032936767580151627","0","0","18.032936767580149962","0.18032936767580151627","1.4201488892390106363e-005","0","1.4201488892390106363e-005","12699.792375302375149","0","12699.792375302375149","52559268.282263539732","0","52559268.282263539732","4138.5927209705369023","0","4138.5927209705369023","82.109387167818709941","0","0","100","19.60049487994519879","25.350114757089492912","122.00747970235252637","189520.19273714657174","133756.09910585155012","1665.4938189173089995","0","100","3500","0","19.164496079939873141","0","0","189525.19422008626861","0","0","79.215873940285362664","80.835503920060119754","1172","78363.23469908827974","0.3907506247178503811","1.0745417110261938909","234075.40335709537612","4.4447320887958117197","14.750643523655751821","19.164496079939873141","53238065.881848707795","12899.883636926801046","54632982.103137239814","12900.884093234923057","323063.34919356717728","11427.211951371020405","0","0","0","3875.7677376651490704","0","0","0","0","0","8.0036504649770758846","6.0027378487328064693","0","0","0","0","0","0","0","0","0","0","0","42655.455153095324931","610.27834795450201","655.29888181999808694","84296.447609754803125","0","0","0","0","0","0","0","0","0","0","0","0"
"05/14/2026 15:24:12.611","64.03380344483852582","2.0010563576512039319","2.0010563576512039319","0","1000000000","64.03380344483852582","0","1.0005281788256019659","42376","0","0","0","0","0","0","0","0","0","0","0","0","0","0","16.602357296898489381","0.16602357296898490047","0","0","16.602357296898489381","0.16602357296898490047","1.5138615847542629409e-005","0","1.5138615847542629409e-005","10972.792537180377622","0","10972.792537180377622","72045712.93185672164","0","72045712.93185672164","6565.8502781070483252","0","6565.8502781070483252","84.505241848629879087","0","0","100","17.880244177580784992","22.539189221623956882","122.01320963913865114","142993.87034842424328","182422.94609639429837","1667.9868229040991991","0","100","3500","0","16.846514904153941927","0","0","142958.87062492207042","0","0","81.502701273527520698","83.153485095846065178","431","59511.52985891411663","0.63475377941296173834","1.0253899511784785314","179566.5814240067557","5.029250713343009771","11.669805635904767271","16.846514904153941927","42547080.603850774467","9578.0562558974888816","43582831.376683749259","9579.0567840763142158","234827.96568308409769","8269.365397993600709","0","0","0","3300.7424619456610344","0","0","0","0","0","0","0","0","0","0","0","0","0","0","0","0","0","0","36296.160743256368733","1711.9037139706051676","1899.0024834109926815","71846.927993287652498","0","0","0","0","0","0","0","0","0","0","0","0"
"05/14/2026 15:24:13.611","63.95477118581739262","1.9985865995567935194","1.9985865995567935194","0","1000000000","63.95477118581739262","0","0.99929329977839675969","42377","0","0","0","0","0","0","0","0","0","0","0","0","0","1","17.735442132998066711","0.177354421329980666","0","0","17.735442132998066711","0.177354421329980666","1.4608451400329488905e-005","0","1.4608451400329488905e-005","12131.420659309736948","0","12131.420659309736948","51393030.848583884537","0","51393030.848583884537","4236.35716639209204","0","4236.35716639209204","82.757669613229950301","0","0","100","21.087756208931775603","26.896761259913571251","121.99756883463720669","167813.0649300335499","148653.20701879821718","1694.0713204025889809","0","100","3500","0","19.918348399164397478","0","0","167882.06783505587373","0","0","77.98781926282948973","79.935165140782700632","1173","69761.936977546763956","0.73246230158750003092","1.2695859887421034884","213046.96927740657702","6.6897450177552828521","13.477154342506503681","20.064834859217295815","52041516.239715278149","12323.284972867189936","53374093.840835765004","12324.284266166967427","299248.37155163870193","10518.561273467405044","0","0","0","3434.5710713383496113","0","0","0","0","0","7.9943463982271740775","5.9957597986703810022","0","0","0","0","0","0","0","0","0","0","0","37732.315706332483387","1098.2233364564581279","1168.1738674409459691","74552.276629967294866","0","0","0","0","0","0","0","0","0","0","0","0"
"05/14/2026 15:24:14.611","64.006464652929949466","2.0002020204040609208","2.0002020204040609208","0","1000000000","64.006464652929949466","0","1.0001010102020304604","42378","0","0","0","0","0","0","0","0","0","0","0","0","0","0","22.678072980099216238","0.2267807298009921757","0","0","22.678072980099216238","0.2267807298009921757","1.4231553184813304773e-005","0","1.4231553184813304773e-005","15936.609597569355174","0","15936.609597569355174","65645030.14804495126","0","65645030.14804495126","4119.1339818010665113","0","4119.1339818010665113","78.003279813447235824","0","0","100","22.232838333202664671","28.711926564402553197","122.0084775721647361","196848.95670052949572","124300.28396679772413","1734.9908045487359232","0","100","3500","0","21.044596282844764801","0","0","196941.95620763211627","0","0","76.465403508154381029","78.564772115565673971","1452","85527.546704002466868","0.58593240232284959923","1.6601568066429071013","254638.65041515280609","6.9336284278765534239","14.502019458279779229","21.435227884434326029","66492679.76065582782","16186.634850119862676","68242972.540226563811","16187.634951130065019","382726.65539219463244","13395.352930645995002","0","0","0","3549.358485207006197","0","0","0","0","0","15.001515153030457128","12.001212122424364637","0","0","0","0","0","0","0","0","0","0","0","39022.941317073025857","1375.1388890277917199","1439.1453536807218825","76841.76101786280924","0","0","0","0","0","0","0","0","0","0","0","0"
"05/14/2026 15:24:15.611","127.9719997264598419","3.9991249914518700592","3.9991249914518700592","0","1000000000","127.9719997264598419","0","1.9995624957259350296","42380","0","0","0","0","0","0","0","0","0","0","0","0","0","0","20.969788256293213635","0.20969788256293214745","0","0","20.969788256293213635","0.20969788256293214745","1.4092261185006046829e-005","0","1.4092261185006046829e-005","14882.743655688134822","0","14882.743655688134822","61406084.348744489253","0","61406084.348744489253","4125.9922074432352019","0","4125.9922074432352019","79.478531740763898483","0","0","100","19.591292930003742612","25.226909679462369951","122.01211417962404937","197574.31690820871154","128501.84406422849861","1757.3357270951580631","0","100","3500","0","19.952224116614981853","0","0","197416.37660964156385","0","0","79.306027154503013321","80.047775883385014595","1154","84990.87344983596995","0.34167043856969436799","1.5130962339081019952","249822.56706964768819","4.978582121659466786","14.886934874295668862","19.952224116614981853","62197455.196802936494","15116.692467688068064","63832065.544058956206","15117.692248935931275","367495.59196447813883","12924.172191124580422","0","0","0","3754.1785857254430994","0","0","0","0","0","0","0","0","0","0","0","0","0","0","0","0","0","0","41289.965755492696189","1054.7692164954307827","1129.7528100851532145","81409.187669737861142","0","0","0","0","0","0","0","0","0","0","0","0"
"05/14/2026 15:24:16.611","320.48662689427629857","10.01520709044613433","10.01520709044613433","0","1000000000","320.48662689427629857","0","5.0076035452230671652","42385","0","0","0","0","0","0","0","0","0","0","0","0","0","0","23.459147141994545649","0.23459147141994546315","0","0","23.459147141994545649","0.23459147141994546315","1.4386950920245399326e-005","0","1.4386950920245399326e-005","16324.787557427198408","0","16324.787557427198408","88095364.000698670745","0","88095364.000698670745","5396.4171779141106526","0","5396.4171779141106526","77.777646619607111234","0","0","100","18.232890987674082339","23.731118937089803467","122.01550859805236371","187341.0235256421438","137530.95727581952815","1653.6004223133418236","0","100","3500","0","18.574304460440405506","0","0","187282.00209496068419","0","0","80.48476793473497537","81.425695539559598046","777","82346.900159447890474","0.68383536012721368724","1.2211481479554864293","240586.35690619263914","5.1776377364198271636","13.09062691693779712","18.574304460440405506","62120143.225473560393","15125.967268700795103","63755750.731911338866","15126.96878940984061","349767.08634390460793","12191.511591200078328","0","0","0","3400.1628072064622756","0","0","0","0","0","0","0","0","0","0","0","0","0","0","0","0","0","0","37363.733092327391205","2772.2093226354900253","2817.2777545424974051","73572.71280712634325","0","0","0","0","0","0","0","0","0","0","0","0"
"05/14/2026 15:24:17.611","255.60200212249503693","7.987562566327969904","7.987562566327969904","0","1000000000","255.60200212249503693","0","3.993781283163984952","42389","0","0","0","0","0","0","0","0","0","0","0","0","0","0","15.425159996236500248","0.15425159996236501025","0","0","15.425159996236500248","0.15425159996236501025","1.430830087182340937e-005","0","1.430830087182340937e-005","10765.237448768521062","0","10765.237448768521062","50228860.641095742583","0","50228860.641095742583","4665.8386199220922208","0","4665.8386199220922208","85.104999545560403362","0","0","100","16.11378504000230194","20.286476310511279308","121.98240316935266492","152200.87163609286654","175358.10059902264038","1700.7192112582213213","0","100","3500","0","16.124427063643242519","0","0","152313.85298287251499","0","0","83.458878315071928","83.875572936356761033","1262","63603.499062304814288","0.48822511488223213627","1.0252537437774520424","190516.54571830190253","4.5404065799655226598","11.912486830500226276","16.124427063643242519","46811385.990873605013","10830.136394619936254","47982518.420567333698","10831.134839940727034","262191.74123971560039","9209.6596389761489263","0","0","0","3158.0825496619213482","0","0","0","0","0","0","0","0","0","0","0","0","0","0","0","0","0","0","34747.894054168253206","2979.3608372403327849","3092.1851584897153771","68633.131351173084113","0","0","0","0","0","0","0","0","0","0","0","0"
"05/14/2026 15:24:18.611","127.99897600819193144","3.9999680002559978576","3.9999680002559978576","0","1000000000","127.99897600819193144","0","1.9999840001279989288","42391","0","0","0","0","0","0","0","0","0","0","0","0","0","0","17.347718966102650739","0.17347718966102651517","0","0","17.347718966102650739","0.17347718966102651517","1.4537168957425409025e-005","0","1.4537168957425409025e-005","11931.904544763641752","0","11931.904544763641752","49442420.46063631773","0","49442420.46063631773","4143.7157224270868028","0","4143.7157224270868028","82.90363956309040816","0","0","100","20.361189926369746672","26.205162919541223232","122.01016317711049908","174235.61207290823222","144192.3369624481129","1740.205866353989677","0","100","3500","0","20.010451186209632368","0","0","174276.61692378207226","0","0","78.525182608226032244","79.989548813790364079","1104","71489.457202787089045","0.73250313910628850333","1.0255063949758298492","217815.76760530771571","5.6158774020851360831","14.503596158163951202","20.010451186209632368","50080175.358597129583","12119.903040775674526","51390756.873945005238","12120.903032775737302","308921.52862777095288","10960.912312701499104","0","0","0","3651.9707842337261354","0","0","0","0","0","3.9999680002559978576","2.9999760001919986152","0","0","0","0","0","0","0","0","0","0","0","40156.678746570025396","828.99336805305551934","892.99285605715158454","79368.365053079571226","0","0","0","0","0","0","0","0","0","0","0","0"
"05/14/2026 15:24:19.611","191.96201071807888638","5.9988128349399651995","5.9988128349399651995","0","1000000000","191.96201071807888638","0","2.9994064174699825998","42394","0","0","0","0","0","0","0","0","0","0","0","0","0","0","17.973941278822834988","0.17973941278822835876","0","0","17.973941278822834988","0.17973941278822835876","1.4513105620155038861e-005","0","1.4513105620155038861e-005","12381.549691316087774","0","12381.549691316087774","51439676.088102161884","0","51439676.088102161884","4154.54263565891506","0","4154.54263565891506","82.287181960125380442","0","0","100","21.844726399999998989","26.717425599999998553","122.01272759154805669","180255.3560874335235","138675.311286205746","1698.1069807397866498","0","100","3500","0","18.794712891943621713","0","0","180251.35583541763481","0","0","78.128611120583812522","80.912302253724263323","1172","74205.674957522322075","0.48830475705118248086","1.2207618926279562022","225889.23102155435481","6.6409566965045128129","12.354136354713183721","19.087697746275733124","52105692.283497095108","12578.510712729948864","53465867.104899935424","12579.510514869105464","315613.54008041805355","11158.791675127491544","0","0","0","3797.2485245169978043","0","0","0","0","0","0","0","0","0","0","0","0","0","0","0","0","0","0","41736.740299094803049","415.91768988917090155","438.91313908977411984","82446.683801275721635","0","0","0","0","0","0","0","0","0","0","0","0"
"05/14/2026 15:24:20.611","128.04393187302562751","4.0013728710320508597","4.0013728710320508597","0","1000000000","128.04393187302562751","0","2.0006864355160254298","42396","0","0","0","0","0","0","0","0","0","0","0","0","0","0","17.738072976613445064","0.17738072976613444842","0","0","17.738072976613445064","0.17738072976613444842","1.4366574876488214267e-005","0","1.4366574876488214267e-005","12351.237709658184031","0","12351.237709658184031","51258546.807409621775","0","51258546.807409621775","4150.0737021138738783","0","4150.0737021138738783","82.418854041773201402","0","0","100","20.628688918045376965","25.935361131556209813","122.00086569006789716","180838.78106969696819","139288.82765254116384","1662.9703991268956997","0","100","3500","0","18.946850009849814711","0","0","180864.78060690520215","0","0","78.714824418336050371","80.760185556474425539","1215","74835.66792511093081","0.78123515653202590947","0.87889330102728036032","224814.99829303039587","6.3475393967514612825","12.9392141549310562","19.239814443525570908","51910458.478303909302","12544.303950685480231","53266931.884329512715","12545.304293903238431","313163.44637845247053","11065.796674839137268","0","0","0","3721.2767700598078591","0","0","0","0","0","5.0017160887900642408","4.0013728710320508597","0","0","0","0","0","0","0","0","0","0","0","40935.044813875640102","657.22549406701443786","692.23750668854484047","80833.734054153988836","0","0","0","0","0","0","0","0","0","0","0","0"
"05/14/2026 15:24:21.611","63.969652796713234011","1.9990516498972885628","1.9990516498972885628","0","1000000000","63.969652796713234011","0","0.99952582494864428142","42397","0","0","0","0","0","0","0","0","0","0","0","0","0","0","20.969596278119407629","0.2096959627811940674","0","0","20.969596278119407629","0.2096959627811940674","1.4947292290152486052e-005","0","1.4947292290152486052e-005","14027.345427329273662","0","14027.345427329273662","85324258.171923235059","0","85324258.171923235059","6082.7088499358696936","0","6082.7088499358696936","80.444342480590634636","0","0","100","19.612707435034611336","23.873083984799826851","122.00794494123032052","182931.96743277995847","140729.19431176013313","1704.3102656354972169","0","100","3500","0","15.654900337830234491","0","0","182917.97309628792573","0","0","80.44101366065730474","84.345099662169758403","1017","77235.742694931352162","0.39048157428191704321","1.025026628060352607","227373.98174958594609","4.5882134783219346019","11.031239425623615702","15.654900337830234491","51504710.165497481823","12476.0813470089779","52853806.154360368848","12477.08087283392706","316477.86290183931123","11215.679281748736685","0","0","0","3749.2213693823646281","0","0","0","0","0","0","0","0","0","0","0","0","0","0","0","0","0","0","41216.44691758229601","978.53578262472274218","1025.513496397308927","81463.353784964405349","0","0","0","0","0","0","0","0","0","0","0","0"
"05/14/2026 15:24:22.611","128.0624304348369833","4.001950951088655728","4.001950951088655728","0","1000000000","128.0624304348369833","0","2.000975475544327864","42399","0","0","0","0","0","0","0","0","0","0","0","0","0","1","15.761138473955588424","0.15761138473955588202","0","0","15.761138473955588424","0.15761138473955588202","1.4291563860667634201e-005","0","1.4291563860667634201e-005","11029.376821200334234","0","11029.376821200334234","46745860.607045933604","0","46745860.607045933604","4238.3047895500722007","0","4238.3047895500722007","84.345843056274446781","0","0","100","18.119080775485638668","22.994879502644284486","122.00626751592356811","172918.28569553481066","150178.34597603385919","1721.7396593576600026","0","100","3500","0","17.301886592375158358","0","0","172864.26248716449481","0","0","81.142079355205680713","82.746962370792346064","1138","70734.387492866939283","0.63501651341050591171","0.732704435862001624","212834.43367270581075","4.2008507702690183194","12.993334012263559885","17.204188666040153066","47339554.032590888441","11204.462175310463863","48551156.688885830343","11205.462663048236209","284046.47265541949309","10065.90712972574147","0","0","0","3867.8855942271857202","0","0","0","0","0","0","0","0","0","0","0","0","0","0","0","0","0","0","42513.725441152557323","518.25264816598087236","562.27410862795613866","84158.027038181113312","0","0","0","0","0","0","0","0","0","0","0","0"
"05/14/2026 15:24:23.611","128.02478559849186013","4.000774549952870629","4.000774549952870629","0","1000000000","128.02478559849186013","0","2.0003872749764353145","42401","0","0","0","0","0","0","0","0","0","0","0","0","0","0","18.514736857262391823","0.18514736857262392711","0","0","18.514736857262391823","0.18514736857262392711","1.4676339568801521817e-005","0","1.4676339568801521817e-005","12618.442930551354948","0","12618.442930551354948","60444085.975044772029","0","60444085.975044772029","4790.1382371591625997","0","4790.1382371591625997","82.075213409244170748","0","0","100","19.829863827703885448","24.336422849298500637","121.99531578356352668","179888.44792341528228","142399.32463229983114","1717.9087790438329648","0","100","3500","0","18.02171170573002712","0","0","179888.44792341528228","0","0","80.040815942876477607","81.97828829426997288","701","74252.057215761844418","0.78121062698439991401","1.0253383229485233397","222973.16012519737706","5.810257163038983208","12.255232336290250217","18.070539244822057867","50501293.05033454299","12069.336623570323354","51806413.721696518362","12070.336817207811691","302598.58308568538632","10697.070952936488538","0","0","0","3867.7487961669380638","0","0","0","0","0","0","0","0","0","0","0","0","0","0","0","0","0","0","42537.23520873641246","293.05673578404781665","307.05944670888283099","84060.274069059771136","0","0","0","0","0","0","0","0","0","0","0","0"
"05/14/2026 15:24:24.611","127.96140683969714757","3.9987939637405358617","3.9987939637405358617","0","1000000000","127.96140683969714757","0","1.9993969818702679309","42403","0","0","0","0","0","0","0","0","0","0","0","0","0","0","11.552907126040659946","0.11552907126040659613","0","0","11.552907126040659946","0.11552907126040659613","1.5850404719440251906e-005","0","1.5850404719440251906e-005","7286.8023004261913229","0","7286.8023004261913229","43085117.528553389013","0","43085117.528553389013","5912.7605981616134159","0","5912.7605981616134159","88.983951829088297814","0","0","100","16.963108793700111931","21.424413665329659295","122.0179666359934032","125193.89208920275269","210707.90087370423134","1679.9314587964809107","0","100","3500","0","17.239564209083003021","0","0","125244.89000848765136","0","0","82.455377749192223291","82.711607704977964772","1195","47963.043107841200253","0.43943277423524995662","0.78121937620045289741","152322.78523036258412","4.6873162572027178285","12.645994277024341201","17.288392295022035228","30400619.173257343471","6479.0459197506033888","31101291.85037792474","6480.04561824153825","173475.67973499192158","6202.1294377615713529","0","0","0","3416.9694420162877577","0","0","0","0","0","3.9987939637405358617","2.9990954728054020073","0","0","0","0","0","0","0","0","0","0","0","37555.673208960179181","1202.6372845949661041","1317.6026110525065178","74549.515866014815401","0","0","0","0","0","0","0","0","0","0","0","0"
"05/14/2026 15:24:25.611","128.03471020993791285","4.0010846940605597766","4.0010846940605597766","0","1000000000","128.03471020993791285","0","2.0005423470302798883","42405","0","0","0","0","0","0","0","0","0","0","0","0","0","0","20.952061890723193471","0.20952061890723192028","0","0","20.952061890723193471","0.20952061890723192028","1.5165501266739050688e-005","0","1.5165501266739050688e-005","13818.746262111657416","0","13818.746262111657416","85289553.998088881373","0","85289553.998088881373","6172.0182410423449255","0","6172.0182410423449255","80.433299065158863073","0","0","100","20.995617361584471894","26.301677211240292564","121.9919619398221613","176517.59025638102321","142211.22229840376531","1647.0708240454339375","0","100","3500","0","19.185904179783907608","0","0","176440.5869452386396","0","0","78.429530899359562568","80.472290780794352827","1256","74008.182351841125637","0.63479793110896876041","1.123099416374320425","223210.59805571640027","6.6897443487513443827","12.842365064062818192","19.527709219205647173","50728832.586514204741","12271.326756683736676","52055792.32529938966","12272.327027857250869","317446.05962676479248","11285.059379597809311","0","0","0","3689.000087923835963","0","0","0","0","0","0","0","0","0","0","0","0","0","0","0","0","0","0","40578.0006959886814","1282.3476444464092765","1335.362016642711751","80145.727506727067521","0","0","0","0","0","0","0","0","0","0","0","0"
"05/14/2026 15:24:26.611","63.996761763854749461","1.9998988051204609206","1.9998988051204609206","0","1000000000","63.996761763854749461","0","0.99994940256023046032","42406","0","0","0","0","0","0","0","0","0","0","0","0","0","0","17.739572029888446281","0.1773957202988844517","0","0","17.739572029888446281","0.1773957202988844517","1.4225396952686448368e-005","0","1.4225396952686448368e-005","12469.369049926073785","0","12469.369049926073785","52311465.039868980646","0","52311465.039868980646","4195.1974338412192083","0","4195.1974338412192083","82.425022628140382608","0","0","100","19.829093608891419365","24.696135125015601375","122.01181724764840908","189151.08566345032887","134947.11216149054235","1716.037066400634103","0","100","3500","0","17.673450158639493424","0","0","189138.0853826442617","0","0","79.766467391027163103","82.131224313648075963","708","77582.675785796964192","0.39063105485885252222","1.0254190193582477519","232672.02571575544425","4.4923171325748514349","13.379278633585331093","17.868775686351924037","52973899.520684249699","12666.359082230439526","54343570.215347103775","12667.359031632999177","323583.62666849058587","11480.419090794006479","0","0","0","4027.7961935126081698","0","0","0","0","0","0","0","0","0","0","0","0","0","0","0","0","0","0","44271.759848951645836","3.9997976102409218413","11.999392830722765524","87598.567512483874452","0","0","0","0","0","0","0","0","0","0","0","0"
"05/14/2026 15:24:27.611","0","0","0","0","1000000000","0","0","0","42406","0","0","0","0","0","0","0","0","0","0","0","0","0","0","20.352832128075316831","0.20352832128075318274","0","0","20.352832128075316831","0.20352832128075318274","1.4484326977803073093e-005","0","1.4484326977803073093e-005","14049.406613476296116","0","14049.406613476296116","65623986.663059026003","0","65623986.663059026003","4670.9436539556063508","0","4670.9436539556063508","80.684244926130006093","0","0","100","19.724640416354120021","25.21013951509587514","122.00916593122454401","182519.56109412369551","139085.73141946471878","1695.4664367123668853","0","100","3500","0","18.726478574571881808","0","0","182551.55102689185878","0","0","79.336744537750945483","81.27352142542811464","1198","78100.421797260409221","0.58575759508489055882","1.1715051932828117742","232219.92039105296135","5.1253539647753694197","13.569994303773805555","18.726478574571881808","58915219.087682150304","13720.560940750505324","60398870.809928901494","13721.560471670645711","333827.33483176346635","11745.487842555488896","0","0","0","3768.2315689247034243","0","0","0","0","0","5.9971855208350719479","4.997654600695893734","0","0","0","0","0","0","0","0","0","0","0","41429.557108848814096","495.76733638903260726","598.71902116336798372","81829.597369954281021","0","0","0","0","0","0","0","0","0","0","0","0"
"05/14/2026 15:24:28.611","192.04038609319539432","6.0012620654123560726","6.0012620654123560726","0","1000000000","192.04038609319539432","0","3.0006310327061780363","42409","0","0","0","0","0","0","0","0","0","0","0","0","0","1","22.114654783677881511","0.22114654783677881178","0","0","22.114654783677881511","0.22114654783677881178","1.4620792275643146066e-005","0","1.4620792275643146066e-005","15124.180615183373448","0","15124.180615183373448","74267906.540745511651","0","74267906.540745511651","4910.5408372462143234","0","4910.5408372462143234","78.873878217503673227","0","0","100","20.744285572531055095","26.083193293449973282","122.01697084936593285","198621.1364066262322","126632.38041053886991","1677.4910016161732074","0","100","3500","0","18.72591035983065666","0","0","198748.17359040991869","0","0","78.628765566113798968","81.274089640169350446","1551","85326.975205642695073","0.63495820161095750667","1.1722274482156509468","250116.20901437851717","5.421526940585189358","13.334032207146199411","18.72591035983065666","58798013.222180627286","14244.995722600462614","60338369.159034147859","14245.995932944697415","356194.90778910805238","12594.648654612065002","0","0","0","3981.8373804010984713","0","0","0","0","0","6.0012620654123560726","5.0010517211769638379","0","0","0","0","0","0","0","0","0","0","0","43789.208870625494455","169.03554817578137204","180.03786196237069817","86450.180472953463322","0","0","0","0","0","0","0","0","0","0","0","0"
"05/14/2026 15:24:29.611","735.6765230328223879","6.9969234527578221261","6.9969234527578221261","0","1000000000","735.6765230328223879","0","3.998241973004469596","42412","0","0","0","0","0","0","0","0","0","0","0","0","0","0","29.360875070692138422","0.29360875070692138422","0","0","29.360875070692138422","0.29360875070692138422","1.4685741435358839067e-005","0","1.4685741435358839067e-005","19986.21206255609286","0","19986.21206255609286","108336620.38801538944","0","108336620.38801538944","5420.5679419854959633","0","5420.5679419854959633","73.124348572438748306","0","0","100","22.584777012899127868","29.230410138846004031","121.99387088805357848","214949.92560833189054","113215.76736461622932","1761.8026781000530718","0","100","3500","0","23.055426236602492907","0","0","214904.93064776746905","0","0","76.054042790441698685","76.944573763397499988","1175","96823.155806549679255","1.2205642732528143579","2.0017274079122402419","282813.32490761036752","8.0069296294252083612","15.037387842471916954","23.055426236602492907","76257353.641603782773","18572.833525099013059","78265650.59343406558","18573.833085592264979","437123.7966666056891","15287.278183782589622","0","0","0","3712.3676719346503887","0","0","0","0","0","3.998241973004469596","2.9986814797533525301","0","0","0","0","0","0","0","0","0","0","0","40802.059334510617191","920.59521428427910905","995.56225127811296716","80204.733978469666908","0","0","0","0","0","0","0","0","0","0","0","0"
"05/14/2026 15:24:30.611","192.11663400850656558","6.0036448127658301743","6.0036448127658301743","0","1000000000","192.11663400850656558","0","3.0018224063829150872","42415","0","0","0","0","0","0","0","0","0","0","0","0","0","0","16.439211378092000615","0.16439211378092000171","0","0","16.439211378092000615","0.16439211378092000171","1.4581635911994321605e-005","0","1.4581635911994321605e-005","11278.847388249405412","0","11278.847388249405412","47411311.407155282795","0","47411311.407155282795","4203.5599716110718873","0","4203.5599716110718873","83.708203652980273546","0","0","100","19.613188902349058651","26.05201403769309465","122.01157325857687397","168893.58107178928913","149039.74896636692574","1739.2325353899816491","0","100","3500","0","22.301266755095017658","0","0","168799.56850230877171","0","0","78.6324817954088644","77.698733244904985895","760","69130.24271345078887","0.58603950950871452896","1.1720790190174290579","211921.33388234008453","6.0557082592624222883","16.262531377827954771","22.301266755095017658","48010046.899472668767","11455.954910225997082","49248842.972568646073","11456.955517694792434","291973.25696430302924","10355.286694552261906","0","0","0","3682.2354851630425401","0","0","0","0","0","5.0030373439715249972","4.0024298751772198202","0","0","0","0","0","0","0","0","0","0","0","40483.577579948789207","809.49144225459269819","863.5242455694851742","80000.568345042265719","0","0","0","0","0","0","0","0","0","0","0","0"
"05/14/2026 15:24:31.611","127.9871884824328987","3.9995996400760280842","3.9995996400760280842","0","1000000000","127.9871884824328987","0","1.9997998200380140421","42417","0","0","0","0","0","0","0","0","0","0","0","0","0","1","10.463507723962102602","0.10463507723962102436","0","0","10.463507723962102602","0.10463507723962102436","1.5732716884678997699e-005","0","1.5732716884678997699e-005","6650.3343015364162056","0","6650.3343015364162056","36749729.352091856301","0","36749729.352091856301","5525.9972936400545223","0","5525.9972936400545223","89.812333780119573134","0","0","100","17.084493814677102819","22.784000076796559142","122.00415524331734218","126366.07752763404278","205940.48474393872311","1719.9874440916580625","0","100","3500","0","18.11775197323922626","0","0","126401.07727213590988","0","0","81.325215183372350225","81.491640057486222304","1034","47674.651975040578691","0.24413248071959384178","0.48826496143918768356","152269.88842981445487","3.8573111948151996842","14.599160345861347921","18.508359942513774143","29701782.851536560804","6236.3757387885470962","30376223.340043660253","6237.3756386985660356","170762.90663304601912","6119.3874493163229999","0","0","0","3507.648884346676823","0","0","0","0","0","13.998598740266098517","10.998899010209077787","0","0","0","0","0","0","0","0","0","0","0","38557.140430242929142","721.92773503372313826","794.92042846511060361","76562.336110155374627","0","0","0","0","0","0","0","0","0","0","0","0"
"05/14/2026 15:24:32.611","128.08276708408973832","4.0025864713778043225","4.0025864713778043225","0","1000000000","128.08276708408973832","0","2.0012932356889021612","42419","0","0","0","0","0","0","0","0","0","0","0","0","0","1","19.989161863439477429","0.19989161863439477984","0","0","19.989161863439477429","0.19989161863439477984","1.4621395655036207597e-005","0","1.4621395655036207597e-005","13679.83991255149158","0","13679.83991255149158","68742533.425099298358","0","68742533.425099298358","5025.0977982590884494","0","5025.0977982590884494","80.999410592573468648","0","0","100","18.752446160468124958","23.555223622669647199","122.01047502237544506","176458.97032683235011","146342.28794250672217","1697.0381833591256964","0","100","3500","0","16.795831627478506221","0","0","176396.96893180097686","0","0","80.664196368874257814","83.057686526850233122","1022","74729.681417831903673","0.39062492187401565147","1.4160278419508085523","221150.97589695767965","4.492236602181187699","12.451326886718771192","16.942313473149759773","54820513.015510626137","12872.318091951019596","56212452.486796967685","12873.318738568863409","318729.96330228593433","11246.267337953786409","0","0","0","3647.3569220430244968","0","0","0","0","0","0","0","0","0","0","0","0","0","0","0","0","0","0","40103.915149969914637","1252.8095655412528231","1411.912377778520522","79186.170103120646672","0","0","0","0","0","0","0","0","0","0","0","0"
"05/14/2026 15:24:33.611","127.91369662888449454","3.9973030196526404545","3.9973030196526404545","0","1000000000","127.91369662888449454","0","1.9986515098263202272","42421","0","0","0","0","0","0","0","0","0","0","0","0","0","1","16.7965978810038159","0.16796597881003816344","0","0","16.7965978810038159","0.16796597881003816344","1.5165869290485648157e-005","0","1.5165869290485648157e-005","11070.530712927986315","0","11070.530712927986315","75851798.791355475783","0","75851798.791355475783","6851.6858638743451593","0","6851.6858638743451593","84.499641688574584464","0","0","100","16.926659862879155583","20.717625755428365153","121.99279328503735087","154999.63009395613335","171370.410789264919","1693.5698332623514943","0","100","3500","0","13.839658836335654968","0","0","155031.62196802013204","0","0","83.033584098010976504","86.160341163664341479","1293","63089.975146312841389","0.1952617313000226118","0.58579519142867875203","190232.68089905165834","2.2943528359789460147","11.618217976516206136","13.839658836335654968","39421262.474208652973","9320.7113160750432144","40424933.297504171729","9320.7113160750432144","245778.17346636223374","8768.0841736080656119","0","0","0","3620.5572100503791262","0","0","0","0","0","0","0","0","0","0","0","0","0","0","0","0","0","0","39823.131333289427857","1519.9744732229164583","1652.8847986263667735","78919.752842756992322","0","0","0","0","0","0","0","0","0","0","0","0"
"05/14/2026 15:24:34.611","0","0","0","0","1000000000","0","0","0","42421","0","0","0","0","0","0","0","0","0","0","0","0","0","0","19.599321483973756841","0.19599321483973758395","0","0","19.599321483973756841","0.19599321483973758395","1.4118134005763687431e-005","0","1.4118134005763687431e-005","13880.43584568555525","0","13880.43584568555525","57513741.931496649981","0","57513741.931496649981","4143.5112391930833837","0","4143.5112391930833837","80.707220934779840604","0","0","100","20.505574953035342389","25.739638172106673153","122.01872710310146886","196642.05265458271606","128383.51442735477758","1678.2735585900502429","0","100","3500","0","18.638427171046245689","0","0","196724.06602276171907","0","0","78.906503012015051013","81.361562827243460561","1629","82867.507403706811601","0.68371691559256630999","1.3185854781167578587","245977.09426636542776","4.8836551050229592974","13.723056642685898865","18.638437172756539439","58181734.906476065516","14095.442596897542899","59710178.899617448449","14097.442659699514479","352235.06018088967539","12450.390942275587804","0","0","0","3971.124693315370223","0","0","0","0","0","4.0001256039439638812","3.0000942029579729109","0","0","0","0","0","0","0","0","0","0","0","43677.371469464138499","288.00904348396539945","307.00964010269922255","86196.706576586511801","0","0","0","0","0","0","0","0","0","0","0","0"
"05/14/2026 15:24:35.611","128.00817972268427525","4.0002556163338836015","4.0002556163338836015","0","1000000000","128.00817972268427525","0","2.0001278081669418007","42423","0","0","0","0","0","0","0","0","0","0","0","0","0","0","26.486130938058117579","0.26486130938058116691","0","0","26.486130938058117579","0.26486130938058116691","1.4332465634808962262e-005","0","1.4332465634808962262e-005","18479.180819654375227","0","18479.180819654375227","80454677.053863748908","0","80454677.053863748908","4353.8010607208570946","0","4353.8010607208570946","74.857911046864799687","0","0","100","22.316202579854348187","29.128735084066896377","122.01239450592912306","211849.45208727678983","114991.86985344110872","1719.1497379421748519","0","100","3500","0","21.281329826588969212","0","0","211808.44851586571895","0","0","76.130826047117821531","78.718670173411027235","1226","92968.097521294112084","0.73249193070759555102","1.5138186569921165958","277173.14178064907901","6.5436125827556272938","14.747538208252050751","21.281329826588969212","75234735.499598428607","18347.172384315359523","77218630.270474284887","18348.172448219440412","435887.85323382163187","15274.976070970935325","0","0","0","3610.2306937413300147","0","0","0","0","0","0","0","0","0","0","0","0","0","0","0","0","0","0","39683.535777936209342","1070.0683773693137937","1107.0707418204024179","78008.984774127064156","0","0","0","0","0","0","0","0","0","0","0","0"
"05/14/2026 15:24:36.611","64.005907745284886801","2.0001846170401527125","2.0001846170401527125","0","1000000000","64.005907745284886801","0","1.0000923085200763563","42424","0","0","0","0","0","0","0","0","0","0","0","0","0","0","19.313491244840371053","0.19313491244840369498","0","0","19.313491244840371053","0.19313491244840369498","1.5128834403885319117e-005","0","1.5128834403885319117e-005","12767.178410567295941","0","12767.178410567295941","65161086.368271797895","0","65161086.368271797895","5103.7969606767974255","0","5103.7969606767974255","81.551319706451678826","0","0","100","21.076944861329330649","27.108862954915633026","121.99689671310797223","175306.82319096117863","141995.92460752098123","1708.0177633847390553","0","100","3500","0","20.165932182525402538","0","0","175284.82296215879614","0","0","77.780285558314105288","79.541107495218241752","894","72595.754995851952117","0.58594064453470906528","1.2695313964845360566","219602.28386375217815","5.7128962841859127764","14.794936274429900891","20.458892504781754695","49614375.40685005486","11892.097640612229952","50900330.100468277931","11893.097732920748967","302291.90154251240892","10714.98899348409941","0","0","0","3800.3507723762904789","0","0","0","0","0","5.0004615426003820033","4.000369234080305425","0","0","0","0","0","0","0","0","0","0","0","41780.85637304323609","406.03747725915104638","452.04172345107457431","82588.622929896431742","0","0","0","0","0","0","0","0","0","0","0","0"
"05/14/2026 15:24:37.611","256.08840171627247173","8.0027625536335147416","8.0027625536335147416","0","1000000000","256.08840171627247173","0","4.0013812768167573708","42428","0","0","0","0","0","0","0","0","0","0","0","0","0","0","17.993977201763740936","0.17993977201763741713","0","0","17.993977201763740936","0.17993977201763741713","1.5292410979858924889e-005","0","1.5292410979858924889e-005","11771.063371075695613","0","11771.063371075695613","77941017.239150956273","0","77941017.239150956273","6621.4083453726525477","0","6621.4083453726525477","83.299499466767869649","0","0","100","18.965964494011664954","23.50596913427152046","122.01574064075622061","154089.80083888993249","167588.72608819787274","1696.8986951478996161","0","100","3500","0","16.213746839480879913","0","0","154093.80060010417947","0","0","80.709836220486607772","83.493292974685346053","1030","63498.209156913333572","0.58592037166754906696","1.1718407433350981339","193199.46599188027903","5.2732533460129085157","11.181265427608174434","16.506707025314646842","44417716.995906986296","9999.451810765076516","45499034.266628839076","10000.452156084280432","255652.2511570994393","9066.129627947568224","0","0","0","3609.2459116887152959","0","0","0","0","0","0","0","0","0","0","0","0","0","0","0","0","0","0","39676.696395595761715","578.19959450002147605","664.22929195158167204","78507.100651144777657","0","0","0","0","0","0","0","0","0","0","0","0"
"05/14/2026 15:24:38.611","319.8364036795179004","9.9948876149849343875","9.9948876149849343875","0","1000000000","319.8364036795179004","0","4.9974438074924671938","42433","0","0","0","0","0","0","0","0","0","0","0","0","0","0","14.680952490000686694","0.14680952490000687138","0","0","14.680952490000686694","0.14680952490000687138","1.4326983507368011038e-005","0","1.4326983507368011038e-005","10241.761339075063006","0","10241.761339075063006","43317619.03786213696","0","43317619.03786213696","4229.5087342636870744","0","4229.5087342636870744","85.431458218186776321","0","0","100","18.641331424137462136","22.93163692214160676","121.98835002680600326","172148.75130553604686","151018.003090759099","1702.046976496551224","0","100","3500","0","17.382289508423898639","0","0","172146.75125033452059","0","0","81.235761785299246185","82.617710491576104914","1293","68829.899705231859116","0.39062246092150382237","0.83008522953694607871","208739.76121740959934","4.7363598390669867655","12.597739365758004126","17.382289508423898639","43869232.887378104031","10404.678007199318017","44994361.384152002633","10405.677495960815577","273783.95950471336255","9762.0067335557869228","0","0","0","4010.9483998934542797","0","0","0","0","0","0","0","0","0","0","0","0","0","0","0","0","0","0","44127.428820158485905","3.9979550459939741103","7.9959100919879482205","87423.282990750230965","0","0","0","0","0","0","0","0","0","0","0","0"
"05/14/2026 15:24:39.611","192.01177032152071433","6.0003678225475223229","6.0003678225475223229","0","1000000000","192.01177032152071433","0","3.0001839112737611615","42436","0","0","0","0","0","0","0","0","0","0","0","0","0","0","17.985776405136750355","0.17985776405136749689","0","0","17.985776405136750355","0.17985776405136749689","1.4447369266607758899e-005","0","1.4447369266607758899e-005","12449.763170482350688","0","12449.763170482350688","58170861.873832866549","0","58170861.873832866549","4672.4472648405489963","0","4672.4472648405489963","82.483270020799281497","0","0","100","18.82195971513554511","23.262731620370590946","122.00747690216250874","181265.21143557952018","142890.81248689626227","1672.0203986488636474","0","100","3500","0","17.57699080477402731","0","0","181232.21103297459194","0","0","80.931068755641959456","82.422999195088976876","805","75540.921599243505625","0.63477869646814155669","0.6835993653113047186","224023.73308954370441","4.8828768954134664781","12.695483928129815965","17.577000804911023124","50386964.720937393606","12123.743185457269647","51697969.085504941642","12124.743246761026967","308106.88695217017084","10916.669191821458298","0","0","0","3860.236632505572743","0","0","0","0","0","0","0","0","0","0","0","0","0","0","0","0","0","0","42441.601670182382804","864.05296644684324292","908.05566381219171035","83937.145347009776742","0","0","0","0","0","0","0","0","0","0","0","0"
"05/14/2026 15:24:40.611","192.01682067349099725","6.0005256460465936641","6.0005256460465936641","0","1000000000","192.01682067349099725","0","3.000262823023296832","42439","0","0","0","0","0","0","0","0","0","0","0","0","0","0","13.933082221582004934","0.13933082221582004934","0","0","13.933082221582004934","0.13933082221582004934","1.5019047105745392162e-005","0","1.5019047105745392162e-005","9277.8127363957082707","0","9277.8127363957082707","51622314.11471644789","0","51622314.11471644789","5564.0607955157920514","0","5564.0607955157920514","86.5158249503028145","0","0","100","17.064450268649455467","21.322168140318538576","122.01885254907705303","156505.71501656074543","168675.71255190036027","1672.9755745566112637","0","100","3500","0","16.797404176353690985","0","0","156559.71422817226266","0","0","82.516150148254070018","83.202605823583311917","1221","61605.100565531734901","0.24413846192768984267","0.68358569341013153409","187876.25700664767646","3.8085760059711621928","13.037027866724439917","16.797394176416691636","37812276.355408735573","8617.7549153305826621","38744193.991393648088","8618.7550029382564389","230368.18025259012938","8236.7215368066244991","0","0","0","4008.3511315591244966","0","0","0","0","0","0","0","0","0","0","0","0","0","0","0","0","0","0","44080.861483465952915","100.00876076744322063","105.00919880581538735","87486.663831751662656","0","0","0","0","0","0","0","0","0","0","0","0"
"05/14/2026 15:24:41.611","127.93032914274886025","3.9978227857109018828","3.9978227857109018828","0","1000000000","127.93032914274886025","0","1.9989113928554509414","42441","0","0","0","0","0","0","0","0","0","0","0","0","0","0","20.478635827911027434","0.20478635827911026435","0","0","20.478635827911027434","0.20478635827911026435","1.5470215979459295323e-005","0","1.5470215979459295323e-005","13234.792332095939855","0","13234.792332095939855","83987796.246164336801","0","83987796.246164336801","6345.9851986104813477","0","6345.9851986104813477","81.304832442472232401","0","0","100","20.431317701511204632","25.717066258518414656","121.99619114098848627","167449.02914610959124","150862.15998376041534","1685.4165088046518122","0","100","3500","0","19.021915482989339097","0","0","167428.0364137935394","0","0","78.934175577776827026","81.07570103454516186","642","70250.679214855816099","1.1226549293592298362","0.78098212313176584853","212240.52233116893331","6.150230470948464756","12.788583515854062611","18.924298965454845245","47337456.021450720727","11224.886926579783903","48551270.977825477719","11225.886382276212316","291721.12867332447786","10377.348496009073642","0","0","0","3652.0111147469087882","0","0","0","0","0","3.9978227857109018828","2.9983670892831764121","0","0","0","0","0","0","0","0","0","0","0","40159.129338162434578","1152.372417981167473","1226.3321395168190975","79427.743650807766244","0","0","0","0","0","0","0","0","0","0","0","0"
"05/14/2026 15:24:42.611","64.01700931937615735","2.0005315412305049172","2.0005315412305049172","0","1000000000","64.01700931937615735","0","1.0002657706152524586","42442","0","0","0","0","0","0","0","0","0","0","0","0","0","0","12.256037591957293031","0.12256037591957293087","0","0","12.256037591957293031","0.12256037591957293087","1.4951067724222085378e-005","0","1.4951067724222085378e-005","8197.1779901919944678","0","8197.1779901919944678","37517040.277601763606","0","37517040.277601763606","4576.8239170225751877","0","4576.8239170225751877","87.853174822287243728","0","0","100","18.944608756329742505","23.194879230764307465","122.00498278749925873","138228.1371430377767","187482.39708234136924","1663.4589483238426055","0","100","3500","0","16.38143200902027985","0","0","138249.14293853673735","0","0","80.991618312315097228","83.227832020543701219","993","54189.951007482966816","0.53726946157619581701","0.63495845566964281836","170991.17646558684646","4.9819486423570511491","11.771073654660703767","16.772167979456298781","37963450.888901181519","8327.2125403719765018","38863958.153681434691","8328.2128061425919441","217645.82849663155503","7747.0583934151309222","0","0","0","3434.9126562927772284","0","0","0","0","0","0","0","0","0","0","0","0","0","0","0","0","0","0","37766.034435349472915","929.24690090156957467","1047.2782618341693706","74827.881768185805413","0","0","0","0","0","0","0","0","0","0","0","0"
"05/14/2026 15:24:43.611","64.010523330035454137","2.0003288540636079418","2.0003288540636079418","0","1000000000","64.010523330035454137","0","1.0001644270318039709","42443","0","0","0","0","0","0","0","0","0","0","0","0","0","0","14.73445916140619083","0.14734459161406190941","0","0","14.73445916140619083","0.14734459161406190941","1.4836199778471453642e-005","0","1.4836199778471453642e-005","9932.6329248528454627","0","9932.6329248528454627","47025715.027550525963","0","47025715.027550525963","4734.4662168965860474","0","4734.4662168965860474","85.552713100849402394","0","0","100","19.06915328548912214","23.876904367584348421","122.01465596911778277","166206.62336349274847","154827.11727756253094","1701.0984936027796266","0","100","3500","0","18.453547966498174304","0","0","166197.62284236258711","0","0","80.425184155363439231","81.253469523148638132","927","65255.778309564127994","0.63479710583641923982","1.0254337860226632184","200830.62809336662758","5.127168930113315426","13.623621728647814066","18.746530476851365421","41335579.569281190634","9733.6002038735168753","42388152.612289458513","9734.6003683005474159","261206.94242133406806","9338.5352551959531411","0","0","0","3996.6570504190885913","0","0","0","0","0","0","0","0","0","0","0","0","0","0","0","0","0","0","43924.22114195573522","93.015291713957765296","110.01808697349844124","87037.308933588676155","0","0","0","0","0","0","0","0","0","0","0","0"
"05/14/2026 15:24:44.611","191.96617555986634329","5.9989429862458232279","5.9989429862458232279","0","1000000000","191.96617555986634329","0","2.9994714931229116139","42446","0","0","0","0","0","0","0","0","0","0","0","0","0","1","13.895538161134901145","0.13895538161134901589","0","0","13.895538161134901145","0.13895538161134901589","1.4962019593067069222e-005","0","1.4962019593067069222e-005","9287.3635665395759133","0","9287.3635665395759133","50588974.222741946578","0","50588974.222741946578","5447.075896221336734","0","5447.075896221336734","86.536238505968341883","0","0","100","17.639109507196021553","21.980015580584737478","122.00375576016408274","157669.36484241113067","166401.81487282572198","1694.6707254780396852","0","100","3500","0","15.885374122794305052","0","0","157677.3632883130922","0","0","81.984127063476748276","84.114625877205696725","1254","61477.055008211907989","0.19527231244369835927","0.73227867021664816427","188950.28695924382191","3.5149516143384325062","12.351136230707474795","15.885374122794305052","37935847.703634619713","8663.4734959700090258","38872702.629796624184","8664.4733198010508204","233594.84058908818406","8371.5249373060469225","0","0","0","3977.2991998809807228","0","0","0","0","0","4.9991191552048528379","3.9992953241638820039","0","0","0","0","0","0","0","0","0","0","0","43731.29454590100795","133.97639335949006067","144.97445550094073496","86787.708005849359324","0","0","0","0","0","0","0","0","0","0","0","0"
"05/14/2026 15:24:45.611","127.97829488118814822","3.999321715037129632","3.999321715037129632","0","1000000000","127.97829488118814822","0","1.999660857518564816","42448","0","0","0","0","0","0","0","0","0","0","0","0","0","0","47.348612497472544192","0.47348612497472547522","0","0","47.348612497472544192","0.47348612497472547522","1.7913722003631963226e-005","0","1.7913722003631963226e-005","26427.517892965352075","0","26427.517892965352075","288420075.95511800051","0","288420075.95511800051","10913.627118644068105","0","10913.627118644068105","71.317347916511252492","0","0","100","19.749312418702210437","26.327749485214003045","122.00258012856157563","183448.5422004245338","136801.68222057478852","1703.9585938061704837","0","100","3500","0","19.825807449012511796","0","0","183453.54207892747945","0","0","78.428677112193184939","80.174192550987484651","1287","89347.828847758995835","0.7324054983711322242","1.4648209965442684499","240675.1515938162629","4.6874071893376507703","15.136420298878080715","19.825807449012511796","51726783.137579865754","12510.878155064901875","53079637.693447194993","12511.877985493660162","317774.10551170521649","11269.088762545872669","0","0","0","3705.3715689819005092","0","0","0","0","0","9.9983042875928251902","7.998643430074259264","0","0","0","0","0","0","0","0","0","0","0","40737.090989368203736","984.83297232789323061","1031.8250024795795525","80526.342732272605645","0","0","0","0","0","0","0","0","0","0","0","0"
"05/14/2026 15:24:46.611","128.06996462167282402","4.0021863944272757507","4.0021863944272757507","0","1000000000","128.06996462167282402","0","2.0010931972136378754","42450","0","0","0","0","0","0","0","0","0","0","0","0","0","0","18.578850619136982658","0.1857885061913698288","0","0","18.578850619136982658","0.1857885061913698288","1.5377465021938902781e-005","0","1.5377465021938902781e-005","12085.602364571765065","0","12085.602364571765065","62108810.042926453054","0","62108810.042926453054","5139.0744266909514408","0","5139.0744266909514408","82.810359179269156016","0","0","100","19.826363790603203086","25.249290134226253457","121.99341133528724868","165078.92561065900372","153722.53271033702185","1700.4009545450817313","0","100","3500","0","18.437667102170053113","0","0","165002.90768563226447","0","0","79.285512380639161734","81.611174492824602567","725","70909.720512096755556","0.83027710778538821312","1.1721482679988228792","212069.00587158452254","4.8839694543484624134","13.479760095046563251","18.339993914555318355","47671174.762772902846","11379.216465955350941","48901674.985044330359","11380.217012553957829","290654.78470888646552","10310.632698643268668","0","0","0","3706.024601239657386","0","0","0","0","0","9.0049193874613706612","7.0038261902477323417","0","0","0","0","0","0","0","0","0","0","0","40750.261868058521941","846.46242242136884215","890.48647276006886386","80566.013213018275565","0","0","0","0","0","0","0","0","0","0","0","0"
"05/14/2026 15:24:47.611","63.968284524532741386","1.9990088913916481683","1.9990088913916481683","0","1000000000","63.968284524532741386","0","0.99950444569582408416","42451","0","0","0","0","0","0","0","0","0","0","0","0","0","0","17.83657921718979722","0.17836579217189796331","0","0","17.83657921718979722","0.17836579217189796331","1.5742462488967342888e-005","0","1.5742462488967342888e-005","11324.385369733687185","0","11324.385369733687185","60349214.859272778034","0","60349214.859272778034","5329.1382171226832725","0","5329.1382171226832725","83.77430412809545146","0","0","100","20.250731479452184658","26.395981142307746836","122.01038886136601036","154393.05698252824368","162453.10221105397795","1775.0351456958846939","0","100","3500","0","20.017874369999454132","0","0","154489.05888336588396","0","0","78.391592705969017629","79.933294619198619557","989","65313.293203205423197","0.63478314001099822583","1.1230732476162257338","200677.97342387380195","5.3712111840715097699","14.795226261183605843","20.115526391396297612","45252631.745180740952","10617.735726626739051","46400802.482129365206","10618.735231072434544","270349.9604895892553","9578.2511031030826416","0","0","0","3686.1723957261992837","0","0","0","0","0","3.9980177827832963366","2.9985133370874721415","0","0","0","0","0","0","0","0","0","0","0","40524.90775073718396","820.59314991627161362","905.55102780041659116","80188.24266928457655","0","0","0","0","0","0","0","0","0","0","0","0"
"05/14/2026 15:24:48.611","0","0","0","0","1000000000","0","0","0","42451","0","0","0","0","0","0","0","0","0","0","0","0","0","0","14.857763656459976431","0.14857763656459976875","0","0","14.857763656459976431","0.14857763656459976875","1.5995026375282592028e-005","0","1.5995026375282592028e-005","9292.6548011332852184","0","9292.6548011332852184","50793993.277556061745","0","50793993.277556061745","5466.0368177414147794","0","5466.0368177414147794","86.169675213357265875","0","0","100","19.105517740165065987","24.849804629371838871","122.0130972116374295","142910.7563011260645","178281.54549080246943","1716.9730435232165746","0","100","3500","0","20.703217226461045897","0","0","142842.75736870930996","0","0","79.612572426170331141","79.101472988379711637","860","58266.085222462003003","0.97655892578518166403","1.1230487646463589435","181067.1572456312424","5.8105336084130305707","15.087873403339255418","20.898527011620281257","36941136.949162110686","8665.4081050077002146","37878209.499796271324","8666.4084984624460049","230826.78417421571794","8245.242854014484692","0","0","0","3628.4270603628410754","0","0","0","0","0","5.0019672737287574904","4.0015738189830063476","0","0","0","0","0","0","0","0","0","0","0","39871.681532346672611","893.35135508795610804","964.37929037490448536","78992.067580179282231","0","0","0","0","0","0","0","0","0","0","0","0"
"05/14/2026 15:24:49.610","192.05458191217942954","6.001705684755607173","6.001705684755607173","0","1000000000","192.05458191217942954","0","3.0008528423778035865","42454","0","0","0","0","0","0","0","0","0","0","0","0","0","0","15.691962756640617016","0.15691962756640617793","0","0","15.691962756640617016","0.15691962756640617793","1.5996931389540217642e-005","0","1.5996931389540217642e-005","9811.7885102946256666","0","9811.7885102946256666","73929234.688498467207","0","73929234.688498467207","7534.735854827199546","0","7534.735854827199546","86.031410146470349787","0","0","100","17.502680154376893285","21.430368789242258742","122.01627245890885831","144676.88834935580962","182339.29161567764822","1715.0698033409960317","0","100","3500","0","15.231275941571864152","0","0","144631.8865177812695","0","0","82.416168190138932914","84.671060493708012018","816","58305.373028682268341","0.097663564720112283624","0.83010029866090118134","178658.27139164562686","3.2227776313835456712","12.109822008503309476","15.328939506291982653","34713617.610124796629","7832.2259186060673528","35560602.323180243373","7833.2262028868599373","212408.3664577472955","7610.1628082701099629","0","0","0","3939.1194977612635739","0","0","0","0","0","0","0","0","0","0","0","0","0","0","0","0","0","0","43308.308221196464729","132.03752506462336669","144.04093643413457926","85980.435639808827545","0","0","0","0","0","0","0","0","0","0","0","0"
"05/14/2026 15:24:50.611","274.93701193056665488","6.9983966673235151745","6.9983966673235151745","0","1000000000","274.93701193056665488","0","3.999083809899151909","42457","0","0","0","0","0","0","0","0","0","0","0","0","0","0","12.057405588742078351","0.12057405588742077518","0","0","12.057405588742078351","0.12057405588742077518","1.4529051692975057783e-005","0","1.4529051692975057783e-005","8297.0991345882648602","0","8297.0991345882648602","36511571.199038296938","0","36511571.199038296938","4400.5224725870584734","0","4400.5224725870584734","87.996223279688805974","0","0","100","17.09710651573936957","21.338680852765889995","121.98443544183409415","153364.54616726131644","172170.78766699047992","1684.9730404313531835","0","100","3500","0","16.212707911863056154","0","0","153418.5453032751393","0","0","82.523138761772131033","83.787292088136950952","1243","59169.053295147277822","0.29295381867442593649","0.83006248568155205358","183162.06940688949544","3.7108617008181123964","12.450907285856267492","16.212707911863056154","36951014.522572875023","8428.0691293624622631","37862429.717351749539","8429.0689003149363998","226712.06026699280483","8105.1431117131060091","0","0","0","3943.0966365605636383","0","0","0","0","0","4.9988547623739396641","3.999083809899151909","0","0","0","0","0","0","0","0","0","0","0","43376.062544071151933","161.96289430091565009","176.95945858803747797","86025.291605693128076","0","0","0","0","0","0","0","0","0","0","0","0"
"05/14/2026 15:24:51.611","192.02613475694042222","6.0008167111543881944","6.0008167111543881944","0","1000000000","192.02613475694042222","0","3.0004083555771940972","42460","0","0","0","0","0","0","0","0","0","0","0","0","0","0","16.348740707999557031","0.16348740707999556698","0","0","16.348740707999557031","0.16348740707999556698","1.4369798716709149581e-005","0","1.4369798716709149581e-005","11378.5486204672452","0","11378.5486204672452","51911577.165652245283","0","51911577.165652245283","4562.2318713193280928","0","4562.2318713193280928","83.91278282256810428","0","0","100","17.981053672461023041","22.474747830316683661","122.0158455751405171","169270.10025565166143","154215.93336483932217","1686.0109590712340832","0","100","3500","0","16.893408061008820198","0","0","169244.10008665057831","0","0","81.575941275207213721","83.106591938991186908","664","69806.453741949328105","0.53711725108288965735","0.92775252465908297772","208978.35835932934424","4.3457586677420145804","12.45133809306425654","16.893408061008820198","47503517.228694826365","11284.535825325827318","48723783.306908071041","11285.535961444351415","292211.77002189995255","10386.413590889720581","0","0","0","3644.4960159077650133","0","0","0","0","0","0","0","0","0","0","0","0","0","0","0","0","0","0","40071.453724851948209","1761.2397047238127925","1839.2503219688198897","79301.792974023759598","0","0","0","0","0","0","0","0","0","0","0","0"
"05/14/2026 15:24:52.611","127.87221729325885633","3.9960067904143392603","3.9960067904143392603","0","1000000000","127.87221729325885633","0","1.9980033952071696302","42462","0","0","0","0","0","0","0","0","0","0","0","0","0","1","18.974995578999163115","0.1897499557899916256","0","0","18.974995578999163115","0.1897499557899916256","1.4752024558949248541e-005","0","1.4752024558949248541e-005","12854.154843065325622","0","12854.154843065325622","66767711.026371352375","0","66767711.026371352375","5194.2513406388434305","0","5194.2513406388434305","81.861720690513848808","0","0","100","20.270054502187765166","25.275189670172206746","121.9849259030564923","176371.22416534181684","143882.42879410512978","1659.3999609741117638","0","100","3500","0","17.069141853997304992","0","0","176387.21838183313957","0","0","79.322181848135301152","82.930858146002691456","1063","73133.554906545788981","0.43931102962985252303","0.82978861867940589825","220733.18288107021363","4.9787816951271821608","12.202891999323028926","17.069141853997304992","51981694.692493796349","12327.680948428236661","53314738.581735275686","12328.67995012584106","311384.83313624694711","11034.972751729197626","0","0","0","3738.264352432614487","0","0","0","0","0","6.9930118832250940386","5.9940101856215086684","0","0","0","0","0","0","0","0","0","0","0","41094.93383262106363","674.32614588241972342","814.18638354692166104","81220.836018566653365","0","0","0","0","0","0","0","0","0","0","0","0"
"05/14/2026 15:24:53.611","128.15763388968431968","4.0049260590526349901","4.0049260590526349901","0","1000000000","128.15763388968431968","0","2.0024630295263174951","42464","0","0","0","0","0","0","0","0","0","0","0","0","0","0","21.324959306261796144","0.21324959306261795366","0","0","21.324959306261796144","0.21324959306261795366","1.5203080872913991999e-005","0","1.5203080872913991999e-005","14039.268300009011","0","14039.268300009011","86507428.136608019471","0","86507428.136608019471","6161.8188560832977601","0","6161.8188560832977601","80.200455673835492121","0","0","100","20.640345036222722541","26.57758993254858737","122.01872469263726373","177277.66765551621211","141147.39930377280689","1676.5926755107930148","0","100","3500","0","20.139048942923132302","0","0","177257.66058301608427","0","0","78.169870148162019063","79.665565094775985244","690","74497.334807854582323","0.58612787677119793095","1.123429269721457846","224000.18406506700558","5.8613487913519604078","14.360318043371442798","20.33443490522400765","50284994.543288245797","12118.906254693272786","51595478.438479326665","12119.907486208036062","318607.88770187331829","11351.96291438469234","0","0","0","3795.6686724671344564","0","0","0","0","0","0","0","0","0","0","0","0","0","0","0","0","0","0","41710.303673518428695","926.13915115592169514","1019.2536820288954686","82493.466964366161847","0","0","0","0","0","0","0","0","0","0","0","0"
"05/14/2026 15:24:54.611","471.82896200127453312","7.9971010508690598684","7.9971010508690598684","0","1000000000","471.82896200127453312","0","5.9978257881517951233","42466","0","0","0","0","0","0","0","0","0","0","0","0","0","0","10.344533107629871438","0.10344533107629871882","0","0","10.344533107629871438","0.10344533107629871882","1.5024952795933189015e-005","0","1.5024952795933189015e-005","6882.5050919041841553","0","6882.5050919041841553","30975011.558310110122","0","30975011.558310110122","4500.5432098765431874","0","4500.5432098765431874","89.711546096045438503","0","0","100","18.454043329386539796","21.105968190982110855","122.01786226354008136","132071.48117796645965","200385.84702060473501","1667.9808182205904359","0","100","3500","0","12.696549708994131933","0","0","132113.48069497200777","0","0","82.716045432154857053","87.010484451120788663","940","50553.418635685688059","0.34179514650891956729","0.8788975196552208935","159547.16520760010462","4.3944675985601007184","8.6424572771066650034","12.989515548879204232","31342926.189256392419","6991.4655937222751163","32099004.111009757966","6992.4652313536344082","190578.91514326055767","6833.5228479676115967","0","0","0","3540.7164902722761326","0","0","0","0","0","0","0","0","0","0","0","0","0","0","0","0","0","0","38942.883204838246456","1510.4524609828936264","1636.4068025340814074","77291.981656649455545","0","0","0","0","0","0","0","0","0","0","0","0"
"05/14/2026 15:24:55.610","344.00946026015714097","4.0001100030250826833","4.0001100030250826833","0","1000000000","344.00946026015714097","0","4.0001100030250826833","42466","0","0","0","0","0","0","0","0","0","0","0","0","0","0","12.696364882750330594","0.12696364882750330039","0","0","12.696364882750330594","0.12696364882750330039","1.4842331073182137206e-005","0","1.4842331073182137206e-005","8554.2352414691395097","0","8554.2352414691395097","45327582.508518978953","0","45327582.508518978953","5298.8468552723870744","0","5298.8468552723870744","87.578400200403706322","0","0","100","17.817803349087849796","21.208503598365457066","121.99577550344218935","153361.15336115335231","172373.71554129826836","1684.0016840016839978","0","100","3500","0","13.621451996861944522","0","0","153352.15335215337109","0","0","82.613608351754507453","86.42737890650977306","1128","59505.059505059507501","0.29297542004527082904","0.48828903334711692974","182944.18294418294681","3.4180332336148220307","10.205268797472752951","13.572621093490234045","36106136.918765261769","8230.226331224108435","36996153.394218340516","8231.2263587248653494","222434.11693821579684","7967.2190985252091195","0","0","0","3995.1098655213017992","0","0","0","0","0","0","0","0","0","0","0","0","0","0","0","0","0","0","43934.208190725243185","264.00726019965549085","286.00786521629345316","87233.398918470251374","0","0","0","0","0","0","0","0","0","0","0","0"
"05/14/2026 15:24:56.610","472.14187863452968941","8.0024047226191470372","8.0024047226191470372","0","1000000000","472.14187863452968941","0","6.0018035419643602779","42468","0","0","0","0","0","0","0","0","0","0","0","0","0","1","13.366062171191581243","0.13366062171191581132","0","0","13.366062171191581243","0.13366062171191581132","1.4847500555432125864e-005","0","1.4847500555432125864e-005","9004.7059141271947738","0","9004.7059141271947738","49240524.777695700526","0","49240524.777695700526","5468.3101532992668581","0","5468.3101532992668581","87.02381780973593095","0","0","100","17.224133765350615022","20.255450218008721919","122.01862240471922405","147295.19791314052418","181179.53386694908841","1661.0473398491856187","0","100","3500","0","12.058298692446523859","0","0","147241.19637409664574","0","0","83.385964680695821016","87.892880057729485088","500","58068.654956666265207","0.68360750035200901209","0.63477625027200690333","177763.06624738805112","3.6622037524160622191","8.3498237554881402644","12.107119942270516688","36851313.819802850485","8502.5550177828445158","37770774.117622345686","8503.5553183731717581","225467.75305979448603","8042.4167462322429856","0","0","0","3636.0926458400749652","0","0","0","0","0","4.0012023613095735186","3.000901770982180139","0","0","0","0","0","0","0","0","0","0","0","39963.008884169692465","1536.4617067428762311","1658.4983787628182199","79251.815170458721695","0","0","0","0","0","0","0","0","0","0","0","0"
"05/14/2026 15:24:57.610","408.42189982251665015","6.0062044091546562541","6.0062044091546562541","0","1000000000","408.42189982251665015","0","5.0051703409622136931","42469","0","0","0","0","0","0","0","0","0","0","0","0","0","0","20.91302391735022681","0.20913023917350226366","0","0","20.91302391735022681","0.20913023917350226366","1.4931443666999856849e-005","0","1.4931443666999856849e-005","14020.483159103352591","0","14020.483159103352591","91074431.888140439987","0","91074431.888140439987","6495.8126517206910648","0","6495.8126517206910648","80.800049680104322647","0","0","100","16.901781470973688215","21.876597971302523149","122.01109365796190787","162508.96749820650439","161577.85040746483719","1691.9996616000678387","0","100","3500","0","18.212718246708313075","0","0","162452.96750940650236","0","0","82.004672209811630523","81.78728175329167982","528","70218.985956202814123","0.43946092286793797532","1.2207125634963833516","206807.95863840830862","4.39453922853237966","13.623068608444077299","18.212718246708313075","52228039.564870506525","11984.379864399925282","53523978.269552446902","11985.380898468116357","291192.80216463602846","10240.578517608690163","0","0","0","3447.5613308547726774","0","0","0","0","0","0","0","0","0","0","0","0","0","0","0","0","0","0","37854.103288697224343","1851.9130261560189865","1989.0546934983838128","74753.220076338853687","0","0","0","0","0","0","0","0","0","0","0","0"
"05/14/2026 15:24:58.611","599.51613053104836126","11.990322610620967936","11.990322610620967936","0","1000000000","599.51613053104836126","0","7.9935484070806444024","42473","0","0","0","0","0","0","0","0","0","0","0","0","0","0","10.890322645155322334","0.10890322645155323111","0","0","10.890322645155322334","0.10890322645155323111","1.487683376587897964e-005","0","1.487683376587897964e-005","7315.0959860296752595","0","7315.0959860296752595","32385509.655157320201","0","32385509.655157320201","4427.2159541046303275","0","4427.2159541046303275","89.233425908103498614","0","0","100","16.983273932545447593","20.809744182028754977","122.00621805392731289","135067.15561654930934","196539.87903554164222","1649.830892333535985","0","100","3500","0","15.291035579208923423","0","0","135080.15428418587544","0","0","82.984723913038038745","84.806605389001518347","1116","51342.737369419643073","0.58587580648789983062","0.53706032192022234995","162924.30025922344066","4.2476570917190166199","11.278256761249584983","15.1933946109984781","32772413.385156836361","7430.0032443814588987","33575908.883939772844","7431.0024379323440371","197836.32630104242708","7065.2975983084052132","0","0","0","3476.1943635291954706","0","0","0","0","0","0","0","0","0","0","0","0","0","0","0","0","0","0","38283.101708610978676","1606.70322982320954","1718.6129075223386735","75948.701802774972748","0","0","0","0","0","0","0","0","0","0","0","0"
"05/14/2026 15:24:59.611","862.78838626916228804","10.984574362223131772","10.984574362223131772","0","1000000000","862.78838626916228804","0","5.9915860157580711487","42478","0","0","0","0","0","0","0","0","0","0","0","0","0","0","19.578610693693150324","0.19578610693693149214","0","0","19.578610693693150324","0.19578610693693149214","1.4582563682407269655e-005","0","1.4582563682407269655e-005","13407.172307927978181","0","13407.172307927978181","59967243.9992518574","0","59967243.9992518574","4472.7734246983463891","0","4472.7734246983463891","81.127441495068637778","0","0","100","21.819118689410096579","27.43297370724206985","121.99585239358863475","183387.35706644228776","135265.71724495079252","1661.0122914909570682","0","100","3500","0","18.993888881055532636","0","0","183585.35853165312437","0","0","77.582680506309571911","80.566659756645236712","1595","76170.563662171101896","0.78125242188250787478","0.73242227050903851993","231827.71552509488538","5.8105680127608394514","13.623092231585918199","19.433340243354756183","54972454.18259139359","13358.241022132620856","56416933.700005084276","13359.239619801914159","336563.364067839575","11912.271596996339213","0","0","0","3745.7398575180877742","0","0","0","0","0","0","0","0","0","0","0","0","0","0","0","0","0","0","41153.20854923431034","723.98331023743367041","850.80521423764616884","81279.858694435417419","0","0","0","0","0","0","0","0","0","0","0","0"
"05/14/2026 15:25:00.611","192.11321231601783666","6.0035378848755573955","6.0035378848755573955","0","1000000000","192.11321231601783666","0","3.0017689424377786978","42481","0","0","0","0","0","0","0","0","0","0","0","0","0","0","27.274121673582452985","0.27274121673582452097","0","0","27.274121673582452985","0.27274121673582452097","1.4446006778942907834e-005","0","1.4446006778942907834e-005","18893.133723703380383","0","18893.133723703380383","91337281.059728503227","0","91337281.059728503227","4834.4166931469126212","0","4834.4166931469126212","74.131772535188105167","0","0","100","23.152442506899170382","30.467335919689638501","122.00124284881448489","216843.71098544014967","110736.56508545549877","1696.8177617723854382","0","100","3500","0","22.468979966777446577","0","0","216766.71925435206504","0","0","75.005241956409122395","77.189255474207328689","1116","95232.772000287164701","0.73235405488450844302","1.4646881118428018986","282492.66028828499839","7.0305209349790427353","15.7210197302539747","22.810744525792671311","76231807.40410323441","18561.938550387741998","78238922.196850597858","18562.939140035221499","441292.0534070727881","15468.115360381872961","0","0","0","3806.2430190111031152","0","0","0","0","0","6.0035378848755573955","5.0029482373962981256","0","0","0","0","0","0","0","0","0","0","0","41880.680284891888732","560.33020258838530481","600.3537884875556756","82287.49201904682559","0","0","0","0","0","0","0","0","0","0","0","0"
"05/14/2026 15:25:01.611","255.95088302554742654","7.9984650945483570794","7.9984650945483570794","0","1000000000","255.95088302554742654","0","3.9992325472741785397","42485","0","0","0","0","0","0","0","0","0","0","0","0","0","0","14.88344842686620062","0.14883448426866199843","0","0","14.88344842686620062","0.14883448426866199843","1.4920757742808460507e-005","0","1.4920757742808460507e-005","9975.0857810386187339","0","9975.0857810386187339","53483496.517018385231","0","53483496.517018385231","5361.7079282349404821","0","5361.7079282349404821","85.606783036609641613","0","0","100","17.795318568951284277","22.537790269841369906","122.01774517615270099","161382.0619211618905","161659.66543787368573","1653.6624874863041441","0","100","3500","0","17.887594593486710437","0","0","161339.07069567102008","0","0","81.530302409215750004","82.112405406513289563","927","63778.982709628966404","0.48818187544303598413","0.92755356173409142517","194065.39125364515348","4.5889176275568610563","13.327401192360335713","17.887594593486710437","39875047.978292971849","9337.2081897483876674","40884762.214131109416","9338.2079978852070781","248588.29590601567179","8874.2970224014025007","0","0","0","3887.2540359505014749","0","0","0","0","0","3.9992325472741785397","2.9994244104556337938","0","0","0","0","0","0","0","0","0","0","0","42722.801494393228495","415.92018491651458589","442.91500461061525584","84688.74822921481973","0","0","0","0","0","0","0","0","0","0","0","0"
"05/14/2026 15:25:02.610","128.0605726508638611","4.0018928953394956594","4.0018928953394956594","0","1000000000","128.0605726508638611","0","2.0009464476697478297","42487","0","0","0","0","0","0","0","0","0","0","0","0","0","0","21.623034323718528071","0.21623034323718526295","0","0","21.623034323718528071","0.21623034323718526295","1.4618402542946029701e-005","0","1.4618402542946029701e-005","14792.997087622445179","0","14792.997087622445179","81073611.818390101194","0","81073611.818390101194","5480.539970242120944","0","5480.539970242120944","79.880090170463148525","0","0","100","19.788934629580428037","25.685505891692727687","122.00101877124023986","183255.06092962928233","137847.57652016793145","1719.6386738034507289","0","100","3500","0","18.474701030733942986","0","0","183274.06798885104945","0","0","78.93880040951651722","81.574147639227717832","917","77831.906770174449775","0.34192068208469278412","1.2211667299241770746","233246.62779756402597","4.591594907573674611","13.774794726544485002","18.425852360772289273","57950594.631260581315","13426.350663864006492","59402433.350975006819","13427.351137087842289","334938.42587543907575","11840.600604085731902","0","0","0","3811.8029828108692527","0","0","0","0","0","12.00567868601848609","9.0042590145138650115","0","0","0","0","0","0","0","0","0","0","0","41967.850793425284792","326.15427097016885227","376.17793216191256533","82867.196183794934768","0","0","0","0","0","0","0","0","0","0","0","0"
"05/14/2026 15:25:03.610","63.956925011005090198","1.9986539065939090687","1.9986539065939090687","0","1000000000","63.956925011005090198","0","0.99932695329695453434","42488","0","0","0","0","0","0","0","0","0","0","0","0","0","0","13.345983440859246372","0.13345983440859246483","0","0","13.345983440859246372","0.13345983440859246483","1.4754969596462134832e-005","0","1.4754969596462134832e-005","9038.9122925709543779","0","9038.9122925709543779","45533237.364634916186","0","45533237.364634916186","5037.4686567164180815","0","5037.4686567164180815","87.014159620356764435","0","0","100","17.156936753296417209","22.096146061501094948","121.99360621715901232","154997.33297706360463","169055.37273770978209","1700.0146201257330176","0","100","3500","0","18.358686048831419413","0","0","155045.33338986715535","0","0","81.916676291748473204","81.690144366227116279","1377","60472.520063672549441","0.58594498053233456947","1.0742291309476130756","186218.6014799727418","4.4433977688810353257","13.96496870223396769","18.309855633772887273","38937383.672096841037","8913.9964234088347439","39901334.451247088611","8914.9957503621317301","234338.17324032264878","8352.3746756559448841","0","0","0","3842.4121354267899733","0","0","0","0","0","4.9966347664847727827","3.9973078131878181374","0","0","0","0","0","0","0","0","0","0","0","42198.579256870500103","557.62443993970066458","628.57665362378440932","83713.618877685876214","0","0","0","0","0","0","0","0","0","0","0","0"
"05/14/2026 15:25:04.611","128.03017671265115496","4.0009430222703485924","4.0009430222703485924","0","1000000000","128.03017671265115496","0","2.0004715111351742962","42490","0","0","0","0","0","0","0","0","0","0","0","0","0","0","28.046935170298535667","0.28046935170298536999","0","0","28.046935170298535667","0.28046935170298536999","1.452720256901641964e-005","0","1.452720256901641964e-005","19311.551732743406319","0","19311.551732743406319","92583229.867279708385","0","92583229.867279708385","4794.1890506034078498","0","4794.1890506034078498","73.678429625143820658","0","0","100","24.188362690337868344","30.338937003905556367","122.01331565635437926","212593.36708694687695","113067.89532351600064","1754.9452457083339141","0","100","3500","0","20.80285496519991284","0","0","212632.36587018484715","0","0","75.120301848091571628","79.099487593425052978","1494","93577.080395091674291","0.39061976576213702783","2.1972024332962476478","279033.29416122217663","7.3240281104635052145","13.476206923378608593","20.900512406574943469","77451911.415520638227","18896.453894182857766","79495201.018880143762","18897.454129938425467","443224.46800710924435","15488.650674964088466","0","0","0","3629.8555569547738742","0","0","0","0","0","0","0","0","0","0","0","0","0","0","0","0","0","0","39925.410419235813606","1221.2878575480240215","1333.3142621715937821","78379.474042031695717","0","0","0","0","0","0","0","0","0","0","0","0"
"05/14/2026 15:25:05.611","192.02636521994469376","6.0008239131232716801","6.0008239131232716801","0","1000000000","192.02636521994469376","0","3.00041195656163584","42493","0","0","0","0","0","0","0","0","0","0","0","0","0","0","25.254213036709042939","0.25254213036709044493","0","0","25.254213036709042939","0.25254213036709044493","1.454736781476788383e-005","0","1.454736781476788383e-005","17364.384129941041465","0","17364.384129941041465","81877993.848555400968","0","81877993.848555400968","4715.2834926851746786","0","4715.2834926851746786","76.214886694632085096","0","0","100","23.017065070279230099","29.495717334476658777","121.99741933776236635","198590.11536928630085","122200.7892059590813","1702.8123500790213711","0","100","3500","0","21.298181540759429708","0","0","198503.1249556299008","0","0","75.80834381295208857","78.457706751787469557","980","86601.456519491563085","0.78115946361816657184","1.3670315610420753494","259142.44250283620204","6.6886847814338317164","14.842029808745166974","21.542293248212530443","70001571.215727925301","17040.339638632383867","71844168.20429444313","17041.339775951237243","404083.48066189489327","14152.943199101237042","0","0","0","3502.4808906262828714","0","0","0","0","0","4.0005492754155147495","3.00041195656163584","0","0","0","0","0","0","0","0","0","0","0","38513.287874425157497","1488.2043304545713909","1615.2217699490140603","75744.399706079639145","0","0","0","0","0","0","0","0","0","0","0","0"
"05/14/2026 15:25:06.610","128.03025354891360621","4.0009454234035501941","4.0009454234035501941","0","1000000000","128.03025354891360621","0","2.000472711701775097","42495","0","0","0","0","0","0","0","0","0","0","0","0","0","0","14.998665318883771747","0.1499866531888377208","0","0","14.998665318883771747","0.1499866531888377208","1.5087152917505030199e-005","0","1.5087152917505030199e-005","9942.3493771578214364","0","9942.3493771578214364","56263663.103591375053","0","56263663.103591375053","5658.9907444668006065","0","5658.9907444668006065","85.529016287510216898","0","0","100","19.498415802292125676","23.317758056205413197","122.0223255034962051","160781.30352271677111","160966.9525468001666","1675.2219669106157198","0","100","3500","0","15.222875744238494988","0","0","160802.30630558548728","0","0","80.891116924566659918","84.484124495694061352","880","62994.346750944496307","0.19533650716402214953","0.48834626858864749188","195230.86809002191876","4.6881361800796366168","10.841311165925215931","15.515875504305931543","39475796.130625665188","9293.1959822105964122","40480749.601130746305","9294.1962185664469871","248474.71457505406579","8879.0981308883292513","0","0","0","3847.9092609583644844","0","0","0","0","0","0","0","0","0","0","0","0","0","0","0","0","0","0","42282.991470884568116","917.21673831526391041","966.22831975195731502","83844.812529200644349","0","0","0","0","0","0","0","0","0","0","0","0"
"05/14/2026 15:25:07.611","128.00028160061950189","4.000008800019359434","4.000008800019359434","0","1000000000","128.00028160061950189","0","2.000004400009679717","42497","0","0","0","0","0","0","0","0","0","0","0","0","0","0","17.114730113298413983","0.17114730113298412539","0","0","17.114730113298413983","0.17114730113298412539","1.5114955416262028129e-005","0","1.5114955416262028129e-005","11327.024919454821429","0","11327.024919454821429","62681225.89869697392","0","62681225.89869697392","5533.7766398869953264","0","5533.7766398869953264","83.690388578230766825","0","0","100","19.126735805660143086","25.969800740226546054","122.0109340126699351","163317.91157959049451","154206.31446217506891","1723.3764823886715476","0","100","3500","0","20.389146032376292084","0","0","163306.91555795111344","0","0","78.696113577915866699","79.610853967623711469","837","65077.454976789391367","0.63453829232066316646","0.8297900713490705682","207678.86178780515911","5.5644557791507649469","14.838565405247406304","20.389146032376292084","46753838.858445487916","10624.023372851419481","47902681.385899044573","10625.023375051425319","264384.58164607960498","9339.0205458452001039","0","0","0","3539.0077858171284788","0","0","0","0","0","4.000008800019359434","3.0000066000145197975","0","0","0","0","0","0","0","0","0","0","0","38909.08559998832061","1342.0029524064952966","1461.0032142070710961","76979.169354172569001","0","0","0","0","0","0","0","0","0","0","0","0"
"05/14/2026 15:25:08.611","64.022330989048981564","2.0006978434077806739","2.0006978434077806739","0","1000000000","64.022330989048981564","0","1.0003489217038903369","42498","0","0","0","0","0","0","0","0","0","0","0","0","0","0","12.22276304875721209","0.12222763048757212534","0","0","12.22276304875721209","0.12222763048757212534","1.5055630852636765494e-005","0","1.5055630852636765494e-005","8118.8318485487743601","0","8118.8318485487743601","46874589.856942102313","0","46874589.856942102313","5773.5633316904877574","0","5773.5633316904877574","88.17149349347667453","0","0","100","16.149917888732030491","20.660717201110184504","121.97937316338004621","143952.70404094681726","184715.70104891460505","1656.5029142847768071","0","100","3500","0","15.844263564309613912","0","0","143870.67913818635861","0","0","83.059742459871131359","84.253425312522381319","888","55369.810274399307673","0.14653331524798729468","0.78148100578531010107","170645.80806732922792","3.3701362122643456765","12.308328341857853516","15.746574687477622234","33453280.504239879549","7509.6193552311051462","34265391.768648907542","7510.619704152808481","202658.68735014775302","7244.526890979574091","0","0","0","3782.3192729624092863","0","0","0","0","0","0","0","0","0","0","0","0","0","0","0","0","0","0","41571.500139248571941","679.23691783694152946","740.2582020608788298","82529.786389492655871","0","0","0","0","0","0","0","0","0","0","0","0"
"05/14/2026 15:25:09.610","0","0","0","0","1000000000","0","0","0","42498","0","0","0","0","0","0","0","0","0","0","0","0","0","0","13.42722590572519259","0.13427225905725193034","0","0","13.42722590572519259","0.13427225905725193034","1.5236041761234679458e-005","0","1.5236041761234679458e-005","8807.8611860286855517","0","8807.8611860286855517","53001910.402301959693","0","53001910.402301959693","6017.5687698592828383","0","6017.5687698592828383","87.154447201029455528","0","0","100","17.14616523067815379","21.350709194326444873","122.01343171677272892","151265.45079462515423","174523.97713001520606","1715.1298353285344547","0","100","3500","0","16.740438402026104114","0","0","151367.45851660970948","0","0","82.534995445084135213","83.210717138474748822","1019","57982.389266867503466","0.48832458403452233542","1.0743180852411824411","181024.70357006025733","3.9554411317753306321","12.98946593824016027","16.789282861525258284","35430391.259147331119","8018.2322326738676566","36297487.810477860272","8019.2317629945691806","216002.50042505029705","7730.3675003116040898","0","0","0","3897.1687204182758251","0","0","0","0","0","0","0","0","0","0","0","0","0","0","0","0","0","0","42884.848409732272557","215.89854927169724874","244.88492857206401254","85158.983793515435536","0","0","0","0","0","0","0","0","0","0","0","0"
"05/14/2026 15:25:10.610","255.7824825768166761","7.9932025805255211282","7.9932025805255211282","0","1000000000","255.7824825768166761","0","3.9966012902627605641","42502","0","0","0","0","0","0","0","0","0","0","0","0","0","2","18.79460298171220245","0.18794602981712202339","0","0","18.79460298171220245","0.18794602981712202339","1.522306820022679375e-005","0","1.522306820022679375e-005","12335.509882396010653","0","12335.509882396010653","71455394.332659497857","0","71455394.332659497857","5792.6583508828771301","0","5792.6583508828771301","82.653002652428639863","0","0","100","20.530875120393449862","26.11654086017720644","121.97918643308057085","168755.26566449250095","149040.80851643631468","1752.0131400985508208","0","100","3500","0","20.067496728964673736","0","0","168858.26643699829583","0","0","78.640409316420615937","79.883672743665641747","1361","68479.513596351971501","0.8789194923305172491","0.83008896496082151817","210189.57642182317795","6.1035859187279228877","13.965000822008876824","20.116327256334365359","44939403.53123703599","10721.882111452419849","46098829.555346131325","10722.881261774986342","279562.26025388011476","9952.5363630768388248","0","0","0","3802.7661276850167269","0","0","0","0","0","3.9966012902627605641","2.997450967697070201","0","0","0","0","0","0","0","0","0","0","0","41818.437600664394267","431.63293934837810184","493.58025934745091945","82875.522655533728539","0","0","0","0","0","0","0","0","0","0","0","0"
"05/14/2026 15:25:11.610","192.05431295970501537","6.0016972799907817304","6.0016972799907817304","0","1000000000","192.05431295970501537","0","3.0008486399953908652","42505","0","0","0","0","0","0","0","0","0","0","0","0","0","0","23.969550076124811255","0.23969550076124809812","0","0","23.969550076124811255","0.23969550076124809812","1.4429962073324904763e-005","0","1.4429962073324904763e-005","16615.698919654478232","0","16615.698919654478232","72318947.798437401652","0","72318947.798437401652","4352.4469327554033953","0","4352.4469327554033953","77.083787290531773806","0","0","100","23.725990982273241769","29.424756043140497752","122.02741380111061176","195633.27562522835797","124170.50661322234373","1708.8451786268162778","0","100","3500","0","18.164264589338529277","0","0","195501.28758334493614","0","0","75.888300279249293112","81.786905532736170699","769","84183.372986407426652","0.73241816895457767522","1.4160064599838499966","254180.97120400890708","6.0058449853875366387","12.206999482501293741","18.213094467263836407","68940436.355401307344","16693.720984294359369","70745558.844041094184","16694.721267174358218","396056.00463811168447","13868.922131178696873","0","0","0","3397.9609433547807384","0","0","0","0","0","4.0011315199938541909","3.0008486399953908652","0","0","0","0","0","0","0","0","0","0","0","37365.566982342606934","1542.4362009576309447","1652.4673177574618421","73446.77074676718621","0","0","0","0","0","0","0","0","0","0","0","0"
"05/14/2026 15:25:12.610","192.13322517833864822","6.0041632868230827569","6.0041632868230827569","0","1000000000","192.13322517833864822","0","3.0020816434115413784","42508","0","0","0","0","0","0","0","0","0","0","0","0","0","0","18.91317077736397323","0.18913170777363971786","0","0","18.91317077736397323","0.18913170777363971786","1.456487756044971436e-005","0","1.456487756044971436e-005","12995.010740447425633","0","12995.010740447425633","67331679.786764144897","0","67331679.786764144897","5181.348529185276675","0","5181.348529185276675","81.893026007328501237","0","0","100","18.977172728276720193","23.61998242578575713","122.01360971697411628","171709.2379570020712","150198.64540626163944","1713.0921643584424601","0","100","3500","0","16.995609780877028783","0","0","171703.23763418471208","0","0","80.57949012500684205","82.857916253850333987","863","72197.884246172441635","0.63473384896542262013","0.92770177868671810373","216364.64041765447473","5.1267387783623314945","12.011225137524334627","17.14208374614966246","54755919.75475794822","12530.688779599773625","56110923.314226083457","12531.689473480910237","304074.84549786819844","10686.409956663950652","0","0","0","3656.5354416752575162","0","0","0","0","0","0","0","0","0","0","0","0","0","0","0","0","0","0","40156.844756153914204","913.63351347824573168","1003.6959627805920263","79380.042121206846787","0","0","0","0","0","0","0","0","0","0","0","0"
"05/14/2026 15:25:13.610","127.98343894300076329","3.9994824669687738528","3.9994824669687738528","0","1000000000","127.98343894300076329","0","1.9997412334843869264","42510","0","0","0","0","0","0","0","0","0","0","0","0","0","0","13.489478885270440145","0.13489478885270439479","0","0","13.489478885270440145","0.13489478885270439479","1.5143084867534800685e-005","0","1.5143084867534800685e-005","8906.8474539394592284","0","8906.8474539394592284","53179678.549595676363","0","53179678.549595676363","5970.6511001347107594","0","5970.6511001347107594","87.075961906346663","0","0","100","17.521770573007497518","20.964922610228825306","122.00773771835078207","152570.57280239614192","173706.69874021733995","1685.9952792132180548","0","100","3500","0","14.892460849445187776","0","0","152598.57272399635985","0","0","82.821355949898332938","85.107539150554814","1038","58808.83533526105748","0.29297041015857422375","1.0253914355480098219","182797.48816703312332","3.7597652636713689844","11.132825585955821168","14.892460849445187776","35872894.047510251403","8106.9509605457051293","36749580.60426980257","8107.9508311624467751","219127.64488275215263","7849.9842120429611896","0","0","0","3960.4875129158285745","0","0","0","0","0","0","0","0","0","0","0","0","0","0","0","0","0","0","43543.365488505784015","164.97865176246193641","182.97632286382142297","86382.822062825071043","0","0","0","0","0","0","0","0","0","0","0","0"
"05/14/2026 15:25:14.611","127.95462728916325545","3.998582102786351733","3.998582102786351733","0","1000000000","127.95462728916325545","0","1.9992910513931758665","42512","0","0","0","0","0","0","0","0","0","0","0","0","0","0","18.289547537162086144","0.18289547537162087476","0","0","18.289547537162086144","0.18289547537162087476","1.4930710204081633013e-005","0","1.4930710204081633013e-005","12245.657689783201931","0","12245.657689783201931","71253325.570752605796","0","71253325.570752605796","5818.6605714285715294","0","5818.6605714285715294","83.062860132477851494","0","0","100","17.395844032836876636","21.810575189311215638","121.99467571050182357","166154.78273982199607","158158.84745925906464","1675.9473752524172596","0","100","3500","0","16.848302648127109649","0","0","166169.78226883677416","0","0","82.133309227421179344","83.151697351872883246","1737","68578.846624216006603","0.48826471731434806234","1.074186377966369621","205437.54926095323754","4.1014416248771414786","12.792569592571753745","16.848302648127109649","44672627.08643514663","10603.240091063707951","45819224.502991236746","10604.239736589404856","275806.19912179140374","9815.519416814797296","0","0","0","3722.6799376940934962","0","0","0","0","0","0","0","0","0","0","0","0","0","0","0","0","0","0","40935.484277275274508","1393.5058628210435927","1510.4643893275442679","80998.278010617432301","0","0","0","0","0","0","0","0","0","0","0","0"
"05/14/2026 15:25:15.611","128.01077850755032728","4.0003368283609477274","4.0003368283609477274","0","1000000000","128.01077850755032728","0","2.0001684141804738637","42514","0","0","0","0","0","0","0","0","0","0","0","0","0","0","25.812553155638713775","0.25812553155638712221","0","0","25.812553155638713775","0.25812553155638712221","1.421960557483611499e-005","0","1.421960557483611499e-005","18154.528611309073312","0","18154.528611309073312","77457785.945576623082","0","77457785.945576623082","4266.5820525532972169","0","4266.5820525532972169","75.288694180016932478","0","0","100","22.037061511581022444","28.754780891793121356","122.0019958995804501","212208.35001637969981","115287.27105622849194","1694.9708465014400645","0","100","3500","0","22.022386742552455985","0","0","212137.35123755870154","0","0","76.435830987943646164","77.977613257447544015","716","93110.398501145769842","0.83007045418977687401","1.1718565236499780546","277578.22565451875562","6.8358513877090407718","15.185365368298263888","22.022386742552455985","75348672.358212560415","18303.541158165517118","77327855.005391448736","18304.541242372608394","440289.07233989099041","15458.301588993792393","0","0","0","3680.3098820920722574","0","0","0","0","0","0","0","0","0","0","0","0","0","0","0","0","0","0","40491.409376669515041","1046.0880806163879697","1137.0957434615993407","79612.703389625399723","0","0","0","0","0","0","0","0","0","0","0","0"
"05/14/2026 15:25:16.610","0","0","0","0","1000000000","0","0","0","42514","0","0","0","0","0","0","0","0","0","0","0","0","0","0","9.8300376662901101099","0.098300376662901103875","0","0","9.8300376662901101099","0.098300376662901103875","1.6127054963084495279e-005","0","1.6127054963084495279e-005","6097.0107941599144397","0","6097.0107941599144397","41366858.790028952062","0","41366858.790028952062","6784.7770303527477154","0","6784.7770303527477154","90.517523465426691587","0","0","100","17.493672526653149646","20.654877890724879563","122.0105572568144936","119228.19986639305716","222907.72062831794028","1682.0874685483645408","0","100","3500","0","15.131559998847931681","0","0","119253.2011664606689","0","0","83.060440074756542117","84.721951094626561485","622","43760.275534327789501","0.63480859636265885015","0.87896344097721146316","142864.42895030541695","5.3714265827362304151","9.9127126929317306292","15.278048905373442068","27216287.931759893894","5481.8079002455015143","27809139.454191993922","5482.80823015430542","148617.01389118132647","5317.7537952016573399","0","0","0","3394.1193805717125542","0","0","0","0","0","0","0","0","0","0","0","0","0","0","0","0","0","0","37301.301969389503938","1299.4285515362967089","1367.4509853349634341","74138.450861093995627","0","0","0","0","0","0","0","0","0","0","0","0"
"05/14/2026 15:25:17.611","128.04320177627931798","4.001350055508728687","4.001350055508728687","0","1000000000","128.04320177627931798","0","2.0006750277543643435","42516","0","0","0","0","0","0","0","0","0","0","0","0","0","0","18.446494393743360973","0.18446494393743362306","0","0","18.446494393743360973","0.18446494393743362306","1.5049551386623164176e-005","0","1.5049551386623164176e-005","12264.137920134253363","0","12264.137920134253363","65824449.169149674475","0","65824449.169149674475","5367.2300163132140369","0","5367.2300163132140369","82.684624657091603694","0","0","100","20.116947474330611811","24.98508704157809035","122.02254064738926331","156391.80912021282711","162665.43167261150666","1683.588867598532488","0","100","3500","0","16.816060534834608831","0","0","156357.81742098578252","0","0","79.478054412846958598","82.93985577527264752","748","65503.004166382568656","0.19526495237548696648","0.97633475957096693687","198524.52031213976443","5.7115723402611022763","11.325517203181226122","17.060144224727359585","50292864.812587767839","11475.871959199033881","51533819.51070291549","11476.872296712910611","282343.2626168068964","9944.3552254530677601","0","0","0","3357.1326965718235442","0","0","0","0","0","5.0016875693859113028","4.001350055508728687","0","0","0","0","0","0","0","0","0","0","0","36909.453249526392028","1646.5555478418418716","1831.6179879091205294","72947.612524465759634","0","0","0","0","0","0","0","0","0","0","0","0"
"05/14/2026 15:25:18.610","63.961201135391270611","1.9987875354809772066","1.9987875354809772066","0","1000000000","63.961201135391270611","0","0.9993937677404886033","42517","0","0","0","0","0","0","0","0","0","0","0","0","0","0","16.551501116480014986","0.16551501116480013542","0","0","16.551501116480014986","0.16551501116480013542","1.5217353319845503156e-005","0","1.5217353319845503156e-005","10867.407830410073075","0","10867.407830410073075","68091559.659910291433","0","68091559.659910291433","6265.6670958249032992","0","6265.6670958249032992","84.877217206075286526","0","0","100","18.021050155159471728","22.686316999044557008","121.97897236466255322","154679.61344900427503","168400.14416860614438","1627.4167814377260584","0","100","3500","0","16.629480673752972564","0","0","154802.64495737358811","0","0","81.452848374372294415","83.223992577338407273","1674","61930.86049337235454","0.4884024913448292704","1.1233317315982849216","188532.28311770645087","4.2002734285758869248","12.503135786455244371","16.776007422661599833","39034293.797382503748","8917.5905895483792847","39998632.829325728118","8918.5899833161201968","231259.71785514906514","8224.0113147364809265","0","0","0","3768.7138981493826577","0","0","0","0","0","12.992118980626351288","9.9939376774048866992","0","0","0","0","0","0","0","0","0","0","0","41444.859548198059201","790.52047028272647822","845.48712750845334085","82147.169526964935358","0","0","0","0","0","0","0","0","0","0","0","0"
"05/14/2026 15:25:19.610","256.02171064106238418","8.0006784575331995057","8.0006784575331995057","0","1000000000","256.02171064106238418","0","4.0003392287665997529","42521","0","0","0","0","0","0","0","0","0","0","0","0","0","0","26.879053210603299107","0.26879053210603298663","0","0","26.879053210603299107","0.26879053210603298663","1.3975406852805075098e-005","0","1.3975406852805075098e-005","19234.631096717002947","0","19234.631096717002947","79067696.940700575709","0","79067696.940700575709","4110.6947434097646692","0","4110.6947434097646692","74.135772573903665261","0","0","100","22.147249561181041599","28.782675411577780977","122.01454898157129492","218609.38284227298573","111857.56885350901575","1730.0188572055435543","0","100","3500","0","21.337441623417252146","0","0","218594.38267877121689","0","0","76.398465471253189207","78.662558376582751407","1677","99710.086839946554392","0.48828278321186430189","1.6113391846333524615","289444.15494128887076","6.0058942335971314819","15.429777949734313935","21.337441623417252146","80104072.825375586748","19539.656962910456059","82216907.99379786849","19540.657047717646492","459350.95296081108972","16059.3618338835131","0","0","0","3708.3144650666376947","0","0","0","0","0","5.000424035958249469","4.0003392287665997529","0","0","0","0","0","0","0","0","0","0","0","40791.459115733014187","1081.0916765741735617","1233.1045672673042191","80095.792123172039283","0","0","0","0","0","0","0","0","0","0","0","0"
"05/14/2026 15:25:20.610","320.05040793925041953","10.00157524810157561","10.00157524810157561","0","1000000000","320.05040793925041953","0","5.0007876240507878052","42526","0","0","0","0","0","0","0","0","0","0","0","0","0","0","28.73095627422965137","0.28730956274229652037","0","0","28.73095627422965137","0.28730956274229652037","1.4375028768699655749e-005","0","1.4375028768699655749e-005","19990.148448380619811","0","19990.148448380619811","96332612.386450871825","0","96332612.386450871825","4819.0043528293390409","0","4819.0043528293390409","72.946639568390210684","0","0","100","22.289574060267064226","29.838924638970397041","122.01195320780392706","225358.64488621419878","107270.61861616688839","1705.9518921566411791","0","100","3500","0","22.852680921394728841","0","0","225293.6467191624979","0","0","75.549742083713994134","77.147329078461268637","1006","101348.14198239608959","0.53710226572737351791","1.5624775003239954607","295315.67209804680897","6.1034221107216053426","16.74779883169682293","22.852670921538731363","79656065.830368280411","19403.055981317058468","81754124.274573251605","19404.056138841868233","459732.40785423706984","16105.536622017967602","0","0","0","3887.6122989370828691","0","0","0","0","0","8.0012601984812619094","6.0009451488609455438","0","0","0","0","0","0","0","0","0","0","0","42713.727412067404657","533.08396072381401609","572.0901041914102052","83989.228303457799484","0","0","0","0","0","0","0","0","0","0","0","0"
"05/14/2026 15:25:21.611","191.92058326264591983","5.9975182269576849947","5.9975182269576849947","0","1000000000","191.92058326264591983","0","2.9987591134788424974","42529","0","0","0","0","0","0","0","0","0","0","0","0","0","0","12.947751796915843769","0.12947751796915843436","0","0","12.947751796915843769","0.12947751796915843436","1.52774566473988456e-005","0","1.52774566473988456e-005","8473.4936683200485277","0","8473.4936683200485277","49487873.917772822082","0","49487873.917772822082","5840.3152058511268478","0","5840.3152058511268478","87.553993955576316921","0","0","100","16.703938317816810155","20.613808106984034652","122.00332317130900606","135310.48748507210985","196584.52333436813205","1660.625528943223344","0","100","3500","0","16.474088849968858028","0","0","135256.49965932682971","0","0","83.111755453283279849","83.62353892018788315","492","53269.987617792190576","0.53698772789435844643","0.97633768790846320318","164910.81261175606051","4.4423484772517296548","11.911357783832620783","16.376461079812120403","33818909.735151596367","7778.7811403641171637","34660121.641664676368","7779.7807267352764029","206142.69815150491195","7349.9585871366425636","0","0","0","3300.634197569045682","0","0","0","0","0","0","0","0","0","0","0","0","0","0","0","0","0","0","36271.990650268919126","2245.0709896244934498","2394.0093589272760255","71953.225755182502326","0","0","0","0","0","0","0","0","0","0","0","0"
"05/14/2026 15:25:22.610","192.05244952396500935","6.0016390476239065421","6.0016390476239065421","0","1000000000","192.05244952396500935","0","3.0008195238119532711","42532","0","0","0","0","0","0","0","0","0","0","0","0","0","0","18.743857122137367099","0.18743857122137366766","0","0","18.743857122137367099","0.18743857122137366766","1.5253471713471712578e-005","0","1.5253471713471712578e-005","12288.355950009947264","0","12288.355950009947264","74924013.748154625297","0","74924013.748154625297","6097.1552299552295153","0","6097.1552299552295153","82.782667406862813664","0","0","100","20.442108396330887388","24.845659730001344201","121.99478295030445452","152997.161754960689","166545.64118988945847","1635.4293001913003991","0","100","3500","0","17.019030042961379223","0","0","153094.18722414635704","0","0","79.630922194381511758","82.639079356029341739","1545","63484.664724490183289","0.63493825863853925462","1.1233476871370913219","193954.91316470573656","6.2516566890225915287","11.13576097665881548","17.360920643970658261","46573475.216081514955","10461.85713318307171","47704788.177651315928","10462.857406357676155","260055.02102624226245","9178.5066501661603979","0","0","0","3540.9670380981046947","0","0","0","0","0","0","0","0","0","0","0","0","0","0","0","0","0","0","38939.634414158506843","789.21553476254371162","852.23274476259473431","77057.044278792542173","0","0","0","0","0","0","0","0","0","0","0","0"
"05/14/2026 15:25:23.610","128.0090246362368589","4.0002820198824018405","4.0002820198824018405","0","1000000000","128.0090246362368589","0","2.0001410099412009203","42534","0","0","0","0","0","0","0","0","0","0","0","0","0","0","25.888654359683272332","0.25888654359683271888","0","0","25.888654359683272332","0.25888654359683271888","1.4143963068181818044e-005","0","1.4143963068181818044e-005","18305.29052298186798","0","18305.29052298186798","75252921.330953836441","0","75252921.330953836441","4110.9930069930069294","0","4110.9930069930069294","75.075038679319234802","0","0","100","23.424304296551845539","29.158777680524462284","122.01584314880908266","209448.62787709117401","116237.75524815992685","1694.9727109393536466","0","100","3500","0","19.87446020950030956","0","0","209503.62699160541524","0","0","76.10552054283844825","79.930233227895186587","1633","93611.492854965021252","0.63474882842061974841","1.7089499224813644584","275371.56651777902152","6.6405131269689654516","13.378664535504174893","20.069766772104813413","76227146.013793975115","18592.310757908431697","78237547.747116163373","18593.310828413403215","440107.02754544193158","15410.086411091981063","0","0","0","3557.2507861804256208","0","0","0","0","0","0","0","0","0","0","0","0","0","0","0","0","0","0","39135.759071014508663","1539.1085071497539047","1708.1204224897855966","76772.41245507808344","0","0","0","0","0","0","0","0","0","0","0","0"
"05/14/2026 15:25:24.610","64.021600888139658991","2.0006750277543643435","2.0006750277543643435","0","1000000000","64.021600888139658991","0","1.0003375138771821717","42535","0","0","0","0","0","0","0","0","0","0","0","0","0","0","26.372822875944702758","0.26372822875944701426","0","0","26.372822875944702758","0.26372822875944701426","1.4357580706625291234e-005","0","1.4357580706625291234e-005","18375.199792409959628","0","18375.199792409959628","89511417.152147144079","0","89511417.152147144079","4871.3166748325984372","0","4871.3166748325984372","75.135951818727448881","0","0","100","22.101535163156082575","27.500989576250169932","122.00400340715502523","210394.39361604047008","117840.40871830959804","1659.9478776366422608","0","100","3500","0","18.410109203444633863","0","0","210251.39810609948472","0","0","77.434808025492202432","81.541061939150623061","886","93442.065919130152906","0.24413428725767816196","1.5624634383555424666","272611.44000078400131","5.5662697492878665528","12.84149950891149139","18.458938060849373386","73371575.569597184658","17827.0148348052644","75299229.960188567638","17828.015172319141129","421786.31070123059908","14767.982717368840895","0","0","0","3641.2285505129430021","0","0","0","0","0","5.0016875693859113028","4.001350055508728687","0","0","0","0","0","0","0","0","0","0","0","40054.514393156256119","1598.5393471757372481","1685.5687108830520629","78684.548166551394388","0","0","0","0","0","0","0","0","0","0","0","0"
"05/14/2026 15:25:25.610","63.965254073987004801","1.9989141898120939","1.9989141898120939","0","1000000000","63.965254073987004801","0","0.99945709490604695002","42536","0","0","0","0","0","0","0","0","0","0","0","0","0","0","14.69268277268782974","0.14692682772687828963","0","0","14.69268277268782974","0.14692682772687828963","1.4840066659933339553e-005","0","1.4840066659933339553e-005","9895.6246966647704539","0","9895.6246966647704539","53403311.321290269494","0","53403311.321290269494","5396.6589233410768429","0","5396.6589233410768429","85.897678453825164979","0","0","100","16.345824700621555792","21.509249734019149969","122.00088007403509494","159353.99628451667377","165374.53126666208846","1627.9488824050927178","0","100","3500","0","18.41079453673373223","0","0","159466.99273642810294","0","0","82.393579884159677817","81.540377016010893385","1687","63048.020292162829719","0.3417891311056308612","0.63474981495588433944","192616.95182771261898","3.808478890371286063","14.745621089249361546","18.459622983989110168","40254529.739445529878","9265.9667268739613064","41256533.451029397547","9266.9661839688669716","239977.64414370112354","8536.3630475925474457","0","0","0","3933.8631255502009481","0","0","0","0","0","0","0","0","0","0","0","0","0","0","0","0","0","0","43232.516097255967907","89.951138541544224836","110.93973753457120779","85734.429058135618106","0","0","0","0","0","0","0","0","0","0","0","0"
"05/14/2026 15:25:26.610","192.08739976689392392","6.0027312427154351226","6.0027312427154351226","0","1000000000","192.08739976689392392","0","3.0013656213577175613","42539","0","0","0","0","0","0","0","0","0","0","0","0","0","0","28.691439444413664006","0.2869143944441366334","0","0","28.691439444413664006","0.2869143944441366334","1.4803323013415891214e-005","0","1.4803323013415891214e-005","19388.821913970856258","0","19388.821913970856258","104819276.77093076706","0","104819276.77093076706","5406.1704850361193166","0","5406.1704850361193166","73.981742745892773883","0","0","100","20.381274633271299734","27.030349630430922758","122.00967296842378573","206724.77833093647496","120506.10807070515875","1689.1452664929183811","0","100","3500","0","21.867921233663768277","0","0","206617.76912814503885","0","0","77.825631002168790928","78.132078766336235276","675","93796.066461715716287","0.53715866657519173444","1.416138302130172999","271045.30989665113157","5.908735331421026693","15.968246723153118438","21.867921233663768277","72463430.861041769385","17460.944729852082673","74351509.9370213449","17461.945185059201322","413244.02603184449254","14462.580474115722609","0","0","0","3698.6829007198275576","0","0","0","0","0","0","0","0","0","0","0","0","0","0","0","0","0","0","40696.516915196414629","1491.678713814785624","1506.6855419215742131","80066.430225752716069","0","0","0","0","0","0","0","0","0","0","0","0"
"05/14/2026 15:25:27.610","127.99130939009242525","3.999728418440388289","3.999728418440388289","0","1000000000","127.99130939009242525","0","1.9998642092201941445","42541","0","0","0","0","0","0","0","0","0","0","0","0","0","0","16.129360960017439908","0.16129360960017438686","0","0","16.129360960017439908","0.16129360960017438686","1.4561469712015889994e-005","0","1.4561469712015889994e-005","11076.247922766046031","0","11076.247922766046031","47846223.241441912949","0","47846223.241441912949","4319.7140019860971734","0","4319.7140019860971734","84.339578019916530138","0","0","100","19.50048795940177726","25.041468549816656264","122.01011825417241141","156741.90903617415461","162248.96821397359599","1694.9557616546210284","0","100","3500","0","18.751909330130743569","0","0","156780.90801830074633","0","0","79.479992220182822393","81.248090669869256431","842","64339.320743728596426","0.78123164105643516653","0.83006049357840083758","198008.83196948561817","5.7127557502398698119","12.939145930070644397","18.751909330130743569","48434139.321940042078","11250.236108968201734","49650692.717964455485","11251.236041072812441","275925.26467452861834","9718.3401247055335261","0","0","0","3414.7681372434813056","0","0","0","0","0","3.999728418440388289","2.9997963138302914388","0","0","0","0","0","0","0","0","0","0","0","37531.451614435383817","1473.8999221952831249","1668.8866825942520791","74194.962162069205078","0","0","0","0","0","0","0","0","0","0","0","0"
"05/14/2026 15:25:28.610","128.00770606390503303","4.0002408144970322823","4.0002408144970322823","0","1000000000","128.00770606390503303","0","2.0001204072485161412","42543","0","0","0","0","0","0","0","0","0","0","0","0","0","0","13.479184333050669764","0.13479184333050669986","0","0","13.479184333050669764","0.13479184333050669986","1.5243017075653058804e-005","0","1.5243017075653058804e-005","8843.5323806493142911","0","8843.5323806493142911","48794489.428263582289","0","48794489.428263582289","5517.5338685966298726","0","5517.5338685966298726","86.945838866578142756","0","0","100","18.973903415436506492","23.288070452778143249","122.013304828973844","144331.50306499697035","179338.92391470022267","1682.9708846036962768","0","100","3500","0","19.337230604310327919","0","0","144357.50261520475033","0","0","80.895385673829224515","80.418633301867174623","1200","56686.019331865551067","1.0742028127549958505","0.68357906273499624561","177600.92750395415351","6.3963876577974758675","13.232218284507446526","19.58136669813282893","36763797.18059027195","8406.5060716655134456","37672875.907129608095","8407.5061318691386987","218949.18074068057467","7791.4690464365949083","0","0","0","3674.2211881155244555","0","0","0","0","0","0","0","0","0","0","0","0","0","0","0","0","0","0","40378.430781533046684","688.04142009348959164","737.04437007107821955","80080.820865416098968","0","0","0","0","0","0","0","0","0","0","0","0"
"05/14/2026 15:25:29.611","607.88827013594902837","2.9994487013286956767","2.9994487013286956767","0","1000000000","607.88827013594902837","0","1.9996324675524637104","42544","0","0","0","0","0","0","0","0","0","0","0","0","0","0","27.195798225819366678","0.27195798225819367566","0","0","27.195798225819366678","0.27195798225819367566","1.4480660101144531894e-005","0","1.4480660101144531894e-005","18781.547951486514648","0","18781.547951486514648","91242109.700237095356","0","91242109.700237095356","4858.0718658504129053","0","4858.0718658504129053","74.366900010807569288","0","0","100","23.638273402009087221","29.01192014844199818","122.00034304625070547","212662.38489202267374","114729.83991161051381","1707.6176644049398874","0","100","3500","0","19.305274382736449468","0","0","212612.39608451668755","0","0","76.235009499361694907","80.401831547718600746","763","93692.022356194458553","0.68343615852071692984","1.8062334168578653149","276326.13057936332189","6.6391255328425575755","12.936537985299509046","19.598168452281395702","75011236.934651404619","18106.671993687559734","76969133.073341116309","18107.671809921335807","428329.27307960792677","14991.244609240820864","0","0","0","3763.3083039337366245","0","0","0","0","0","0","0","0","0","0","0","0","0","0","0","0","0","0","41351.399612751170935","708.86970974734833817","806.85170065741908729","81267.063113799682469","0","0","0","0","0","0","0","0","0","0","0","0"
"05/14/2026 15:25:30.610","0","0","0","0","1000000000","0","0","0","42544","0","0","0","0","0","0","0","0","0","0","0","0","0","1","13.821270524283542969","0.13821270524283543746","0","0","13.821270524283542969","0.13821270524283543746","1.5651857725419121938e-005","0","1.5651857725419121938e-005","8825.9117892706581188","0","8825.9117892706581188","67424687.318980321288","0","67424687.318980321288","7639.4019030357949305","0","7639.4019030357949305","87.506805626311177093","0","0","100","16.093402003117667221","19.386829293275248176","121.98386008719378992","130015.07806806276494","207019.2876923076692","1623.4380035733640852","0","100","3500","0","14.038800497297110326","0","0","130100.10100725175289","0","0","84.132985464092442385","85.96119950270289678","1465","50894.731398531323066","0.097686932287231589833","0.68378852049510052691","157812.5778334994684","3.1258618000982867358","10.989359766487620362","14.038800497297110326","34260310.010651476681","6794.3924467470997115","34995080.164033189416","6795.3922102030655878","177250.06263518051128","6308.5074071474691664","0","0","0","3689.1271525157144424","0","0","0","0","0","4.9988172798315915202","3.999053823865273305","0","0","0","0","0","0","0","0","0","0","0","40566.401989289333869","228.94583141628689305","247.94133707964695645","80548.942120294334018","0","0","0","0","0","0","0","0","0","0","0","0"
"05/14/2026 15:25:31.610","192.11448101923934928","6.003577531851229665","6.003577531851229665","0","1000000000","192.11448101923934928","0","3.0017887659256148325","42547","0","0","0","0","0","0","0","0","0","0","0","0","0","0","23.244040687631002839","0.23244040687631004061","0","0","23.244040687631002839","0.23244040687631004061","1.4022127043493998002e-005","0","1.4022127043493998002e-005","16586.884124249638262","0","16586.884124249638262","69148917.840140938759","0","69148917.840140938759","4168.8913554925502467","0","4168.8913554925502467","77.478195662101995822","0","0","100","20.057403567382831255","25.533696215655780293","122.01868930182763506","199004.25871993604233","127138.97817849207786","1669.9686045902335536","0","100","3500","0","17.726164975481960795","0","0","198898.26071269856766","0","0","79.050985936365805173","82.273835024518035652","578","88358.338863229364506","0.53709984881285743885","1.0253706204952726111","257957.15040557234897","4.1014824819810904444","13.476305297829870966","17.726164975481960795","70035514.162889659405","16849.040343140477489","71857427.841250598431","16850.040939395785244","399261.92017823422793","13981.331475426206453","0","0","0","3565.124457664322108","0","0","0","0","0","0","0","0","0","0","0","0","0","0","0","0","0","0","39189.352935414215608","1733.0327141943885181","1921.1448101923936065","77070.926565140165621","0","0","0","0","0","0","0","0","0","0","0","0"
"05/14/2026 15:25:32.610","191.90239844015331983","5.9969499512547912445","5.9969499512547912445","0","1000000000","191.90239844015331983","0","2.9984749756273956223","42550","0","0","0","0","0","0","0","0","0","0","0","0","0","1","11.96801106536983994","0.11968011065369840717","0","0","11.96801106536983994","0.11968011065369840717","1.5103811206461383417e-005","0","1.5103811206461383417e-005","7919.9719022904946542","0","7919.9719022904946542","44468135.506281502545","0","44468135.506281502545","5614.6834931852599766","0","5614.6834931852599766","88.406581143112234145","0","0","100","16.596449433384478311","20.493858665305658917","122.01042966406004098","137599.40865543409018","193443.6842487648828","1647.9569883226049569","0","100","3500","0","14.943169182081017965","0","0","137698.40607160155196","0","0","83.22168898886903321","85.0568208181269938","804","52840.620859795562865","0.19530593763649714556","0.63474679726661686896","165968.66821775952121","3.4178989077027197574","11.572029301790522027","14.894350197515892731","35751308.884301438928","7607.1310131667023597","36573958.484714671969","7608.1305048252452252","201217.66069776911172","7175.3506166763581859","0","0","0","3549.1948794842937787","0","0","0","0","0","0","0","0","0","0","0","0","0","0","0","0","0","0","39036.146216034518147","778.60400200458036579","857.56384302943513376","77453.60709543125995","0","0","0","0","0","0","0","0","0","0","0","0"
"05/14/2026 15:25:33.611","438.99701482029922772","7.9999456003699176421","7.9999456003699176421","0","1000000000","438.99701482029922772","0","3.999972800184958821","42554","0","0","0","0","0","0","0","0","0","0","0","0","0","0","15.811199613888460291","0.15811199613888460291","0","0","15.811199613888460291","0.15811199613888460291","1.5300822288865239564e-005","0","1.5300822288865239564e-005","10336.929708877980374","0","10336.929708877980374","56516223.689678914845","0","56516223.689678914845","5467.4091128954241867","0","5467.4091128954241867","84.875621880600320424","0","0","100","20.145289685275258762","24.303768475703481755","121.99168258963695166","156063.23502023966284","164223.32060628579347","1666.4365777930481727","0","100","3500","0","16.482866150431753738","0","0","156034.24482182573411","0","0","80.063682812728202975","83.517133849568253368","1022","62319.929631791492284","0.78099016457224679222","0.92743144355872808582","193065.72447855380597","5.4181173923435670403","11.080293586323829658","16.531679910093910024","39891752.736081399024","9437.9358220364101726","40912361.795939788222","9438.9358152364566195","246890.32114581621136","8782.9402760061238951","0","0","0","3692.9748877707634165","0","0","0","0","0","0","0","0","0","0","0","0","0","0","0","0","0","0","40580.724051076453179","709.99517203283016897","764.9947980353733783","80376.453440116616548","0","0","0","0","0","0","0","0","0","0","0","0"
"05/14/2026 15:25:34.610","128.09205976335192645","4.0028768676047477015","4.0028768676047477015","0","1000000000","128.09205976335192645","0","2.0014384338023738508","42556","0","0","0","0","0","0","0","0","0","0","0","0","0","0","21.346984228989960286","0.21346984228989959731","0","0","21.346984228989960286","0.21346984228989959731","1.5319922463924186127e-005","0","1.5319922463924186127e-005","13939.017972216632188","0","13939.017972216632188","83446340.885194182396","0","83446340.885194182396","5986.5293990954123728","0","5986.5293990954123728","80.26883103735416114","0","0","100","21.368071805147870634","27.265911440744428518","122.01215267831567246","175613.16905197157757","141525.84580147452652","1688.6170206593487819","0","100","3500","0","20.380828297144670813","0","0","175551.14638889048365","0","0","77.631929602865696438","79.277255741014982959","843","73516.863061762764119","0.63500393544981970084","1.3188458628158614694","221462.92255190046853","6.9850032752065862596","13.774604564321496269","20.722744258985017041","49656796.33952921629","11959.595361186084119","50950041.795038089156","11960.596080402985535","305147.30937124509364","10832.785522955347915","0","0","0","3691.6531911484780721","0","0","0","0","0","9.0064729521106823285","7.0050345183083075895","0","0","0","0","0","0","0","0","0","0","0","40622.195171669874981","854.61421123361355967","931.66959093500497602","80379.768939937130199","0","0","0","0","0","0","0","0","0","0","0","0"
"05/14/2026 15:25:35.610","127.97535194721496055","3.9992297483504675171","3.9992297483504675171","0","1000000000","127.97535194721496055","0","1.9996148741752337585","42558","0","0","0","0","0","0","0","0","0","0","0","0","0","0","9.917203968713565132","0.099172039687135657426","0","0","9.917203968713565132","0.099172039687135657426","1.4703217197924389626e-005","0","1.4703217197924389626e-005","6743.7011631559753368","0","6743.7011631559753368","30800083.903840117157","0","30800083.903840117157","4567.2373610081540392","0","4567.2373610081540392","90.112605682513517991","0","0","100","16.539687695510323806","20.234444378663194897","122.01382777520457523","134392.18570549297146","198588.5991473912145","1665.9775093036241742","0","100","3500","0","14.942405173859462764","0","0","134395.18566499350709","0","0","83.423053950268780454","84.764628253849423345","693","50189.322444147001079","0.097648857508367145619","0.73241143078625980944","158751.85684993251925","4.0038531549180875757","11.230338605038321376","15.235371746150573102","31152448.038507781923","6850.6805589243504073","31893313.347849201411","6851.6803663614382458","183096.735568729433","6531.7419864934008729","0","0","0","3594.3077363299826175","0","0","0","0","0","8.9982669337885514693","6.9986520596133177108","0","0","0","0","0","0","0","0","0","0","0","39503.391646768825012","1076.7926097433633004","1153.7777823991098103","78430.894209775186027","0","0","0","0","0","0","0","0","0","0","0","0"
"05/14/2026 15:25:36.610","128.09104711629026951","4.0028452223840709223","4.0028452223840709223","0","1000000000","128.09104711629026951","0","2.0014226111920354612","42560","0","0","0","0","0","0","0","0","0","0","0","0","0","0","8.4472841687016995138","0.084472841687016991807","0","0","8.4472841687016995138","0.084472841687016991807","1.5772666168782674406e-005","0","1.5772666168782674406e-005","5359.809752772270258","0","5359.809752772270258","39386459.895693860948","0","39386459.895693860948","7348.4809559372670265","0","7348.4809559372670265","91.723104619716025354","0","0","100","13.669907603695852671","17.45046358145674148","122.01334765437071894","116145.68396902781387","236066.4726396004553","1621.8838731146850023","0","100","3500","0","15.43524436092105212","0","0","116068.68948183309112","0","0","85.646374468559969273","84.564755639078953209","538","41268.045207963106805","0.29295072384237119678","0.53707466048733998321","134643.35953545724624","2.3924225785943287192","13.036252214604280297","15.43524436092105212","27018516.761714227498","4877.4669034749904313","27546027.71650088951","4878.4676147805857909","133374.80280983724515","4774.3936389986001814","0","0","0","3545.5201557266905183","0","0","0","0","0","5.0035565279800886529","4.0028452223840709223","0","0","0","0","0","0","0","0","0","0","0","39012.730248660751386","761.54130355856943879","794.56477664323801946","77576.141121108885272","0","0","0","0","0","0","0","0","0","0","0","0"
"05/14/2026 15:25:37.610","0","0","0","0","1000000000","0","0","0","42560","0","0","0","0","0","0","0","0","0","0","0","0","0","0","16.225604148239892055","0.16225604148239891611","0","0","16.225604148239892055","0.16225604148239891611","1.4727705156136529114e-005","0","1.4727705156136529114e-005","11018.706194241305639","0","11018.706194241305639","58755166.268835626543","0","58755166.268835626543","5332.3108206245460678","0","5332.3108206245460678","84.451511125672524827","0","0","100","18.200517808052588009","21.717173753724345886","122.00524077919509125","155009.74142640965874","169716.38633504306199","1617.1537913255551757","0","100","3500","0","12.979891261517606083","0","0","155009.74142640965874","0","0","82.198443929994851942","86.971274030816573486","1159","63610.049315689924697","0.19532882969918299865","0.63482119676336801195","192708.32656185602536","3.4182995240741207432","9.6200673744949014576","13.028725969183430067","47105793.18280569464","10480.574028981516676","48239127.529721297324","10481.574274641850934","259687.77931860063109","9163.2504943214044033","0","0","0","3495.8585828679520091","0","0","0","0","0","5.001228301670890275","4.00098264133671222","0","0","0","0","0","0","0","0","0","0","0","38377.425495701740147","1052.2584346715552783","1138.2795614602946443","75927.647830307119875","0","0","0","0","0","0","0","0","0","0","0","0"
"05/14/2026 15:25:38.610","127.73551085123145299","3.9917347141009829059","3.9917347141009829059","0","1000000000","127.73551085123145299","0","1.995867357050491453","42562","0","0","0","0","0","0","0","0","0","0","0","0","0","0","24.435716771398745095","0.24435716771398743874","0","0","24.435716771398745095","0.24435716771398743874","1.5227774661930578782e-005","0","1.5227774661930578782e-005","16013.841739294617582","0","16013.841739294617582","94589678.61146710813","0","94589678.61146710813","5906.7449367483022797","0","5906.7449367483022797","78.103012763846834332","0","0","100","21.269231015361775405","26.767869541706531322","121.99763043541661034","195520.26271632197313","127778.56843396900513","1700.976186333391297","0","100","3500","0","20.020499754002951676","0","0","195723.25987436177093","0","0","78.171521941736699546","79.979510245877051489","1478","81737.85567002062453","0.83007003915953003759","1.2695247657028114752","244068.58303983745282","6.1522661728059269137","13.867023595716851503","20.020489754122948511","56734457.632027126849","13738.552952257057768","58220057.548839375377","13739.55088593558321","346566.39961296145339","12269.59457746789667","0","0","0","3855.0178001430240329","0","0","0","0","0","3.9917347141009829059","2.9938010355757369574","0","0","0","0","0","0","0","0","0","0","0","42419.166873072615999","557.84492629561236754","608.73954390039989448","83756.573638623871375","0","0","0","0","0","0","0","0","0","0","0","0"
"05/14/2026 15:25:39.610","64.041768041116412746","2.0013052512848878983","2.0013052512848878983","0","1000000000","64.041768041116412746","0","1.0006526256424439492","42563","0","0","0","0","0","0","0","0","0","0","0","0","0","0","25.128577377021510841","0.25128577377021510397","0","0","25.128577377021510841","0.25128577377021510397","1.4272215596069744427e-005","0","1.4272215596069744427e-005","17618.490779686511814","0","17618.490779686511814","72427653.315492361784","0","72427653.315492361784","4110.8886238427894568","0","4110.8886238427894568","75.799683686452794973","0","0","100","23.322951533110188649","29.760910330173885541","122.00177093308496978","213841.80870054950356","113098.1891799645673","1695.9667590515227857","0","100","3500","0","23.048439811827837076","0","0","213861.80830855717068","0","0","75.568558401408608916","76.902721184487830897","1100","88956.256457373441663","0.73240505893679763716","1.5136391217619160621","268266.74197185738012","7.7146926202705472519","15.380546236856767806","23.097278815512169103","73377616.881730258465","17897.672862240753602","75312911.080606773496","17898.673514866397454","418729.09511583455605","14629.541386892531591","0","0","0","3536.3063790203968892","0","0","0","0","0","0","0","0","0","0","0","0","0","0","0","0","0","0","38907.375390229506593","1340.8745183608748448","1435.9365177969070828","76494.889967236624216","0","0","0","0","0","0","0","0","0","0","0","0"
"05/14/2026 15:25:40.611","255.95019209261880633","7.9984435028943376977","7.9984435028943376977","0","1000000000","255.95019209261880633","0","3.9992217514471688489","42567","0","0","0","0","0","0","0","0","0","0","0","0","0","0","18.604706725600287598","0.18604706725600286821","0","0","18.604706725600287598","0.18604706725600286821","1.4735494853523357578e-005","0","1.4735494853523357578e-005","12627.542680194435889","0","12627.542680194435889","60772813.610471405089","0","60772813.610471405089","4812.7189231987331368","0","4812.7189231987331368","81.890317688733119894","0","0","100","21.931578518041050074","26.399419077978226511","122.00444996377936491","188501.64553821325535","133072.47474747477099","1668.4303978621699116","0","100","3500","0","17.898552934043564733","0","0","188399.68034912881558","0","0","78.357539403069679906","81.71094768799837027","1101","74382.605778387267492","0.68337141226259812132","0.82980243108680151742","226523.66482083019218","5.906224367948921028","12.300565460853345456","18.28905231200162973","51147182.758235253394","12337.599103214515708","52481307.13763102144","12338.598908652376849","313726.94873577606631","11120.835885336713545","0","0","0","3836.2534650756965675","0","0","0","0","0","0","0","0","0","0","0","0","0","0","0","0","0","0","42146.798233063847874","703.86302825470170319","725.85874788766113852","83367.776630667678546","0","0","0","0","0","0","0","0","0","0","0","0"
"05/14/2026 15:25:41.610","320.19644051625675729","10.006138766133023665","10.006138766133023665","0","1000000000","320.19644051625675729","0","5.0030693830665118327","42572","0","0","0","0","0","0","0","0","0","0","0","0","0","0","13.950567042867891843","0.13950567042867892398","0","0","13.950567042867891843","0.13950567042867892398","1.4882956243329776441e-005","0","1.4882956243329776441e-005","9375.7520238666420482","0","9375.7520238666420482","52903624.373553179204","0","52903624.373553179204","5642.6006403415158275","0","5642.6006403415158275","86.53692596200613707","0","0","100","17.215868747498998204","21.029280512204881148","122.02097265566949602","156974.39447474462213","168698.34383702185005","1648.6132841417008876","0","100","3500","0","15.397930383065805415","0","0","156971.39335832931101","0","0","82.753095512055224958","84.50438294535769046","516","60255.41501438535488","0.24423168457438923507","0.83038172529967746449","184423.60558127623517","3.6634852723712483247","11.869695883834790351","15.495617054642307764","37907236.089340813458","8724.3523901913831651","38850682.89395544678","8725.353004067996153","234075.60538390302099","8370.1350778702744719","0","0","0","3731.2891458910044093","0","0","0","0","0","4.0024555064532094661","3.0018416298399070996","0","0","0","0","0","0","0","0","0","0","0","41025.168941145391727","1333.8182975255319889","1431.8784574336355035","81403.941317998600425","0","0","0","0","0","0","0","0","0","0","0","0"
"05/14/2026 15:25:42.610","191.89137029527586265","5.9966053217273707077","5.9966053217273707077","0","1000000000","191.89137029527586265","0","2.9983026608636853538","42575","0","0","0","0","0","0","0","0","0","0","0","0","0","2","20.42123797629693982","0.20421237976296938155","0","0","20.42123797629693982","0.20421237976296938155","1.4918204397691575634e-005","0","1.4918204397691575634e-005","13681.255041520997111","0","13681.255041520997111","75872312.683789715171","0","75872312.683789715171","5545.7129081744469659","0","5545.7129081744469659","81.156239465775641406","0","0","100","18.236291030914475897","22.778424662465383221","122.00434395188237602","172807.38832558400463","150621.38447027781513","1661.9652649259630834","0","100","3500","0","17.530479314145807734","0","0","172820.38805388967739","0","0","81.362196520589762372","82.420691384113212052","1516","70737.521585798851447","0.2441365088479234835","0.83006813002574064697","211581.57794502095203","4.3456378573786400565","13.281060080840845217","17.5793086158867915","54249085.59264601022","12362.001870740974482","55585844.853228591383","12363.001304961262576","300250.0284588894574","10560.0219715619005","0","0","0","3426.060507146904456","0","0","0","0","0","0","0","0","0","0","0","0","0","0","0","0","0","0","37699.658223479695152","1451.1784878580238001","1567.1128574114195544","74452.852240346750477","0","0","0","0","0","0","0","0","0","0","0","0"
"05/14/2026 15:25:43.610","192.0638035955544467","6.0019938623610764594","6.0019938623610764594","0","1000000000","192.0638035955544467","0","3.0009969311805382297","42578","0","0","0","0","0","0","0","0","0","0","0","0","0","0","19.463130871924839482","0.19463130871924838594","0","0","19.463130871924839482","0.19463130871924838594","1.4581495355109380169e-005","0","1.4581495355109380169e-005","13352.435679132608129","0","13352.435679132608129","71068729.03178435564","0","71068729.03178435564","5322.5292178603540378","0","5322.5292178603540378","81.474567125540801271","0","0","100"," "," ","121.99586837592879363","190287.02101498143747","135222.05041416137828","1693.9823825832208968","0","100","3500","0","15.967875611192173579","0","0","190252.02137897763168","0","0","80.391470989171338601","84.032134388679821768","783","76579.203576282801805","0.53710312507999891096","1.1718650001279984352","227089.63826776199858","4.5409618756879908119","11.37680437690397639","15.967865611320174679","51318063.86081456393","12354.104033359883033","52653971.649381928146","12355.104365670275001","312283.74065864679869","11059.67402371067692","0","0","0","3903.2966751554868097","0","0","0","0","0","0","0","0","0","0","0","0","0","0","0","0","0","0","42916.256780502480979","807.26817448756480644","857.28479000724041725","84836.182579853033531","0","0","0","0","0","0","0","0","0","0","0","0"
"05/14/2026 15:25:44.611","127.9447406665061493","3.9982731458283171655","3.9982731458283171655","0","1000000000","127.9447406665061493","0","1.9991365729141585827","42580","0","0","0","0","0","0","0","0","0","0","0","0","0","0","13.552621266672318256","0.13552621266672318368","0","0","13.552621266672318256","0.13552621266672318368","1.4795634617483358457e-005","0","1.4795634617483358457e-005","9159.0442088062172843","0","9159.0442088062172843","41245290.159180253744","0","41245290.159180253744","4503.2308196005678838","0","4503.2308196005678838","86.614431801641998732","0","0","100","18.81679244015495911","23.274330692036762969","122.00073780319100081","158182.72750619260478","163682.46524266936467","1682.4227607507864377","0","100","3500","0","17.3133296172664366","0","0","158218.71515882899985","0","0","80.910745617893425674","82.686660386140403034","1220","60234.333600141791976","0.7809838407070870403","0.7809838407070870403","187596.63559432758484","4.5394629510262900496","12.837425005558106506","17.313339613859600519","38758284.297012120485","9146.0498210822752299","39747329.128549382091","9147.0493893687325908","239880.39565711570322","8542.3105760622001981","0","0","0","3594.4475580996568169","0","0","0","0","0","5.9974097187424755262","4.9978414322853961238","0","0","0","0","0","0","0","0","0","0","0","39504.937817356687447","1196.4832388891238679","1284.4452480973468482","78245.205895573701127","0","0","0","0","0","0","0","0","0","0","0","0"
"05/14/2026 15:25:45.610","64.003116951795547607","2.0000974047436108627","2.0000974047436108627","0","1000000000","64.003116951795547607","0","1.0000487023718054314","42581","0","0","0","0","0","0","0","0","0","0","0","0","0","0","20.040505250226711809","0.20040505250226711698","0","0","20.040505250226711809","0.20040505250226711698","1.4925465653404856653e-005","0","1.4925465653404856653e-005","13422.653683234373602","0","13422.653683234373602","69319983.883215114474","0","69319983.883215114474","5164.4023245417974977","0","5164.4023245417974977","80.847429057039974509","0","0","100","22.080872655099557988","26.844152954734617822","122.01159483542461714","186683.65167043823749","133674.25632784250774","1662.6203236427511456","0","100","3500","0","18.230933946630912601","0","0","186800.6953394311422","0","0","78.017003401780769423","81.427147320966341226","1504","74344.738021755911177","0.63499907715254799712","1.1234629838134058133","226465.4942759143596","6.0081220579548197946","12.504708022570499182","18.572852679033658774","52958679.08767157048","12823.624510513662244","54345350.618575125933","12824.624559216033958","318967.53371889214031","11267.548729623133113","0","0","0","3723.1813189302320097","0","0","0","0","0","0","0","0","0","0","0","0","0","0","0","0","0","0","40964.99499525626743","929.04524450340727526","977.04758221725398926","80906.940167986176675","0","0","0","0","0","0","0","0","0","0","0","0"
"05/14/2026 15:25:46.610","64.066372762181629241","2.0020741488181759138","2.0020741488181759138","0","1000000000","64.066372762181629241","0","1.0010370744090879569","42582","0","0","0","0","0","0","0","0","0","0","0","0","0","0","25.64031282293640146","0.25640312822936400794","0","0","25.64031282293640146","0.25640312822936400794","1.4525492861998642031e-005","0","1.4525492861998642031e-005","17670.306437469218508","0","17670.306437469218508","83440043.885465338826","0","83440043.885465338826","4722.0484930886022994","0","4722.0484930886022994","75.791892307566158138","0","0","100","23.167365308741132424","28.915527773422375901","122.02074456231810018","209069.78739523308468","116801.81967817104305","1664.9903430560102606","0","100","3500","0","20.996358612380717545","0","0","208868.7885610263329","0","0","76.251470744999465978","78.661842549735325747","394","87732.491151551323128","0.63476784178933798319","1.7089841894537560751","260465.48930016203667","7.0312260938312807212","14.257761523610820831","21.3381574502646707","71315122.466875687242","17133.750565585945878","73167817.85930223763","17134.751602660355275","401519.97469378280221","14033.538746141002775","0","0","0","3567.6961331939892261","0","0","0","0","0","5.0051853720454388963","4.0041482976363518276","0","0","0","0","0","0","0","0","0","0","0","39226.638797794519633","1105.1449301476329765","1174.2164882818599381","77211.991623321766383","0","0","0","0","0","0","0","0","0","0","0","0"
"05/14/2026 15:25:47.610","191.83513688336245195","5.9948480276050766236","5.9948480276050766236","0","1000000000","191.83513688336245195","0","2.9974240138025383118","42585","0","0","0","0","0","0","0","0","0","0","0","0","0","0","17.553267446018562481","0.17553267446018561149","0","0","17.553267446018562481","0.17553267446018561149","1.484435517970401806e-005","0","1.484435517970401806e-005","11814.8463210716709","0","11814.8463210716709","74532298.942288994789","0","74532298.942288994789","6308.3595771670188697","0","6308.3595771670188697","83.773208758628911141","0","0","100","17.207182514920237537","20.59774876398022414","121.98650825232600425","154133.82671304335236","172543.11945051595103","1610.9772852202784179","0","100","3500","0","12.940365420199629654","0","0","154278.82466857216787","0","0","83.162805106826880319","87.059634579800373899","1226","62211.122823168188916","0.19530796879712450376","0.78124187508449904893","187041.36271678569028","3.5155934378282469588","9.5213909775338336772","12.940365420199629654","43982253.651212148368","10116.306046583566058","45076205.508985579014","10117.305187921499964","250532.69220431961003","8834.4077100140148104","0","0","0","3241.2145002584779832","0","0","0","0","0","0","0","0","0","0","0","0","0","0","0","0","0","0","35621.386980029361439","2552.8061184218286144","2793.5991808639655574","70428.473769642369007","0","0","0","0","0","0","0","0","0","0","0","0"
"05/14/2026 15:25:48.610","128.03531213908797781","4.0011035043464993066","4.0011035043464993066","0","1000000000","128.03531213908797781","0","2.0005517521732496533","42587","0","0","0","0","0","0","0","0","0","0","0","0","0","0","18.041437630951364213","0.18041437630951362436","0","0","18.041437630951364213","0.18041437630951362436","1.4233727810650887712e-005","0","1.4233727810650887712e-005","12678.496729397968011","0","12678.496729397968011","52627634.701650716364","0","52627634.701650716364","4150.9364891518735021","0","4150.9364891518735021","82.097453813519663868","0","0","100","20.260700743940486035","25.256169906407485826","122.01855258885916555","197303.18778530936106","128612.88359104569827","1688.9074478718566752","0","100","3500","0","18.553832959862781138","0","0","197275.18931962529314","0","0","79.285444568623503869","81.446157040033213548","1148","78479.699312477678177","0.43945457032753143523","0.92773964849234435981","236126.06029189599212","4.8828607817521305634","13.623181681089482353","18.5538429599667829","53297075.333376951516","12877.551628739207445","54689579.385994657874","12878.551904615293097","323365.18411777971778","11440.155194802726328","0","0","0","3909.0781237465293998","0","0","0","0","0","0","0","0","0","0","0","0","0","0","0","0","0","0","42973.852188433571428","659.18180234108569948","690.1903544997710469","84874.408361826193868","0","0","0","0","0","0","0","0","0","0","0","0"
"05/14/2026 15:25:49.610","127.98922330739750919","3.9996632283561721621","3.9996632283561721621","0","1000000000","127.98922330739750919","0","1.9998316141780860811","42589","0","0","0","0","0","0","0","0","0","0","0","0","0","0","18.650181988653283582","0.18650181988653283249","0","0","18.650181988653283582","0.18650181988653283249","1.4651834393903685671e-005","0","1.4651834393903685671e-005","12727.928308436428779","0","12727.928308436428779","66939387.703555352986","0","66939387.703555352986","5259.2524157435773304","0","5259.2524157435773304","82.002503181476456007","0","0","100","19.872854317605796126","24.442303384449964199","121.99766047317528717","189804.6361109430436","134841.86762225971324","1701.0773990216555376","0","100","3500","0","17.67639919464596332","0","0","189767.63442736645811","0","0","79.974288190267401433","82.323610805280040381","847","75061.415294395890669","0.43945674802006468029","1.2695206055475189988","226643.31227070832392","4.8339442288127063563","12.939364248704560367","17.676389194719956066","50707754.407078921795","12130.978571604269746","52019539.954735808074","12131.97848741135931","308662.01065870252205","10940.078845361220374","0","0","0","3898.6717318401788361","0","0","0","0","0","0","0","0","0","0","0","0","0","0","0","0","0","0","42876.389807978164754","740.93761305298085063","772.93491887983020661","84833.856989241496194","0","0","0","0","0","0","0","0","0","0","0","0"
"05/14/2026 15:25:50.610","146.95683877645134885","2.9991191587030887611","2.9991191587030887611","0","1000000000","146.95683877645134885","0","1.9994127724687258407","42590","0","0","0","0","0","0","0","0","0","0","0","0","0","0","11.982002204729919725","0.11982002204729920447","0","0","11.982002204729919725","0.11982002204729920447","1.5644216710182769296e-005","0","1.5644216710182769296e-005","7657.7509185552198687","0","7657.7509185552198687","44661954.783879972994","0","44661954.783879972994","5832.2548302872064596","0","5832.2548302872064596","88.598336703753787447","0","0","100","17.978883108406442659","21.421321981404336299","122.00583201961016755","129828.95345841090602","203132.73001624413882","1678.7795762416394609","0","100","3500","0","16.660599076613113567","0","0","129887.94571272791654","0","0","82.443460676067175541","83.339400923386889986","1530","48236.666525685177476","0.78115430859719681145","0.68351626925701602921","155498.58303604734829","5.2727940827248662714","11.326732475271779066","16.660599076613113567","32200686.658328447491","6909.9705416519163919","32947955.185561999679","6910.9702480381511123","179719.21646612387849","6391.1229271962820349","0","0","0","3294.0325426422259625","0","0","0","0","0","0","0","0","0","0","0","0","0","0","0","0","0","0","36235.35767545071576","1953.4262787019451935","2080.3889897537092111","71907.880655451488565","0","0","0","0","0","0","0","0","0","0","0","0"
"05/14/2026 15:25:51.610","0","0","0","0","1000000000","0","0","0","42590","0","0","0","0","0","0","0","0","0","0","0","0","0","0","28.792584241483147878","0.28792584241483148988","0","0","28.792584241483147878","0.28792584241483148988","1.5153994736842105388e-005","0","1.5153994736842105388e-005","18997.794356075257383","0","18997.794356075257383","102441354.55873572826","0","102441354.55873572826","5392.2762105263154808","0","5392.2762105263154808","73.828455234308947297","0","0","100","27.060323682589459082","34.592859142873145117","122.00654627539503849","231412.56524209547206","99095.598663826065604","1766.9890446679230536","0","100","3500","0","22.998055400388917491","0","0","231476.56484529795125","0","0","71.679285664142867063","76.611314677737070156","332","88636.45045400717936","1.1230397753920449144","1.3671797265640546204","299974.14016033097869","8.740238251952350268","14.648437070312587238","23.38868532226293695","72578305.658713012934","17462.972548887071753","74466602.427458167076","17463.97243280055045","417231.55941595177865","14630.301422004904452","0","0","0","3551.5876606725955753","0","0","0","0","0","4.9994195673882257935","3.9995356539105806348","0","0","0","0","0","0","0","0","0","0","0","39047.466589128998748","753.91247076214449407","861.89993341773015345","76794.084206823579734","0","0","0","0","0","0","0","0","0","0","0","0"
"05/14/2026 15:25:52.611","127.90797021542999801","3.9971240692321874377","3.9971240692321874377","0","1000000000","127.90797021542999801","0","1.9985620346160937189","42592","0","0","0","0","0","0","0","0","0","0","0","0","0","0","17.417353039490137689","0.17417353039490138245","0","0","17.417353039490137689","0.17417353039490138245","1.4758197068541896481e-005","0","1.4758197068541896481e-005","11794.513847286876626","0","11794.513847286876626","52137335.187332712114","0","52137335.187332712114","4420.4734389561972421","0","4420.4734389561972421","83.35975901617067052","0","0","100","21.740725099499623951","28.285731882110543012","121.99612338934414879","191945.41744351337547","128056.92564927962667","1717.7531588710703545","0","100","3500","0","19.34402979381167853","0","0","191876.42735738874762","0","0","76.799936966322277954","80.509504896658867779","1229","67005.371328140143305","0.48824102942474867373","1.0741122665396660718","233097.50388869119342","6.3470133945565265776","13.084627611850530471","19.490495103341132221","52763604.586500011384","11979.380835488866069","54058992.554856784642","11980.38011650617409","288332.54473406384932","10124.715267365130785","0","0","0","3343.5942839127246771","0","0","0","0","0","12.990653225004608728","9.9928101730804694824","0","0","0","0","0","0","0","0","0","0","0","36745.561568451499625","1357.0236215043275934","1509.9136171524587553","72541.80617046036059","0","0","0","0","0","0","0","0","0","0","0","0"
"05/14/2026 15:25:53.611","256.15892099458505982","8.0049662810807831193","8.0049662810807831193","0","1000000000","256.15892099458505982","0","4.0024831405403915596","42596","0","0","0","0","0","0","0","0","0","0","0","0","0","0","19.513993210371303633","0.19513993210371302633","0","0","19.513993210371303633","0.19513993210371302633","1.461012876179068803e-005","0","1.461012876179068803e-005","13366.292447834635823","0","13366.292447834635823","68322707.407675713301","0","68322707.407675713301","5111.5675999401109948","0","5111.5675999401109948","80.977750927494639654","0","0","100","20.989502316018526784","26.726725813806510246","122.02224105681553112","198336.13630407236633","125992.25576154199371","1683.8822966274658484","0","100","3500","0","20.419200378836965371","0","0","198282.14007840852719","0","0","78.086109417970121171","79.580799621163038182","1359","78789.492614466245868","0.53704899123459570731","1.0740979824691914146","238678.31638568465132","5.0775531899576211714","15.379112932770835798","20.419200378836965371","53622687.515334509313","12957.038546714380573","55023784.756062656641","12958.039167499517134","325738.08790973917348","11528.152065541460615","0","0","0","3936.4421687214744452","0","0","0","0","0","6.0037247108105864513","5.0031039256754885614","0","0","0","0","0","0","0","0","0","0","0","43259.838403745685355","461.28618194728005619","486.30170157565754607","85473.027466240047943","0","0","0","0","0","0","0","0","0","0","0","0"
"05/14/2026 15:25:54.610","536.04170404457465793","10.000778060533109581","10.000778060533109581","0","1000000000","536.04170404457465793","0","7.0005446423731765293","42599","0","0","0","0","0","0","0","0","0","0","0","0","0","1","21.715254094859279377","0.21715254094859279266","0","0","21.715254094859279377","0.21715254094859279266","1.45497151283598082e-005","0","1.45497151283598082e-005","14920.160788509347185","0","14920.160788509347185","71632324.994884610176","0","71632324.994884610176","4801.0424291172330413","0","4801.0424291172330413","79.163631307103685231","0","0","100","20.964941596002471869","26.886553155800545056","121.99530155041574631","208942.92652148907655","119407.12911009402887","1703.6680082260254494","0","100","3500","0","22.235058377942529262","0","0","209027.9598630623077","0","0","77.976194644495294028","77.764941622057477844","1487","85002.32941336298245","0.58616036102188162626","1.3188783191794375416","254386.74504273125785","5.7639852462017575618","16.559237780447716659","22.235058377942529262","58823148.440948709846","14246.108347229413994","60359367.958827197552","14247.108425035468827","363852.30770953983301","12914.004709566404927","0","0","0","4097.318771400415244","0","0","0","0","0","4.0003112242132434773","3.000233418159933052","0","0","0","0","0","0","0","0","0","0","0","45099.50874178011145","89.006924738744672254","95.007391575064545464","89070.929718332088669","0","0","0","0","0","0","0","0","0","0","0","0"
"05/14/2026 15:25:55.611","407.72771942896531527","5.9959958739553727014","5.9959958739553727014","0","1000000000","407.72771942896531527","0","4.9966632282961436218","42600","0","0","0","0","0","0","0","0","0","0","0","0","0","1","25.824220592071000624","0.25824220592071001068","0","0","25.824220592071000624","0.25824220592071001068","1.4841327204826200702e-005","0","1.4841327204826200702e-005","17393.384697698875243","0","17393.384697698875243","102405341.71280418336","0","102405341.71280418336","5887.6028727377188261","0","5887.6028727377188261","76.815162785685103586","0","0","100","20.435933731278350223","24.893212222414156543","122.00371543236973082","187862.68457011898863","135563.03061582829105","1716.5128536521333444","0","100","3500","0","16.67332983229716703","0","0","187927.66612835275009","0","0","79.61326246884232205","83.326670167702829417","1442","81517.865229847768205","0.53696217431341142223","1.3668137161839346572","238186.40269891402568","5.5648679918418455514","11.080929420130637197","16.67332983229716703","64112485.682061523199","15628.563245464678403","65806694.289553433657","15629.562578110337199","370024.89737353398232","12949.352422452286191","0","0","0","3099.9298668349274521","0","0","0","0","0","3.9973305826369149862","2.9979979369776863507","0","0","0","0","0","0","0","0","0","0","0","34084.23854549931275","4147.230479485799151","4283.1397192954545972","66942.295934774752823","0","0","0","0","0","0","0","0","0","0","0","0"
"05/14/2026 15:25:56.610","536.50254193102682621","10.009375782295276025","10.009375782295276025","0","1000000000","536.50254193102682621","0","7.0065630476066935728","42603","0","0","0","0","0","0","0","0","0","0","0","0","0","0","24.60030696681021567","0.24600306966810214782","0","0","24.60030696681021567","0.24600306966810214782","1.4327614331488493479e-005","0","1.4327614331488493479e-005","17181.093530309841299","0","17181.093530309841299","70664847.762899503112","0","70664847.762899503112","4112.9423827556074684","0","4112.9423827556074684","76.373758498903484337","0","0","100","25.139323112580871822","30.166737629293372436","122.01743730534386145","210279.33848303550621","114551.50560707200202","1693.493992197523994","0","100","3500","0","19.166600314568960073","0","0","210149.30055097071454","0","0","75.242218499391640307","80.833399685431032822","946","87320.471381501978613","0.83031481302912468756","1.318732937674774286","264587.18008042947622","6.6913523144345221638","12.405858376748945204","19.166600314568960073","71587279.804993331432","17452.347614010042889","73474423.492485418916","17453.348551588271221","415673.36123747116653","14572.650201443691913","0","0","0","3512.289962007412214","0","0","0","0","0","1.0009375782295275581","1.0009375782295275581","0","0","0","0","0","0","0","0","0","0","0","38619.17458082986559","1480.3866782014713408","1607.5057506366213147","75900.095619566855021","0","0","0","0","0","0","0","0","0","0","0","0"
"05/14/2026 15:25:57.610","472.00745771783192595","8.0001264019971518593","8.0001264019971518593","0","1000000000","472.00745771783192595","0","6.0000948014978634504","42605","0","0","0","0","0","0","0","0","0","0","0","0","0","0","16.498819179402431701","0.16498819179402432478","0","0","16.498819179402431701","0.16498819179402432478","1.4774988806304290066e-005","0","1.4774988806304290066e-005","11167.176441387773593","0","11167.176441387773593","54149975.569614000618","0","54149975.569614000618","4849.0301782036358418","0","4849.0301782036358418","84.046397244708600738","0","0","100","20.300713386353347545","25.017102713875917885","121.98394683265860294","164970.06739498491515","154251.61712809692835","1735.9480951519551581","0","100","3500","0","18.752023074625444821","0","0","164893.06969721606583","0","0","79.488230743054501204","81.150329356799005609","764","64934.058471651704167","0.78123054735937080828","1.074193252588010683","200881.99362839054083","5.41978504735232125","13.427395657848121502","18.849670643200987286","48085579.752160087228","11089.175208968301376","49284714.698492236435","11090.175224768550834","277664.38709731615381","9821.1551742517531238","0","0","0","3459.0546530635183444","0","0","0","0","0","0","0","0","0","0","0","0","0","0","0","0","0","0","38009.600551688716223","1501.0237161747156733","1610.0254384019267491","75164.187594163988251","0","0","0","0","0","0","0","0","0","0","0","0"
"05/14/2026 15:25:58.610","344.04751296154000784","4.000552476296976856","4.000552476296976856","0","1000000000","344.04751296154000784","0","4.000552476296976856","42605","0","0","0","0","0","0","0","0","0","0","0","0","0","0","19.397808523679056947","0.19397808523679058168","0","0","19.397808523679056947","0.19397808523679058168","1.4607508095489118055e-005","0","1.4607508095489118055e-005","13280.834083186888165","0","13280.834083186888165","65094429.54071957618","0","65094429.54071957618","4901.3811280969948712","0","4901.3811280969948712","81.309159645402885985","0","0","100","20.57874086934259239","24.746383339600452445","122.02054616179708546","192230.2675119387568","132678.81525634424179","1691.0375410334108892","0","100","3500","0","17.136540409088517833","0","0","192306.26919917622581","0","0","79.720788824272787565","82.716965826021720432","1220","77228.714477461398928","0.48829254911851238674","1.123068862869775808","230688.12127629233873","4.7852729815156251902","12.597983768182841047","17.283034173978272463","52351945.803715497255","12648.746791931966072","53719914.720222868025","12650.747068170114289","321768.43622104212409","11414.576352994348781","0","0","1.000138119074244214","3913.5404599375174257","0","0","0","0","0","0","0","0","0","0","0","0","0","0","0","0","0","0","43051.945473669911735","786.10856159235595442","818.11298140273174795","85004.739154477239936","0","0","0","0","0","0","0","0","0","0","0","0"
"05/14/2026 15:25:59.610","671.81874330305674903","4.9986513638620291289","4.9986513638620291289","0","1000000000","671.81874330305674903","0","2.9991908183172175661","42607","0","0","0","0","0","0","0","0","0","0","0","0","0","0","49.913989412343148899","0.49913989412343146013","0","0","49.913989412343148899","0.49913989412343146013","1.7820338438470599828e-005","0","1.7820338438470599828e-005","28003.444670627861342","0","28003.444670627861342","285774546.02748173475","0","285774546.02748173475","10204.978329941808624","0","10204.978329941808624","70.733931349321778725","0","0","100","19.023286397895823541","25.474464956810972893","122.01739663562861438","176131.24232917497284","143751.19644387924927","1750.9029999738015704","0","100","3500","0","19.974805292488497344","0","0","176150.24127663328545","0","0","79.129930634558448332","80.025194707511502656","1346","86685.197640050741029","0.58590994281993336035","0.87886491422989998501","230468.23205994389718","4.2966595813634755885","15.575370983468546981","19.974805292488497344","48433776.567082196474","11659.854171344570204","49694624.39033947885","11660.853901617341762","304425.86590137978783","10835.076696307334714","0","0","0","3553.0413894331304618","0","0","0","0","0","4.9986513638620291289","3.9989210910896235696","0","0","0","0","0","0","0","0","0","0","0","39047.464993944631715","1867.4961495388542971","1962.4705254522327778","77105.197017844577204","0","0","0","0","0","0","0","0","0","0","0","0"
"05/14/2026 15:26:00.610","63.99502758635653521","1.9998446120736417253","1.9998446120736417253","0","1000000000","63.99502758635653521","0","0.99992230603682086265","42608","0","0","0","0","0","0","0","0","0","0","0","0","0","0","21.4211279516750146","0.21421127951675014711","0","0","21.4211279516750146","0.21421127951675014711","1.5241124155104944125e-005","0","1.5241124155104944125e-005","14053.908011347517458","0","14053.908011347517458","70896251.36126922071","0","70896251.36126922071","5044.5933831376732996","0","5044.5933831376732996","80.558466907470275942","0","0","100","20.516422657059855794","25.468351271452156936","121.99888129463327857","188462.70600953721441","134340.9401741141628","1727.7864455953244942","0","100","3500","0","19.678760079746982825","0","0","188472.70477368996944","0","0","79.128745064937675124","80.321239920253020728","1417","78917.245828415601864","0.53710317878962932081","0.78124007825100627578","233922.08723001836916","5.2733730281625419423","14.452946447580114153","19.678760079746982825","54020542.603839680552","13047.986171474474759","55431468.974860645831","13048.98609378051151","328922.44272620015545","11652.094632247073605","0","0","0","3851.7007228538341224","0","0","0","0","0","0","0","0","0","0","0","0","0","0","0","0","0","0","42357.708806025766535","901.92992004521238414","940.92688998064841144","83690.497248363797553","0","0","0","0","0","0","0","0","0","0","0","0"
"05/14/2026 15:26:01.610","128.04992666640723087","4.0015602083252259646","4.0015602083252259646","0","1000000000","128.04992666640723087","0","2.0007801041626129823","42610","0","0","0","0","0","0","0","0","0","0","0","0","0","0","27.686946357480252345","0.27686946357480252123","0","0","27.686946357480252345","0.27686946357480252123","1.4910766413529379136e-005","0","1.4910766413529379136e-005","18574.242096993617452","0","18574.242096993617452","87991812.007501736283","0","87991812.007501736283","4737.3029568589436167","0","4737.3029568589436167","74.896462048285300739","0","0","100","25.097275878513976011","30.163920993755422018","122.00623365526527664","213183.73352083319332","113007.03365492905141","1702.3013073313975383","0","100","3500","0","18.987918272123295083","0","0","213097.71829613842419","0","0","75.258839878902691112","81.060915478308743332","1018","93199.496310847011046","0.6348087533122543924","1.6602875100807743536","274686.6195316570811","6.4946387882589382556","12.500960073733663691","18.939084521691263774","73436008.699792057276","17888.974911317924125","75370362.904496461153","17889.975301370006491","430647.90961996081751","15126.897977521435678","0","0","0","3694.4404623362652273","0","0","0","0","0","5.0019502604065326778","4.0015602083252259646","0","0","0","0","0","0","0","0","0","0","0","40627.840795126023295","1348.5257902056011972","1409.5495833825609679","79829.125375984105631","0","0","0","0","0","0","0","0","0","0","0","0"
"05/14/2026 15:26:02.610","383.89492795821786331","11.996716498694308228","11.996716498694308228","0","1000000000","383.89492795821786331","0","5.9983582493471541142","42616","0","0","0","0","0","0","0","0","0","0","0","0","0","0","21.58724235046217288","0.21587242350462171325","0","0","21.58724235046217288","0.21587242350462171325","1.5550857225183691587e-005","0","1.5550857225183691587e-005","13878.201536239532288","0","13878.201536239532288","70157565.874220237136","0","70157565.874220237136","5055.2346924074345225","0","5055.2346924074345225","80.778817489069226099","0","0","100","22.978137119379486109","28.344300771800483574","121.99854714213907414","173355.79291783104418","141713.69328111573122","1738.9678290951619601","0","100","3500","0","19.972396585192399243","0","0","173386.79234434163664","0","0","76.783412191661540191","79.88111652032976906","1118","72531.65816432396241","0.92772033232895456667","1.0253682621928414953","221852.89572142917314","7.2752357650017822621","12.792688794997545187","20.118883479670234493","55317095.710903927684","12983.446430711914218","56721051.448218628764","12984.446157086806124","317892.99268790136557","11192.936493281789808","0","0","0","3495.0434066196085041","0","0","0","0","0","0","0","0","0","0","0","0","0","0","0","0","0","0","38421.484039818307792","1114.6949080036795294","1262.6544114875759988","75887.229665240622126","0","0","0","0","0","0","0","0","0","0","0","0"
"05/14/2026 15:26:03.611","255.90319182253355734","7.996974744454173667","7.996974744454173667","0","1000000000","255.90319182253355734","0","3.9984873722270868335","42620","0","0","0","0","0","0","0","0","0","0","0","0","0","0","22.346279696913324386","0.2234627969691332372","0","0","22.346279696913324386","0.2234627969691332372","1.5588800557880055317e-005","0","1.5588800557880055317e-005","14334.577229434105902","0","14334.577229434105902","93812062.896606221795","0","93812062.896606221795","6544.459693165968929","0","6544.459693165968929","79.966266167793278896","0","0","100","22.809119392744214849","27.559657986785854433","122.01334985835694624","182361.54745210843976","135819.70171178627061","1722.3723675092794565","0","100","3500","0","19.218587855360567573","0","0","182419.52632460731547","0","0","77.416985693260443213","80.732599751269717103","1211","75057.648992707050638","0.73215591136277136108","1.3178846390107088471","227421.12774105113931","6.2965588312295759366","12.934794419652831721","19.267400248730282897","50960793.531806923449","12317.340350145541379","52292729.660369485617","12318.339971988596517","313645.34796486492269","11117.79413847741489","0","0","0","3762.5766172656885828","0","0","0","0","0","0","0","0","0","0","0","0","0","0","0","0","0","0","41359.353756473930844","582.77953450209793118","608.76970242157392477","81686.098149070210638","0","0","0","0","0","0","0","0","0","0","0","0"
"05/14/2026 15:26:04.610","64.016868444835210994","2.0005271389011003436","2.0005271389011003436","0","1000000000","64.016868444835210994","0","1.0002635694505501718","42621","0","0","0","0","0","0","0","0","0","0","0","0","0","0","18.286322323511519983","0.1828632232351151965","0","0","18.286322323511519983","0.1828632232351151965","1.4203597513597513588e-005","0","1.4203597513597513588e-005","12873.392138828581665","0","12873.392138828581665","53450500.20680449158","0","53450500.20680449158","4152.0136752136750147","0","4152.0136752136750147","81.974497424563793402","0","0","100","20.561206867576515833","24.846345417907748754","121.99535625608950795","192641.38422100257594","132278.57424714433728","1722.5936057565438659","0","100","3500","0","17.549758872027865664","0","0","192654.3887023468269","0","0","79.634302163374414363","82.352557515040928138","1624","76917.505772489195806","0.58614169135599558658","0.97689614996520290902","232215.02129633873119","4.5425730994035049548","13.090434418483400947","17.647442484959075415","54130299.333874471486","13074.445116288141435","55544091.868207268417","13075.445379857592343","327742.3601118894876","11592.054506362426764","0","0","0","3769.9933932591238772","0","0","0","0","0","0","0","0","0","0","0","0","0","0","0","0","0","0","41454.923372308599937","992.26146089494579883","1042.2746393674733554","81875.574213805331965","0","0","0","0","0","0","0","0","0","0","0","0"
"05/14/2026 15:26:05.610","127.97405965810730777","3.9991893643158533678","3.9991893643158533678","0","1000000000","127.97405965810730777","0","1.9995946821579266839","42623","0","0","0","0","0","0","0","0","0","0","0","0","0","0","27.459624140985177121","0.27459624140985178231","0","0","27.459624140985177121","0.27459624140985178231","1.4160246493399339144e-005","0","1.4160246493399339144e-005","19388.070038203255535","0","19388.070038203255535","83623369.542993634939","0","83623369.542993634939","4313.1353135313529492","0","4313.1353135313529492","73.969509717676245941","0","0","100","21.986668117233534758","28.778108066165046353","122.00550766121101276","229710.70581757073523","106452.29268335153756","1672.8449272752416164","0","100","3500","0","22.851351698649590816","0","0","229688.70785678169341","0","0","76.417286326673078634","77.148648301350405632","1755","97925.922267005851609","0.4394511865182035848","1.6601644824441024184","288744.23340956296306","6.9336087207435461721","15.966843110476396816","22.851351698649590816","78877963.436811357737","19240.100031723570282","80958405.731158301234","19241.099829064649384","448401.10909518640256","15654.826766614407461","0","0","0","3689.252188581374412","0","0","0","0","0","3.9991893643158533678","2.9993920232368900258","0","0","0","0","0","0","0","0","0","0","0","40578.77468237188441","1566.682433470735532","1590.6775696566305669","79765.831465961848153","0","0","0","0","0","0","0","0","0","0","0","0"
"05/14/2026 15:26:06.611","128.07205333720750673","4.0022516667877345853","4.0022516667877345853","0","1000000000","128.07205333720750673","0","2.0011258333938672926","42625","0","0","0","0","0","0","0","0","0","0","0","0","0","0","28.236378380815750688","0.28236378380815752021","0","0","28.236378380815750688","0.28236378380815752021","1.4477766955451889738e-005","0","1.4477766955451889738e-005","19517.980816007086105","0","19517.980816007086105","91330742.675829425454","0","91330742.675829425454","4679.3130671041162714","0","4679.3130671041162714","73.602239891508759229","0","0","100","22.492470665032591626","28.466573976596023954","122.02225697373745561","228122.38933270407142","107536.88370441483858","1747.8191007230750529","0","100","3500","0","22.036394437744057484","0","0","228038.39802580431569","0","0","76.634579804883330212","77.963595564168571173","768","96789.982236838477547","0.63464859172440313273","1.4645598297045774316","285158.4860966890119","6.5417185692377044504","15.426738864855153111","22.036404435831425275","76140856.846061587334","18429.368362640820123","78133637.984730213881","18430.368925557519105","440936.07063333829865","15473.70550671807905","0","0","0","3867.1756730336487635","0","0","0","0","0","0","0","0","0","0","0","0","0","0","0","0","0","0","42500.911012535652844","749.42162460600331997","804.45258502433466674","83583.023809195045033","0","0","0","0","0","0","0","0","0","0","0","0"
"05/14/2026 15:26:07.610","63.978701490273884644","1.9993344215710588951","1.9993344215710588951","0","1000000000","63.978701490273884644","0","0.99966721078552944757","42626","0","0","0","0","0","0","0","0","0","0","0","0","0","0","20.395149036072563575","0.20395149036072562909","0","0","20.395149036072563575","0.20395149036072562909","1.5205637583892616247e-005","0","1.5205637583892616247e-005","13405.537296633949154","0","13405.537296633949154","81933684.276504337788","0","81933684.276504337788","6111.9284116331100449","0","6111.9284116331100449","81.406048581654772534","0","0","100","19.39661198128364461","25.104440973711330543","121.99085636089384366","170140.81464148202213","149391.42218956648139","1702.3583464319240193","0","100","3500","0","19.904643479276739271","0","0","170237.8350642810401","0","0","79.44920746944742973","80.095366522875721671","1223","68680.457236248228583","1.0744512219029536126","0.68373714023257803341","208924.97870801802492","5.0303825383222466883","14.944626083533178118","19.904633477124278329","48502473.526563003659","11155.286405155722605","49708763.952480211854","11156.286072366508961","279063.09989404527005","9859.7176999776766024","0","0","0","3670.7779980044638251","0","0","0","0","0","0","0","0","0","0","0","0","0","0","0","0","0","0","40379.557645259890705","755.74841135386020596","993.66920752081625778","79909.398161352073657","0","0","0","0","0","0","0","0","0","0","0","0"
"05/14/2026 15:26:08.611","192.08340261341476207","6.0026063316692113148","6.0026063316692113148","0","1000000000","192.08340261341476207","0","3.0013031658346056574","42629","0","0","0","0","0","0","0","0","0","0","0","0","0","0","15.40998543950034616","0.15409985439500345494","0","0","15.40998543950034616","0.15409985439500345494","1.4619833064592620525e-005","0","1.4619833064592620525e-005","10547.579759131414903","0","10547.579759131414903","44301091.533944040537","0","44301091.533944040537","4200.119131177084455","0","4200.119131177084455","84.712795044071413031","0","0","100","20.234244423399328383","25.334488859596358878","122.02213865750194088","165287.00057315436425","153399.37383918254636","1741.5574702468102259","0","100","3500","0","18.623073013247616103","0","0","165124.04198093264131","0","0","79.211217623283360467","81.279290458573754563","579","64276.667298839362047","0.68342570446064765388","1.0739618195785731736","199286.36133558463189","5.7603352154142148933","12.985158367928351097","18.720709541426238331","44868994.117245711386","10714.652302029542625","46027633.19833471626","10715.652736418152926","269881.18240940215765","9557.1497144059958373","0","0","0","3478.5103692023076292","0","0","0","0","0","11.004778274726886522","9.003909497503816084","0","0","0","0","0","0","0","0","0","0","0","38198.585825965637923","1756.762786401855692","1853.8049220971747673","75535.797643336743931","0","0","0","0","0","0","0","0","0","0","0","0"
"05/14/2026 15:26:09.610","127.84544763835000936","3.9951702386984377924","3.9951702386984377924","0","1000000000","127.84544763835000936","0","1.9975851193492188962","42631","0","0","0","0","0","0","0","0","0","0","0","0","0","1","11.65522235636431958","0.11655222356364319802","0","0","11.65522235636431958","0.11655222356364319802","1.5588668896321070557e-005","0","1.5588668896321070557e-005","7465.9743835677054449","0","7465.9743835677054449","43148349.959733679891","0","43148349.959733679891","5779.3327090300999771","0","5779.3327090300999771","89.096071192445464249","0","0","100","18.222599892561138546","21.363888391486749896","121.97520947808466474","125783.45329445064999","209972.65400847236742","1713.7064420864703607","0","100","3500","0","13.749616161333266362","0","0","125899.43342705394025","0","0","82.580316053008246513","86.055028711632388649","1527","46869.971173937898129","0.43955153640490957079","0.92795435745657239845","149621.36985934307449","4.737424345023700134","9.1329697160043963322","13.944971288367613127","31342741.759486958385","6629.9850111200576066","32059738.981545209885","6630.9838036797318637","171748.37339140713448","6100.6249544925140071","0","0","0","3265.052877576298215","0","0","0","0","0","8.9891330370714843667","6.9915479177222659146","0","0","0","0","0","0","0","0","0","0","0","35939.552674771468446","1911.6889592172024095","2049.5223324522985422","71294.811702133287326","0","0","0","0","0","0","0","0","0","0","0","0"
"05/14/2026 15:26:10.611","64.043985409179029489","2.0013745440368446715","2.0013745440368446715","0","1000000000","64.043985409179029489","0","1.0006872720184223358","42632","0","0","0","0","0","0","0","0","0","0","0","0","0","0","28.937633292420507303","0.2893763329242050597","0","0","28.937633292420507303","0.2893763329242050597","1.4507803337843934465e-005","0","1.4507803337843934465e-005","19966.713138583578257","0","19966.713138583578257","92600429.975307032466","0","92600429.975307032466","4637.7402896807498109","0","4637.7402896807498109","72.925966438150609861","0","0","100","23.411663091159425676","29.824992795619735375","122.01621111787939356","232204.41837338000187","104063.57391720032319","1690.1122234516371918","0","100","3500","0","21.657355482375862721","0","0","232187.41724450504989","0","0","75.48127223373055017","78.196214040411533119","1235","98891.566400008960045","0.78098587057857038474","1.5131582498798905601","290082.26146216108464","6.9800593439298825871","14.838731540992835534","21.803785959588463328","77656226.296220242977","18930.001124772494222","79703140.11663210392","18931.001812044512917","444024.95634001429426","15520.659589005728776","0","0","0","3880.6652408874415414","0","0","0","0","0","5.0034363600921114568","4.002749088073689343","0","0","0","0","0","0","0","0","0","0","0","42658.297718873320264","834.57318486336419028","872.59930120006424659","83822.569340623143944","0","0","0","0","0","0","0","0","0","0","0","0"
"05/14/2026 15:26:11.611","128.04316335036540409","4.0013488546989188777","4.0013488546989188777","0","1000000000","128.04316335036540409","0","2.0006744273494594388","42634","0","0","0","0","0","0","0","0","0","0","0","0","0","0","21.041824079736731079","0.21041824079736731745","0","0","21.041824079736731079","0.21041824079736731745","1.5040045750232326039e-005","0","1.5040045750232326039e-005","13993.717282095794872","0","13993.717282095794872","82279512.423638001084","0","82279512.423638001084","5879.7466580884984069","0","5879.7466580884984069","80.741201161527186514","0","0","100","18.370099176568857047","23.177615345965890015","122.0176991895944667","178985.45571903666132","144809.35402942376095","1675.1820922934323335","0","100","3500","0","17.276091732044662308","0","0","178929.44963117490988","0","0","80.991268543905562183","82.723898266860217632","1170","72718.9045449240366","0.39067277866926430896","0.73250020877286059484","215526.42772269345005","3.8578424337464953808","13.429200497454472085","17.276101733139782368","48260756.701083935797","11635.922469464456299","49519012.859234847128","11636.922806678130655","293658.99244635365903","10395.504324507792262","0","0","0","3669.2368997589087485","0","0","0","0","0","4.0013488546989188777","3.0010116410241893803","0","0","0","0","0","0","0","0","0","0","0","40353.603199638600927","1562.5267277599277804","1626.5483094351104683","79696.865813465716201","0","0","0","0","0","0","0","0","0","0","0","0"
"05/14/2026 15:26:12.610","63.988546050257006925","1.9996420640705314664","1.9996420640705314664","0","1000000000","63.988546050257006925","0","0.99982103203526573321","42635","0","0","0","0","0","0","0","0","0","0","0","0","0","0","19.861712454931513605","0.19861712454931512717","0","0","19.861712454931513605","0.19861712454931512717","1.422678225979795079e-005","0","1.422678225979795079e-005","13954.502144116204363","0","13954.502144116204363","59627086.751471489668","0","59627086.751471489668","4272.9641040338183302","0","4272.9641040338183302","80.831765824421324851","0","0","100","19.910874530069921917","25.215405224166048015","121.99294678734293029","190770.5511052563088","133055.38174421773874","1702.4332692670284359","0","100","3500","0","19.607083323122232343","0","0","190883.57987107720692","0","0","79.3561551961357452","80.392926679593514905","1655","78378.947442124030204","0.39072608213129866872","1.2210315100549797851","235033.81610619902494","4.8841360429356575068","14.750094650697665344","19.607073320406488648","60360515.467731282115","14171.463308067857724","61892921.167111091316","14172.463129099891376","343766.4658026213292","12087.836277306363627","0","0","0","3663.3442613772135701","0","0","0","0","0","0","0","0","0","0","0","0","0","0","0","0","0","0","40286.788664829000481","1142.7954396163088404","1284.7700261653164944","79362.794059863284929","0","0","0","0","0","0","0","0","0","0","0","0"
"05/14/2026 15:26:13.610","0","0","0","0","1000000000","0","0","0","42635","0","0","0","0","0","0","0","0","0","0","0","0","0","0","27.519447982683658438","0.27519447982683659104","0","0","27.519447982683658438","0.27519447982683659104","1.4634501462377026893e-005","0","1.4634501462377026893e-005","18800.579983645842731","0","18800.579983645842731","87334859.57451403141","0","87334859.57451403141","4645.3279446955593812","0","4645.3279446955593812","74.282674080869455224","0","0","100","24.349419468794348376","30.733864400325742849","122.0118959155027909","219467.59439113482949","109098.69817416305887","1765.9323647904286645","0","100","3500","0","22.170040276928638434","0","0","219523.59224641698529","0","0","74.823249701557941194","77.829959723071368671","1249","91954.478143487111083","0.87888662161586494914","1.5624584386055331287","278637.32819033029955","6.9334155711458080873","15.233974776270949647","22.170040276928638434","74133131.30083116889","18067.75227144098244","76086815.989560857415","18068.752036396243057","431350.58947641408304","15127.443538024210284","0","0","0","3669.1373858005981674","0","0","0","0","0","4.9988247762950930309","3.9990598210360741582","0","0","0","0","0","0","0","0","0","0","0","40339.516179746140551","1263.7029034473994216","1349.6826895996750864","79290.358836637504282","0","0","0","0","0","0","0","0","0","0","0","0"
"05/14/2026 15:26:14.610","320.04432613917026629","10.001385191849070821","10.001385191849070821","0","1000000000","320.04432613917026629","0","5.0006925959245354107","42640","0","0","0","0","0","0","0","0","0","0","0","0","0","0","20.162244644213945577","0.20162244644213944689","0","0","20.162244644213945577","0.20162244644213944689","1.5007926466210181902e-005","0","1.5007926466210181902e-005","13437.861143768412148","0","13437.861143768412148","66380777.737716674805","0","66380777.737716674805","4939.8320928847870164","0","4939.8320928847870164","80.990637816908446212","0","0","100","21.286947966244049724","26.061277446706395011","122.0033630943464118","180524.18937946666847","139376.11378187377704","1724.82027372747757","0","100","3500","0","18.466756915899928515","0","0","180484.19354703239514","0","0","78.62062055996719323","81.337956381803650174","1496","72303.465978845008067","0.53704593042050086105","1.1717402113927808394","220671.00608116635703","5.5169218312255345893","13.182017385325931258","18.66204361819634272","50950744.678137920797","12333.708218588275486","52284441.39513322711","12334.70835710745996","313419.40858808945632","11117.539779259428542","0","0","0","3530.4889727227223375","0","0","0","0","0","0","0","0","0","0","0","0","0","0","0","0","0","0","38807.374821412769961","1530.2119343529079742","1606.2224618109607945","76661.617634042311693","0","0","0","0","0","0","0","0","0","0","0","0"
"05/14/2026 15:26:15.610","192.34051965599897471","6.0106412392499679598","6.0106412392499679598","0","1000000000","192.34051965599897471","0","3.0053206196249839799","42643","0","0","0","0","0","0","0","0","0","0","0","0","0","0","26.308312754106609077","0.26308312754106610853","0","0","26.308312754106609077","0.26308312754106610853","1.4998027253549234679e-005","0","1.4998027253549234679e-005","17570.106115867529297","0","17570.106115867529297","98022883.713326066732","0","98022883.713326066732","5578.9579793602824793","0","5578.9579793602824793","76.199109169180644585","0","0","100","22.115440508047065293","26.085540888314149299","122.02440850554057761","185765.14320507005323","135405.87813928938704","1661.1980148033644582","0","100","3500","0","16.688856093698056782","0","0","185573.12031594166183","0","0","78.528959002499902908","83.164635680678671292","743","79544.481702218909049","0.68367504917611754411","1.1231797235576106431","236578.20012145448709","6.1042693711097664178","10.450520044693559996","16.835364319321321602","62952206.586540810764","15360.193686903292473","64613143.108559392393","15361.195460443168486","365186.52622603054624","12792.648104203681214","0","0","0","3080.4536351156084493","0","0","0","0","0","0","0","0","0","0","0","0","0","0","0","0","0","0","33867.959836093818012","3820.7642810832294344","3963.0161237454785805","66529.784330178139498","0","0","0","0","0","0","0","0","0","0","0","0"
"05/14/2026 15:26:16.611","63.913742013778211515","1.9973044379305691098","1.9973044379305691098","0","1000000000","63.913742013778211515","0","0.99865221896528455492","42644","0","0","0","0","0","0","0","0","0","0","0","0","0","0","16.183100569758845921","0.16183100569758845921","0","0","16.183100569758845921","0.16183100569758845921","1.4263022026431719698e-005","0","1.4263022026431719698e-005","11334.702685255979304","0","11334.702685255979304","48279929.407271951437","0","48279929.407271951437","4259.4791189427314748","0","4259.4791189427314748","84.059807934437998256","0","0","100","18.763012316220276432","22.980947522122338711","122.00701331340850686","178852.69087263775873","145246.39599356107647","1719.4202115046807648","0","100","3500","0","16.287845427858947289","0","0","178891.67772627071827","0","0","81.218551176080424625","83.614527326082097147","448","70775.134624604586861","0.43930261397301201276","1.1226733430933921731","214714.59823747433256","4.6371142481697384952","11.910064173469800508","16.3854726739178993","48885871.627651326358","11514.46008466973035","50130999.203474991024","11515.458736888695057","292800.83599174558185","10373.000598392409302","0","0","0","3749.9390822146433493","0","0","0","0","0","0","0","0","0","0","0","0","0","0","0","0","0","0","41242.33933882832207","1334.199364537620113","1409.0982809600163819","81493.017024224114721","0","0","0","0","0","0","0","0","0","0","0","0"
"05/14/2026 15:26:17.610","256.25215211768380641","8.0078797536776189503","8.0078797536776189503","0","1000000000","256.25215211768380641","0","4.0039398768388094751","42648","0","0","0","0","0","0","0","0","0","0","0","0","0","0","17.049002922703362373","0.17049002922703362928","0","0","17.049002922703362373","0.17049002922703362928","1.4525824597289697213e-005","0","1.4525824597289697213e-005","11744.556643737438208","0","11744.556643737438208","59257797.672910138965","0","59257797.672910138965","5045.5542487002467169","0","5045.5542487002467169","83.678886961894022534","0","0","100","18.601897661375645043","21.406302169281765657","122.00401386608282905","161943.83822261507157","162901.292075844598","1622.5193684498408402","0","100","3500","0","11.883809711874082637","0","0","161926.83277917263331","0","0","82.425076528772322604","88.116190288125920915","1059","64822.749762198880489","0.19538707638332239447","0.83036506432658341303","196914.03218170136097","3.7122144032046202611","8.1571003325441626686","11.883809711874082637","50670039.318689592183","11332.150836423039436","51895449.121935985982","11333.151821392249985","271246.90695644513471","9511.3591774305914441","0","0","0","3333.2799474683088192","0","0","0","0","0","4.0039398768388094751","3.0029549076291068843","0","0","0","0","0","0","0","0","0","0","0","36621.035098536958685","1326.3050842028555962","1442.4193406311810577","72243.087197802640731","0","0","0","0","0","0","0","0","0","0","0","0"
"05/14/2026 15:26:18.610","127.74731580932913744","3.9921036190415355449","3.9921036190415355449","0","1000000000","127.74731580932913744","0","1.9960518095207677725","42650","0","0","0","0","0","0","0","0","0","0","0","0","0","1","21.085389877696211869","0.21085389877696211758","0","0","21.085389877696211869","0.21085389877696211758","1.4692287326691282968e-005","0","1.4692287326691282968e-005","14324.66581102579039","0","14324.66581102579039","72544123.723275363445","0","72544123.723275363445","5064.280359506723471","0","5064.280359506723471","80.122769734156889854","0","0","100","21.090783588536034188","25.79519743282932609","121.98693912740968415","198221.99940026050899","127309.55242844250461","1714.8269739583274713","0","100","3500","0","17.685354961753439795","0","0","198458.97548937311512","0","0","78.951205869877910004","82.314655037084691003","1270","79768.95131281252543","0.58586192284456550805","1.3670311509802559602","240705.71279357912135","5.2240029708547863763","12.596196321987385147","17.685344962915305445","55389363.838327787817","13404.485926836716317","56838836.780847482383","13405.483952741476969","341664.18823566980427","12126.014742838664461","0","0","0","3896.2931321845389903","0","0","0","0","0","0.99802590476038388623","0.99802590476038388623","0","0","0","0","0","0","0","0","0","0","0","42879.184972125134664","1074.8738994269335763","1128.7672982839942506","84677.50788939477934","0","0","0","0","0","0","0","0","0","0","0","0"
"05/14/2026 15:26:19.610","0","0","0","0","1000000000","0","0","0","42650","0","0","0","0","0","0","0","0","0","0","0","0","0","1","31.52688753552399703","0.31526887535523995254","0","0","31.52688753552399703","0.31526887535523995254","1.4922454678846973637e-005","0","1.4922454678846973637e-005","21131.799031560069125","0","21131.799031560069125","111801134.03753992915","0","111801134.03753992915","5290.6585885359963868","0","5290.6585885359963868","71.582903922037061761","0","0","100","24.677099250076398818","31.139211868216968071","122.00920376175548654","225198.81071571857319","105861.70049261959502","1731.0062316224339156","0","100","3500","0","22.899858009020256588","0","0","225146.81052851790446","0","0","74.460443777062053528","77.100141990979736306","1233","96039.345741644676309","0.68360471687254642514","1.7578221289726900789","286865.03271411778405","7.275440200537383717","15.576277476314587034","22.899858009020256588","77385642.279361650348","18895.291120613492239","79428806.281906619668","18896.291347765076353","452774.82516279449919","15886.607848642426688","0","0","0","3690.8381893528021465","0","0","0","0","0","4.0009086063445007397","3.0006814547583755548","0","0","0","0","0","0","0","0","0","0","0","40561.211451120550919","946.21488540047448623","1049.2382820138454917","79639.086036438879091","0","0","0","0","0","0","0","0","0","0","0","0"
"05/14/2026 15:26:20.610","64.013487641846140264","2.0004214888076918832","2.0004214888076918832","0","1000000000","64.013487641846140264","0","1.0002107444038459416","42651","0","0","0","0","0","0","0","0","0","0","0","0","0","0","23.713091638408517525","0.23713091638408517747","0","0","23.713091638408517525","0.23713091638408517747","1.432395940312934257e-005","0","1.432395940312934257e-005","16556.488452116860572","0","16556.488452116860572","68118544.577342450619","0","68118544.577342450619","4114.3111218510239269","0","4114.3111218510239269","77.256266348071179095","0","0","100","23.662985193565369002","28.854383923985206906","122.00794418768312255","204739.64098005159758","119310.26511414366541","1715.1812946628458576","0","100","3500","0","20.694285343387253562","0","0","204721.63907725046738","0","0","76.365157078498540955","79.256869215230580039","1178","85083.99337810005818","0.63483072014222385882","1.1231751217085583772","257224.18859673466068","6.9831979282492078198","13.771064096540355237","20.743130784769427066","69003407.017858669162","16816.543245661861874","70821802.153713792562","16817.543456406263431","400040.28848878457211","14024.955058030727741","0","0","0","3472.7317045701529423","0","0","0","0","0","1.0002107444038459416","1.0002107444038459416","0","0","0","0","0","0","0","0","0","0","0","38196.047907294065226","1965.4141127535572195","2301.4849228732496158","75082.819950163495378","0","0","0","0","0","0","0","0","0","0","0","0"
"05/14/2026 15:26:21.610","64.084187396983409712","2.0026308561557315535","2.0026308561557315535","0","1000000000","64.084187396983409712","0","1.0013154280778657768","42652","0","0","0","0","0","0","0","0","0","0","0","0","0","0","17.983219160958046956","0.17983219160958047178","0","0","17.983219160958046956","0.17983219160958047178","1.4895891318754140567e-005","0","1.4895891318754140567e-005","12087.879847755997616","0","12087.879847755997616","60421647.918871022761","0","60421647.918871022761","4998.531477799867389","0","4998.531477799867389","82.490854542727134913","0","0","100","20.881201380742894003","25.77732720309947112","122.01506818181817948","180098.92345068213763","140125.66020760094398","1724.0949976343695198","0","100","3500","0","19.869043452172608255","0","0","179937.91457909331075","0","0","78.797949897494873994","80.033301665083257603","409","70128.864100411927211","0.58596929846492329386","0.92777638881944102245","216833.94755051002721","5.9085054252712634337","14.01437071853592542","19.966698334916742397","49088659.772342927754","11596.233972569763864","50342631.114495113492","11597.235287997842534","298944.72368350299075","10613.943537625378667","0","0","0","3808.0025729801241141","0","0","0","0","0","0","0","0","0","0","0","0","0","0","0","0","0","0","41888.028302781363891","548.72085458667049807","590.77610256594084603","82798.772747758732294","0","0","0","0","0","0","0","0","0","0","0","0"
"05/14/2026 15:26:22.610","63.940362823594441011","1.9981363382373262816","1.9981363382373262816","0","1000000000","63.940362823594441011","0","0.99906816911866314079","42653","0","0","0","0","0","0","0","0","0","0","0","0","0","0","17.485666445532494606","0.1748566644553249394","0","0","17.485666445532494606","0.1748566644553249394","1.4844723660752187492e-005","0","1.4844723660752187492e-005","11768.023964048732523","0","11768.023964048732523","62413978.482269592583","0","62413978.482269592583","5303.6923338144151785","0","5303.6923338144151785","83.529847413420171165","0","0","100","19.128096628404591684","22.931619405671320067","122.00460394185927271","167639.67564656239119","155032.80547304631909","1684.9866886051599977","0","100","3500","0","16.308271971433498493","0","0","167754.67473806958878","0","0","81.258528782409371161","83.642897843011795089","1354","66766.472544866905082","0.63477241213516610863","1.0742240820515118749","203718.39062471408397","5.1269694824840330583","11.328173047057578771","16.357102156988201358","47327765.393217749894","10918.816020297868818","48508484.136845566332","10919.815088466988527","279575.24017349019414","9922.7450556865624094","0","0","0","3523.7134324815247055","0","0","0","0","0","0","0","0","0","0","0","0","0","0","0","0","0","0","38716.888757855551376","2075.0645872594632237","2217.93133544343209","76476.670209695425001","0","0","0","0","0","0","0","0","0","0","0","0"
"05/14/2026 15:26:23.610","384.00353283250206005","12.000110401015689376","12.000110401015689376","0","1000000000","384.00353283250206005","0","6.0000552005078446882","42659","0","0","0","0","0","0","0","0","0","0","0","0","0","0","19.163536454785553786","0.1916353645478555412","0","0","19.163536454785553786","0.1916353645478555412","1.4716848410382430632e-005","0","1.4716848410382430632e-005","13022.119803502193463","0","13022.119803502193463","65827421.612278833985","0","65827421.612278833985","5055.0465366303178598","0","5055.0465366303178598","81.644752183615281638","0","0","100","19.841662173599324603","24.172039415266617368","122.00736517371149148","186717.2514625438198","137409.47359965727082","1695.8478824449448439","0","100","3500","0","17.483671633540620149","0","0","186720.25119346796419","0","0","80.180448998578853548","82.516328366459376298","478","75159.258214538160246","0.34177673906252437064","1.123006427350618841","224413.87007585421088","4.6384900265869690728","12.841291757879794488","17.483671633540620149","50453308.170435167849","12189.112139831686363","51771372.296625129879","12190.112149031770969","317210.91834044875577","11296.103924156102948","0","0","0","3794.0349051211273945","0","0","0","0","0","4.0000368003385631255","3.0000276002539223441","0","0","0","0","0","0","0","0","0","0","0","41706.383698730031028","1571.0144533329707883","1646.0151433393186835","82344.75757176965999","0","0","0","0","0","0","0","0","0","0","0","0"
"05/14/2026 15:26:24.610","255.87313809813096555","7.9960355655665926733","7.9960355655665926733","0","1000000000","255.87313809813096555","0","3.9980177827832963366","42663","0","0","0","0","0","0","0","0","0","0","0","0","0","1","19.359782806095957142","0.19359782806095957031","0","0","19.359782806095957142","0.19359782806095957031","1.4750761962816214665e-005","0","1.4750761962816214665e-005","13117.496345311994446","0","13117.496345311994446","66162652.556862309575","0","66162652.556862309575","5043.8476074367572437","0","5043.8476074367572437","81.520707344254901727","0","0","100","19.874061972984822688","24.504265722852817788","121.98893694296432955","183943.38264966040151","139060.8899908651947","1669.1577354059959362","0","100","3500","0","17.7208580711280419","0","0","183977.38586296405992","0","0","79.939885258767802156","82.279141928871950995","1302","73770.971356793219456","0.73246340033105505896","0.78128562662457401444","223159.08853386645205","4.8342004395400426375","12.891217839533483769","17.7208580711280419","51337211.010780856013","12425.839268890484163","52680872.823254235089","12426.838773336181475","321240.72884663788136","11424.335814303269217","0","0","0","3647.1917223440618727","0","0","0","0","0","0","0","0","0","0","0","0","0","0","0","0","0","0","40096.120343533679261","2078.9692470473141839","2180.9187005082881115","79130.766965738395811","0","0","0","0","0","0","0","0","0","0","0","0"
"05/14/2026 15:26:25.610","127.95296449025339314","3.9985301403204185355","3.9985301403204185355","0","1000000000","127.95296449025339314","0","1.9992650701602092678","42665","0","0","0","0","0","0","0","0","0","0","0","0","0","1","28.859798661797569252","0.28859798661797569919","0","0","28.859798661797569252","0.28859798661797569919","1.4668450203252033943e-005","0","1.4668450203252033943e-005","19672.768290376458026","0","19672.768290376458026","91982827.112753361464","0","91982827.112753361464","4675.642276422764553","0","4675.642276422764553","73.205069605401433819","0","0","100","24.015357029747946171","31.183966051703013278","122.00659607489735947","224162.48981279539294","106239.97520889627049","1755.5182857823815539","0","100","3500","0","24.287810297088618938","0","0","224247.46649519374478","0","0","74.426883136825836118","75.663372746802053825","1318","94698.014864721131744","0.92748217676236910378","1.7573404386347968309","284037.06023067270871","7.6639721866317316312","16.645942204243024065","24.336627253197949727","77156477.278952270746","18827.079165698691213","79192264.923414155841","18828.078798233771522","452861.52810226962902","15902.154368054305451","0","0","0","3684.6455243052655533","0","0","0","0","0","6.9974277455607323262","4.9981626754005228364","0","0","0","0","0","0","0","0","0","0","0","40526.102604682520905","1070.6064450707920059","1181.5656564646837978","79578.746852656971896","0","0","0","0","0","0","0","0","0","0","0","0"
"05/14/2026 15:26:26.610","192.13851265377209643","6.0043285204303780134","6.0043285204303780134","0","1000000000","192.13851265377209643","0","3.0021642602151890067","42668","0","0","0","0","0","0","0","0","0","0","0","0","0","0","25.827951422368851553","0.25827951422368849999","0","0","25.827951422368851553","0.25827951422368849999","1.4761321671525753316e-005","0","1.4761321671525753316e-005","17505.619801314769575","0","17505.619801314769575","84610627.801582157612","0","84610627.801582157612","4833.3408792088266637","0","4833.3408792088266637","75.915361631609229676","0","0","100","23.788818165958993234","30.845788446857238085","122.02287780352823177","204588.72806549016968","116889.69655475950276","1754.4007051210496684","0","100","3500","0","23.029074321983245","0","0","204476.70247884618584","0","0","74.726486763739771391","76.824401801696552639","642","85233.467323936783941","0.83027195887689231313","1.0744684170980332016","257723.86413056743913","6.9840347088246792495","16.117006251845424458","23.175598198303447361","69049269.618467956781","16715.049879458103533","70856696.592573583126","16716.050600878174009","401105.15670747042168","14078.148937569094414","0","0","0","3472.5033276489020864","0","0","0","0","0","13.009378460932486732","11.007935620789027098","0","0","0","0","0","0","0","0","0","0","0","38208.544539758710016","1839.3259700918392809","1974.4233618015227876","75082.126705141738057","0","0","0","0","0","0","0","0","0","0","0","0"
"05/14/2026 15:26:27.610","128.01251962441926935","4.0003912382631021671","4.0003912382631021671","0","1000000000","128.01251962441926935","0","2.0001956191315510836","42670","0","0","0","0","0","0","0","0","0","0","0","0","0","0","20.675983440372760924","0.20675983440372761035","0","0","20.675983440372760924","0.20675983440372761035","1.4777678507612036413e-005","0","1.4777678507612036413e-005","13992.368453634766411","0","13992.368453634766411","71166768.10992115736","0","71166768.10992115736","5086.1130726895862608","0","5086.1130726895862608","80.470586141122439017","0","0","100","20.53129624918601337","25.388265166533070527","121.99827785038824857","188337.78558949034777","134533.29953603923786","1709.0343515904669403","0","100","3500","0","17.91781227955680933","0","0","188361.7860719000455","0","0","79.179032819046739178","81.935713941419692219","1684","75527.518103113863617","0.29297755882101755853","1.1230689751795597253","229851.62001756235259","4.492305901492258613","13.623401483758282637","18.064286058580314887","55457275.721565574408","13004.271817783779625","56863481.248466104269","13005.271915593344602","323771.66486882418394","11437.118550194209092","0","0","0","3853.3768602569334689","0","0","0","0","0","0","0","0","0","0","0","0","0","0","0","0","0","0","42367.143506634951336","796.07785641435737034","874.08548556048788214","83710.186856274551246","0","0","0","0","0","0","0","0","0","0","0","0"
"05/14/2026 15:26:28.610","63.9869146759487748","1.9995910836233992125","1.9995910836233992125","0","1000000000","63.9869146759487748","0","0.99979554181169960625","42671","0","0","0","0","0","0","0","0","0","0","0","0","0","1","29.218851506624492487","0.29218851506624493597","0","0","29.218851506624492487","0.29218851506624493597","1.4554750996015935736e-005","0","1.4554750996015935736e-005","20075.89447957892844","0","20075.89447957892844","98369899.355581790209","0","98369899.355581790209","4899.9011952191231103","0","4899.9011952191231103","73.196782460575064988","0","0","100","22.7460220210548556","29.218820435462120599","122.00247147781013268","227314.92140888844733","107050.29294040024979","1728.5735609025255144","0","100","3500","0","21.308150642654087648","0","0","227288.92782150645507","0","0","76.04259206716450592","78.691849357345915905","1242","98608.673240311618429","0.73224235800394821272","1.1715957708659878733","286813.24317290924955","5.85794886160617434","15.425947665096447992","21.308150642654087648","76218213.375364735723","18582.199940112248441","78227522.471654549241","18583.199735654059623","449991.9766407769639","15822.764244711957872","0","0","0","3814.2199920116336216","0","0","0","0","0","7.99836433449359685","6.9985687926818966886","0","0","0","0","0","0","0","0","0","0","0","41904.430543953763845","1162.7622151270065842","1266.7409514754233442","82300.169615313672693","0","0","0","0","0","0","0","0","0","0","0","0"
"05/14/2026 15:26:29.611","672.02009340079268895","5.0001495044701833592","5.0001495044701833592","0","1000000000","672.02009340079268895","0","3.000089702682110282","42673","0","0","0","0","0","0","0","0","0","0","0","0","0","0","17.994218068969420443","0.17994218068969419777","0","0","17.994218068969420443","0.17994218068969419777","1.4414337204645575545e-005","0","1.4414337204645575545e-005","12485.373312662048193","0","12485.373312662048193","58590935.868982486427","0","58590935.868982486427","4692.7660392470961597","0","4692.7660392470961597","82.359690983753182536","0","0","100","19.732094718367882535","24.083103352835678379","122.01034913122406067","187197.64074919052655","137221.4028921094723","1713.80445491169462","0","100","3500","0","16.904144190517158108","0","0","187163.64462814791477","0","0","80.258164130410108328","83.095845810639715978","1260","74744.471655784072937","0.53704786356218581211","1.0740957271243716242","225347.28787445352646","4.6869577189919127136","12.205617810019381508","16.904154189360287575","51037914.033629603684","12303.367870699334162","52368333.813181012869","12304.367900600227586","313277.36699327308452","11111.332228833642148","0","0","0","3811.1139523071742587","0","0","0","0","0","6.000179405364220564","4.0001196035761470426","0","0","0","0","0","0","0","0","0","0","0","41934.253834189643385","1217.036389388042835","1267.0378844327444767","82854.477348872736911","0","0","0","0","0","0","0","0","0","0","0","0"
"05/14/2026 15:26:30.610","128.12149761618942989","4.0037968005059196841","4.0037968005059196841","0","1000000000","128.12149761618942989","0","2.001898400252959842","42675","0","0","0","0","0","0","0","0","0","0","0","0","0","0","20.24015666192303442","0.20240156661923033865","0","0","20.24015666192303442","0.20240156661923033865","1.4825021981242673616e-005","0","1.4825021981242673616e-005","13660.954683326199302","0","13660.954683326199302","69394702.996851921082","0","69394702.996851921082","5079.7842907385693252","0","5079.7842907385693252","80.55210603489720711","0","0","100","21.139307105973344392","26.31242336836646345","122.00976804601967274","197269.52535853022709","127222.02617030989495","1694.580054752741944","0","100","3500","0","19.503543119541745909","0","0","197179.4945409813954","0","0","78.400115319693043148","80.496456880458254091","781","78380.829758026171476","0.48844812384422714446","1.1234366869076335416","238907.77813245475409","5.3241025560998096466","14.165025601812144984","19.454696306468687084","53377998.355840846896","12807.145015618310936","54762891.650151841342","12808.145964818437278","333668.41776056232629","11878.264157900937789","0","0","0","4086.8755841164174853","0","0","0","0","0","0","0","0","0","0","0","0","0","0","0","0","0","0","44942.619085678947158","165.15661802086918897","174.1651608220075218","88908.311752034453093","0","0","0","0","0","0","0","0","0","0","0","0"
"05/14/2026 15:26:31.610","128.00846135929583625","4.0002644174779948827","4.0002644174779948827","0","1000000000","128.00846135929583625","0","2.0001322087389974413","42677","0","0","0","0","0","0","0","0","0","0","0","0","0","0","11.032961503245829249","0.11032961503245829193","0","0","11.032961503245829249","0.11032961503245829193","1.6092269544924152461e-005","0","1.6092269544924152461e-005","6856.4532115572837938","0","6856.4532115572837938","44936090.275567211211","0","44936090.275567211211","6553.8389731621937244","0","6553.8389731621937244","89.482623240133804643","0","0","100","17.954730094024327514","21.186050418285866215","121.98990327038231385","128715.17622287217819","205442.37330267531797","1625.9895936666005127","0","100","3500","0","14.354682063074974963","0","0","128719.17619727234705","0","0","82.645810341455145931","85.596497487776886715","557","46642.701486710488098","0.48828449221732839192","0.34179314449692937972","150543.03652456623968","3.6621436917219640783","10.742288829057226707","14.452332961463243421","29192617.632025476545","5886.389090318869421","29829219.711422923952","5887.389156423239001","161818.69621581985848","5797.383207029984078","0","0","0","3635.240289383128129","0","0","0","0","0","0","0","0","0","0","0","0","0","0","0","0","0","0","39922.638886430388084","1034.0683519180618077","1094.0723181802316049","79311.242473127465928","0","0","0","0","0","0","0","0","0","0","0","0"
"05/14/2026 15:26:32.610","127.89474262681812888","3.9967107070880665276","3.9967107070880665276","0","1000000000","127.89474262681812888","0","1.9983553535440332638","42679","0","0","0","0","0","0","0","0","0","0","0","0","0","0","21.805821091140078494","0.21805821091140079049","0","0","21.805821091140078494","0.21805821091140079049","1.5081740213030847276e-005","0","1.5081740213030847276e-005","14446.110850769815443","0","14446.110850769815443","80072340.463798299432","0","80072340.463798299432","5542.8302669802187665","0","5542.8302669802187665","80.197027792617106456","0","0","100","21.404079027151382775","26.891744833621576305","122.01172388260147272","177175.52787646974321","140808.96027813208639","1697.0529480519792287","0","100","3500","0","19.235905535622745077","0","0","177288.53140217973851","0","0","77.9928829907599237","80.617600157444627484","1164","72046.247842932702042","0.3906414848596548306","1.3183987609235712224","221701.91709981352324","5.9572051418311700033","13.476956222512942674","19.382399842555376068","54722171.652729801834","12669.572941469170473","56092188.129169695079","12670.572119145943361","313382.08654277527239","11056.900171159135425","0","0","0","3595.0412810257157616","0","0","0","0","0","0","0","0","0","0","0","0","0","0","0","0","0","0","39553.447512697050115","1138.0633738433268718","1222.9934763689482224","78168.667186905178824","0","0","0","0","0","0","0","0","0","0","0","0"
"05/14/2026 15:26:33.610","63.988072623263022365","1.9996272694769694489","1.9996272694769694489","0","1000000000","63.988072623263022365","0","0.99981363473848472445","42680","0","0","0","0","0","0","0","0","0","0","0","0","0","0","18.976960082015352782","0.18976960082015351117","0","0","18.976960082015352782","0.18976960082015351117","1.4437849969567863979e-005","0","1.4437849969567863979e-005","13141.550415002642694","0","13141.550415002642694","60928930.847290061414","0","60928930.847290061414","4636.3578819233107424","0","4636.3578819233107424","81.554315720905805165","0","0","100","20.99139784946236631","25.594262032770096482","122.00737509247466051","190085.27767594484612","133016.88311005212017","1690.9935742244178982","0","100","3500","0","17.236983827827756954","0","0","190123.27753154537641","0","0","79.028515674726179441","82.66536694360114268","1753","76730.708423307994963","0.34178729988033090814","0.87890305666585233357","232366.11700875536189","4.3456656692412130027","12.93935777907354634","17.334633056398850215","53688912.386731110513","13003.576133408732858","55095042.284118235111","13004.575947043471388","328838.70446548762266","11648.828658338085006","0","0","0","3780.2953529462106417","0","0","0","0","0","0","0","0","0","0","0","0","0","0","0","0","0","0","41582.249068773577164","1079.7987255175635255","1128.7895936197492119","82161.685061904456234","0","0","0","0","0","0","0","0","0","0","0","0"
"05/14/2026 15:26:34.610","0","0","0","0","1000000000","0","0","0","42680","0","0","0","0","0","0","0","0","0","0","0","0","0","0","26.873186693121255075","0.26873186693121253743","0","0","26.873186693121255075","0.26873186693121253743","1.4366123169036672353e-005","0","1.4366123169036672353e-005","18710.23786887730239","0","18710.23786887730239","87821747.625837251544","0","87821747.625837251544","4693.7803913182933684","0","4693.7803913182933684","74.742618297883282708","0","0","100","21.654066032528259456","27.170868566948534806","122.01891252955083189","219476.18111444861279","113316.38411386552616","1725.9699681225547465","0","100","3500","0","20.410396727770141467","0","0","219462.18135804438498","0","0","77.72467905349493833","79.589593272260856338","1092","94271.359678341599647","0.48827848633669235223","1.1230365185867925426","275820.20072850736324","5.4687330469275545752","14.990183530431055559","20.410406727739140109","73823581.041105806828","18005.078150201021344","75770490.015988618135","18006.078376752335316","433490.18552702188026","15225.448564099768191","0","0","0","3686.835068142934233","0","0","0","0","0","0","0","0","0","0","0","0","0","0","0","0","0","0","40470.166492710603052","2021.4578602053366012","2070.4689612197162205","79629.035976648709038","0","0","0","0","0","0","0","0","0","0","0","0"
"05/14/2026 15:26:35.610","256.09698392781342591","8.0030307477441695596","8.0030307477441695596","0","1000000000","256.09698392781342591","0","4.0015153738720847798","42684","0","0","0","0","0","0","0","0","0","0","0","0","0","0","18.408283280480507216","0.18408283280480508548","0","0","18.408283280480507216","0.18408283280480508548","1.4691508379888266379e-005","0","1.4691508379888266379e-005","12534.746908654306026","0","12534.746908654306026","63852148.808753870428","0","63852148.808753870428","5094.0118116520352487","0","5094.0118116520352487","82.313849787042045136","0","0","100","19.295584110542037592","23.003654440929739877","122.00234225824246437","180240.65754275067593","144079.47393246580032","1678.9968099060611166","0","100","3500","0","16.309403429727076684","0","0","180176.6576643504377","0","0","81.128411167252792779","83.690606570176925061","687","72464.862316761602415","0.48828531246100043139","0.97656062501799978381","216524.58860328164883","4.6874550004319965879","11.620978438606989869","16.309393429823071386","48651784.430763930082","11632.405191846151865","49909652.785509869456","11633.405570689619708","299337.35905787517549","10632.026348378130933","0","0","0","3766.426345657100228","0","0","0","0","0","0","0","0","0","0","0","0","0","0","0","0","0","0","41456.6996521582696","1403.5315173856338333","1483.5618248630755716","82001.053799073706614","0","0","0","0","0","0","0","0","0","0","0","0"
"05/14/2026 15:26:36.610","191.8137871754101127","5.9941808492315660217","5.9941808492315660217","0","1000000000","191.8137871754101127","0","2.9970904246157830109","42687","0","0","0","0","0","0","0","0","0","0","0","0","0","0","13.380171225738147101","0.13380171225738146656","0","0","13.380171225738147101","0.13380171225738146656","1.5749152741821602803e-005","0","1.5749152741821602803e-005","8489.7581427949753561","0","8489.7581427949753561","58053593.57136092335","0","58053593.57136092335","6838.0738997411153832","0","6838.0738997411153832","87.846861586279942458","0","0","100","18.059129689284421971","21.863597685228135958","122.00064261042635394","134550.3576102690422","195221.9886030149064","1695.5508485802113228","0","100","3500","0","14.328786008816718933","0","0","134581.3494005438115","0","0","82.113003788520671833","85.67121399118327929","1145","50403.64807362529973","0.1952595254126808233","0.73223071835930408913","159551.73474546594662","3.6611635892121885405","10.59297171681120453","14.328786008816718933","31311810.49437206611","6523.6668242470213954","32017317.588085487485","6524.6658543885596373","174418.67435094012762","6231.9500229177519941","0","0","0","3660.446438597409724","0","0","0","0","0","8.9912712738473494767","6.9932109907701605067","0","0","0","0","0","0","0","0","0","0","0","40224.949618909966375","448.56453355082885537","494.51992006160423898","79867.464665302934009","0","0","0","0","0","0","0","0","0","0","0","0"
"05/14/2026 15:26:37.610","127.96461778318294478","3.9988943057244670243","3.9988943057244670243","0","1000000000","127.96461778318294478","0","1.9994471528622335121","42689","0","0","0","0","0","0","0","0","0","0","0","0","0","0","20.356900487846349534","0.20356900487846349423","0","0","20.356900487846349534","0.20356900487846349423","1.457525064451446677e-005","0","1.457525064451446677e-005","13960.140021284114482","0","13960.140021284114482","60886588.858180709183","0","60886588.858180709183","4361.4597536522487644","0","4361.4597536522487644","80.256630684560207101","0","0","100","22.47972123093664365","28.593469250588103847","121.99096934491915079","197177.61588326952187","124245.72197937057354","1706.3168630414668314","0","100","3500","0","21.029323291350042524","0","0","197257.63074202879216","0","0","76.575333628391604179","78.824157771159804042","1231","78756.625105282044387","0.43953680851968263132","0.8790836190147554019","243047.13385275643668","6.1535653291525074238","15.139710092743316139","21.175842228840192405","57766063.683391541243","14003.128135070652206","59280265.006725639105","14004.127858647083485","351806.72544041572837","12453.556591602422486","0","0","0","3787.9526310975015804","0","0","0","0","0","0","0","0","0","0","0","0","0","0","0","0","0","0","41636.487511203151371","912.74762528160965758","975.73021059677000721","82216.267202118615387","0","0","0","0","0","0","0","0","0","0","0","0"
"05/14/2026 15:26:38.610","192.07479392475428881","6.0023373101485715253","6.0023373101485715253","0","1000000000","192.07479392475428881","0","3.0011686550742857627","42692","0","0","0","0","0","0","0","0","0","0","0","0","0","0","20.479836105239794364","0.20479836105239793143","0","0","20.479836105239794364","0.20479836105239793143","1.4960915930173107448e-005","0","1.4960915930173107448e-005","13696.33335220734989","0","13696.33335220734989","68245454.780091360211","0","68245454.780091360211","4982.7536337740120871","0","4982.7536337740120871","80.305812904812654551","0","0","100","23.017077486194033042","28.263081274436402168","122.01554135727853634","193908.47048269954394","126812.87875271412486","1727.719072878750012","0","100","3500","0","20.471227430975623918","0","0","193848.48023711345741","0","0","76.814830516100514046","79.382305125010745428","1124","76829.507522076921305","0.97640963291653082301","1.2693345224835375085","237350.40682385046966","7.0301673542274487616","13.572119893536394031","20.617694874989254572","53340218.681154437363","12883.01664668221747","54733313.152141444385","12884.017036233908584","332261.38258237758419","11810.599047269006405","0","0","0","3956.5406769396004165","0","0","0","0","0","0","0","0","0","0","0","0","0","0","0","0","0","0","43508.942382163615548","520.20256687954292829","541.21074746506292286","85912.454309708205983","0","0","0","0","0","0","0","0","0","0","0","0"
"05/14/2026 15:26:39.610","128.0060930900311007","4.0001904090634718969","4.0001904090634718969","0","1000000000","128.0060930900311007","0","2.0000952045317359484","42694","0","0","0","0","0","0","0","0","0","0","0","0","0","0","19.129930083524566697","0.19129930083524568363","0","0","19.129930083524566697","0.19129930083524568363","1.4643141457440293199e-005","0","1.4643141457440293199e-005","13064.621876001298006","0","13064.621876001298006","68394167.562375977635","0","68394167.562375977635","5235.0667483159832045","0","5235.0667483159832045","81.530314406137961214","0","0","100","19.624712007372611566","24.176333085873000783","121.99390485109267956","188513.09425654713414","136101.8480405677692","1649.0008245004121363","0","100","3500","0","18.358824840008914236","0","0","188521.09426054713549","0","0","80.179845222947520256","81.494694163920314622","1067","75580.037790018890519","0.43946298834832075997","0.83007564451438275999","225892.11294605646981","4.4922105470317195142","14.013775293671995925","18.50530583607968893","50973734.349755048752","12311.586031495098723","52305049.720366694033","12312.586079097365655","314234.95758398098405","11141.530336844034537","0","0","0","3830.1823166782742192","0","0","0","0","0","0","0","0","0","0","0","0","0","0","0","0","0","0","42095.003722177178133","1229.0585031847515438","1304.0620733546916199","83161.958509225049056","0","0","0","0","0","0","0","0","0","0","0","0"
"05/14/2026 15:26:40.610","64.02065946680994557","2.0006456083378107991","2.0006456083378107991","0","1000000000","64.02065946680994557","0","1.0003228041689053995","42695","0","0","0","0","0","0","0","0","0","0","0","0","0","0","21.693661988384466355","0.21693661988384466133","0","0","21.693661988384466355","0.21693661988384466133","1.4805229025872073653e-005","0","1.4805229025872073653e-005","14653.728758270293838","0","14653.728758270293838","80692663.522518724203","0","80692663.522518724203","5506.6300771383712345","0","5506.6300771383712345","80.008758213200465548","0","0","100","19.853204416175572078","24.423523593376376795","122.02239086452726724","192007.68846973605105","133311.46862838059315","1659.4467230578470662","0","100","3500","0","16.824681597039571557","0","0","192006.68820046356996","0","0","79.987512844495796571","83.175318402960428443","1257","78048.010524433178944","0.48840341954411881087","0.63493044692393763029","232086.47767979139462","4.2979660960324679309","12.551991888350185533","16.824681597039571557","52278002.111281313002","12619.07217459074127","53642558.453612983227","12620.072497394909078","322284.00104713789187","11435.690297258925057","0","0","0","3864.2469925044811134","0","0","0","0","0","0","0","0","0","0","0","0","0","0","0","0","0","0","42487.710784270086151","861.27793438942751436","901.29084655618373745","83968.096504742075922","0","0","0","0","0","0","0","0","0","0","0","0"
"05/14/2026 15:26:41.610","64.047536081279531572","2.0014855025399853616","2.0014855025399853616","0","1000000000","64.047536081279531572","0","1.0007427512699926808","42696","0","0","0","0","0","0","0","0","0","0","0","0","0","0","17.255743596312729693","0.17255743596312730914","0","0","17.255743596312729693","0.17255743596312730914","1.4296586578293290942e-005","0","1.4296586578293290942e-005","12078.965007828810485","0","12078.965007828810485","53619572.446669921279","0","53619572.446669921279","4439.0866611433302751","0","4439.0866611433302751","82.930803847987277777","0","0","100","19.497309802302865478","23.964569064406354926","122.01964282804581785","185057.76424141816096","138967.3975430878636","1671.9346273560704503","0","100","3500","0","17.335122508821633858","0","0","184932.76912872708635","0","0","80.327379514900641766","82.664877491178373248","977","73279.134785829883185","0.48827331065564399948","0.97654662131128799896","220977.35978523240192","4.2479918025123053482","12.93928273182657307","17.335122508821633858","50070342.20798677206","12083.968721585160893","51377044.042088039219","12084.969464336430974","308721.13282478257315","10951.127927147528681","0","0","0","3749.7830890086625004","0","0","0","0","0","7.0051992588899478775","5.0037137563499634041","0","0","0","0","0","0","0","0","0","0","0","41189.570899521626416","1413.0487647932295658","1490.10595664101902","81407.420587560089189","0","0","0","0","0","0","0","0","0","0","0","0"
"05/14/2026 15:26:42.610","63.941608523096704175","1.9981752663467720055","1.9981752663467720055","0","1000000000","63.941608523096704175","0","0.99908763317338600274","42697","0","0","0","0","0","0","0","0","0","0","0","0","0","0","20.759388629781167168","0.20759388629781166946","0","0","20.759388629781167168","0.20759388629781166946","1.4980710110413508808e-005","0","1.4980710110413508808e-005","13844.35733288361007","0","13844.35733288361007","68258945.930576190352","0","68258945.930576190352","4930.4524788915350655","0","4930.4524788915350655","80.440447125324325839","0","0","100","21.548979699598216797","27.756460782478324489","121.99663853727145124","184769.05817802238744","133754.36547014836106","1693.0646750705877821","0","100","3500","0","20.70075688255510471","0","0","184955.06528349383734","0","0","77.285673113058777517","79.348074572622266487","1120","74438.843563824135344","0.24414727558881255121","0.97659910265325899914","227906.70603617056622","5.5665658836633333806","15.185992542577769981","20.651925427377737066","53760158.223510287702","12989.138318887191417","55164727.570782355964","12990.137406520365403","326369.95895348367048","11547.454864217996146","0","0","0","3569.7401133285084143","0","0","0","0","0","4.9954381658669300137","3.996350532693544011","0","0","0","0","0","0","0","0","0","0","0","39291.11934980974911","1472.6551712975708597","1600.5383883437643817","77449.273323600878939","0","0","0","0","0","0","0","0","0","0","0","0"
"05/14/2026 15:26:43.610","64.000569605069486556","2.0000178001584214549","2.0000178001584214549","0","1000000000","64.000569605069486556","0","1.0000089000792107274","42698","0","0","0","0","0","0","0","0","0","0","0","0","0","0","19.23782703878982403","0.19237827038789823142","0","0","19.23782703878982403","0.19237827038789823142","1.5018391881342699947e-005","0","1.5018391881342699947e-005","12810.114010014689484","0","12810.114010014689484","64533054.344183661044","0","64533054.344183661044","5037.6643247462916406","0","5037.6643247462916406","81.607460755745208303","0","0","100","22.501118332005415112","28.055268639666707031","122.00268536683780951","181303.98070784049924","135940.55741556858993","1739.9422339178338461","0","100","3500","0","20.120233419106735795","0","0","181224.98333055342664","0","0","77.008185988113851295","79.733292161568641632","1120","71849.614592795507633","0.78122023550902708333","0.92769465483365076697","222243.62151176578482","6.0544593250997138512","14.257276797754006026","20.266707838431351263","49738618.673706196249","11996.10676535021048","51035814.218746542931","11997.106774250290982","305750.72118141851388","10849.096556959357258","0","0","0","3694.0328768926042358","0","0","0","0","0","9.0000801007128963249","7.000062300554474426","0","0","0","0","0","0","0","0","0","0","0","40621.361530117617804","1015.0090335803988637","1068.0095052845970258","80279.714489458958269","0","0","0","0","0","0","0","0","0","0","0","0"
"05/14/2026 15:26:44.610","320.05761036986655199","10.00180032405832975","10.00180032405832975","0","1000000000","320.05761036986655199","0","5.0009001620291648749","42703","0","0","0","0","0","0","0","0","0","0","0","0","0","1","18.562139655252924086","0.18562139655252923864","0","0","18.562139655252924086","0.18562139655252923864","1.4985485954149177333e-005","0","1.4985485954149177333e-005","12390.230241443459818","0","12390.230241443459818","73220987.777799993753","0","73220987.777799993753","5909.5744268647076751","0","5909.5744268647076751","82.723050155019294039","0","0","100","18.691525732853165209","22.592446768854681949","122.00413883680541005","158521.22977014278877","164468.38934726113803","1625.8177458306925018","0","100","3500","0","14.754725346322416613","0","0","158481.23425364017021","0","0","81.466887404305936116","85.098799491611501367","1126","64361.785043896583375","0.5370555962680979567","0.97646108449214086278","193919.26165076895268","3.8570292829336390028","10.936392143475865524","14.901200508388502186","43116993.05875056982","10409.873777279910428","44242683.683062948287","10410.873957312316634","264323.57824408391025","9366.6860034806268231","0","0","0","3197.5755636014482661","0","0","0","0","0","0","0","0","0","0","0","0","0","0","0","0","0","0","35167.330119421494601","3785.681422656077757","3907.7033866095894155","69452.501450261042919","0","0","0","0","0","0","0","0","0","0","0","0"
"05/14/2026 15:26:45.611","255.89746188702190466","7.9967956839694345206","7.9967956839694345206","0","1000000000","255.89746188702190466","0","3.9983978419847172603","42707","0","0","0","0","0","0","0","0","0","0","0","0","0","1","17.779923712133623326","0.17779923712133624547","0","0","17.779923712133623326","0.17779923712133624547","1.4292493771598490098e-005","0","1.4292493771598490098e-005","12438.016086953957711","0","12438.016086953957711","51658532.426056884229","0","51658532.426056884229","4153.2775054247367734","0","4153.2775054247367734","82.389605990656022527","0","0","100","19.8478650333833464","25.539231431213028856","121.99130474647758149","191660.94723745321971","132019.38965544223902","1675.5886429881466029","0","100","3500","0","20.575519199086379274","0","0","191674.94380129678757","0","0","79.070215009892152125","79.424480800913627832","1271","76205.291600911979913","0.58580075516049834317","1.2204199061882989863","230216.48185370492865","5.8579875563578536202","14.742585687382108617","20.575519199086379274","52319279.664638385177","12633.937581211210272","53685448.240889877081","12634.937180671706301","324477.98167274374282","11518.384583297473","0","0","0","3854.4555196732671902","0","0","0","0","0","8.9963951444656125034","6.9971962234732547614","0","0","0","0","0","0","0","0","0","0","0","42371.021931512048468","1028.5878448505684446","1079.5674173358736425","83714.455617634026567","0","0","0","0","0","0","0","0","0","0","0","0"
"05/14/2026 15:26:46.610","192.03066729756741893","6.0009583530489818415","6.0009583530489818415","0","1000000000","192.03066729756741893","0","3.0004791765244909207","42710","0","0","0","0","0","0","0","0","0","0","0","0","0","0","21.061428248747624536","0.21061428248747623981","0","0","21.061428248747624536","0.21061428248747623981","1.4652571508107731254e-005","0","1.4652571508107731254e-005","14371.295095826802935","0","14371.295095826802935","72559939.822389632463","0","72559939.822389632463","5048.9492657804994451","0","5048.9492657804994451","80.063693617613822084","0","0","100","20.593049217900968983","25.676840169464124841","121.96974603391788605","194202.85447735441267","130086.16988401078561","1655.5784591136143717","0","100","3500","0","18.527038076723233218","0","0","194286.88383721272112","0","0","78.948465109058020062","81.472961923276770335","1336","78950.585334515883005","0.63497551068832758236","1.1722678677143023585","237904.12370082107373","4.6890914776475129955","13.823051543693928522","18.527038076723233218","57154839.627888575196","13592.170669655943129","58624610.350272938609","13593.170829381451767","339670.24533818050986","12007.917664451013479","0","0","0","3853.6154223829544208","0","0","0","0","0","4.0006389020326542649","3.0004791765244909207","0","0","0","0","0","0","0","0","0","0","0","42371.766771153350419","990.15812825308205447","1059.1691493131452262","83611.352733031468233","0","0","0","0","0","0","0","0","0","0","0","0"
"05/14/2026 15:26:47.610","191.95895917452847357","5.998717474204014799","5.998717474204014799","0","1000000000","191.95895917452847357","0","2.9993587371020073995","42713","0","0","0","0","0","0","0","0","0","0","0","0","0","0","27.021423510711755966","0.27021423510711756188","0","0","27.021423510711755966","0.27021423510711756188","1.4523735554958345329e-005","0","1.4523735554958345329e-005","18601.02310126095108","0","18601.02310126095108","88147554.052943482995","0","88147554.052943482995","4738.8551464660040438","0","4738.8551464660040438","74.720687360343688965","0","0","100","21.68249519705280548","28.273805581816464638","122.00968554761658424","218867.90566047170432","112346.16263238211104","1692.9915350423248128","0","100","3500","0","23.339801669900840153","0","0","218857.90571047144476","0","0","76.845138422569220893","76.6601983300991634","1272","92961.53519232403778","0.58594029297014649238","1.4160207080103539568","275002.62498687504558","5.9082029541014771112","17.529308764654384589","23.339801669900840153","72833044.295129701495","17768.201158592291904","74754337.522637650371","17769.20094483799403","440241.8762868498452","15548.67569313680724","0","0","0","3657.2180867730476166","0","0","0","0","0","0","0","0","0","0","0","0","0","0","0","0","0","0","40218.40130580082041","1732.6295637992595857","1999.5724914013383113","79002.109349021178787","0","0","0","0","0","0","0","0","0","0","0","0"
"05/14/2026 15:26:48.610","128.00163842097180122","4.0000512006553687883","4.0000512006553687883","0","1000000000","128.00163842097180122","0","2.0000256003276843941","42715","0","0","0","0","0","0","0","0","0","0","0","0","0","0","21.201297273087181594","0.21201297273087182926","0","0","21.201297273087181594","0.21201297273087182926","1.5228091339939679686e-005","0","1.5228091339939679686e-005","13926.178255081666066","0","13926.178255081666066","80417797.347806051373","0","80417797.347806051373","5774.577624587102946","0","5774.577624587102946","80.517019711032816076","0","0","100","21.930254027529116456","26.219317740007774375","122.00617954941405685","179476.16178827927797","139947.45333103075973","1681.5705268874330613","0","100","3500","0","18.526391349379956353","0","0","179417.17685303176404","0","0","78.499578106317201787","81.571234049019651025","1242","72361.518868081097025","0.73223547665988175659","0.97631396887984234212","220543.67314587856526","6.1507900009197680191","12.2527723013800518","18.428765950980352528","49042275.741129487753","11836.151502739236093","50322180.123905584216","11837.151515539399043","309847.96605396550149","11040.141313808817358","0","0","0","3650.0467205980239669","0","0","0","0","0","0","0","0","0","0","0","0","0","0","0","0","0","0","40132.513696175315999","1476.0188930418310065","1571.0201090573959846","79298.015014592194348","0","0","0","0","0","0","0","0","0","0","0","0"
"05/14/2026 15:26:49.611","63.997126529018842689","1.999910204031838834","1.999910204031838834","0","1000000000","63.997126529018842689","0","0.99995510201591941701","42716","0","0","0","0","0","0","0","0","0","0","0","0","0","0","16.665413418804835288","0.16665413418804836398","0","0","16.665413418804835288","0.16665413418804836398","1.4590344042720825227e-005","0","1.4590344042720825227e-005","11422.487130327848718","0","11422.487130327848718","47507370.919045731425","0","47507370.919045731425","4159.1091657182878407","0","4159.1091657182878407","83.578689933346552721","0","0","100","21.608156538990751727","26.905844612972384056","122.00491860363889884","175823.81540959211998","141833.89262889765087","1740.8793570605555487","0","100","3500","0","19.439094253771894927","0","0","175888.81090540424339","0","0","77.938004628084371461","80.219139054716464443","1184","68563.248566874317476","0.73237005236242891382","0.87884006310769602344","213515.20339640462771","5.663683736769152155","14.110357673606660711","19.780860945283528451","48105600.058557368815","11601.479093588697651","49360135.729905724525","11602.479048690713171","295922.71307018311927","10490.528975249011637","0","0","0","3588.8388611351351756","0","0","0","0","0","0","0","0","0","0","0","0","0","0","0","0","0","0","39455.228460242135043","1506.9323387379906762","1592.9284775113596879","77976.498855201396509","0","0","0","0","0","0","0","0","0","0","0","0"
"05/14/2026 15:26:50.610","211.23436452744320491","5.0055536617877534056","5.0055536617877534056","0","1000000000","211.23436452744320491","0","3.0033321970726518657","42718","0","0","0","0","0","0","0","0","0","0","0","0","0","0","19.022572333888106755","0.19022572333888107532","0","0","19.022572333888106755","0.19022572333888107532","1.4690962459446933456e-005","0","1.4690962459446933456e-005","12960.379541100850474","0","12960.379541100850474","66252579.236663073301","0","66252579.236663073301","5111.9320253360110655","0","5111.9320253360110655","81.580613477787736088","0","0","100","20.57731508375060514","24.929998991824174226","122.01134102977803764","189926.18421202653553","134089.2376421749068","1667.2210735143480633","0","100","3500","0","17.757649468697987771","0","0","189780.16484985910938","0","0","79.530319821405711878","82.095842401741137451","561","75860.059043829212897","0.63489189924465494475","0.87907878312636023033","227765.20166574089671","5.225613317757009213","12.551239838048905639","17.904157598258862549","51385307.999225139618","12259.602028450564831","52710994.848784722388","12260.603139182923769","313888.25902338646119","11145.365783336612367","0","0","0","3932.3629567004591081","0","0","0","0","0","0","0","0","0","0","0","0","0","0","0","0","0","0","43233.968087593180826","673.74752287663159223","722.80194876215159638","85483.844325278900214","0","0","0","0","0","0","0","0","0","0","0","0"
"05/14/2026 15:26:51.610","128.11526530419416758","4.003602040756067737","4.003602040756067737","0","1000000000","128.11526530419416758","0","2.0018010203780338685","42720","0","0","0","0","0","0","0","0","0","0","0","0","0","0","19.58225091448245081","0.1958225091448245192","0","0","19.58225091448245081","0.1958225091448245192","1.4664432294787296994e-005","0","1.4664432294787296994e-005","13364.023612043754838","0","13364.023612043754838","67776050.112286016345","0","67776050.112286016345","5071.5302576393050913","0","5071.5302576393050913","81.501736454033348878","0","0","100","19.033893612560753184","22.771697017125244855","122.01831109128957564","176856.28084333334118","147124.52198501344537","1661.2468612835868953","0","100","3500","0","16.396426580123169003","0","0","176804.27311498488416","0","0","81.279530344815526632","83.603573419876823891","1004","71225.584121800508001","0.53717311784134635921","1.0743462356826927184","215974.09375033131801","4.7368765829985024496","11.524794163314188822","16.396426580123169003","53931253.94917806983","12540.282492158194145","55287293.978392355144","12541.283392668383385","307933.04736271221191","10846.758828918376821","0","0","0","3495.144581580047543","0","0","0","0","0","0","0","0","0","0","0","0","0","0","0","0","0","0","38395.544471360881289","2100.8901708867465459","2275.0468596596356292","75812.208243756904267","0","0","0","0","0","0","0","0","0","0","0","0"
"05/14/2026 15:26:52.610","127.73516667892459964","3.9917239587163937387","3.9917239587163937387","0","1000000000","127.73516667892459964","0","1.9958619793581968693","42722","0","0","0","0","0","0","0","0","0","0","0","0","0","1","22.579154462619495547","0.22579154462619496768","0","0","22.579154462619495547","0.22579154462619496768","1.4987543137775419025e-005","0","1.4987543137775419025e-005","15036.824152484654405","0","15036.824152484654405","85952482.717581644654","0","85952482.717581644654","5716.1327316166707533","0","5716.1327316166707533","79.511688140290686988","0","0","100","20.766361597788918658","26.219513638530166588","121.98225085361045217","190239.76263097600895","132095.18202691129409","1703.7202491350922173","0","100","3500","0","19.448129612604926564","0","0","190424.73225896307849","0","0","78.608141230507882824","80.551870387395069883","1580","78443.119639755153912","0.63464544649690735056","1.1228473260576465886","234014.57480681673042","5.5654054443173004429","14.157604552378295182","19.448129612604926564","53004182.428570844233","12840.378044200959266","54392667.682094715536","12841.375975190638201","327780.41286999668228","11628.889822730532615","0","0","0","3714.2991435856042699","0","0","0","0","0","0","0","0","0","0","0","0","0","0","0","0","0","0","40900.201611997850705","1389.1199376333049713","1543.7992410335652949","80798.480510357883759","0","0","0","0","0","0","0","0","0","0","0","0"
"05/14/2026 15:26:53.610","128.03430038907421817","4.0010718871585693179","4.0010718871585693179","0","1000000000","128.03430038907421817","0","2.000535943579284659","42724","0","0","0","0","0","0","0","0","0","0","0","0","0","0","26.49035478035834501","0.264903547803583439","0","0","26.49035478035834501","0.264903547803583439","1.4396933949442782636e-005","0","1.4396933949442782636e-005","18399.929341070474038","0","18399.929341070474038","75583256.754484519362","0","75583256.754484519362","4107.8014677901601317","0","4107.8014677901601317","74.633390428840471031","0","0","100","26.913813217429712665","34.48213677032807567","122.00480785566239206","226182.32762453591567","101501.56797891673341","1650.432908551913215","0","100","3500","0","24.881937934342968077","0","0","226249.34520324683399","0","0","71.74720654129662023","75.118052062940293467","1543","92996.392953871807549","0.87914877680778102942","1.7094442850678244206","294576.26735492720036","9.3287036759183781243","15.580401637084632327","24.881947937059699427","76566648.20505413413","18689.006784917677578","78587501.591676414013","18690.007052889468468","448744.21857615653425","15759.221895545815642","0","0","0","3593.9628226401850952","0","0","0","0","0","4.0010718871585693179","3.0008039153689272105","0","0","0","0","0","0","0","0","0","0","0","39517.586761493403174","1340.3590821981208592","1395.3738206465511666","77710.81872833732632","0","0","0","0","0","0","0","0","0","0","0","0"
"05/14/2026 15:26:54.610","407.8555783397098935","5.9978761520545571528","5.9978761520545571528","0","1000000000","407.8555783397098935","0","4.9982301267121309607","42725","0","0","0","0","0","0","0","0","0","0","0","0","0","0","20.02055521479079303","0.20020555214790794474","0","0","20.02055521479079303","0.20020555214790794474","1.4641889717712447267e-005","0","1.4641889717712447267e-005","13669.159750532337057","0","13669.159750532337057","64382706.083775736392","0","64382706.083775736392","4710.0704987567642092","0","4710.0704987567642092","81.194598366342404461","0","0","100","20.18419861020219841","25.168305377906278864","122.01070298442638773","163278.83205927259405","155606.30326497854549","1664.9269097086635156","0","100","3500","0","16.360615024506063975","0","0","163183.83622958950582","0","0","79.391887229907823098","83.297598031755185843","1154","68321.000708068910171","0.78122015738998773493","1.171835235893988747","206222.94681263490929","6.2009331243546492729","10.448820855043337019","16.702401968244817709","54323316.113764114678","13245.309835787147676","55755584.947370134294","13246.309481812490048","320186.62191717914538","11248.017077152979255","0","0","0","2734.0318793115357039","0","0","0","0","0","0","0","0","0","0","0","0","0","0","0","0","0","0","30052.358459869359649","5594.0191578162175574","5767.9575662257993827","59096.074080168211367","0","0","0","0","0","0","0","0","0","0","0","0"
"05/14/2026 15:26:55.610","344.24944314650394972","4.0029005017035341751","4.0029005017035341751","0","1000000000","344.24944314650394972","0","4.0029005017035341751","42725","0","0","0","0","0","0","0","0","0","0","0","0","0","0","18.75941788543811839","0.18759417885438117723","0","0","18.75941788543811839","0.18759417885438117723","1.5036579305922898251e-005","0","1.5036579305922898251e-005","12486.047389938748893","0","12486.047389938748893","64054605.967484034598","0","64054605.967484034598","5130.0947343111329246","0","5130.0947343111329246","81.965295585865220573","0","0","100","21.904023128267812837","27.034345221715227581","122.00497551957711551","179593.49614631853183","138655.5077433505212","1740.8109479310548977","0","100","3500","0","21.247469482301529098","0","0","179570.49864384729881","0","0","77.801567816074481243","78.361946373322936665","1058","71456.239852352038724","0.4882351800104750561","1.1717624322087232258","218601.25990317453397","7.2259066617684499789","14.354152288819884475","21.638053626677066887","48722003.964072361588","11715.489043360817959","49988861.929354004562","11716.489768486244429","298820.52535267052008","10599.680528510958538","0","0","0","3707.6865897028988002","0","0","0","0","0","5.003625627129418163","4.0029005017035341751","0","0","0","0","0","0","0","0","0","0","0","40766.53943447421625","980.71062291736586758","1045.7577560700483446","80556.371146532779676","0","0","0","0","0","0","0","0","0","0","0","0"
"05/14/2026 15:26:56.610","536.02369224719734575","10.00044201953726386","10.00044201953726386","0","1000000000","536.02369224719734575","0","7.0003094136760850574","42728","0","0","0","0","0","0","0","0","0","0","0","0","0","0","23.075656777832417532","0.23075656777832417865","0","0","23.075656777832417532","0.23075656777832417865","1.5038134654239717724e-005","0","1.5038134654239717724e-005","15343.678190576023553","0","15343.678190576023553","88198970.394491434097","0","88198970.394491434097","5748.2286384670533153","0","5748.2286384670533153","79.235478309362079585","0","0","100","20.204047765359550937","24.579892716774846662","121.99081126156534083","186793.81621156696929","136811.21231593037373","1698.2165226066322248","0","100","3500","0","16.787325506235561079","0","0","186776.81404379056767","0","0","79.848918670971556821","83.066177690581113779","1009","77019.820027053443482","0.43950041069710693575","1.0743432271681561119","229063.2055587087234","4.7856989196660855157","12.2084303069562079","16.933822309418889773","55695405.73693357408","13070.577719535203869","57108780.208085201681","13071.577763737157511","322846.2698051254265","11388.50337184903583","0","0","0","3659.1617349486850799","0","0","0","0","0","0","0","0","0","0","0","0","0","0","0","0","0","0","40234.778377204274875","1134.0501250155257367","1278.0564900968622624","79468.512508252868429","0","0","0","0","0","0","0","0","0","0","0","0"
"05/14/2026 15:26:57.610","535.9165042086443691","9.9984422426985890553","9.9984422426985890553","0","1000000000","535.9165042086443691","0","6.9989095698890118058","42731","0","0","0","0","0","0","0","0","0","0","0","0","0","0","15.522453642059932832","0.15522453642059932943","0","0","15.522453642059932832","0.15522453642059932943","1.4303713601179505392e-005","0","1.4303713601179505392e-005","10850.309521776507609","0","10850.309521776507609","45831195.499741144478","0","45831195.499741144478","4223.9528197567269672","0","4223.9528197567269672","84.633096995697684406","0","0","100","19.509615784606424427","23.812210606482413056","122.01665027053614665","183009.68368908995762","140701.53177169826813","1666.0153273410116981","0","100","3500","0","17.284820867765560592","0","0","183086.68439749645768","0","0","80.487569999037006596","82.715179132234439408","1690","70722.650648385970271","0.34180140138574566233","1.0253942041162369403","216800.99456915003248","4.6386890186249765122","12.646531850780586836","17.284820867765560592","46406993.790367461741","11020.283039902384189","47598680.125636428595","11021.282884126654608","290522.73655764432624","10367.384761454166437","0","0","0","4054.3683294142774685","0","0","0","0","0","0","0","0","0","0","0","0","0","0","0","0","0","0","44569.056141053224565","245.96167917038528117","276.95685012275089321","88258.249364748975495","0","0","0","0","0","0","0","0","0","0","0","0"
"05/14/2026 15:26:58.610","536.01897507171759116","10.000354012532044479","10.000354012532044479","0","1000000000","536.01897507171759116","0","7.0002478087724302469","42734","0","0","0","0","0","0","0","0","0","0","0","0","0","1","27.401500120183992948","0.27401500120183991394","0.014578058202647408911","0.00014578058202647408478","27.386922061981344712","0.27386922061981344712","1.4356514222850857114e-005","0.00014579999999999999319","1.4349628038558254924e-005","19089.675774522416759","1.0000354012532044479","19088.675739121164952","90205305.267806485295","65538.320056530006696","90139766.947749957442","4725.3450678401177356","65536","4722.1592623637889119","74.135935093445553434","0","0","100","22.875498532199621593","28.718172728508921665","122.00808145343818012","227375.2584139254177","107615.55834103003144","1682.7650859939951715","0","100","3500","0","21.299542900885604979","0","0","227326.26525337062776","0","0","76.454846214484234679","78.700457099114402126","1031","96770.490839478807175","0.87879294477975544719","1.4646449092980815543","286394.01939489244251","6.4932850944254232317","14.744136081074000089","21.299542900885604979","75906155.077889755368","18535.65616222814424","77910438.029506251216","18536.656197629396047","452956.03464362636441","15945.564472982343432","0","0","0","3706.1311970443753125","0","0","0","0","0","1.0000354012532044479","0","0","0","0","0","0","0","0","0","0","0","0","40735.442034648025583","1748.0618813906012292","1864.0659879359729985","80025.832914485174115","0","0","0","0","0","0","0","0","0","0","0","0"
"05/14/2026 15:26:59.610","671.67410372487267978","4.9975751765243501268","4.9975751765243501268","0","1000000000","671.67410372487267978","0","2.9985451059146104313","42736","0","0","0","0","0","0","0","0","0","0","0","0","0","0","18.649208617382932118","0.18649208617382931341","0","0","18.649208617382932118","0.18649208617382931341","1.4932866293034427035e-005","0","1.4932866293034427035e-005","12483.942790957828038","0","12483.942790957828038","62970022.944867156446","0","62970022.944867156446","5044.0813450760606429","0","5044.0813450760606429","82.177275345636530801","0","0","100","20.979462870142690178","25.335570974445776216","121.99905242479103151","177318.76091444076155","142971.63919914752478","1698.8156784988827894","0","100","3500","0","17.147294966593975118","0","0","177355.75690037629101","0","0","79.258539186070734672","82.852695034446909972","1221","70392.362428676482523","0.78116868034037656443","1.0741081853379064182","215545.61330095684389","5.4193558450565300078","11.717530205105648022","17.098480048226981864","48441700.087117731571","11695.325428102285514","49706378.465168699622","11696.324943137589798","306279.3932384007494","10912.705155458572335","0","0","0","3616.2453977330201269","0","0","0","0","0","3.9980601412194802791","2.9985451059146104313","0","0","0","0","0","0","0","0","0","0","0","39746.714893933465646","1881.087296443765581","1978.0402548683380246","78490.916207456146367","0","0","0","0","0","0","0","0","0","0","0","0"
"05/14/2026 15:27:00.610","128.05096428378493556","4.0015926338682792363","4.0015926338682792363","0","1000000000","128.05096428378493556","0","2.0007963169341396181","42738","0","0","0","0","0","0","0","0","0","0","0","0","0","1","18.912349743217138354","0.18912349743217138354","0","0","18.912349743217138354","0.18912349743217138354","1.5111668797953964802e-005","0","1.5111668797953964802e-005","12516.981758739979341","0","12516.981758739979341","64357390.24131604284","0","64357390.24131604284","5141.6061381074168821","0","5141.6061381074168821","81.949631269734837247","0","0","100","21.390620799569877164","27.168468451169399458","122.01679627420259067","177386.81007113374653","140252.48172959804651","1707.4024347538713755","0","100","3500","0","20.146471856310419923","0","0","177329.79663306640578","0","0","77.727657730612449427","79.70701227660531174","775","70297.569137045604293","0.68375738380755612944","0.73259934031850992842","217561.27919350590673","6.2026884181247572414","14.017101386419394515","20.341829679905643502","48233673.001854740083","11533.590368966848473","49480861.382830366492","11534.590767125315324","304209.07521193433786","10855.320417526176243","0","0","0","3722.481547655967006","0","0","0","0","0","10.003981584670698979","8.0031852677365584725","0","0","0","0","0","0","0","0","0","0","0","40955.300209483371873","1306.5199949579932763","1386.5518476353588539","81010.242076346388785","0","0","0","0","0","0","0","0","0","0","0","0"
"05/14/2026 15:27:01.610","128.04578917420869288","4.0014309116940216526","4.0014309116940216526","0","1000000000","128.04578917420869288","0","2.0007154558470108263","42740","0","0","0","0","0","0","0","0","0","0","0","0","0","0","17.849699592987271046","0.17849699592987272601","0","0","17.849699592987271046","0.17849699592987272601","1.513060947698567582e-005","0","1.513060947698567582e-005","11801.220116313592371","0","11801.220116313592371","61068622.139277003706","0","61068622.139277003706","5174.7718911587689945","0","5174.7718911587689945","83.180937312279993989","0","0","100","19.989534760915692146","25.326475454693834877","121.98913278046674691","163704.01496489276178","154883.05433706819895","1720.010664066117215","0","100","3500","0","18.944766929938428035","0","0","163662.01470449115732","0","0","79.208900699634682496","80.664610452890045167","1109","64688.401068086619489","0.53711359866111108019","0.97657654306283847578","199678.23800507563283","5.371125986544109665","14.160244873640653651","19.335389547109961939","46175172.241593591869","10838.875982051180472","47347251.377092443407","10839.876339779104455","276834.99619463918498","9816.5103841133586684","0","0","0","3449.2334458802465633","0","0","0","0","0","9.0032195513115489405","7.0025040954645376701","0","0","0","0","0","0","0","0","0","0","0","37925.562181035937101","2003.7165290307814303","2137.7644645725308692","74968.808846043335507","0","0","0","0","0","0","0","0","0","0","0","0"
"05/14/2026 15:27:02.610","63.951614208689697705","1.9984879440215530533","1.9984879440215530533","0","1000000000","63.951614208689697705","0","0.99924397201077652664","42741","0","0","0","0","0","0","0","0","0","0","0","0","0","0","17.230423007209246578","0.17230423007209247355","0","0","17.230423007209246578","0.17230423007209247355","1.4976199165797706946e-005","0","1.4976199165797706946e-005","11499.299629900016953","0","11499.299629900016953","61221647.701349154115","0","61221647.701349154115","5323.9457768508864319","0","5323.9457768508864319","83.54600831997825594","0","0","100","20.640124118296252931","25.706405847635195983","122.00949583276404553","182452.0733267403557","138424.10072139478871","1711.5597868228289826","0","100","3500","0","18.916193365012301086","0","0","182625.02884258166887","0","0","78.97004028021190436","80.937362220980304528","1501","69456.135881851179875","0.82987833956348600051","1.0739590279562065689","217334.10166905069491","5.4674214165957666367","13.522104128696726733","19.062637779019699025","45161578.749518111348","10664.930913271018653","46314846.18737462908","10665.930157243028589","278241.4824943447602","9907.5039824868490541","0","0","0","4003.9705958471818121","0","0","0","0","0","0","0","0","0","0","0","0","0","0","0","0","0","0","44003.706795438563859","332.74824267958859991","377.7142214200735566","87136.072847283736337","0","0","0","0","0","0","0","0","0","0","0","0"
"05/14/2026 15:27:03.610","64.014851445535370544","2.0004641076729803295","2.0004641076729803295","0","1000000000","64.014851445535370544","0","1.0002320538364901648","42742","0","0","0","0","0","0","0","0","0","0","0","0","0","1","27.865047604360249522","0.27865047604360249078","0","0","27.865047604360249522","0.27865047604360249078","1.4404875400682452382e-005","0","1.4404875400682452382e-005","19346.488385305390693","0","19346.488385305390693","91341511.230605497956","0","91341511.230605497956","4721.3483610795165077","0","4721.3483610795165077","73.822772444177203965","0","0","100","22.941318043689420847","29.917189807828634684","122.00069831946484555","226262.45008041438996","106759.89548563370772","1702.1989870615875589","0","100","3500","0","22.745201109644941795","0","0","226164.4386228750227","0","0","75.464577311405264481","77.254788889228933613","1593","96153.240313792673987","0.48833498651948203939","1.4650049595584462292","285008.31747231248301","6.0553718348686054185","16.652265045044071456","22.74521111077106994","76355838.554544657469","18627.321538596956088","78370021.845068052411","18628.321770650789404","449180.20980867563048","15787.662737755159469","0","0","0","3606.8367861343831464","0","0","0","0","0","8.001856430691921318","6.0013923230189405444","0","0","0","0","0","0","0","0","0","0","0","39669.20325515519653","1692.3926350913411625","1904.4418305046770001","77897.072120732016629","0","0","0","0","0","0","0","0","0","0","0","0"
"05/14/2026 15:27:04.610","63.982078619778604889","1.9994399568680814028","1.9994399568680814028","0","1000000000","63.982078619778604889","0","0.99971997843404070139","42743","0","0","0","0","0","0","0","0","0","0","0","0","0","0","32.013336948939958404","0.32013336948939957738","0","0","32.013336948939958404","0.32013336948939957738","1.4791102282176846243e-005","0","1.4791102282176846243e-005","21639.938653183246061","0","21639.938653183246061","114999852.54130318761","0","114999852.54130318761","5314.2411530998797389","0","5314.2411530998797389","70.921543736041513739","0","0","100","23.336423357897803754","30.97170819587150703","121.99914290756005641","236059.43476321516209","101120.60902526311111","1690.8168845314053215","0","100","3500","0","24.715220983956943002","0","0","236139.42610015335958","0","0","74.617751588627157844","75.284779016043060551","1283","101159.04447548331518","0.73234032137303461951","1.952907523661425504","298564.66544673213502","6.6399075780555083526","18.16209396417669808","24.715220983956943002","78702151.527357190847","19203.621065739487676","80778653.899042889476","19204.620785717921535","465449.62755932071013","16365.416046965247006","0","0","0","3881.9126762593800777","0","0","0","0","0","0","0","0","0","0","0","0","0","0","0","0","0","0","42629.059600405933452","911.74462033184511256","1015.7154980889853277","83721.549593958741752","0","0","0","0","0","0","0","0","0","0","0","0"
"05/14/2026 15:27:05.610","320.20082996055128888","10.006275936267227777","10.006275936267227777","0","1000000000","320.20082996055128888","0","5.0031379681336138887","42748","0","0","0","0","0","0","0","0","0","0","0","0","0","0","16.966780926842776722","0.16966780926842778277","0","0","16.966780926842776722","0.16966780926842778277","1.4644133644133644617e-005","0","1.4644133644133644617e-005","11590.2694169783299","0","11590.2694169783299","48744300.425226703286","0","48744300.425226703286","4205.6227229560563501","0","4205.6227229560563501","83.221538808399301956","0","0","100","22.380857424525643751","28.531245999026964455","122.00446211649409634","182546.62240736285457","134328.54496528062737","1697.4335245221629975","0","100","3500","0","22.733503918384844411","0","0","182438.5948171163036","0","0","76.60197058043029017","77.266496081615159142","461","70157.918332342087524","0.87914218145012101857","1.2698753740862960271","221730.63000290273339","7.814563826306527794","14.945347066160172389","22.733503918384844411","49367991.604334242642","11774.38489420564656","50641218.172037504613","11775.385521799273192","304126.74829653161578","10810.780521543112627","0","0","0","3760.3584968492241387","0","0","0","0","0","4.0025103745068912886","3.0018827808801682444","0","0","0","0","0","0","0","0","0","0","0","41332.924009939037205","583.36588708437932382","633.39726676571547159","81738.266240586104686","0","0","0","0","0","0","0","0","0","0","0","0"
"05/14/2026 15:27:06.610","255.79722953614665926","7.9936634230045831018","7.9936634230045831018","0","1000000000","255.79722953614665926","0","3.9968317115022915509","42752","0","0","0","0","0","0","0","0","0","0","0","0","0","0","16.396844827851627002","0.16396844827851628223","0","0","16.396844827851627002","0.16396844827851628223","1.5069186954524575522e-005","0","1.5069186954524575522e-005","10876.378294925611044","0","10876.378294925611044","55113047.886940017343","0","55113047.886940017343","5067.2242535599452822","0","5067.2242535599452822","84.549880753381927434","0","0","100","20.549619419444717039","24.73472599639492131","122.00224834332597368","154889.61147493656608","164730.82810604301631","1738.3783558999300567","0","100","3500","0","18.925984726756407639","0","0","154901.60718527054996","0","0","79.755854820016480744","80.829974055438640335","953","60586.33432684471336","0.63452915829221323563","1.1714438287351061074","189190.34553243758273","7.0286929615006057404","12.007351725442283907","19.170025944561363218","46650544.113681077957","10524.657104313409945","47788645.940363071859","10525.656312241286287","266328.88109595520655","9431.5236312175329658","0","0","0","3265.4115082973721655","0","0","0","0","0","0.99920792787557288772","0","0","0","0","0","0","0","0","0","0","0","0","35847.583620464058185","1856.5283299928146334","2287.1869469071866661","70884.809611421020236","0","0","0","0","0","0","0","0","0","0","0","0"
"05/14/2026 15:27:07.610","192.03539212276822923","6.0011060038365071634","6.0011060038365071634","0","1000000000","192.03539212276822923","0","3.0005530019182535817","42755","0","0","0","0","0","0","0","0","0","0","0","0","0","0","16.114474457897831172","0.16114474457897831616","0","0","16.114474457897831172","0.16114474457897831616","1.4987360491071429234e-005","0","1.4987360491071429234e-005","10753.981958875021519","0","10753.981958875021519","57526634.158675447106","0","57526634.158675447106","5349.3333333333330302","0","5349.3333333333330302","84.586478345913391763","0","0","100","19.190659044400817379","23.367811126524173915","122.00546297456459399","165357.7850348794309","156431.84676785391639","1678.9978173028373476","0","100","3500","0","15.819973279893117635","0","0","165365.78502447943902","0","0","80.820743282973126043","84.131196524786105329","1601","64339.916358108726854","0.43946175784703139788","0.87891351565406261592","197109.74375733308261","4.6386885547542187069","11.328175312701251443","15.868803475213900001","41989606.684511959553","9924.8291460116106464","43062848.482975415885","9925.8293303455830028","263572.5764258353156","9416.7355043534516881","0","0","0","3695.6811140293157223","0","0","0","0","0","0","0","0","0","0","0","0","0","0","0","0","0","0","40681.497600007685833","1510.2783442988543356","1770.3262711317695448","80540.843677489756374","0","0","0","0","0","0","0","0","0","0","0","0"
"05/14/2026 15:27:08.610","192.13674372050587635","6.0042732412658086361","6.0042732412658086361","0","1000000000","192.13674372050587635","0","3.002136620632904318","42758","0","0","0","0","0","0","0","0","0","0","0","0","0","1","28.920627108267410676","0.28920627108267410454","0","0","28.920627108267410676","0.28920627108267410454","1.4413970184972826473e-005","0","1.4413970184972826473e-005","20071.284733344720735","0","20071.284733344720735","94582514.375481024384","0","94582514.375481024384","4712.3298598992869302","0","4712.3298598992869302","72.854959205150677803","0","0","100","24.146836524979352845","29.250297716228416789","122.02228929339334229","237389.71846415495384","102481.57519871206023","1733.6332962431176838","0","100","3500","0","19.599634266873145805","0","0","237305.6877677415614","0","0","76.01739033008014701","80.351507948893399202","1290","100797.82144417356176","0.87922003609313781336","1.5630689571003844041","296210.20558810135117","6.6918858464481072446","12.993009455441780986","19.64849205110660435","78971508.022259443998","19273.71710446324505","81055591.264302805066","19274.717816670123284","462289.0110891921795","16220.544161279582113","0","0","0","3967.8239002698219338","0","0","0","0","0","0","0","0","0","0","0","0","0","0","0","0","0","0","43600.030141451672534","788.56121901957624232","833.59326832906981508","85674.974879621819127","0","0","0","0","0","0","0","0","0","0","0","0"
"05/14/2026 15:27:09.610","127.95629013129114071","3.9986340666028481472","3.9986340666028481472","0","1000000000","127.95629013129114071","0","1.9993170333014240736","42760","0","0","0","0","0","0","0","0","0","0","0","0","0","0","22.427743502935136632","0.22427743502935137965","0","0","22.427743502935136632","0.22427743502935137965","1.4700275283476437304e-005","0","1.4700275283476437304e-005","15251.789988539914702","0","15251.789988539914702","78661385.270791500807","0","78661385.270791500807","5157.5182539162351532","0","5157.5182539162351532","79.013276523848304578","0","0","100","20.777979722670643525","25.320931854798065075","121.9988206729101563","203252.12601355821243","124769.85399018073804","1703.9507558231566691","0","100","3500","0","17.335709417244117958","0","0","203363.12280575089972","0","0","79.263961309604752614","82.61547159819076569","1459","82537.614662936248351","0.24413492199362252233","1.2206746099681127227","246281.88245359709254","4.7850604707422084161","12.597387974330134242","17.384528401809241416","56525850.769377179444","13693.322361081452982","58006552.961508348584","13694.322019598104816","351212.02597192797111","12479.73692186749031","0","0","0","3989.6371399529916744","0","0","0","0","0","0","0","0","0","0","0","0","0","0","0","0","0","0","43849.021174366833293","568.80569597425517259","597.79579295712585463","86557.431981235204148","0","0","0","0","0","0","0","0","0","0","0","0"
"05/14/2026 15:27:10.610","64.052228186863573001","2.0016321308394866563","2.0016321308394866563","0","1000000000","64.052228186863573001","0","1.0008160654197433281","42761","0","0","0","0","0","0","0","0","0","0","0","0","0","0","26.590231127701212444","0.26590231127701213776","0","0","26.590231127701212444","0.26590231127701213776","1.4302081652412458222e-005","0","1.4302081652412458222e-005","18606.171472218447889","0","18606.171472218447889","85040862.319135025144","0","85040862.319135025144","4570.5728578344360358","0","4570.5728578344360358","74.69501837935096944","0","0","100","22.712886164875698114","28.187260259723633027","122.01574754052930416","224139.13108872520388","109777.13302660174668","1680.0759394324622917","0","100","3500","0","21.87138264501646745","0","0","223977.12376599421259","0","0","76.880359560647661965","78.177449615917211645","221","93188.212107187238871","0.53713486934445064946","1.7090591294376931142","280212.66561248566722","7.0315755619485180716","14.014328863426376515","21.822550384082784802","75480502.801984742284","18293.916859807486617","77458647.781400948763","18294.917675872908148","435903.43566143832868","15273.453974370702781","0","0","0","3649.9761905858035789","0","0","0","0","0","0","0","0","0","0","0","0","0","0","0","0","0","0","40121.715246612089686","823.67162184044866535","888.7246660927320363","78843.288817701963126","0","0","0","0","0","0","0","0","0","0","0","0"
"05/14/2026 15:27:11.610","127.87288156843281683","3.9960275490135255261","3.9960275490135255261","0","1000000000","127.87288156843281683","0","1.998013774506762763","42763","0","0","0","0","0","0","0","0","0","0","0","0","0","0","14.63664394020045556","0.1463664394020045556","0","0","14.63664394020045556","0.1463664394020045556","1.5325664643081433148e-005","0","1.5325664643081433148e-005","9544.5118008188055683","0","9544.5118008188055683","52012550.323723189533","0","52012550.323723189533","5449.4720535901196854","0","5449.4720535901196854","86.087304217266407136","0","0","100","19.75558931712777877","23.793268830961139315","121.98747335628792143","147445.64364462223602","174692.60336180019658","1697.3397348431460614","0","100","3500","0","16.486439342027068733","0","0","147571.59464968126849","0","0","80.505470195941413181","83.464748986755481042","1017","56721.935167219955474","0.58572006211667515529","0.78095675074009707206","177568.92568790740916","5.5154989301517280964","11.665539589883998417","16.535251013244522511","37882676.830962337554","8701.3499879769515246","38823629.429983653128","8702.3489948642054514","226315.02023838102468","8048.9984906004938239","0","0","0","3402.617457985017154","0","0","0","0","0","7.9920550980270510522","5.9940413235202880671","0","0","0","0","0","0","0","0","0","0","0","37429.791044722442166","2389.624474310088317","2512.5023214422544697","74110.326924004853936","0","0","0","0","0","0","0","0","0","0","0","0"
"05/14/2026 15:27:12.610","127.96048580198434763","3.9987651813120108635","3.9987651813120108635","0","1000000000","127.96048580198434763","0","1.9993825906560054317","42765","0","0","0","0","0","0","0","0","0","0","0","0","0","0","19.796894749504691191","0.19796894749504692634","0","0","19.796894749504691191","0.19796894749504692634","1.5084655842670935942e-005","0","1.5084655842670935942e-005","13114.950103408067662","0","13114.950103408067662","65786021.276629775763","0","65786021.276629775763","5016.1091546611787635","0","5016.1091546611787635","81.249602977903307988","0","0","100","23.096165881063086545","28.384335411381513836","122.01004527252962362","182144.32054087190772","134768.97267381526763","1699.6281825762800963","0","100","3500","0","20.087572445591096226","0","0","182304.37969873665133","0","0","76.769943263979300241","79.863579456188517725","1068","72247.702750936747179","0.78153956040713079556","1.0746181460231014615","223602.64353705127724","7.0338560436641772711","13.237324428700834034","20.136420543811482275","50868907.68130800873","12294.203549943777034","52198345.15101736784","12295.203241239105409","314166.98523495945847","11149.557016793214643","0","0","0","3601.8877370667937612","0","0","0","0","0","0","0","0","0","0","0","0","0","0","0","0","0","0","39575.778999444970395","1600.5057638201324153","1717.4696453735086834","78152.866394857264822","0","0","0","0","0","0","0","0","0","0","0","0"
"05/14/2026 15:27:13.610","128.05815120646286687","4.0018172252019645896","4.0018172252019645896","0","1000000000","128.05815120646286687","0","2.0009086126009822948","42767","0","0","0","0","0","0","0","0","0","0","0","0","0","0","26.477559125315035971","0.26477559125315036637","0","0","26.477559125315035971","0.26477559125315036637","1.4528137174211248572e-005","0","1.4528137174211248572e-005","18233.279732326449448","0","18233.279732326449448","91337220.231707215309","0","91337220.231707215309","5009.3686694101506873","0","5009.3686694101506873","75.773373350710684804","0","0","100","21.886413673047506734","26.762006476841452951","121.9884764898512941","204756.54953559103888","122021.71538551722188","1694.9962710082038484","0","100","3500","0","19.189371108308218794","0","0","204658.54975119055598","0","0","78.031955835151421752","80.615318676850549195","1515","88436.80543902804493","0.63477069824776810592","1.6113317724649498519","256388.43594544092775","5.9570465527512075354","13.427744770519248974","19.384681323149454357","68169675.84980340302","16621.547844876356976","69966988.009255006909","16622.548299182657502","400485.86062931176275","14073.390726729006929","0","0","0","3352.5223804129454948","0","0","0","0","0","0","0","0","0","0","0","0","0","0","0","0","0","0","36830.72483214627573","2588.1752903993701693","2924.3279373163354649","72304.833624949096702","0","0","0","0","0","0","0","0","0","0","0","0"
"05/14/2026 15:27:14.610","128.04375255024640978","4.0013672671952003057","4.0013672671952003057","0","1000000000","128.04375255024640978","0","2.0006836335976001529","42769","0","0","0","0","0","0","0","0","0","0","0","0","0","0","26.601236306799684428","0.26601236306799685982","0","0","26.601236306799684428","0.26601236306799685982","1.4053087854614612566e-005","0","1.4053087854614612566e-005","18935.470250184487668","0","18935.470250184487668","77834211.950223386288","0","77834211.950223386288","4110.4979660837871052","0","4110.4979660837871052","74.326578796183369491","0","0","100","24.39338263529773343","29.990849482873379372","122.01587694230531156","236675.94670378681622","101984.24612966469431","1707.0068280273121673","0","100","3500","0","20.605033327683297983","0","0","236600.94640378560871","0","0","75.411574763661207044","79.394966672316698464","1127","99668.398673594696447","0.53711295412124759885","1.4648580567193119073","296409.18563674256438","6.1523738380561088235","14.355548955519257248","20.605033327683297983","78846281.774482339621","19233.572111590528948","80926020.421177923679","19234.572453407330613","466915.54504174075555","16424.612290019500506","0","0","0","3940.3464163704738894","0","0","0","0","0","0","0","0","0","0","0","0","0","0","0","0","0","0","43337.808529174420983","785.26832618705816458","858.29327881337053441","85129.088609577898751","0","0","0","0","0","0","0","0","0","0","0","0"
"05/14/2026 15:27:15.610","64.044312259652457442","2.0013847581141392951","2.0013847581141392951","0","1000000000","64.044312259652457442","0","1.0006923790570696475","42770","0","0","0","0","0","0","0","0","0","0","0","0","0","0","11.837410936543909301","0.11837410936543910078","0","0","11.837410936543909301","0.11837410936543910078","1.4487149675682289756e-005","0","1.4487149675682289756e-005","8176.6574292753157351","0","8176.6574292753157351","35467227.774897448719","0","35467227.774897448719","4337.6193856321133353","0","4337.6193856321133353","88.124819188096680023","0","0","100","17.264063327578124785","20.016700776553307151","122.0113444599432313","150803.80395505484194","177327.95785201789113","1672.9978251028271643","0","100","3500","0","13.281536170930641205","0","0","150728.80405255471123","0","0","83.542084311121783458","86.718463829069364124","531","56429.926641095364175","0.14647951661759514574","0.87889709963957129979","176005.77119249742827","3.3202990430131578137","9.912077290144942765","13.281536170930641205","35900283.406088672578","8306.7474385527348204","36798580.938151106238","8307.7481309317918203","223142.39222117781173","7975.5182610848441982","0","0","0","3558.4620999269391177","0","0","0","0","0","0","0","0","0","0","0","0","0","0","0","0","0","0","39155.091407745014294","1924.3314449267447799","2066.4297627528485464","77574.673916883082711","0","0","0","0","0","0","0","0","0","0","0","0"
"05/14/2026 15:27:16.610","0","0","0","0","1000000000","0","0","0","42770","0","0","0","0","0","0","0","0","0","0","0","0","0","0","17.045618414170839117","0.1704561841417084056","0","0","17.045618414170839117","0.1704561841417084056","1.4501522885826100955e-005","0","1.4501522885826100955e-005","11742.878319943180031","0","11742.878319943180031","51577135.295161947608","0","51577135.295161947608","4392.2055470478135248","0","4392.2055470478135248","83.644532980522399157","0","0","100","19.691260414933509537","24.100084151382898057","121.9905502247054585","164899.10598773907986","155774.03517283202382","1703.0424057559032462","0","100","3500","0","16.989606677807010726","0","0","165026.10915011784527","0","0","80.306969516054991232","83.010393322192982168","1498","65482.630517499885173","0.73244270572387737417","0.78127421950080455648","203344.06326717534102","4.9806243993563796835","12.109755402417475167","16.989606677807010726","52212913.149955675006","11927.703272230868606","53502703.589430443943","11928.702326027017989","297586.15615150885424","10531.026065213634865","0","0","0","3246.9248374864164361","0","0","0","0","0","4.9952689807483325879","3.9962151845986664256","0","0","0","0","0","0","0","0","0","0","0","35680.207275689193921","2185.9297059754703696","2374.7508734477573853","70366.35602420946816","0","0","0","0","0","0","0","0","0","0","0","0"
"05/14/2026 15:27:17.610","192.00967728773531462","6.0003024152417285819","6.0003024152417285819","0","1000000000","192.00967728773531462","0","3.000151207620864291","42773","0","0","0","0","0","0","0","0","0","0","0","0","0","0","29.043522606256654939","0.29043522606256655383","0","0","29.043522606256654939","0.29043522606256655383","1.4765451680138275134e-005","0","1.4765451680138275134e-005","19671.991468370004441","0","19671.991468370004441","96645894.953105643392","0","96645894.953105643392","4912.8678765695694892","0","4912.8678765695694892","73.477218752968582294","0","0","100","24.864434194548568513","31.115348125820936787","122.01115439871016122","216408.24095796665642","110147.24848216019745","1728.8820902414454395","0","100","3500","0","19.53567553784542099","0","0","216421.24007142710616","0","0","74.490173040482773104","80.366669833159178893","1316","91434.764149085021927","0.39060851653159078811","1.0253336066516340885","274766.26094100379851","6.1520016399098054194","13.47581882996435354","19.63333016684082466","74714333.60241356492","18206.917628648483515","76683064.826467260718","18207.917679051024606","432153.78055053972639","15139.763044057421212","0","0","0","3505.1766609037094895","0","0","0","0","0","5.0002520127014404849","4.0002016101611523879","0","0","0","0","0","0","0","0","0","0","0","38575.94422758906876","1589.0800896365176413","1765.088960483608389","75813.821016579240677","0","0","0","0","0","0","0","0","0","0","0","0"
"05/14/2026 15:27:18.610","192.01232719140568861","6.000385224731427769","6.000385224731427769","0","1000000000","192.01232719140568861","0","3.0001926123657138845","42776","0","0","0","0","0","0","0","0","0","0","0","0","0","1","24.878256741543875563","0.24878256741543874897","0","0","24.878256741543875563","0.24878256741543874897","1.4325164113785557229e-005","0","1.4325164113785557229e-005","17367.114968780995696","0","17367.114968780995696","71537136.684175118804","0","71537136.684175118804","4119.1145917309686411","0","4119.1145917309686411","76.136831272119181335","0","0","100","24.904336306123820322","32.009582369336420982","121.98970731707316872","216391.20258979831124","109098.61944972108176","1714.0253675754399865","0","100","3500","0","22.55493684851293068","0","0","216325.20161298385938","0","0","73.771329383879859165","77.152089293823593152","1101","89063.31813710842107","0.53713540650472768601","1.5625739097459310223","272981.04011939378688","7.1780795231614460405","15.625739097459309335","22.847910706176399742","72469636.550666555762","17643.132689118639973","74377415.030044928193","17644.132753322763165","427759.46215747046517","15037.965437381079028","0","0","0","3592.230621205881107","0","0","0","0","0","4.0002568164876182166","3.0001926123657138845","0","0","0","0","0","0","0","0","0","0","0","39461.533430446230341","1576.1011856961215472","1706.1095322319692968","77585.98101998148195","0","0","0","0","0","0","0","0","0","0","0","0"
"05/14/2026 15:27:19.610","192.16924345270879826","6.0052888578971499456","6.0052888578971499456","0","1000000000","192.16924345270879826","0","3.0026444289485749728","42779","0","0","0","0","0","0","0","0","0","0","0","0","0","0","14.127096588707358293","0.1412709658870735796","0","0","14.127096588707358293","0.1412709658870735796","1.4441750153342876683e-005","0","1.4441750153342876683e-005","9790.6226013249870448","0","9790.6226013249870448","41684839.838445715606","0","41684839.838445715606","4257.6291147004703816","0","4257.6291147004703816","85.846153076913452651","0","0","100","20.624161997318392281","24.699768639259644942","122.00882032151494627","176143.67182623280678","144908.73204247344984","1663.0535503243204403","0","100","3500","0","15.47745346816835621","0","0","176021.66789770629839","0","0","79.703426292828666533","84.522536531706649043","1126","66114.128874949776218","0.39062488281103513454","0.83009037612970171249","206362.64487716506119","4.3945849323116537022","11.084118551481893178","15.477463468293350957","42216476.050457634032","9946.7601116303121671","43292095.348373308778","9947.7609931066290301","266690.87465330713894","9535.3978248643579718","0","0","0","3951.4800684963247477","0","0","0","0","0","9.0079332868457253625","7.0061703342133414552","0","0","0","0","0","0","0","0","0","0","0","43396.219050117433653","392.34553871594710017","422.37198300543286678","86002.74261542140448","0","0","0","0","0","0","0","0","0","0","0","0"
"05/14/2026 15:27:20.610","127.8519474448588511","3.9953733576518390969","3.9953733576518390969","0","1000000000","127.8519474448588511","0","1.9976866788259195484","42781","0","0","0","0","0","0","0","0","0","0","0","0","0","0","17.121165128608755168","0.17121165128608756278","0","0","17.121165128608755168","0.17121165128608756278","1.4226019772368528766e-005","0","1.4226019772368528766e-005","12023.077276513797187","0","12023.077276513797187","49860213.872335836291","0","49860213.872335836291","4147.0426185926726248","0","4147.0426185926726248","83.223490622576008491","0","0","100","19.022867765633399983","23.450418511787443521","121.99604677291831933","182409.91538210035651","141651.422873360425","1741.7509296170646849","0","100","3500","0","16.858796425442633904","0","0","182606.88721512822667","0","0","80.826537902934077806","83.141213572983602376","1617","72993.561920645341161","0.34174620914668035754","0.92758399827867088483","219830.56422931520501","4.1985591467902958485","12.644499755738447533","16.858786427016390519","50490444.065771833062","12209.860980984019989","51810755.145541466773","12210.859824323433713","310588.3387037810171","11012.247817027880956","0","0","0","3619.8082620325662901","0","0","0","0","0","3.9953733576518390969","2.9965300182388792116","0","0","0","0","0","0","0","0","0","0","0","39841.863122504139028","1856.8497679686922766","1956.7341019099883397","78670.899098843539832","0","0","0","0","0","0","0","0","0","0","0","0"
"05/14/2026 15:27:21.610","127.98297826389091369","3.999468070746591053","3.999468070746591053","0","1000000000","127.98297826389091369","0","1.9997340353732955265","42783","0","0","0","0","0","0","0","0","0","0","0","0","0","1","21.586410771657547514","0.2158641077165754929","0","0","21.586410771657547514","0.2158641077165754929","1.4520701022604950349e-005","0","1.4520701022604950349e-005","14862.023350894331088","0","14862.023350894331088","77387723.432783439755","0","77387723.432783439755","5207.0785791173302641","0","5207.0785791173302641","80.055855350564129935","0","0","100","18.52825436045813845","23.903068923964237769","121.97675443968157083","172580.96664823463652","149124.70028985507088","1655.1819044913036123","0","100","3500","0","18.397461105881529164","0","0","172538.962031927309","0","0","80.401450830929348967","81.602538894118467283","1500","72189.933673710736912","0.4395078392316428828","0.87902567977945911259","216910.83850115127279","5.2252976491706304429","13.28299804254239902","18.397461105881529164","55177961.331142961979","13307.230138391594664","56616917.949912667274","13308.230005409281148","322585.09618220780976","11347.490783725765141","0","0","0","3022.5979944667360542","0","0","0","0","0","8.998803159179828981","7.9989361414931821059","0","0","0","0","0","0","0","0","0","0","0","33169.58844473685167","4835.3568975326288637","4956.3408066727124606","65336.310270733993093","0","0","0","0","0","0","0","0","0","0","0","0"
"05/14/2026 15:27:22.610","128.1269097040618874","4.0039659282519339811","4.0039659282519339811","0","1000000000","128.1269097040618874","0","2.0019829641259669906","42785","0","0","0","0","0","0","0","0","0","0","0","0","0","0","24.956145342066331949","0.24956145342066332615","0","0","24.956145342066331949","0.24956145342066332615","1.438405763688760764e-005","0","1.438405763688760764e-005","17367.202213792763359","0","17367.202213792763359","71529666.134306028485","0","71529666.134306028485","4118.6637463976949221","0","4118.6637463976949221","75.989217284105180283","0","0","100","25.640262680072627433","32.219969764595781214","122.01532989572035603","217359.4780444506905","108371.31098136107903","1746.0118728807356092","0","100","3500","0","21.582641655395086389","0","0","217211.47703804384219","0","0","73.574956115342303065","78.417348344682906713","828","88619.602613297771313","0.43944657231673595055","1.4160089551301500155","275003.8700263161445","6.6893978226969821321","14.648325743059203319","21.582651655317086181","72470449.980705887079","17644.476854324209853","74378375.781211286783","17645.477845806271944","427531.4699209567043","15025.883137247443301","0","0","0","3618.5842076576850559","0","0","0","0","0","1.0009914820629834953","0","0","0","0","0","0","0","0","0","0","0","0","39786.408437557402067","1727.7112980407093801","2069.0493934241867464","78146.404013175051659","0","0","0","0","0","0","0","0","0","0","0","0"
"05/14/2026 15:27:23.610","63.960440467570805367","1.9987637646115876677","1.9987637646115876677","0","1000000000","63.960440467570805367","0","0.99938188230579383386","42786","0","0","0","0","0","0","0","0","0","0","0","0","0","0","14.234496364344737529","0.14234496364344736974","0","0","14.234496364344737529","0.14234496364344736974","1.4811945889698229937e-005","0","1.4811945889698229937e-005","9604.0598889586781297","0","9604.0598889586781297","40836438.662687122822","0","40836438.662687122822","4251.9975026014571995","0","4251.9975026014571995","85.981936925441274866","0","0","100","19.852280400810325744","25.393507154355500433","121.99049229468506894","163718.30974647798575","154675.09493400406791","1741.0139281114250025","0","100","3500","0","21.629668770965317037","0","0","163944.31155449245125","0","0","79.203513893411184199","78.321510486959397213","1319","61918.495347962787491","0.39063593766625259729","0.92774410171034604744","196767.5741405931185","6.5430694546557104374","15.381093792625646799","21.678489513040599235","41349825.1331551373","9755.9659350691581494","42404812.623392425478","9756.9653169514640467","253950.93134896064294","9037.4103616912925645","0","0","0","3672.7284174737919784","0","0","0","0","0","0","0","0","0","0","0","0","0","0","0","0","0","0","40376.02742703637341","830.48634419611460089","1118.3083263001833529","79938.558001875833725","0","0","0","0","0","0","0","0","0","0","0","0"
"05/14/2026 15:27:24.610","64.003468988019150743","2.0001084058755984607","2.0001084058755984607","0","1000000000","64.003468988019150743","0","1.0000542029377992304","42787","0","0","0","0","0","0","0","0","0","0","0","0","0","1","23.90542598945266306","0.23905425989452663837","0","0","23.90542598945266306","0.23905425989452663837","1.4325594774375261431e-005","0","1.4325594774375261431e-005","16687.904484423055692","0","16687.904484423055692","68578948.979034662247","0","68578948.979034662247","4109.5003295978904134","0","4109.5003295978904134","77.121687157595616213","0","0","100","24.03185407416296826","30.043276931077244285","121.99298236494301761","207928.39312023390085","116003.44200632988941","1693.0113431759994","0","100","3500","0","21.532195612103834037","0","0","207874.39275843149517","0","0","75.370954748220782449","78.07716938776816562","1203","86012.576284261100227","0.7324293750960011451","1.4648587501920022902","260744.74698980484391","7.1290012512160156888","14.697448127336029344","21.92283061223183438","69466677.093898490071","16948.918631389820803","71299384.426635921001","16949.918685592758266","408074.11761717486661","14339.777215925103519","0","0","0","3499.189656079359338","0","0","0","0","0","0","0","0","0","0","0","0","0","0","0","0","0","0","38471.085132814201643","1767.0957765910911803","2194.1189212455315101","75597.09736267705739","0","0","0","0","0","0","0","0","0","0","0","0"
"05/14/2026 15:27:25.610","64.008333885071834857","2.0002604339084948393","2.0002604339084948393","0","1000000000","64.008333885071834857","0","1.0001302169542474196","42788","0","0","0","0","0","0","0","0","0","0","0","0","0","0","22.071698566028679522","0.22071698566028680188","0","0","22.071698566028679522","0.22071698566028680188","1.4770889379642643065e-005","0","1.4770889379642643065e-005","14944.945831947319675","0","14944.945831947319675","78604282.277552530169","0","78604282.277552530169","5259.5896406344108982","0","5259.5896406344108982","79.327103457930832064","0","0","100","21.593336298676156559","26.597421111747557632","121.99895796642010737","204929.32761133046006","122132.70292298907589","1652.9623124592758359","0","100","3500","0","19.093418131637363899","0","0","204857.32925289304694","0","0","78.189066218675634445","80.906581868362636101","1167","82318.123146792248008","0.43944121117577650271","1.562468750624987468","247741.35149718585308","5.4198116037679247015","13.720425591488169204","19.093418131637363899","55430541.056445546448","13396.744256102143481","56879181.66945336014","13397.744386319098339","342672.61597459990298","12163.583698597556577","0","0","0","4076.5307643055125482","0","0","0","0","0","0","0","0","0","0","0","0","0","0","0","0","0","0","44798.832808031605964","396.05156591388197285","413.05377960210415722","88529.526544356078375","0","0","0","0","0","0","0","0","0","0","0","0"
"05/14/2026 15:27:26.610","319.89421098442750235","9.9966940932633594485","9.9966940932633594485","0","1000000000","319.89421098442750235","0","4.9983470466316797243","42793","0","0","0","0","0","0","0","0","0","0","0","0","0","0","21.52614446488095723","0.21526144464880955787","0","0","21.52614446488095723","0.21526144464880955787","1.4146511169513797653e-005","0","1.4146511169513797653e-005","15214.968409946832253","0","15214.968409946832253","62836435.990617908537","0","62836435.990617908537","4129.9090670170826343","0","4129.9090670170826343","79.080458988681641586","0","0","100","21.256000102374446925","25.865192048064802322","122.01473107487038305","207376.06160744966473","121594.36498180152557","1658.6405725879203601","0","100","3500","0","19.012370315441994961","0","0","207385.05965757221566","0","0","78.807470438404308766","80.987629684558001486","1155","85235.529460765857948","0.6834461562702235371","1.0739782474964885139","253836.99352350347908","5.8580513526405209035","13.082995017821488659","19.012370315441994961","63645540.419783182442","15453.889398775825612","65316607.797801271081","15454.889068185153519","378726.75506210100139","13341.587936869278565","0","0","0","3724.7682191499275177","0","0","0","0","0","0","0","0","0","0","0","0","0","0","0","0","0","0","40951.457353053352563","1600.4707243314637708","1721.430722859950265","80604.344143391790567","0","0","0","0","0","0","0","0","0","0","0","0"
"05/14/2026 15:27:27.610","256.03361721394020378","8.0010505379356313682","8.0010505379356313682","0","1000000000","256.03361721394020378","0","4.0005252689678156841","42797","0","0","0","0","0","0","0","0","0","0","0","0","0","0","18.755380746552297921","0.18755380746552297033","0","0","18.755380746552297921","0.18755380746552297033","1.4260095824777550147e-005","0","1.4260095824777550147e-005","13150.726690414450786","0","13150.726690414450786","54496243.356752738357","0","54496243.356752738357","4143.9720130808427712","0","4143.9720130808427712","81.428876220548616516","0","0","100","21.344897338646440232","26.305421927760974654","122.0090704630983538","205555.1615743568691","122090.4054139523214","1678.3932475378981053","0","100","3500","0","18.826968994396676038","0","0","205602.17258903762558","0","0","78.442294940980445972","81.173041008152978293","1336","80229.797841634295764","0.68376429151790785177","1.3186961356449760085","246867.84113517796504","5.3236269925203938413","13.57768095087437743","18.826958991847021707","55199127.645459845662","13357.753873083534927","56643549.298022828996","13358.754004400776466","342116.91995158960344","12150.595373172496693","0","0","0","4004.5257942367829855","0","0","0","0","0","0","0","0","0","0","0","0","0","0","0","0","0","0","44008.778352597691992","546.07169921410672941","654.08588147623777331","87055.430378008633852","0","0","0","0","0","0","0","0","0","0","0","0"
"05/14/2026 15:27:28.610","191.82860114487704095","5.9946437857774075297","5.9946437857774075297","0","1000000000","191.82860114487704095","0","2.9973218928887037649","42800","0","0","0","0","0","0","0","0","0","0","0","0","0","0","17.235502183301324663","0.17235502183301323886","0","0","17.235502183301324663","0.17235502183301323886","1.4578704330175913602e-005","0","1.4578704330175913602e-005","11813.444687172010163","0","11813.444687172010163","48997628.618829071522","0","48997628.618829071522","4147.6156968876857718","0","4147.6156968876857718","83.133807295162014839","0","0","100","21.296657154374269538","26.768427400520831583","121.96656829525996102","178589.06906474530115","139917.67356970501714","1711.7706227365531504","0","100","3500","0","22.910935783984754721","0","0","178674.05767627136083","0","0","78.092526942314293592","77.089054217383051082","1477","69844.640818130370462","0.97642642486507835731","1.0740730668044611296","218046.78173124798923","6.8838182936574270343","16.062252683832848987","22.910945782616941813","49624880.169568486512","11998.279537233480369","50922308.916982673109","11999.278644531110331","304204.1935530602932","10786.362385208814885","0","0","0","3533.8425117157817112","0","0","0","0","0","0","0","0","0","0","0","0","0","0","0","0","0","0","38821.313156694486679","1770.4181313995943583","1857.3404662933667169","76633.527942783111939","0","0","0","0","0","0","0","0","0","0","0","0"
"05/14/2026 15:27:29.610","736.62185617097952672","7.0059143929305118803","7.0059143929305118803","0","1000000000","736.62185617097952672","0","4.0033796531031491384","42803","0","0","0","0","0","0","0","0","0","0","0","0","0","0","27.590983732557578634","0.27590983732557577968","0","0","27.590983732557578634","0.27590983732557577968","1.4765226932134445695e-005","0","1.4765226932134445695e-005","18699.786359644811455","0","18699.786359644811455","93406213.525458186865","0","93406213.525458186865","4995.0417469492613236","0","4995.0417469492613236","74.625948237382871753","0","0","100","24.201175610169844532","31.240836850081699083","122.01182618261826462","209084.89192458274192","113849.36707649620075","1760.2348153243642628","0","100","3500","0","23.232069663574694829","0","0","208985.87871622072998","0","0","74.371294699511921067","76.523758178952178355","938","87442.664851491179434","0.976698631209730328","1.7580415340700368265","266305.52515705593396","8.0577112005651141402","15.382885926076465211","23.476241821047828751","70783379.328829392791","17256.567994701126736","72649362.591900080442","17257.568839614403259","411687.54662686237134","14427.179424870475486","0","0","0","3404.8743949642284861","0","0","0","0","0","4.0033796531031491384","3.0025347398273622979","0","0","0","0","0","0","0","0","0","0","0","37407.579478595827823","2088.7633340065681296","2209.8655685129383528","73520.065639412787277","0","0","0","0","0","0","0","0","0","0","0","0"
"05/14/2026 15:27:30.610","128.15243732419713751","4.0047636663811605473","4.0047636663811605473","0","1000000000","128.15243732419713751","0","2.0023818331905802737","42805","0","0","0","0","0","0","0","0","0","0","0","0","0","0","16.91148390977888738","0.16911483909778887713","0","0","16.91148390977888738","0.16911483909778887713","1.4449974367737525576e-005","0","1.4449974367737525576e-005","11717.93848783127396","0","11717.93848783127396","48825053.401020511985","0","48825053.401020511985","4166.6930963773065741","0","4166.6930963773065741","83.168632460949524443","0","0","100","21.101177027796801156","26.150463066672639201","122.01562149972370719","185528.5361905588361","135478.50681416312","1679.9052533437113652","0","100","3500","0","18.900163822578839756","0","0","185384.54431170079624","0","0","78.493874227497499874","80.953362812664579451","782","71359.97529739321908","0.24412894095897455515","1.0253435519370972528","222404.45638865965884","5.0778899715842875651","13.915389632849631596","19.046637187335413444","49451426.471788190305","11903.158807401403465","50738577.537981428206","11904.159998317998543","305339.20097956515383","10839.894053977204749","0","0","0","3719.4242551515026207","0","0","0","0","0","0","0","0","0","0","0","0","0","0","0","0","0","0","40912.665615749931021","1223.4553000794444415","1280.5231823253759558","80849.170087819453329","0","0","0","0","0","0","0","0","0","0","0","0"
"05/14/2026 15:27:31.610","63.936657952965994411","1.9980205610301873254","1.9980205610301873254","0","1000000000","63.936657952965994411","0","0.99901028051509366268","42806","0","0","0","0","0","0","0","0","0","0","0","0","0","0","17.234065490526916165","0.17234065490526917497","0","0","17.234065490526916165","0.17234065490526917497","1.4256444407677035379e-005","0","1.4256444407677035379e-005","12076.036270866452469","0","12076.036270866452469","50396408.278318665922","0","50396408.278318665922","4173.2574454003970459","0","4173.2574454003970459","83.138623442070851866","0","0","100","19.314137599999998685","23.902944000000001523","121.99153289677809653","182031.2665634341829","141352.90825405894429","1653.093234458423467","0","100","3500","0","17.573932755783992832","0","0","182181.27502391135204","0","0","80.467307739233149277","82.426057243707987254","1287","71771.047887100823573","0.48830480588413893717","1.2696044959083920833","219826.39820885896916","4.7365706177873834193","12.891274876763739954","17.573942756292016298","51050112.653394281864","12267.846244725349607","52376686.416766911745","12268.84525500586642","310880.01117293100106","11024.078445484059557","0","0","0","3520.5122285351899336","0","0","0","0","0","4.9950514025754682024","3.9960411220603746507","0","0","0","0","0","0","0","0","0","0","0","38709.650349398849357","2447.5751872619794085","2547.4762153134888649","76452.258747259096708","0","0","0","0","0","0","0","0","0","0","0","0"
"05/14/2026 15:27:32.610","127.97926735868789194","3.9993521049589966232","3.9993521049589966232","0","1000000000","127.97926735868789194","0","1.9996760524794983116","42808","0","0","0","0","0","0","0","0","0","0","0","0","0","0","16.992166255030806354","0.16992166255030807798","0","0","16.992166255030806354","0.16992166255030807798","1.4343986834332010343e-005","0","1.4343986834332010343e-005","11847.080772914787303","0","11847.080772914787303","49172706.021624498069","0","49172706.021624498069","4150.617942442399908","0","4150.617942442399908","83.17107508941882088","0","0","100","20.465097455830953521","25.827090881461398197","121.9869759008838912","186091.21666812963667","135555.06712292708107","1721.5671980064212221","0","100","3500","0","18.671608563092256361","0","0","186110.21189273017808","0","0","78.819745484269319036","81.328401434540296577","1042","73325.565952719480265","0.4881644026694479388","1.0251472451323526691","224594.53693341492908","5.076917785868306332","13.619824825481325448","18.671598565459703423","49806047.420317910612","12035.050321847860687","51107464.590736299753","12036.050159874101155","309137.91965701559093","10970.222823902528035","0","0","0","3689.4023168246744717","0","0","0","0","0","0","0","0","0","0","0","0","0","0","0","0","0","0","40493.440062709843914","1767.7136303918764497","2024.6720031354921048","80015.0375639146514","0","0","0","0","0","0","0","0","0","0","0","0"
"05/14/2026 15:27:33.610","127.95769718531052206","3.9986780370409538143","3.9986780370409538143","0","1000000000","127.95769718531052206","0","1.9993390185204769072","42810","0","0","0","0","0","0","0","0","0","0","0","0","0","1","22.038925069541203783","0.22038925069541204227","0","0","22.038925069541203783","0.22038925069541204227","1.4927030688977712257e-005","0","1.4927030688977712257e-005","14756.121626190380994","0","14756.121626190380994","78035769.374644741416","0","78035769.374644741416","5288.3658288733822701","0","5288.3658288733822701","79.4011304633979762","0","0","100","21.644285485677709602","27.554210273643782614","122.01384026645878578","201720.37254533637315","122830.99458993063308","1681.4032004874768518","0","100","3500","0","19.952048827376778206","0","0","201750.37974106191541","0","0","77.460618324069514529","80.047951172623214688","1226","81048.435414812469389","0.63491793587905975826","1.2209844893860268833","245972.98432164033875","5.0304720999992991182","14.847209399790150641","19.952048827376778206","54596398.43067881465","13197.63686125366803","56023510.627386584878","13198.636530762929397","342142.88756137219025","12172.97561426192442","0","0","0","4001.6770455687346839","0","0","0","0","0","6.9976865648216692861","5.9980170555614309436","0","0","0","0","0","0","0","0","0","0","0","44012.44948420052242","165.94513853719959684","177.94117264832246406","86983.243339751876192","0","0","0","0","0","0","0","0","0","0","0","0"
"05/14/2026 15:27:34.610","128.01854988787874845","4.0005796839962108891","4.0005796839962108891","0","1000000000","128.01854988787874845","0","2.0002898419981054445","42812","0","0","0","0","0","0","0","0","0","0","0","0","0","0","16.858050344490617789","0.16858050344490618788","0","0","16.858050344490617789","0.16858050344490618788","1.4637509768168795776e-005","0","1.4637509768168795776e-005","11518.669055146090614","0","11518.669055146090614","47790860.895743794739","0","47790860.895743794739","4148.9915776677953545","0","4148.9915776677953545","83.339560011208021706","0","0","100","20.949472838670551766","26.424481279332301398","121.99304868139174118","176496.36461308738217","142016.53861843893537","1706.9938548221225574","0","100","3500","0","19.579935243883440421","0","0","176479.36467428714968","0","0","78.317940972293754953","80.420064756116559579","1146","68905.751939293011674","0.58593105467589834401","0.92773166991700573014","214453.22796837930218","5.7129002832205095785","13.916045048881088064","19.579935243883440421","48402429.512036293745","11699.695285846919433","49667580.832462623715","11700.695430767918879","301599.70179679035209","10716.552828504851277","0","0","0","3557.5154839936308235","0","0","0","0","0","0","0","0","0","0","0","0","0","0","0","0","0","0","39103.666121220965579","1478.2141932366000674","1657.2401340954304487","77281.198045596800512","0","0","0","0","0","0","0","0","0","0","0","0"
"05/14/2026 15:27:35.610","128.03814256266940674","4.0011919550834189607","4.0011919550834189607","0","1000000000","128.03814256266940674","0","2.0005959775417094804","42814","0","0","0","0","0","0","0","0","0","0","0","0","0","1","17.350227594782495544","0.17350227594782496876","0","0","17.350227594782495544","0.17350227594782496876","1.4632051606374904461e-005","0","1.4632051606374904461e-005","11862.53384883356739","0","11862.53384883356739","50707201.675379090011","0","50707201.675379090011","4274.5675014756725432","0","4274.5675014756725432","82.815993987866136194","0","0","100","22.19267798692634841","27.128183223106383082","122.00762007555316302","184075.47558447232586","135210.96616100147367","1704.8099136946229919","0","100","3500","0","18.173126417592932569","0","0","183935.49119273200631","0","0","77.74530582011513502","81.58275063123005566","495","71293.050824833029765","0.6346996752759794802","1.2205747603165568727","222597.18041438379441","5.4681441296304367228","12.938016467775369733","18.417249368769937234","50436088.91088654846","11977.568117542215987","51731282.749130964279","11978.568415530986385","307927.73167126486078","10939.258805198067421","0","0","0","3792.1296754303107264","0","0","0","0","0","0","0","0","0","0","0","0","0","0","0","0","0","0","41701.422853868163656","620.1847530379300224","734.21872375780742459","82477.570068123284727","0","0","0","0","0","0","0","0","0","0","0","0"
"05/14/2026 15:27:36.610","63.984215094136281721","1.9995067216917588038","1.9995067216917588038","0","1000000000","63.984215094136281721","0","0.99975336084587940189","42815","0","0","0","0","0","0","0","0","0","0","0","0","0","0","16.832754831111813587","0.16832754831111815252","0","0","16.832754831111813587","0.16832754831111815252","1.4656651575831446685e-005","0","1.4656651575831446685e-005","11483.167102675770366","0","11483.167102675770366","63341301.700870402157","0","63341301.700870402157","5516.0132335016542129","0","5516.0132335016542129","83.772857703651808947","0","0","100","18.500743129848540747","23.44124314664695774","122.00685199523773861","167637.3580170799687","154172.49900121046812","1705.7797838299072737","0","100","3500","0","18.661411118801364495","0","0","167727.34639957980835","0","0","80.78769025130600312","81.240949758196933317","1389","67166.328826948432834","0.24411280583343017425","1.1717394682232400438","204234.63330883980962","4.6869778706652081013","14.109758172939535825","18.759050241803066683","48415731.838955335319","11296.213224197590534","49637258.488330930471","11297.212977558436251","287781.0044262080919","10202.483047432198873","0","0","0","3404.1601936802194359","0","0","0","0","0","14.996300412688190917","11.997040330150552379","0","0","0","0","0","0","0","0","0","0","0","37438.763856956487871","2378.4132454523469278","2530.3757563009207843","73911.765967335857567","0","0","0","0","0","0","0","0","0","0","0","0"
"05/14/2026 15:27:37.610","0","0","0","0","1000000000","0","0","0","42815","0","0","0","0","0","0","0","0","0","0","0","0","0","0","18.861809874291139977","0.18861809874291141087","0","0","18.861809874291139977","0.18861809874291141087","1.4527332254833988769e-005","0","1.4527332254833988769e-005","12983.282461056653119","0","12983.282461056653119","65404138.047468744218","0","65404138.047468744218","5037.5656729065558466","0","5037.5656729065558466","81.638893120314847351","0","0","100","20.4904569799986227","25.133165415013753119","122.00703875198109927","194187.49786829444929","130845.34754951196373","1674.3578102640533416","0","100","3500","0","17.61000237748905306","0","0","194167.49359338090289","0","0","79.404943596897879843","82.38999762251094694","1180","77378.535793098984868","0.83025078258597784231","1.1232810589138184643","233183.83138476693421","5.0791747862535325808","12.502571779014942877","17.61000237748905306","52321822.176338598132","12662.226019334199009","53691038.884635917842","12663.226195165108948","330806.15572217595764","11791.072870610652899","0","0","0","3891.6841580749892273","0","0","0","0","0","4.000703323644296816","3.0005274927332221679","0","0","0","0","0","0","0","0","0","0","0","42786.521870544842386","1175.2066013205121635","1273.2238327497973387","84570.867558516780264","0","0","0","0","0","0","0","0","0","0","0","0"
"05/14/2026 15:27:38.610","128.13159114410498773","4.0041122232532808667","4.0041122232532808667","0","1000000000","128.13159114410498773","0","2.0020561116266404333","42817","0","0","0","0","0","0","0","0","0","0","0","0","0","0","18.551766594903622121","0.18551766594903623675","0","0","18.551766594903622121","0.18551766594903623675","1.457608234462167008e-005","0","1.457608234462167008e-005","12740.084066336126853","0","12740.084066336126853","66579224.863935261965","0","66579224.863935261965","5225.9643278070243468","0","5225.9643278070243468","81.905072775085656644","0","0","100","19.913076662143826212","24.47143250300811701","122.01849281189666385","189462.62054923499818","135061.57956147345249","1670.0759884574749776","0","100","3500","0","17.281642741652248674","0","0","189340.61499798242585","0","0","79.900177767537343243","82.669525187867961336","1087","75252.423985291330609","0.43946863347005910017","1.0254334783794833985","227243.33957195052062","4.4923704765082037582","12.793512444927666039","17.330474812132035112","51039641.712038263679","12314.647142615465782","52371289.314125604928","12315.648170671280241","322375.07920634490438","11478.78871601134415","0","0","0","3785.8881070859774809","0","0","0","0","0","4.0041122232532808667","3.0030841674399608721","0","0","0","0","0","0","0","0","0","0","0","41610.734224048093893","1790.8391918500299198","1888.9399413197354534","82242.463009510771371","0","0","0","0","0","0","0","0","0","0","0","0"
"05/14/2026 15:27:39.610","255.64005879721349856","7.9887518374129218302","7.9887518374129218302","0","1000000000","255.64005879721349856","0","3.9943759187064609151","42821","0","0","0","0","0","0","0","0","0","0","0","0","0","0","19.29559752955399432","0.19295597529553992766","0","0","19.29559752955399432","0.19295597529553992766","1.4777586338923348044e-005","0","1.4777586338923348044e-005","13040.638780596918878","0","13040.638780596918878","69178245.030996352434","0","69178245.030996352434","5304.8202772034610462","0","5304.8202772034610462","81.410872678082611742","0","0","100","20.64845748586915164","26.371312100932563283","122.00977808701831862","191367.05062793486286","131043.78806715490646","1723.7662572955109681","0","100","3500","0","21.299072887835958312","0","0","191507.0316465087526","0","0","78.442669936651057583","78.700927112164038135","1049","76286.655529510200722","0.58586553649031203328","1.3181924577386214814","233062.39673900220077","5.6633501881910808251","15.623014314880578013","21.299072887835958312","52407342.461813762784","12653.184316482391296","53775579.983383394778","12654.182910462068321","328629.28995973669225","11703.521441809931275","0","0","0","3876.5418291046203194","0","0","0","0","0","4.9929698983830759218","3.9943759187064609151","0","0","0","0","0","0","0","0","0","0","0","42602.016360963760235","908.7205215057198302","960.64740844890388871","84225.410621844435809","0","0","0","0","0","0","0","0","0","0","0","0"
"05/14/2026 15:27:40.610","191.97237517521227801","5.9991367242253836878","5.9991367242253836878","0","1000000000","191.97237517521227801","0","2.9995683621126918439","42824","0","0","0","0","0","0","0","0","0","0","0","0","0","1","17.95466511020690703","0.17954665110206907697","0","0","17.95466511020690703","0.17954665110206907697","1.4977973311092576317e-005","0","1.4977973311092576317e-005","11988.274887243724152","0","11988.274887243724152","61017523.578357070684","0","61017523.578357070684","5089.7668056713928308","0","5089.7668056713928308","82.617919722748609956","0","0","100","22.418176466636165145","27.104906436658787072","122.0006840487042723","179968.96473154972773","138274.89488155080471","1709.6291814305475327","0","100","3500","0","18.426032069389631118","0","0","179994.95909337262856","0","0","77.787115736499998775","81.427519944140215102","985","70109.79318585798319","1.0251658987345364515","0.82989858416950057496","218305.64950462244451","6.3950820350671344627","12.155542798344281863","18.572480055859784898","48222348.804007098079","11574.33445327217305","49473952.698206722736","11575.334309392877913","304364.20199133339338","10842.439772916675793","0","0","0","3753.4598771236815082","0","0","0","0","0","3.9994244828169223105","2.9995683621126918439","0","0","0","0","0","0","0","0","0","0","0","41307.055914653879881","1120.8387113094424876","1198.8274887243724152","81628.253694293380249","0","0","0","0","0","0","0","0","0","0","0","0"
"05/14/2026 15:27:41.610","64.019967827965544416","2.000623994623923263","2.000623994623923263","0","1000000000","64.019967827965544416","0","1.0003119973119616315","42825","0","0","0","0","0","0","0","0","0","0","0","0","0","0","22.691408074224224123","0.22691408074224223013","0","0","22.691408074224224123","0.22691408074224223013","1.5146745878112275011e-005","0","1.5146745878112275011e-005","14985.674031730497518","0","14985.674031730497518","91213601.522314816713","0","91213601.522314816713","6086.7199786396104173","0","6086.7199786396104173","79.09865729597188988","0","0","100","21.573393130283967878","26.90697659534978925","122.00739279003460069","194531.52156043614377","128237.7911908813694","1706.987026898595559","0","100","3500","0","20.263430790292368044","0","0","194494.52184163400671","0","0","77.929423788271364515","79.590078770236303285","1259","77755.409058891149471","0.68359205077615237123","1.2207036621109863539","237795.19275653504883","5.8105674317022950603","14.599653798961394813","20.409921229763693162","53145852.191298469901","12849.007605472146679","54535265.549324832857","12850.007917469458334","329302.70951509778388","11697.648496566080212","0","0","0","3911.2199094897700888","0","0","0","0","0","0","0","0","0","0","0","0","0","0","0","0","0","0","42997.410892457359296","704.21964610762097436","748.2333739893473421","84939.492627750601969","0","0","0","0","0","0","0","0","0","0","0","0"
"05/14/2026 15:27:42.610","192.0515274248080857","6.0016102320252526781","6.0016102320252526781","0","1000000000","192.0515274248080857","0","3.000805116012626339","42828","0","0","0","0","0","0","0","0","0","0","0","0","0","0","16.863741394475798785","0.16863741394475798008","0","0","16.863741394475798785","0.16863741394475798008","1.4274394580863674077e-005","0","1.4274394580863674077e-005","11813.169473369705884","0","11813.169473369705884","49054569.340954177082","0","49054569.340954177082","4152.5324301439459305","0","4152.5324301439459305","83.299213505029840121","0","0","100","19.617365613511708489","23.97419100830477845","121.99291513636326556","184553.28673427281319","139338.57729064012528","1698.5732684781114585","0","100","3500","0","17.110744609859061427","0","0","184537.28133244969649","0","0","80.349869871159597778","82.889255390140931468","1262","72663.523939329519635","0.68383038245584937265","0.92804265757133586057","221341.70282470333041","4.1029422812545544019","13.090350138961815318","17.110744609859061427","49681913.657434292138","11999.219390562488115","50979453.787451170385","12000.219658934491235","313876.21298794465838","11176.998788775028515","0","0","0","3674.9859987434629147","0","0","0","0","0","0","0","0","0","0","0","0","0","0","0","0","0","0","40394.837935017967538","1900.5099068079966855","2012.5399644724680002","79819.415549191850005","0","0","0","0","0","0","0","0","0","0","0","0"
"05/14/2026 15:27:43.610","128.01985587964693991","4.0006204962389668722","4.0006204962389668722","0","1000000000","128.01985587964693991","0","2.0003102481194834361","42830","0","0","0","0","0","0","0","0","0","0","0","0","0","0","19.215833416002382705","0.19215833416002381373","0","0","19.215833416002382705","0.19215833416002381373","1.4568066717210008884e-005","0","1.4568066717210008884e-005","13192.046086347992969","0","13192.046086347992969","65304464.722478456795","0","65304464.722478456795","4950.290826383624335","0","4950.290826383624335","81.286391048062185405","0","0","100","20.909677388386750607","25.033224372112968581","122.02490464787963731","198114.78958103401237","128363.3810139104753","1716.9548440876003497","0","100","3500","0","18.454691495115060462","0","0","198132.78910764647298","0","0","79.474768873343549558","81.545318505172943446","1361","77972.949311433112598","0.63477828161451055333","1.0254295323705322485","237336.75804326345678","6.0548643800941466253","12.40269719767929324","18.454681494827053001","53369621.628314547241","12898.000479874428493","54764333.948195360601","12899.00063499848693","337152.29232053889427","12014.863505329676627","0","0","0","3930.6096375547845128","0","0","0","0","0","0","0","0","0","0","0","0","0","0","0","0","0","0","43216.702910621432238","961.14907422141175175","1013.1571406725182669","85435.251007431244943","0","0","0","0","0","0","0","0","0","0","0","0"
"05/14/2026 15:27:44.610","64.001638441944109559","2.0000512013107534237","2.0000512013107534237","0","1000000000","64.001638441944109559","0","1.0000256006553767119","42831","0","0","0","0","0","0","0","0","0","0","0","0","0","0","18.963513616081318247","0.18963513616081317803","0","0","18.963513616081318247","0.18963513616081317803","1.460976117103235596e-005","0","1.460976117103235596e-005","12980.332296506789135","0","12980.332296506789135","66799278.061518371105","0","66799278.061518371105","5146.191679506933724","0","5146.191679506933724","81.653247802469934413","0","0","100","19.853814989871708008","24.121869109830363698","122.01058654990166019","193788.54209669007105","132459.18252559445682","1720.0935730903761396","0","100","3500","0","17.236129643098173858","0","0","193798.54264071965008","0","0","80.228194524847410207","82.763860356878808489","1170","76082.138868354435544","0.34180078614180814389","1.1718726953071991748","232469.64634876136552","4.3945401074422472121","12.841829536207931994","17.236139643121184406","51527459.102953031659","12425.318088143056229","52871065.499276779592","12426.318113743711365","326160.34970495244488","11628.297684420720543","0","0","0","3840.0983065166465167","0","0","0","0","0","0","0","0","0","0","0","0","0","0","0","0","0","0","42229.08106447524915","1466.0375305607822156","1531.0391946033817021","83473.136912304951693","0","0","0","0","0","0","0","0","0","0","0","0"
"05/14/2026 15:27:45.610","63.984957136577186532","1.9995299105180370791","1.9995299105180370791","0","1000000000","63.984957136577186532","0","0.99976495525901853956","42832","0","0","0","0","0","0","0","0","0","0","0","0","0","1","19.71215208418231768","0.19712152084182316125","0","0","19.71215208418231768","0.19712152084182316125","1.5550339223729881183e-005","0","1.5550339223729881183e-005","12673.020572863319103","0","12673.020572863319103","81327439.918875068426","0","81327439.918875068426","6417.3682549700224627","0","6417.3682549700224627","81.990284732830147618","0","0","100","21.804847646980700659","27.267675046362743529","121.99259206241276843","175667.70658860902768","141481.72170952628949","1726.0364193684486054","0","100","3500","0","18.161819450034876411","0","0","175672.70669411125709","0","0","77.661115680681220397","81.838190550240128118","862","68228.439620075980201","0.58595611379312928513","0.68360879924197914814","213060.49557645665482","4.8341129381057976744","13.330446587281150173","18.161809449759868329","43776432.160798996687","10358.564701438690463","44896580.813850663602","10359.564466393951079","274867.3786792724859","9806.6944461357124965","0","0","0","3868.090611897142935","0","0","0","0","0","4.9988247762950930309","3.9990598210360741582","0","0","0","0","0","0","0","0","0","0","0","42536.999551405460807","617.85474235007347943","668.8427550682833953","84244.19418994593434","0","0","0","0","0","0","0","0","0","0","0","0"
"05/14/2026 15:27:46.610","63.980025436058866717","1.9993757948768395849","1.9993757948768395849","0","1000000000","63.980025436058866717","0","0.99968789743841979245","42833","0","0","0","0","0","0","0","0","0","0","0","0","0","0","15.825965392767582074","0.15825965392767582518","0","0","15.825965392767582074","0.15825965392767582518","1.4728221829347725829e-005","0","1.4728221829347725829e-005","10743.645833770697209","0","10743.645833770697209","45037843.185357533395","0","45037843.185357533395","4192.0446636270589806","0","4192.0446636270589806","84.357896090316387472","0","0","100","21.302979790789155601","26.213341310583238908","122.00080413983097571","174300.39081809442723","144148.86168742147856","1713.7285453984090964","0","100","3500","0","19.153159344985592583","0","0","174297.39129321917426","0","0","78.534049368942888236","80.749195799731467105","1211","67055.378428056996199","0.63466156399142492628","0.87877370219878891966","210101.71988756983774","5.61436921133532163","13.523292537327460394","19.250804200268532895","45612055.916142977774","10912.593088437790357","46792095.50778247416","10913.592776335228336","281879.9970649163588","10027.869299204789058","0","0","0","3659.8573925220548517","0","0","0","0","0","0","0","0","0","0","0","0","0","0","0","0","0","0","40237.437871896392608","1010.6844643102423333","1097.6573113873848797","79636.137597841952811","0","0","0","0","0","0","0","0","0","0","0","0"
"05/14/2026 15:27:47.610","192.20837309727477304","6.0065116592898366576","6.0065116592898366576","0","1000000000","192.20837309727477304","0","3.0032558296449183288","42836","0","0","0","0","0","0","0","0","0","0","0","0","0","0","18.204007902071598579","0.18204007902071597802","0","0","18.204007902071598579","0.18204007902071597802","1.4655394524959742059e-005","0","1.4655394524959742059e-005","12433.479134729961515","0","12433.479134729961515","59349845.167145706713","0","59349845.167145706713","4773.3900161030596792","0","4773.3900161030596792","82.153701553281322845","0","0","100","21.240097988076303892","26.833969093114273363","121.99223069312692758","186735.31036327066249","133692.29516713888734","1705.1580681529176218","0","100","3500","0","19.620044090863220987","0","0","186625.3001653253159","0","0","77.953188236662512622","80.282285136050504093","1016","74050.864515140550793","0.43950847778509966046","1.1231738860796345314","227112.05328733971692","5.3716824965793730229","14.503549741536492235","19.71771486394949946","50955837.223133601248","12304.339134055229806","52286363.646829530597","12305.340219331777917","324059.31270089902682","11558.530603026742028","0","0","0","3744.058934290664638","0","0","0","0","0","5.0054263827415299559","4.0043411061932241424","0","0","0","0","0","0","0","0","0","0","0","41143.60378085882985","1764.9133425546635863","1875.0327229749773323","81308.146161253418541","0","0","0","0","0","0","0","0","0","0","0","0"
"05/14/2026 15:27:48.610","319.75059453626170125","9.9922060792581781641","9.9922060792581781641","0","1000000000","319.75059453626170125","0","4.996103039629089082","42841","0","0","0","0","0","0","0","0","0","0","0","0","0","0","18.172261555118872423","0.18172261555118873755","0","0","18.172261555118872423","0.18172261555118873755","1.466668549753853584e-005","0","1.466668549753853584e-005","12381.34255280880825","0","12381.34255280880825","63352568.996182978153","0","63352568.996182978153","5116.7770155758207693","0","5116.7770155758207693","82.582687410331061528","0","0","100","18.997947199999998702","22.872452800000001361","122.01257904573344604","179591.40410715766484","144756.89955626818119","1686.9004728721004085","0","100","3500","0","16.65602405277403264","0","0","179675.39915145005216","0","0","81.285465102559058437","83.343975947225970913","1303","71478.782751817634562","0.29294019724266640026","1.2206174862579288742","215982.25704683421645","4.3942329498525900533","12.20620486055142706","16.65602405277403264","48322876.156597852707","11648.913847199184602","49582541.617538318038","11649.913067807110565","304390.57535122602712","10834.549051739642891","0","0","0","3575.2113351585762757","0","0","0","0","0","0","0","0","0","0","0","0","0","0","0","0","0","0","39318.331701273004001","2614.9603309418653225","2745.8582305801473922","77726.37342872559384","0","0","0","0","0","0","0","0","0","0","0","0"
"05/14/2026 15:27:49.610","256.00542731505908023","8.0001696035955962572","8.0001696035955962572","0","1000000000","256.00542731505908023","0","4.0000848017977981286","42845","0","0","0","0","0","0","0","0","0","0","0","0","0","1","22.207759166928013883","0.22207759166928014993","0","0","22.207759166928013883","0.22207759166928014993","1.4969987865713901555e-005","0","1.4969987865713901555e-005","14834.314487467134313","0","14834.314487467134313","86038304.012045055628","0","86038304.012045055628","5799.951462855601676","0","5799.951462855601676","79.545781837033814554","0","0","100","19.525212101040423818","24.08161769647549022","122.005237342413551","189969.32217160143773","135173.92821614109562","1660.098941896937049","0","100","3500","0","18.647654104876444592","0","0","190032.32592662522802","0","0","80.259852967530932233","81.352345895123562514","1549","77174.599606136529474","0.78129500259214934577","1.0742818786362093864","231113.77438095310936","4.931924078826940061","13.770323170614625852","18.647654104876444592","53090989.528978019953","12796.271280951157678","54474706.863785512745","12797.271302151606506","330791.01276947074803","11760.249317285526558","0","0","0","3772.079968095323693","0","0","0","0","0","0","0","0","0","0","0","0","0","0","0","0","0","0","41503.879882253502728","1632.0345991335016151","1728.0366343766488626","82016.738754861609777","0","0","0","0","0","0","0","0","0","0","0","0"
"05/14/2026 15:27:50.610","146.96772588739511889","2.9993413446407166667","2.9993413446407166667","0","1000000000","146.96772588739511889","0","1.9995608964271442964","42846","0","0","0","0","0","0","0","0","0","0","0","0","0","0","13.830944775079862197","0.13830944775079861975","0","0","13.830944775079862197","0.13830944775079861975","1.4617512153878671062e-005","0","1.4617512153878671062e-005","9459.9226009968206199","0","9459.9226009968206199","43231978.257574632764","0","43231978.257574632764","4570.0139505389979604","0","4570.0139505389979604","86.449352281801040476","0","0","100","17.491547795035231161","22.158011276006170931","121.98561651678366502","165065.57624255667906","158703.30455330366385","1707.9542268267209693","0","100","3500","0","19.776232349560331159","0","0","165050.57664454591577","0","0","81.857040501074735062","80.223767650439668841","985","62241.331932304208749","0.63476333498498260788","0.92772025893728105039","194176.79606186551973","4.687450781766791863","15.038902091528038696","19.776232349560331159","39464549.58491115272","9261.9660722505323065","40466121.639687918127","9262.9658526987459481","248765.37112450104905","8902.045110893646779","0","0","0","3775.1709724544484743","0","0","0","0","0","3.9991217928542885929","2.9993413446407166667","0","0","0","0","0","0","0","0","0","0","0","41514.88333162037452","1248.7257798187517892","1339.7058006061868127","82286.929790218055132","0","0","0","0","0","0","0","0","0","0","0","0"
"05/14/2026 15:27:51.610","127.97462263233200019","3.9992069572603750061","3.9992069572603750061","0","1000000000","127.97462263233200019","0","1.999603478630187503","42848","0","0","0","0","0","0","0","0","0","0","0","0","0","0","13.882969978691923174","0.13882969978691922508","0","0","13.882969978691923174","0.13882969978691922508","1.5131247956403271507e-005","0","1.5131247956403271507e-005","9173.180958215983992","0","9173.180958215983992","46111816.026881866157","0","46111816.026881866157","5026.8076294277925626","0","5026.8076294277925626","86.465291275048599573","0","0","100","19.963485955213492673","23.434350723640523739","122.01700351567056657","155910.54351438078447","165809.81388129963307","1652.0163549619142032","0","100","3500","0","16.161808182509453502","0","0","155890.54331637884025","0","0","80.803430892351215675","83.887021993279176968","1005","58564.579789339913987","0.73242263672149221509","1.123054042994554802","185376.83523066877387","5.4687696875708748934","10.644578320481953071","16.112978006720823032","37388985.764122970402","8792.2564955369343807","38339773.22296988219","8793.2562972762498248","237128.97732379665831","8488.3167667851448641","0","0","0","3598.2864597950224379","0","0","0","0","0","0","0","0","0","0","0","0","0","0","0","0","0","0","39532.160772518807789","1520.6984454982575699","1627.677231604972576","78317.469645769233466","0","0","0","0","0","0","0","0","0","0","0","0"
"05/14/2026 15:27:52.610","128.01313414756353382","4.0004104421113604317","4.0004104421113604317","0","1000000000","128.01313414756353382","0","2.0002052210556802159","42850","0","0","0","0","0","0","0","0","0","0","0","0","0","0","23.696708343250776352","0.23696708343250774687","0","0","23.696708343250776352","0.23696708343250774687","1.4984417884019477654e-005","0","1.4984417884019477654e-005","15814.62258027673488","0","15814.62258027673488","78270302.533039882779","0","78270302.533039882779","4949.2361980648829558","0","4949.2361980648829558","77.823700248619388731","0","0","100","23.595864613533525045","29.063338005363235084","122.00458068589389882","201422.29979101827485","121002.4723228913208","1716.0962730009152892","0","100","3500","0","20.501609125511787823","0","0","201501.3042231669242","0","0","76.165050873968169753","79.156564212008532877","1589","81115.550582387673785","0.73247713321639096318","1.416130458175737683","249503.99717424146365","7.1294660983556719103","13.721770298083249884","20.843435787991460018","61602372.403408586979","14876.526331601620768","63211013.449979968369","14877.526434212149979","375446.52081303537125","13295.364104357106044","0","0","0","3754.3851999215116848","0","0","0","0","0","0","0","0","0","0","0","0","0","0","0","0","0","0","41318.239251347185927","1066.1093828226776168","1230.1262109492433865","81479.359782313666074","0","0","0","0","0","0","0","0","0","0","0","0"
"05/14/2026 15:27:53.610","128.02692406213026288","4.0008413769415707151","4.0008413769415707151","0","1000000000","128.02692406213026288","0","2.0004206884707853575","42852","0","0","0","0","0","0","0","0","0","0","0","0","0","0","21.757903804157933791","0.21757903804157935346","0","0","21.757903804157933791","0.21757903804157935346","1.4687478061293371894e-005","0","1.4687478061293371894e-005","14817.116039503107459","0","14817.116039503107459","73071622.962308973074","0","73071622.962308973074","4931.5685162683948874","0","4931.5685162683948874","79.288690125597270253","0","0","100","21.910425123076258558","27.479985408443582173","122.01341991034448142","197738.41525067202747","125385.39942953089485","1700.0035700074970464","0","100","3500","0","20.215312751186043982","0","0","197696.41516247185064","0","0","77.469620676200079856","79.540548664817748659","1026","80722.169516555979499","0.48827716799242570911","1.3671720704019916237","243780.51193907507695","5.8105162990054655126","14.64835503954076934","20.459451335182254894","59396715.129191666842","14411.030639743537904","60955026.842144906521","14412.030850087772706","365520.86903875885764","12952.723957848334976","0","0","0","3682.7744874747158974","0","0","0","0","0","6.0012620654123560726","5.0010517211769638379","0","0","0","0","0","0","0","0","0","0","0","40465.509896731280605","1859.391029933595064","2028.4265781093763508","79725.766328658923157","0","0","0","0","0","0","0","0","0","0","0","0"
"05/14/2026 15:27:54.610","472.30255701802576596","8.0051280850512842591","8.0051280850512842591","0","1000000000","472.30255701802576596","0","6.0038460637884627502","42854","0","0","0","0","0","0","0","0","0","0","0","0","0","0","17.929288611429335276","0.17929288611429336497","0","0","17.929288611429335276","0.17929288611429336497","1.527829754601226853e-005","0","1.527829754601226853e-005","11743.522900770232809","0","11743.522900770232809","72164500.579070955515","0","72164500.579070955515","6145.047034764826094","0","6145.047034764826094","83.420761889848719761","0","0","100","18.896190399999998277","22.788110400000000766","122.02007591661168817","169020.81082232354674","153946.891622438794","1615.8930278815541897","0","100","3500","0","15.582391577740716926","0","0","168957.81499264747254","0","0","81.29053888728400068","84.466434823753488104","507","65853.640488999633817","0.29294840970220498155","0.87884522910661488915","201522.65919996096636","3.8083093276025556939","11.717886391772927013","15.533565176246511896","44815452.779050260782","9990.3998501440019027","45895784.839768357575","9991.4004911546344374","264081.17039775679586","9427.03896115851785","0","0","0","3778.4204561442061276","0","0","0","0","0","6.0038460637884627502","5.0032050531570524399","0","0","0","0","0","0","0","0","0","0","0","41577.634632745735871","650.41665691041680475","702.44998946325017641","82250.689791880678968","0","0","0","0","0","0","0","0","0","0","0","0"
"05/14/2026 15:27:55.610","471.65177949120158019","7.9940979574779937877","7.9940979574779937877","0","1000000000","471.65177949120158019","0","5.9955734681084953408","42856","0","0","0","0","0","0","0","0","0","0","0","0","0","0","17.229181510676436773","0.17229181510676436218","0","0","17.229181510676436773","0.17229181510676436218","1.4388575246367128608e-005","0","1.4388575246367128608e-005","11965.166117855185803","0","11965.166117855185803","53855406.553341664374","0","53855406.553341664374","4501.0162017705024482","0","4501.0162017705024482","83.22532644321275086","0","0","100","19.520831700086233695","24.191746675775519293","121.98923004937235248","179998.98200010179426","142574.71454685876961","1680.9998319000167157","0","100","3500","0","17.332533319333087718","0","0","179992.98200070179882","0","0","80.20837364653881707","82.667466680666905177","1282","70825.992917400697479","0.39063683614463257099","0.78126367211426206438","216669.97833300216007","3.9063183605713098778","13.427964989387314532","17.332533319333087718","51425340.670982606709","12078.08275150456393","52731404.404128424823","12079.08201374924829","299918.57011968060397","10587.183482434917096","0","0","0","3603.3396543332055444","0","0","0","0","0","13.98967142558648824","10.991884691532240126","0","0","0","0","0","0","0","0","0","0","0","39617.750215016247239","1688.7531935172260091","1793.6757292091247109","78257.222692486131564","0","0","0","0","0","0","0","0","0","0","0","0"
"05/14/2026 15:27:56.610","472.01241392648626061","8.0002104055336662469","8.0002104055336662469","0","1000000000","472.01241392648626061","0","6.0001578041502492411","42858","0","0","0","0","0","0","0","0","0","0","0","0","0","1","18.994831301005088875","0.18994831301005088431","0","0","18.994831301005088875","0.18994831301005088431","1.4825241960661878865e-005","0","1.4825241960661878865e-005","12812.33696446216527","0","12812.33696446216527","64874154.190255202353","0","64874154.190255202353","5063.4130502653761141","0","5063.4130502653761141","81.755237576646706543","0","0","100","20.575681254500359785","24.853553084246740923","122.00655078428754052","188272.18984025804093","135317.90120506242965","1681.0731266810105353","0","100","3500","0","17.770274155554986351","0","0","188359.19362492268556","0","0","79.622885481091017823","82.180893964417634834","1105","74687.248895326949423","0.97659759900756182294","1.0742613590623240061","227153.88119383191224","5.1759792752020947759","12.695798788253348732","17.819106035582365166","50754786.85089418292","12219.321368151982824","52076121.601998135448","12220.321394452674213","308700.11881312477635","10931.287492861061764","0","0","0","3818.1004160409420365","0","0","0","0","0","0","0","0","0","0","0","0","0","0","0","0","0","0","42003.104681653130683","992.02609028617450804","1052.02766832767702","83005.183036313857883","0","0","0","0","0","0","0","0","0","0","0","0"
"05/14/2026 15:27:57.610","408.00518166580712887","6.0000762009677517383","6.0000762009677517383","0","1000000000","408.00518166580712887","0","5.000063500806460226","42859","0","0","0","0","0","0","0","0","0","0","0","0","0","1","17.517217352975912092","0.17517217352975911204","0","0","17.517217352975912092","0.17517217352975911204","1.5279659834278240364e-005","0","1.5279659834278240364e-005","11465.145607349213606","0","11465.145607349213606","61690639.471121281385","0","61690639.471121281385","5380.7113824683819985","0","5380.7113824683819985","83.244452964000572592","0","0","100","21.405288310009456865","26.091365498792875144","122.00484801328714468","175444.36813708764385","143406.59294305421645","1678.9173972640544434","0","100","3500","0","19.53544220346119431","0","0","175360.37226968430332","0","0","78.606614595379582511","80.464557796538798584","1072","67533.677343074712553","0.58590947411639859865","1.0741640360537216825","210932.62211499191471","5.8590747422059310523","13.622340276071618348","19.53544220346119431","44499993.149913005531","10595.134558208888848","45645715.70058939606","10596.134570909051035","275787.50250128173502","9814.1246393829205772","0","0","0","3835.0487051185550627","0","0","0","0","0","0","0","0","0","0","0","0","0","0","0","0","0","0","42129.535045095071837","763.00969022306583156","879.01116344177569317","83360.058672745144577","0","0","0","0","0","0","0","0","0","0","0","0"
"05/14/2026 15:27:58.610","407.99506325973459298","5.9999274008784500012","5.9999274008784500012","0","1000000000","407.99506325973459298","0","4.9999395007320410755","42860","0","0","0","0","0","0","0","0","0","0","0","0","0","0","16.541121528127394669","0.16541121528127394891","0","0","16.541121528127394669","0.16541121528127394891","1.556828533785055676e-005","0","1.556828533785055676e-005","10625.871426955734933","0","10625.871426955734933","66927830.173254907131","0","66927830.173254907131","6298.5733107472242409","0","6298.5733107472242409","84.670731106160744162","0","0","100","20.896067599973765283","25.456938132010002107","122.00716147830087266","159763.01068499687244","158496.1790932699223","1666.8123169331133795","0","100","3500","0","16.512684516857277117","0","0","159827.00347940821666","0","0","79.138262568604034186","83.389675745079188118","941","61354.091529293800704","0.82999276776010844081","0.82999276776010844081","192801.29057468127576","4.9311217391052197812","11.717518488806826227","16.610324254920804776","38298708.585626117885","8980.8913312148924888","39269892.834296703339","8981.891319115038641","240017.09579314090661","8577.8962074558894528","0","0","0","3681.9554483390752466","0","0","0","0","0","8.9998911013176741136","6.9999153010248580387","0","0","0","0","0","0","0","0","0","0","0","40485.510125327484275","1118.9864602638308497","1156.986000469394412","80255.028914150141645","0","0","0","0","0","0","0","0","0","0","0","0"
"05/14/2026 15:27:59.610","544.22253259357751176","1.0004090672676058116","1.0004090672676058116","0","1000000000","544.22253259357751176","0","1.0004090672676058116","42860","0","0","0","0","0","0","0","0","0","0","0","0","0","0","15.606481659751370472","0.15606481659751370028","0","0","15.606481659751370472","0.15606481659751370028","1.4444071091363509874e-005","0","1.4444071091363509874e-005","10807.419153691944302","0","10807.419153691944302","45951333.500268258154","0","45951333.500268258154","4251.8322688142179686","0","4251.8322688142179686","84.649800242339622969","0","0","100","19.072065396734963372","22.792341681296541367","122.01207007324281051","169855.87334881653078","153206.3368960339285","1666.2734354707606599","0","100","3500","0","16.05072429342196827","0","0","169764.85841326561058","0","0","81.314204872496659959","83.851599736556920561","517","66122.850759809691226","0.43952186182440827755","0.92788170865936581144","203502.39474297731067","4.0533927297113070409","12.013684237372808994","16.148400263443075886","46541506.822139576077","10981.490331396507827","47729004.389895029366","10982.490740463776092","284396.28964283497771","10111.134442873692024","0","0","0","3480.4231450240004051","0","0","0","0","0","0","0","0","0","0","0","0","0","0","0","0","0","0","38268.648050187723129","2203.9011751905354686","2366.9678531551553533","75587.907895538490266","0","0","0","0","0","0","0","0","0","0","0","0"
"05/14/2026 15:28:00.610","319.7701492167429933","9.9928171630232185407","9.9928171630232185407","0","1000000000","319.7701492167429933","0","4.9964085815116092704","42865","0","0","0","0","0","0","0","0","0","0","0","0","0","1","26.318963801367740274","0.26318963801367739608","0","0","26.318963801367740274","0.26318963801367739608","1.4450145452549534712e-005","0","1.4450145452549534712e-005","18205.913589312003751","0","18205.913589312003751","88013024.238177597523","0","88013024.238177597523","4834.3096767111255758","0","4834.3096767111255758","75.2646894960055306","0","0","100","22.917722328854765124","28.315633397312858222","122.01411557123952889","223832.69350906184991","109767.93217099268804","1697.4895648878382417","0","100","3500","0","19.603772768165217855","0","0","223943.66014139549225","0","0","76.802116416292122381","80.396227231834785698","1590","93284.949215770830051","0.92745667851684110428","1.1227191346710125863","281431.37358596274862","5.9064593664247144744","13.716657700975524392","19.603772768165217855","73837681.474556088448","17714.266984891259199","75753148.636759892106","17715.266266607563011","436302.3858450545813","15385.940585906850174","0","0","0","3882.2094678345206376","0","0","0","0","0","0","0","0","0","0","0","0","0","0","0","0","0","0","42681.320666704770701","979.29608197627544541","1073.2285633086937651","83951.655549990668078","0","0","0","0","0","0","0","0","0","0","0","0"
"05/14/2026 15:28:01.610","192.10794545455090088","6.0033732954547156524","6.0033732954547156524","0","1000000000","192.10794545455090088","0","3.0016866477273578262","42868","0","0","0","0","0","0","0","0","0","0","0","0","0","0","24.23883421275419181","0.24238834212754192809","0","0","24.23883421275419181","0.24238834212754192809","1.459753599614434725e-005","0","1.459753599614434725e-005","16608.332221875472896","0","16608.332221875472896","81375901.118838682771","0","81375901.118838682771","4899.7033556238329766","0","4899.7033556238329766","77.045930187251769894","0","0","100","22.613856330918093107","27.029571867352345294","121.99879362281569684","218513.2996830707998","114001.21720103273401","1673.5767145358290691","0","100","3500","0","18.770732796474298709","0","0","218478.28761791312718","0","0","77.841475366329220265","81.180420307384324019","1236","89179.731335418182425","0.39076516567080549214","1.3188161785161487405","267315.11678924557054","5.8614074608407049638","12.94392730445461126","18.819579692615672428","64889381.343376845121","15750.850402841357209","66592554.356292799115","15751.850965057265057","390271.2934397837962","13779.742837500391033","0","0","0","4036.267978977387429","0","0","0","0","0","0","0","0","0","0","0","0","0","0","0","0","0","0","44368.930902273990796","706.39692443183821524","761.42784630683979685","87369.092693184298696","0","0","0","0","0","0","0","0","0","0","0","0"
"05/14/2026 15:28:02.610","63.965401114537144167","1.9989187848292857552","1.9989187848292857552","0","1000000000","63.965401114537144167","0","0.99945939241464287761","42869","0","0","0","0","0","0","0","0","0","0","0","0","0","0","19.946922102673177335","0.19946922102673175781","0","0","19.946922102673177335","0.19946922102673175781","1.512504168561467354e-005","0","1.512504168561467354e-005","13186.86722351879871","0","13186.86722351879871","80962799.221900865436","0","80962799.221900865436","6139.653782022131054","0","6139.653782022131054","81.529147614068449457","0","0","100","19.89612560052712098","24.546124640963146391","121.99402235258581584","175413.59055262451875","145742.36553992054542","1707.207684913431649","0","100","3500","0","19.226129414632818992","0","0","175394.59936643403489","0","0","79.884574414758262151","80.773870585367177455","1145","70524.269686438521603","0.97611674538592030359","0.87850107266290378139","214742.33808089664672","5.4174599314451308274","13.812087930870593055","19.226129414632818992","47559151.255086123943","11466.797609173197998","48799124.553528994322","11467.79706856561279","291498.32855408504838","10327.413901820504179","0","0","0","3543.0835461099090935","0","0","0","0","0","0","0","0","0","0","0","0","0","0","0","0","0","0","38987.911438702802116","1794.0296093842839582","1902.9706831574799253","77024.337535826867679","0","0","0","0","0","0","0","0","0","0","0","0"
"05/14/2026 15:28:03.610","256.06012291686084836","8.0018788411519015114","8.0018788411519015114","0","1000000000","256.06012291686084836","0","4.0009394205759507557","42873","0","0","0","0","0","0","0","0","0","0","0","0","0","0","17.010787529252823447","0.17010787529252824335","0","0","17.010787529252823447","0.17010787529252824335","1.4670690250215703704e-005","0","1.4670690250215703704e-005","11592.721971118819056","0","11592.721971118819056","48086042.602803140879","0","48086042.602803140879","4147.9509922346851454","0","4147.9509922346851454","83.239162048642128866","0","0","100","21.565628981758344196","26.574328823608507122","122.01255878894767193","179013.37205428536981","139823.47948527400149","1736.7603536828423785","0","100","3500","0","19.495957027560884001","0","0","179054.39001194725279","0","0","78.230536267099495262","80.406340139517169519","1197","69539.444368744632811","0.68389982168182528177","1.1723939775197447233","217741.32715302761062","5.9596427073629083537","13.580173548083479318","19.544808444021853688","48709853.073501653969","11776.765184465311904","49983336.087313301861","11777.765419320456203","302639.05965120607289","10749.52398823243675","0","0","0","3671.8621532335791926","0","0","0","0","0","3.0007045654319632888","2.0004697102879753778","0","0","0","0","0","0","0","0","0","0","0","40354.475230784184532","1394.3273880707190528","1452.3410096690702176","79718.717954975829343","0","0","0","0","0","0","0","0","0","0","0","0"
"05/14/2026 15:28:04.610","127.98877538439879231","3.9996492307624622597","3.9996492307624622597","0","1000000000","127.98877538439879231","0","1.9998246153812311299","42875","0","0","0","0","0","0","0","0","0","0","0","0","0","0","17.604347604794583049","0.17604347604794581827","0","0","17.604347604794583049","0.17604347604794581827","1.5031847677595626644e-005","0","1.5031847677595626644e-005","11710.972947672489681","0","11710.972947672489681","61418229.621262222528","0","61418229.621262222528","5244.5027322404375809","0","5244.5027322404375809","83.151341512424181701","0","0","100","21.351582935113178507","26.105386090904580954","121.99028080983282507","170542.35195736133028","147492.06267298400053","1658.8866980385241732","0","100","3500","0","18.607923311348852025","0","0","170515.35380133538274","0","0","78.600327722270222353","81.245604612790444321","939","66662.446954872983042","0.53707094446190462023","1.2206339637025638289","208830.73686067244853","5.8590630246903643297","12.938760013083291156","18.803222745649460279","49196165.49628598243","11195.01819690413322","50406747.328259319067","11196.018109211823685","282947.18553182890173","10021.121147675350585","0","0","0","3617.6827292246471188","0","0","0","0","0","4.9995615384530784908","3.9996492307624622597","0","0","0","0","0","0","0","0","0","0","0","39791.510284548050549","848.92554922933265971","891.92177846002914521","78572.109226020882488","0","0","0","0","0","0","0","0","0","0","0","0"
"05/14/2026 15:28:05.610","0","0","0","0","1000000000","0","0","0","42875","0","0","0","0","0","0","0","0","0","0","0","0","0","0","21.224442690542492329","0.21224442690542491552","0","0","21.224442690542492329","0.21224442690542491552","1.4634491794235278552e-005","0","1.4634491794235278552e-005","14510.040013171297687","0","14510.040013171297687","70736154.903431996703","0","70736154.903431996703","4874.9800027582405164","0","4874.9800027582405164","79.724424489253848947","0","0","100","20.968241293838840278","26.084678148467592251","122.02175312523392847","201527.24309579352848","124824.4525275783235","1669.1345322432987359","0","100","3500","0","19.42788549429299394","0","0","201483.23954910764587","0","0","78.592254331606682172","80.425624134188694825","1314","80779.510828572776518","0.43949111597101075954","0.9277956879347057928","243812.65129969475674","4.5413315262720601595","15.088958298247515444","19.57437586581129807","57168260.933383189142","13813.654145762166081","58661976.601234741509","13814.654700169363423","349613.72096278547542","12390.865778727993529","0","0","0","3857.1372397445425122","0","0","0","0","0","1.0005544071970278175","1.0005544071970278175","0","0","0","0","0","0","0","0","0","0","0","42399.493559381255182","1007.558288047407018","1073.5948789224109987","83700.378379660163773","0","0","0","0","0","0","0","0","0","0","0","0"
"05/14/2026 15:28:06.610","127.93371754094202686","3.9979286731544383393","3.9979286731544383393","0","1000000000","127.93371754094202686","0","1.9989643365772191697","42877","0","0","0","0","0","0","0","0","0","0","0","0","0","0","25.656761689265611182","0.25656761689265611404","0","0","25.656761689265611182","0.25656761689265611404","1.4761964213796675952e-005","0","1.4761964213796675952e-005","17371.999567024322459","0","17371.999567024322459","100062589.5723425597","0","100062589.5723425597","5759.9926356366149776","0","5759.9926356366149776","76.517292870390193116","0","0","100","20.675127666926908176","25.330303776893245526","122.01466338930026723","204665.00948899044306","123898.03985753301822","1684.9095203587567084","0","100","3500","0","18.753192999515121642","0","0","204735.00573019229341","0","0","79.271654623973276443","81.246807000484878358","1365","85676.399177364175557","0.73239121702517084866","1.1230058658694712648","252961.4159719622985","5.7126654922461552744","12.98776958065548115","18.753192999515121642","63054471.478327073157","15337.053872388714808","64712904.244311019778","15338.053354557003331","377616.35696545615792","13316.10092810914648","0","0","0","3576.1471981366453292","0","0","0","0","0","0","0","0","0","0","0","0","0","0","0","0","0","0","39317.629536137326795","2008.9591582601053688","2109.9068572572550693","77397.900147933352855","0","0","0","0","0","0","0","0","0","0","0","0"
"05/14/2026 15:28:07.610","63.981784385985314145","1.999430762062041067","1.999430762062041067","0","1000000000","63.981784385985314145","0","0.99971538103102053352","42878","0","0","0","0","0","0","0","0","0","0","0","0","0","1","22.075133749686727924","0.22075133749686726148","0","0","22.075133749686727924","0.22075133749686726148","1.4164336112892879222e-005","0","1.4164336112892879222e-005","15585.562790273610517","0","15585.562790273610517","64325750.45884437114","0","64325750.45884437114","4127.2651699807565819","0","4127.2651699807565819","78.460144907615074317","0","0","100","21.604871759598434977","26.917175607930204251","122.00699746930902734","215274.25319252035115","115845.76818956428906","1707.4626615004260657","0","100","3500","0","19.849876054674897574","0","0","215308.24249608651735","0","0","77.932273879131287231","80.150123945325105979","1225","87563.443784241113462","0.53693812610583346867","1.0738762522116669373","263949.93495546956547","5.5646287623331769367","14.253247535463897222","19.849876054674897574","65162972.101842612028","15832.492489388272588","66874976.694135189056","15833.492204769303498","390932.70145989442244","13789.074250560866858","0","0","0","3896.8905552589180843","0","0","0","0","0","0","0","0","0","0","0","0","0","0","0","0","0","0","42832.805500274072983","863.75408921080179425","945.73075045534540095","84464.952827929897467","0","0","0","0","0","0","0","0","0","0","0","0"
"05/14/2026 15:28:08.610","63.996723367763578949","1.9998976052426118422","1.9998976052426118422","0","1000000000","63.996723367763578949","0","0.99994880262130592108","42879","0","0","0","0","0","0","0","0","0","0","0","0","0","1","18.150406536589894557","0.18150406536589894224","0","0","18.150406536589894557","0.18150406536589894224","1.4514820443093656507e-005","0","1.4514820443093656507e-005","12502.359879174187881","0","12502.359879174187881","57361543.08899384737","0","57361543.08899384737","4588.0572662560989556","0","4588.0572662560989556","82.640653578978202631","0","0","100","19.188218954065344946","23.133357228463580668","122.00383077104814333","165937.21023897387204","156305.49508173007052","1633.2382894664331161","0","100","3500","0","16.052764544824636772","0","0","165925.20848791839671","0","0","81.055092868927360428","83.947225453783175908","1261","67280.81627109395049","0.53718477612083603834","0.83019556322240051216","204764.87519529100973","4.4928153999036668509","11.622707880937026559","16.052774546216831197","51690129.465371377766","12555.357165713116046","53047795.952847220004","12556.357114515738431","304328.41838497872232","10698.452239245350938","0","0","0","2933.8497868909112185","0","0","0","0","0","0","0","0","0","0","0","0","0","0","0","0","0","0","32223.350164471583412","4872.750515173623171","5116.7380230132221186","63420.752857453706383","0","0","0","0","0","0","0","0","0","0","0","0"
"05/14/2026 15:28:09.610","448.3740784936872501","14.011689952927726566","14.011689952927726566","0","1000000000","448.3740784936872501","0","7.0058449764638632828","42886","0","0","0","0","0","0","0","0","0","0","0","0","0","0","18.083893668654972942","0.18083893668654973941","0","0","18.083893668654972942","0.18083893668654973941","1.5076900633544514796e-005","0","1.5076900633544514796e-005","12006.016619665786493","0","12006.016619665786493","64295305.573439918458","0","64295305.573439918458","5355.2570856952315808","0","5355.2570856952315808","82.894168889793661492","0","0","100","20.392207684160339909","24.464956657803035966","122.01408574347188107","163569.75451338620041","156409.90809194475878","1717.7663837718071136","0","100","3500","0","17.149465424655161883","0","0","163417.77518257519114","0","0","79.903988510297111247","82.752897297482135741","424","64696.201316620943544","0.68350093982754045463","1.1717173252325221444","200341.75352152108098","5.7609693456942565604","11.473115053108580597","17.247102702517857153","49415079.000410042703","11386.499756747052743","50646366.263373531401","11387.500591743691984","282235.46905182994669","9959.3090515417006827","0","0","0","3283.7396239682766463","0","0","0","0","0","0","0","0","0","0","0","0","0","0","0","0","0","0","36110.126678688029642","2025.6900331946942515","2208.8428375793923806","71285.47347051644465","0","0","0","0","0","0","0","0","0","0","0","0"
"05/14/2026 15:28:10.610","255.97949604236703181","7.9993592513239697439","7.9993592513239697439","0","1000000000","255.97949604236703181","0","3.999679625661984872","42890","0","0","0","0","0","0","0","0","0","0","0","0","0","0","21.466131784755866363","0.21466131784755865253","0","0","21.466131784755866363","0.21466131784755865253","1.5242150110061776673e-005","0","1.5242150110061776673e-005","14081.87204204943373","0","14081.87204204943373","87520413.614869460464","0","87520413.614869460464","6215.1121209969469419","0","6215.1121209969469419","80.442382607904335146","0","0","100","20.839036838526457274","25.820570377184910882","122.00176894815621154","178776.53747822230798","141111.8858670424961","1666.0143277232184573","0","100","3500","0","19.577787966957060917","0","0","178882.53838983015157","0","0","78.85150726795713183","80.275717857958952095","1214","71778.617296108743176","0.43947252496696154189","1.0742506161425600109","218952.88299479376292","5.1270961222394833001","14.600026100743871638","19.724282142041047905","51141179.591514721513","11958.042160822918959","52434264.015452370048","11959.042080729333975","301139.87869571649935","10657.146362576359024","0","0","0","3606.7111024406949582","0","0","0","0","0","8.9992791577394655178","6.9994393449084730818","0","0","0","0","0","0","0","0","0","0","0","39673.822126847640902","1067.9144600517499839","1113.9107757468627824","78330.725708870726521","0","0","0","0","0","0","0","0","0","0","0","0"
"05/14/2026 15:28:11.610","63.981227907731863525","1.9994133721166207351","1.9994133721166207351","0","1000000000","63.981227907731863525","0","0.99970668605831036757","42891","0","0","0","0","0","0","0","0","0","0","0","0","0","0","23.985720717913455502","0.23985720717913455724","0","0","23.985720717913455502","0.23985720717913455724","1.4133521956970232934e-005","0","1.4133521956970232934e-005","16960.023928979237098","0","16960.023928979237098","69865453.475950151682","0","69865453.475950151682","4119.4195107574414578","0","4119.4195107574414578","76.695062041712063206","0","0","100","22.983053478854461815","28.172480629460505241","122.00293196184983913","227724.50061096597346","108065.83968795023975","1712.6054060110247974","0","100","3500","0","20.138715426804420616","0","0","227798.52677921645227","0","0","76.918148314908862062","79.861294576615748042","1656","93254.965630350328865","0.4396002993423451799","1.5630344014618597903","281533.52210006240057","6.1544442044735099273","13.969626215202977093","20.138705423384251958","70771931.51529340446","17226.945614156804368","72634704.977559581399","17227.945320842864021","424051.58326546987519","14955.61202343232253","0","0","0","4045.8129584779821926","0","0","0","0","0","0","0","0","0","0","0","0","0","0","0","0","0","0","44478.949876106344163","418.87710145843203691","437.87152849353992679","87534.31743126566289","0","0","0","0","0","0","0","0","0","0","0","0"
"05/14/2026 15:28:12.610","128.04011496801948056","4.0012535927506087674","4.0012535927506087674","0","1000000000","128.04011496801948056","0","2.0006267963753043837","42893","0","0","0","0","0","0","0","0","0","0","0","0","0","0","23.570944657132613997","0.23570944657132614219","0","0","23.570944657132613997","0.23570944657132614219","1.437207487348332443e-005","0","1.437207487348332443e-005","16406.140043675681227","0","16406.140043675681227","75484257.217786327004","0","75484257.217786327004","4600.9760380464604168","0","4600.9760380464604168","77.254520991630755589","0","0","100","21.865338338165365428","28.502134413660247247","122.00258176738070404","224372.03479276483995","109308.6514244449063","1684.9401846234457025","0","100","3500","0","22.75617869272856808","0","0","224222.04011757581611","0","0","76.619069737442742962","77.243811307566417668","1310","90661.781506756509771","1.0741883114448123049","1.3183211095272688862","273859.27799563115695","6.4939484285213584513","16.308108910787129986","22.756188692433575227","66973630.838541708887","16263.095227734847867","68732189.795062795281","16264.095541133036022","406819.45653573260643","14388.507919531188236","0","0","0","4011.2567267324852764","0","0","0","0","0","9.0028205836888695046","7.0021937873135646768","0","0","0","0","0","0","0","0","0","0","0","44136.828068233779049","406.12723966418678856","454.14228277719405469","87021.263761936614173","0","0","0","0","0","0","0","0","0","0","0","0"
"05/14/2026 15:28:13.610","127.86531945901383267","3.9957912330941822709","3.9957912330941822709","0","1000000000","127.86531945901383267","0","1.9978956165470911355","42895","0","0","0","0","0","0","0","0","0","0","0","0","0","0","25.825155936692478775","0.25825155936692478775","0","0","25.825155936692478775","0.25825155936692478775","1.4724335879603237404e-005","0","1.4724335879603237404e-005","17523.542452734534891","0","17523.542452734534891","84812554.93588604033","0","84812554.93588604033","4839.9206475886439875","0","4839.9206475886439875","75.864914356673978091","0","0","100","23.651622963798189403","29.299242696862830115","122.01099530485164735","219398.98973488662159","110833.64142417231051","1666.6125125908224618","0","100","3500","0","20.423329938895118829","0","0","219568.95021907406044","0","0","76.035666097260900642","79.576680059450154658","1185","90374.987815332933678","0.73229880454784734845","1.3669637674964791874","272803.57316923810868","6.102510034589275989","14.35309456284984897","20.423319940549845342","67964680.801711559296","16517.602009803074907","69750755.529201105237","16518.600957611350168","413376.59043729241239","14624.595913124707295","0","0","0","3837.9574793869619498","0","0","0","0","0","7.9915824661883645419","5.9936868496412731844","0","0","0","0","0","0","0","0","0","0","0","42197.553317091107601","995.95096484872487963","1067.8752070444202218","83126.442917674823548","0","0","0","0","0","0","0","0","0","0","0","0"
"05/14/2026 15:28:14.610","64.067456625080552612","2.0021080195337672691","2.0021080195337672691","0","1000000000","64.067456625080552612","0","1.0010540097668836346","42896","0","0","0","0","0","0","0","0","0","0","0","0","0","0","23.041672938619541355","0.23041672938619542355","0","0","23.041672938619541355","0.23041672938619542355","1.5148316675433983166e-005","0","1.5148316675433983166e-005","15224.029380534764641","0","15224.029380534764641","88599654.576303392649","0","88599654.576303392649","5819.7243556023149722","0","5819.7243556023149722","79.042969169996851519","0","0","100","21.418112348615569118","25.7920779083577969","121.99444957671396139","176668.32272068437305","142837.94056512406678","1691.3956174349179946","0","100","3500","0","18.100610959056197657","0","0","176505.28458606469212","0","0","78.806346932927525017","81.899379039158489491","887","72749.01599484118924","0.63487332488849257395","0.92789562936984248953","219944.44500568683725","5.8115873683452496934","12.306886779290103107","18.100620960841506957","54397342.962405115366","13138.833878190347605","55818098.876306861639","13139.834932200114054","328221.58450632670429","11600.213865178646302","0","0","0","3242.4139376349357917","0","0","0","0","0","0","0","0","0","0","0","0","0","0","0","0","0","0","35663.550151954994362","3352.529878709292916","3495.680602105957405","70200.914542922240798","0","0","0","0","0","0","0","0","0","0","0","0"
"05/14/2026 15:28:15.610","191.88298975284868675","5.9963434297765214609","5.9963434297765214609","0","1000000000","191.88298975284868675","0","2.9981717148882607304","42899","0","0","0","0","0","0","0","0","0","0","0","0","0","0","23.560468944055902085","0.23560468944055901197","0","0","23.560468944055902085","0.23560468944055901197","1.4426445015919666851e-005","0","1.4426445015919666851e-005","16322.046815851692372","0","16322.046815851692372","67665617.506444558501","0","67665617.506444558501","4145.6576047024245781","0","4145.6576047024245781","77.389908743102736821","0","0","100","23.978274259477014851","29.723214385703887075","122.01081546078985696","209471.12934695740114","115547.87840314635832","1682.9447994105792077","0","100","3500","0","20.901129361601700651","0","0","209572.12603426605347","0","0","75.681836817548202134","78.854738938876081988","1512","84992.212255438018474","0.87888011807598542813","1.1230118175982015671","262363.39448066102341","6.6892225664327416013","14.452628610627238359","21.145261061123921564","68538085.475477039814","16579.889583332082111","70330904.214609920979","16580.888973903711303","403661.8470056958613","14198.341851139173741","0","0","0","3666.7640073083430252","0","0","0","0","0","0","0","0","0","0","0","0","0","0","0","0","0","0","40269.443693235858518","962.41312047913174865","1098.330238220732781","79268.661969930733903","0","0","0","0","0","0","0","0","0","0","0","0"
"05/14/2026 15:28:16.610","128.02819180783609454","4.0008809939948779544","4.0008809939948779544","0","1000000000","128.02819180783609454","0","2.0004404969974389772","42901","0","0","0","0","0","0","0","0","0","0","0","0","0","1","21.375693886478341454","0.21375693886478341899","0","0","21.375693886478341454","0.21375693886478341899","1.4492676973148902855e-005","0","1.4492676973148902855e-005","14751.248224859113179","0","14751.248224859113179","68319940.050799190998","0","68319940.050799190998","4631.4684024952539403","0","4631.4684024952539403","79.468070871079177664","0","0","100","20.885176490919825198","26.653218825058047514","122.01358874807706911","197116.32652510155458","126883.67514689019299","1708.1501463978684114","0","100","3500","0","20.158946082622918539","0","0","197118.32670091700857","0","0","78.144513603905309651","79.596902285542498134","1292","79979.030156750784954","0.29299595944200657049","1.0743151843253311295","242768.33933702771901","5.9575578396245907342","14.405576334063196597","20.40309771445749476","59723871.196437455714","14467.185674285477944","61288247.672137401998","14468.185894533977262","360555.39429782435764","12745.80662661918177","0","0","0","3514.7739532245000191","0","0","0","0","0","9.0019822364884749533","7.0015417394910359761","0","0","0","0","0","0","0","0","0","0","0","38644.509520996522042","1784.3929233217154433","1903.4191328930630789","76157.769940940997913","0","0","0","0","0","0","0","0","0","0","0","0"
"05/14/2026 15:28:17.610","128.00437774971902627","4.0001368046787195709","4.0001368046787195709","0","1000000000","128.00437774971902627","0","2.0000684023393597855","42903","0","0","0","0","0","0","0","0","0","0","0","0","0","0","20.389577703001673825","0.20389577703001673936","0","0","20.389577703001673825","0.20389577703001673936","1.4794050642095334241e-005","0","1.4794050642095334241e-005","13783.471394721698744","0","13783.471394721698744","67901714.23862695694","0","67901714.23862695694","4926.3144453312052065","0","4926.3144453312052065","80.534024177340356232","0","0","100","20.916126596413537442","25.211028151911857975","121.99691102354280758","198580.54190273222048","127859.79142117615265","1700.9018579627957024","0","100","3500","0","17.484769043532832455","0","0","198550.54363363236189","0","0","79.332956752953180057","82.466403500377623459","998","78477.471849874273175","0.68355438681644686838","0.83003675508506002956","238055.26421125503839","5.4196376368791181477","12.157566590780620075","17.533596499622372988","52852399.552064679563","12764.436543729794721","54232670.757339902222","12765.436577930964631","331103.32373367168475","11783.402992382340017","0","0","0","3953.1351972237448535","0","0","0","0","0","0","0","0","0","0","0","0","0","0","0","0","0","0","43481.487066857684113","764.0261296936355393","830.02838697083439001","86056.943147455647704","0","0","0","0","0","0","0","0","0","0","0","0"
"05/14/2026 15:28:18.610","64.002272080658855202","2.0000710025205892251","2.0000710025205892251","0","1000000000","64.002272080658855202","0","1.0000355012602946125","42904","0","0","0","0","0","0","0","0","0","0","0","0","0","0","17.832186918877845017","0.17832186918877845905","0","0","17.832186918877845017","0.17832186918877845905","1.556243783264985668e-005","0","1.556243783264985668e-005","11461.406879944237517","0","11461.406879944237517","77580994.125291451812","0","77580994.125291451812","6768.8892766774279153","0","6768.8892766774279153","83.585481194137287275","0","0","100","17.62599041776313058","21.174043176055604931","122.01668571849994294","161722.5180795333581","163521.87409197975649","1686.6299533882265678","0","100","3500","0","16.766351402691405781","0","0","161681.52707296019071","0","0","82.636909879826433212","83.233638599508111611","885","62999.177980351108999","0.19527703905140869622","0.78107816280418307375","193142.62450818289653","3.8565715542580631947","12.838975425406410125","16.766361400491891942","39432095.839402295649","9156.3250495392585435","40422250.989910140634","9157.3250850405183883","241408.57000423513819","8605.3054883448367036","0","0","0","3740.1327747135023856","0","0","0","0","0","0","0","0","0","0","0","0","0","0","0","0","0","0","41113.459527813232853","1544.0548139458949208","1623.0576185454583538","81514.893778729136102","0","0","0","0","0","0","0","0","0","0","0","0"
"05/14/2026 15:28:19.610","64.104464635570124642","2.0032645198615663951","2.0032645198615663951","0","1000000000","64.104464635570124642","0","1.0016322599307831975","42905","0","0","0","0","0","0","0","0","0","0","0","0","0","0","13.838461630786587975","0.13838461630786588752","0","0","13.838461630786587975","0.13838461630786588752","1.4788221462163316698e-005","0","1.4788221462163316698e-005","9371.2714239124070446","0","9371.2714239124070446","43234102.293096832931","0","43234102.293096832931","4613.4724241128687936","0","4613.4724241128687936","86.318287838113562316","0","0","100","19.070994940708171583","22.809581123927841873","122.01878682011233934","161737.19356343819527","160805.48363753317972","1657.2991424952203943","0","100","3500","0","16.878903233807950102","0","0","161618.17208006046712","0","0","81.215058430985024529","83.121096766192053451","464","60010.831955167908745","0.29301508683632521146","0.97674362780202672596","191909.63968996403855","4.3465271471036555084","12.35583289658455719","16.878903233807950102","43739293.552773602307","9521.5162629020251188","44768939.463750123978","9522.5178951619564032","244149.86662264826009","8656.105990321828358","0","0","0","3804.199323217114852","0","0","0","0","0","0","0","0","0","0","0","0","0","0","0","0","0","0","41835.174600529026065","238.38847786352641833","265.43254888165756711","82916.120109330164269","0","0","0","0","0","0","0","0","0","0","0","0"
"05/14/2026 15:28:20.610","0","0","0","0","1000000000","0","0","0","42905","0","0","0","0","0","0","0","0","0","0","0","0","0","0","14.259769344373033562","0.14259769344373032784","0","0","14.259769344373033562","0.14259769344373032784","1.5273712388906733123e-005","0","1.5273712388906733123e-005","9320.7304362718641642","0","9320.7304362718641642","50036962.549706317484","0","50036962.549706317484","5368.352071956312102","0","5368.352071956312102","86.474206719529860266","0","0","100","19.529571500308652077","23.465883466763045817","121.97685127463448396","151354.94374798875651","170849.75172340931022","1662.4831339936415588","0","100","3500","0","17.847334778159186897","0","0","151471.90738399434485","0","0","80.875794795008033589","82.152675218790747635","859","57020.272397311680834","0.53694617772117725352","0.8786419263482712072","182045.40208449194324","5.1253862446567550748","12.886698268358323105","17.847324781209252365","40267982.727056697011","8958.4405606570562668","41236739.866188280284","8959.4386043915328628","230304.57999275618931","8175.9742728278297363","0","0","0","3514.1119890901841245","0","0","0","0","0","0","0","0","0","0","0","0","0","0","0","0","0","0","38624.29252422326681","1265.519455315635696","1370.3140474356214327","76485.08159157235059","0","0","0","0","0","0","0","0","0","0","0","0"
"05/14/2026 15:28:21.610","320.04919156074288367","10.001537236273215115","10.001537236273215115","0","1000000000","320.04919156074288367","0","5.0007686181366075573","42910","0","0","0","0","0","0","0","0","0","0","0","0","0","0","21.926894014457062099","0.21926894014457062876","0","0","21.926894014457062099","0.21926894014457062876","1.5029840921557871327e-005","0","1.5029840921557871327e-005","14586.241905380857133","0","14586.241905380857133","73440279.771000802517","0","73440279.771000802517","5034.9007131102580388","0","5034.9007131102580388","79.500285946163700146","0","0","100","22.81485660690220385","27.806796247034984759","122.00236653979578705","191103.76506598087144","129218.23671623982955","1681.5698840336990543","0","100","3500","0","19.894930665182698704","0","0","191209.8010015594482","0","0","77.193180066456349664","79.860837199550203991","1579","76473.917010474848212","0.87920567686913120298","0.83034924645158170176","236233.05938382519525","6.5940175681081543146","13.62763297296880971","20.139162800449796009","57662426.714986093342","13747.112931257534001","59148947.193183593452","13748.113084981161592","337947.9425987774157","11915.831463295908179","0","0","0","3697.5683162502077721","0","0","0","0","0","0","0","0","0","0","0","0","0","0","0","0","0","0","40627.244407465426775","946.14542255144624505","1002.1540310745762099","80193.32571416227438","0","0","0","0","0","0","0","0","0","0","0","0"
"05/14/2026 15:28:22.610","192.04528427803276713","6.0014151336885239729","6.0014151336885239729","0","1000000000","192.04528427803276713","0","3.0007075668442619865","42913","0","0","0","0","0","0","0","0","0","0","0","0","0","0","25.893598923576817583","0.25893598923576816029","0","0","25.893598923576817583","0.25893598923576816029","1.4893541522889348447e-005","0","1.4893541522889348447e-005","17392.1010574293432","0","17392.1010574293432","98880275.96907350421","0","98880275.96907350421","5685.3554175293302251","0","5685.3554175293302251","76.259927363232137054","0","0","100","22.267708586640729607","27.260533321387889316","122.0276440930445716","208149.33695311890915","119407.59720540468697","1651.7804783744238648","0","100","3500","0","17.881537256614688403","0","0","208077.34652064737747","0","0","77.64973071922558745","81.972001358627323953","1300","86549.497571772706578","0.43939415300315326496","1.3670162522343409783","259209.5510506653518","5.3215836267210434585","12.644872836662459648","18.027998641372676047","62942497.840990908444","15275.601986948522608","64594287.332953110337","15276.602222804136545","377176.9383220563177","13306.13758724307263","0","0","0","3790.8938927799176781","0","0","0","0","0","4.0009434224590156859","3.0007075668442619865","0","0","0","0","0","0","0","0","0","0","0","41701.833292290320969","1240.2924609622948537","1343.316754090614495","82177.377425596961984","0","0","0","0","0","0","0","0","0","0","0","0"
"05/14/2026 15:28:23.610","64.045055696682609891","2.0014079905213315591","2.0014079905213315591","0","1000000000","64.045055696682609891","0","1.0007039952606657796","42914","0","0","0","0","0","0","0","0","0","0","0","0","0","0","18.485151664968501706","0.1848515166496850215","0","0","18.485151664968501706","0.1848515166496850215","1.4303505920594380616e-005","0","1.4303505920594380616e-005","12930.096322763063654","0","12930.096322763063654","53785550.13451962918","0","53785550.13451962918","4159.7176689110747247","0","4159.7176689110747247","81.614947784354498594","0","0","100","20.494134892667734249","25.897822308851910833","122.00165084916967828","203376.28272849827772","123946.28046741290018","1686.2510827862267888","0","100","3500","0","21.517950937867226457","0","0","203328.27558023389429","0","0","78.760273121067427837","78.482049062132773543","1051","79702.867757009022171","0.6837328492926175727","1.1721077405339856981","243389.24065793395857","5.7140002302447365778","15.823384483605165585","21.517950937867226457","54480847.276058703661","13135.240641791499002","55901214.504403844476","13136.241345786760576","337473.41254572593607","11986.432455232255961","0","0","0","4016.8258369763125302","0","0","0","0","0","6.0042239715639951214","5.0035199763033295639","0","0","0","0","0","0","0","0","0","0","0","44148.058158914798696","586.41254122275017835","629.44281301895887282","87239.372898834320949","0","0","0","0","0","0","0","0","0","0","0","0"
"05/14/2026 15:28:24.610","256.23601899709825602","8.0073755936593205007","8.0073755936593205007","0","1000000000","256.23601899709825602","0","4.0036877968296602504","42918","0","0","0","0","0","0","0","0","0","0","0","0","0","0","12.873621240213070749","0.12873621240213070638","0","0","12.873621240213070749","0.12873621240213070638","1.4442315458828807918e-005","0","1.4442315458828807918e-005","8922.2182552348967874","0","8922.2182552348967874","38357507.099789619446","0","38357507.099789619446","4299.0998429436840524","0","4299.0998429436840524","87.209107096947349191","0","0","100","15.639640475759955862","18.737698359994688246","122.02430660510104588","146105.1623564028705","185337.99571458887658","1618.0239467544120089","0","100","3500","0","14.01539829049436392","0","0","146002.16083198031993","0","0","84.56977014762003364","85.984601709505639633","99","55768.825378615605587","0.43944116723253862089","0.58591822304371687924","173542.56843001276138","3.4667303187205935622","10.497838993436230837","14.01539829049436392","38834446.40858694911","9063.3482500731424807","39814545.17756305635","9064.3491720223501034","231645.36854897046578","8217.5692029928759439","0","0","0","3113.8681839842679437","0","0","0","0","0","0","0","0","0","0","0","0","0","0","0","0","0","0","34256.553711623775598","4440.089766684092865","4574.2133078778861091","67753.407663799123839","0","0","0","0","0","0","0","0","0","0","0","0"
"05/14/2026 15:28:25.610","127.77111083205544162","3.9928472135017325506","3.9928472135017325506","0","1000000000","127.77111083205544162","0","1.9964236067508662753","42920","0","0","0","0","0","0","0","0","0","0","0","0","0","2","13.268656726864691109","0.13268656726864691553","0","0","13.268656726864691109","0.13268656726864691553","1.4785403899721449926e-005","0","1.4785403899721449926e-005","8958.9509352945133287","0","8958.9509352945133287","39459807.700485348701","0","39459807.700485348701","4404.512089136490431","0","4404.512089136490431","87.019616261956258541","0","0","100","18.505135394955939176","22.534708103862783446","121.97593448640039071","156537.14925171967479","166728.86920537202968","1640.7814479111382298","0","100","3500","0","17.048792528140111813","0","0","156689.12900801611249","0","0","81.626401606169508796","82.951207471859888187","1109","58421.218293723271927","0.3417679763406168969","0.976478503964178568","185955.23076326231239","4.4917691212333403783","12.645295135845771028","17.048792528140111813","39938713.788119956851","9100.6970113738243526","40922850.805067799985","9101.6952231771992956","237945.74399420875125","8473.8199988540527556","0","0","0","3519.6948187017774217","0","0","0","0","0","0","0","0","0","0","0","0","0","0","0","0","0","0","38682.703804404787661","1322.63063947244882","1407.4786427593608096","76654.680804806266678","0","0","0","0","0","0","0","0","0","0","0","0"
"05/14/2026 15:28:26.610","0","0","0","0","1000000000","0","0","0","42920","0","0","0","0","0","0","0","0","0","0","0","0","0","0","21.344407614406673446","0.21344407614406674112","0","0","21.344407614406673446","0.21344407614406674112","1.5100693412580485584e-005","0","1.5100693412580485584e-005","14151.965048361307709","0","14151.965048361307709","77153249.069077461958","0","77153249.069077461958","5451.7693341824096933","0","5451.7693341824096933","80.010977335941774413","0","0","100","22.786803655160273507","27.813089122537487441","122.0213028885986688","189013.76966872281628","130689.4469463245332","1693.2666895035968082","0","100","3500","0","19.179614159043158139","0","0","188875.74793029902503","0","0","77.146498728895309682","80.576216125502469367","1002","75222.847598496766295","0.63483725969450488513","1.2208485772718540296","231726.49692326542572","6.3484226030307882027","12.843363037281637418","19.423783874497523527","51824850.482131101191","12516.773728473526717","53178352.309930533171","12517.775070371804759","318763.17453018791275","11297.139296371065939","0","0","0","3878.1971720302376525","0","0","0","0","0","0","0","0","0","0","0","0","0","0","0","0","0","0","42616.109848808388051","404.54212690426436438","421.56493917498841029","84202.840226187108783","0","0","0","0","0","0","0","0","0","0","0","0"
"05/14/2026 15:28:27.610","127.89193131803625647","3.9966228536886330147","3.9966228536886330147","0","1000000000","127.89193131803625647","0","1.9983114268443165074","42922","0","0","0","0","0","0","0","0","0","0","0","0","0","0","13.586645687733323484","0.1358664568773332304","0","0","13.586645687733323484","0.1358664568773332304","1.4790682486121694815e-005","0","1.4790682486121694815e-005","9179.2435392093684641","0","9179.2435392093684641","39669007.688503213227","0","39669007.688503213227","4321.5987808860345467","0","4321.5987808860345467","86.58862426138449564","0","0","100","19.799137696577982837","24.355985729598284451","122.00750807298135214","163386.90341088044806","156760.88076560644549","1711.7894498976625073","0","100","3500","0","16.855221762630357318","0","0","163453.89517089395667","0","0","80.077609121516502455","83.047139407251819421","860","60826.518338244386541","0.5370485616445478394","0.63469739061851326856","193271.22763900039718","4.2963884931563827152","12.889155480613018412","16.952860592748187685","40159657.089759156108","9324.1211176555807469","41167949.083024844527","9325.1202733690024615","246287.88673570833635","8789.5728109747269627","0","0","0","3803.7858009981564464","0","0","0","0","0","0","0","0","0","0","0","0","0","0","0","0","0","0","41886.605818083720806","858.27475782963392703","1006.1498034161134001","83021.846539673977531","0","0","0","0","0","0","0","0","0","0","0","0"
"05/14/2026 15:28:28.610","64.005075602495281828","2.0001586125779775571","2.0001586125779775571","0","1000000000","64.005075602495281828","0","1.0000793062889887786","42923","0","0","0","0","0","0","0","0","0","0","0","0","0","0","10.224940490518335423","0.10224940490518334701","0","0","10.224940490518335423","0.10224940490518334701","1.5000880281690141867e-005","0","1.5000880281690141867e-005","6816.5405516657474436","0","6816.5405516657474436","32479759.644939843565","0","32479759.644939843565","4764.8450704225351728","0","4764.8450704225351728","89.776529558434290834","0","0","100","17.879659585089328289","21.066278187909798447","122.00811026249444069","147170.82796478740056","179879.87483351904666","1623.064273345224592","0","100","3500","0","13.327183795220376439","0","0","147183.82847960779327","0","0","82.726814802932935322","86.62397457835345449","773","51942.056905453457148","0.19531650403958453199","0.68361276430505135693","168982.69171459189965","2.7832926836463651732","10.547221222466708568","13.376025421646541957","32836003.895108882338","6924.5491167449581553","33584855.279023624957","6925.549196051247236","189150.99967427417869","6773.5371414953206113","0","0","0","3936.3121495534596761","0","0","0","0","0","4.0003172251559551142","3.0002379188669663357","0","0","0","0","0","0","0","0","0","0","0","43280.432138268566632","110.00872369178875942","127.01007189870156822","85946.815582475697738","0","0","0","0","0","0","0","0","0","0","0","0"
"05/14/2026 15:28:29.610","608.28504237085496698","3.0014064590667186572","3.0014064590667186572","0","1000000000","608.28504237085496698","0","2.0009376393778124381","42924","0","0","0","0","0","0","0","0","0","0","0","0","0","0","12.100682691647056899","0.12100682691647056399","0","0","12.100682691647056899","0.12100682691647056399","1.4827928921568628604e-005","0","1.4827928921568628604e-005","8163.8255686614747901","0","8163.8255686614747901","39483461.950269900262","0","39483461.950269900262","4836.3921568627447414","0","4836.3921568627447414","88.110686394981456715","0","0","100","17.810481444974975318","21.301616764167487617","122.01277668301177926","146914.72281499579549","179773.12893210229231","1645.1424693378446591","0","100","3500","0","15.715049068930920129","0","0","146872.71917748078704","0","0","82.508900553719996651","84.333785340816277198","599","53940.671262131305411","0.14650322924160052995","0.73248614349875795781","172623.94923400366679","3.4182786705639518487","12.159297984608009813","15.666214659183719249","39928102.308741874993","8293.8865152210328233","40825002.596216589212","8294.8869840407223819","210698.73342648366815","7467.4992701579967616","0","0","0","3585.6802497650401165","0","0","0","0","0","9.0042193772001564156","7.0032817378223439775","0","0","0","0","0","0","0","0","0","0","0","39421.472902201974648","545.25550673045393069","603.28269827241047096","78043.571217472504941","0","0","0","0","0","0","0","0","0","0","0","0"
"05/14/2026 15:28:30.610","447.64085773983538274","13.988776804369855711","13.988776804369855711","0","1000000000","447.64085773983538274","0","6.9943884021849278554","42931","0","0","0","0","0","0","0","0","0","0","0","0","0","0","16.201621601629000224","0.16201621601628998781","0","0","16.201621601629000224","0.16201621601628998781","1.5184185872212853266e-005","0","1.5184185872212853266e-005","10665.443114988845991","0","10665.443114988845991","68258324.346376910806","0","68258324.346376910806","6399.9520329773276899","0","6399.9520329773276899","85.101667484698154453","0","0","100","17.599122797195636991","20.700767312518696173","122.00344070209175129","155024.89684749220032","171434.87458894835436","1698.3415529799094656","0","100","3500","0","15.460884933459551505","0","0","155028.89529729323112","0","0","83.071846488645689988","84.490313074475523081","847","59547.913274023652775","0.5857238678927475517","0.97619978228033854606","184478.47769419793622","4.6369589621429696535","10.982277539587892434","15.509686925524480472","40492464.895414412022","9004.7754686415100878","41466235.639146715403","9005.7746669846783334","232589.39352957124356","8259.3735046372294164","0","0","0","3614.100407243268819","0","0","0","0","0","0","0","0","0","0","0","0","0","0","0","0","0","0","39726.12772772405151","1490.8039280085588416","1623.6973076500723892","78655.894375942181796","0","0","0","0","0","0","0","0","0","0","0","0"
"05/14/2026 15:28:31.610","256.09145025688673059","8.0028578205277103308","8.0028578205277103308","0","1000000000","256.09145025688673059","0","4.0014289102638551654","42935","0","0","0","0","0","0","0","0","0","0","0","0","0","0","9.2236150072669147448","0.092236150072669151334","0","0","9.2236150072669147448","0.092236150072669151334","1.5554234143049933397e-005","0","1.5554234143049933397e-005","5930.1176450110333462","0","5930.1176450110333462","28633072.870321992785","0","28633072.870321992785","4828.4156545209179967","0","4828.4156545209179967","90.785207924593350981","0","0","100","17.638066371461903259","21.983824016566458681","121.99584391595475097","128784.31016350798018","203699.59996271497221","1701.5722387438895566","0","100","3500","0","17.990328186056224524","0","0","128774.30679937663081","0","0","81.963146353533275601","82.00967181394376837","701","45399.267773752311768","0.39074984617388358599","0.78150969567187167364","150462.60057257255539","4.2494620962545850418","13.774107135801227031","17.990328186056224524","28941751.09931756556","6022.1505099471023641","29593015.665894292295","6023.1508671746678374","162898.17093684154679","5842.08620898522895","0","0","0","3474.2406513365922365","0","0","0","0","0","9.0032150480936739001","7.0025005929617467615","0","0","0","0","0","0","0","0","0","0","0","38189.637519558236818","1305.4661819735827066","1421.5076203712346796","75861.089995237300172","0","0","0","0","0","0","0","0","0","0","0","0"
"05/14/2026 15:28:32.610","63.938785007234066882","1.9980870314760645901","1.9980870314760645901","0","1000000000","63.938785007234066882","0","0.99904351573803229503","42936","0","0","0","0","0","0","0","0","0","0","0","0","0","0","18.388299191949602829","0.18388299191949603051","0","0","18.388299191949602829","0.18388299191949603051","1.4687992015968063964e-005","0","1.4687992015968063964e-005","12513.02003461885397","0","12513.02003461885397","53888631.02465698868","0","53888631.02465698868","4306.6047105788420595","0","4306.6047105788420595","82.315219018820798169","0","0","100","20.949521652768847702","27.638354459936220309","121.99443056202616731","178066.91115395800443","138971.54914086262579","1710.2115924558777351","0","100","3500","0","23.47250367681822425","0","0","178183.85724181152182","0","0","77.365602973200054748","76.185852591024854519","1473","70948.292837002140004","0.63447978894453671561","0.82970049499358988765","220308.43781016950379","6.1495272062558585802","17.618901114630165949","23.814147408975138376","54561598.725380316377","12710.830650734984374","55936078.798158638179","12711.829694250722241","311162.09341176756425","10954.512150067524999","0","0","0","3624.5298750975812254","0","0","0","0","0","3.9961740629521291801","2.9971305472140969961","0","0","0","0","0","0","0","0","0","0","0","39869.828626073394844","949.0913399511306352","1048.9956915249338181","78628.720862646092428","0","0","0","0","0","0","0","0","0","0","0","0"
"05/14/2026 15:28:33.610","128.06047015400673672","4.0018896923127105225","4.0018896923127105225","0","1000000000","128.06047015400673672","0","2.0009448461563552613","42938","0","0","0","0","0","0","0","0","0","0","0","0","0","0","20.835775276601026462","0.2083577527660102624","0","0","20.835775276601026462","0.2083577527660102624","1.4342670247194106158e-005","0","1.4342670247194106158e-005","14529.861000364371648","0","14529.861000364371648","60104413.303962133825","0","60104413.303962133825","4136.6130964676722215","0","4136.6130964676722215","79.68469248419626183","0","0","100","22.973473209141541673","27.638038537865693201","122.0174040234880124","203832.96887789637549","121442.20736836423748","1668.4826920428081394","0","100","3500","0","18.531551107359376829","0","0","203800.95961761739454","0","0","77.353310604880718415","81.224239561611540239","1271","81973.714995748276124","0.48841866205815831492","1.2698905219191729543","250592.49640921119135","5.9587216810852599025","12.796602955579089667","18.775760438388456208","60881044.028990492225","14758.969185249276052","62476973.626946642995","14759.969657672352696","365372.5289081504452","12895.089061054630292","0","0","0","3723.7583586969767566","0","0","0","0","0","0","0","0","0","0","0","0","0","0","0","0","0","0","40951.337221435962419","1239.5853321938620866","1299.613677578552597","80662.088638254979742","0","0","0","0","0","0","0","0","0","0","0","0"
"05/14/2026 15:28:34.610","128.20853117595768822","4.0065165992486777569","4.0065165992486777569","0","1000000000","128.20853117595768822","0","2.0032582996243388784","42940","0","0","0","0","0","0","0","0","0","0","0","0","0","0","16.289880967979598836","0.16289880967979600279","0","0","16.289880967979598836","0.16289880967979600279","1.4320161786687771058e-005","0","1.4320161786687771058e-005","11391.528320813802566","0","11391.528320813802566","47816653.787385180593","0","47816653.787385180593","4197.5626483777368776","0","4197.5626483777368776","83.85305027679051193","0","0","100","19.366037143922696373","22.909926867800223249","122.01693080195394714","174694.38035536409006","148739.83815730697825","1564.3436863078818533","0","100","3500","0","14.825130773587103405","0","0","174569.35288682923419","0","0","81.141157457020113952","85.174869226412894818","133","68748.103958439678536","0.24419338067301513129","1.0744548758358576368","209693.06956738396548","3.5163986847524872914","10.549176049884504636","14.825130773587103405","48430540.273755259812","11572.823196929806727","49681975.733530588448","11573.824826079619015","289538.93507790419972","10231.641765331311035","0","0","0","3530.7427530878971993","0","0","0","0","0","5.008145749060846974","4.0065165992486777569","0","0","0","0","0","0","0","0","0","0","0","38809.123038622317836","1312.1341862539420617","1380.2449684411694761","76652.675576825698954","0","0","0","0","0","0","0","0","0","0","0","0"
"05/14/2026 15:28:35.610","63.883431901808769737","1.9963572469315240543","1.9963572469315240543","0","1000000000","63.883431901808769737","0","0.99817862346576202714","42941","0","0","0","0","0","0","0","0","0","0","0","0","0","0","13.697692608525615654","0.13697692608525616209","0","0","13.697692608525615654","0.13697692608525616209","1.4991006564551422482e-005","0","1.4991006564551422482e-005","9123.3526184770653344","0","9123.3526184770653344","60077001.495371393859","0","60077001.495371393859","6584.9698030634572206","0","6584.9698030634572206","87.459851980169105445","0","0","100","14.038956780971664884","16.336770320044397664","121.97934303693178038","122078.45983023158624","227071.41149598432821","1638.4827310018226854","0","100","3500","0","9.4996652998745148011","0","0","122216.4162773812277","0","0","86.694480367058474712","90.500334700125478093","917","48113.810470034608443","0.29288260383101683004","0.48813434071273131831","146544.73582689944305","2.5383025705129589333","7.7613540119628305902","9.4996652998745148011","31330123.922877922654","7451.4034241719136844","32135937.554743859917","7452.4016027953794037","190428.52507030422566","6747.6874946285515762","0","0","0","2580.2917416589948516","0","0","0","0","0","4.9908931173288104688","3.9927144938630481086","0","0","0","0","0","0","0","0","0","0","0","28394.189123107065825","4145.4358232533095361","7927.5346275650817915","56143.554855455251527","0","0","0","0","0","0","0","0","0","0","0","0"
"05/14/2026 15:28:36.610","192.10281342574543828","6.0032129195545449463","6.0032129195545449463","0","1000000000","192.10281342574543828","0","3.0016064597772724731","42944","0","0","0","0","0","0","0","0","0","0","0","0","0","0","14.495014308419712279","0.14495014308419712501","0","0","14.495014308419712279","0.14495014308419712501","1.462315842583249308e-005","0","1.462315842583249308e-005","9915.3066721309241984","0","9915.3066721309241984","42723665.705885790288","0","42723665.705885790288","4308.8597376387488112","0","4308.8597376387488112","85.565270099553785599","0","0","100","19.970464391627281486","23.55875353491059343","122.01303760432983836","175597.63329234384582","147035.80530318134697","1650.3818983712831141","0","100","3500","0","14.72570944455724451","0","0","175526.61685914121335","0","0","80.682953225820980947","85.274290555442760819","853","66132.303014917648397","0.24419836340885472947","0.83027843654633459725","207112.92593106045388","3.7118271266832771893","10.940114687410289918","14.72570944455724451","43253621.338140167296","10071.390208039341815","44342708.217437967658","10072.39074352593525","264393.50340302131372","9430.046961133597506","0","0","0","4062.1740755652422195","0","0","0","0","0","0","0","0","0","0","0","0","0","0","0","0","0","0","44641.892340780781524","314.16814279002119292","326.17456862913030591","88431.328446984829498","0","0","0","0","0","0","0","0","0","0","0","0"
"05/14/2026 15:28:37.610","127.97924176698541032","3.9993513052182940726","3.9993513052182940726","0","1000000000","127.97924176698541032","0","1.9996756526091470363","42946","0","0","0","0","0","0","0","0","0","0","0","0","0","0","11.287411612275683126","0.11287411612275682904","0","0","11.287411612275683126","0.11287411612275682904","1.5288001083423620452e-005","0","1.5288001083423620452e-005","7382.8025094329705098","0","7382.8025094329705098","33254126.18073348701","0","33254126.18073348701","4504.2686890574213976","0","4504.2686890574213976","88.74223510879696164","0","0","100","20.402594223788597105","23.946744501912551328","121.99904644699630296","149985.4865979255992","171504.5845807135629","1672.8158229778903205","0","100","3500","0","15.731980043007244063","0","0","149994.48560713467305","0","0","80.371580903152107567","84.268019956992759489","821","54143.038851422461448","0.73233900330623435959","0.92763740330319477412","175652.66064206333249","5.0287438209334043293","10.741002045173804191","15.731980043007244063","33648886.150666363537","7500.7833729369103821","34460042.581093348563","7501.7832107632148109","204834.77579936536495","7335.8101315966559923","0","0","0","3857.3743338830445282","0","0","0","0","0","0","0","0","0","0","0","0","0","0","0","0","0","0","42422.119132276748132","228.96286222374732233","271.95588875484401115","84166.348218318991712","0","0","0","0","0","0","0","0","0","0","0","0"
"05/14/2026 15:28:38.610","127.99133498662141051","3.9997292183319190784","3.9997292183319190784","0","1000000000","127.99133498662141051","0","1.9998646091659595392","42948","0","0","0","0","0","0","0","0","0","0","0","0","0","0","10.191700526610240729","0.10191700526610240896","0","0","10.191700526610240729","0.10191700526610240896","1.55538989775675259e-005","0","1.55538989775675259e-005","6552.5563919322657966","0","6552.5563919322657966","31393714.645518496633","0","31393714.645518496633","4791.0636349763462931","0","4791.0636349763462931","89.835297435043656833","0","0","100","19.922285131033952155","23.093142015175974535","122.01484361792054756","140127.82671978016151","185112.69458514661528","1681.8778956647747691","0","100","3500","0","14.850178811499736398","0","0","140137.82599383284105","0","0","81.070509176557166597","85.10099487488695047","738","49617.397776921396144","0.53706945125643013039","0.4394168240297857686","164055.08960049500456","4.2965456108063841967","10.594900085043580162","14.899005125113051307","31739919.207469653338","6656.5493516088963588","32459786.472455814481","6657.5492839134794849","181159.73548590761493","6491.5605213527041997","0","0","0","3811.7419450703187067","0","0","0","0","0","0","0","0","0","0","0","0","0","0","0","0","0","0","41894.163765113102272","273.98145145573641912","296.97989446114496559","83183.368485953498748","0","0","0","0","0","0","0","0","0","0","0","0"
"05/14/2026 15:28:39.610","64.011029100313990625","2.000344659384812207","2.000344659384812207","0","1000000000","64.011029100313990625","0","1.0001723296924061035","42949","0","0","0","0","0","0","0","0","0","0","0","0","0","0","16.311556720718488833","0.16311556720718489721","0","0","16.311556720718488833","0.16311556720718489721","1.5669311305350111627e-005","0","1.5669311305350111627e-005","10412.794124427638963","0","10412.794124427638963","69603032.602517411113","0","69603032.602517411113","6684.3761406204976083","0","6684.3761406204976083","84.994202126750096227","0","0","100","21.318549451604386746","26.728413372693019312","122.00111005623311655","157977.66984961749404","158175.23103020482813","1667.8170404706602312","0","100","3500","0","20.174639121510963946","0","0","157973.6702883693506","0","0","78.085588947834736473","79.727711434393938816","492","58053.631516622619529","0.58587666673232619008","0.73234083395584936849","195600.54262047450175","6.688726948616855239","13.475113340247919069","20.272288565606054078","40300971.857451036572","8672.4942707628524659","41238817.448246330023","8673.4944430925443157","221106.0965804408188","7830.3491691618464756","0","0","0","3648.6286587178969967","0","0","0","0","0","0","0","0","0","0","0","0","0","0","0","0","0","0","40142.916624534409493","801.13803608361718034","857.14768654639192391","79545.705725096428068","0","0","0","0","0","0","0","0","0","0","0","0"
"05/14/2026 15:28:40.610","63.997593690477238226","1.9999248028274136946","1.9999248028274136946","0","1000000000","63.997593690477238226","0","0.99996240141370684729","42950","0","0","0","0","0","0","0","0","0","0","0","0","0","0","13.547585552226305339","0.13547585552226304451","0","0","13.547585552226305339","0.13547585552226304451","1.4555237992908562014e-005","0","1.4555237992908562014e-005","9306.6500699573698512","0","9306.6500699573698512","41650657.935261636972","0","41650657.935261636972","4475.3652089824863651","0","4475.3652089824863651","86.706323668701728025","0","0","100","17.182713260398635668","21.029022421180286528","122.00934692210589105","156816.57306309204432","168916.13302377794753","1680.1239931506945595","0","100","3500","0","15.325630150202373514","0","0","156794.57143937223009","0","0","82.770615735611187347","84.62554615384384249","680","58972.352159589376242","0.14649108937546570508","0.68364175168060226095","186277.74729775058222","3.0275791877445121791","12.500946321636547509","15.374453846156155734","42139883.540378883481","9452.6445805637704325","43162073.106051214039","9453.6445429651848826","241334.92580678965896","8561.6780809041574685","0","0","0","3552.8664122229006352","0","0","0","0","0","0","0","0","0","0","0","0","0","0","0","0","0","0","39065.531136029283516","1621.9390150930325945","1734.9347664527813322","77346.091786948818481","0","0","0","0","0","0","0","0","0","0","0","0"
"05/14/2026 15:28:41.610","0","0","0","0","1000000000","0","0","0","42950","0","0","0","0","0","0","0","0","0","0","0","0","0","0","18.845858446946863296","0.18845858446946864295","0","0","18.845858446946863296","0.18845858446946864295","1.4359771341463414525e-005","0","1.4359771341463414525e-005","13113.452453190122469","0","13113.452453190122469","54961357.794053427875","0","54961357.794053427875","4191.2195121951217516","0","4191.2195121951217516","81.795700307955399921","0","0","100","20.925715684893798851","26.002714225357522082","121.99816038444210164","187470.82287324691424","134296.4963464718021","1652.4744254075344543","0","100","3500","0","17.943328843275651252","0","0","187696.88777648063842","0","0","78.717296618492412108","82.056671156724348748","1570","74606.419503039316623","0.29306079023281417228","0.73265697713151534121","228994.74439111468382","5.1285388213268472413","12.7969244872061374","17.943328843275651252","55666385.773583248258","13320.34914966956967","57106766.59144089371","13321.348650618745523","336743.86378881026758","11928.044327467296171","0","0","0","3505.249828760499895","0","0","0","0","0","8.9955085425846874614","6.9965066442325349882","0","0","0","0","0","0","0","0","0","0","0","38524.764585042692488","2151.9255435760924229","2327.8377106310817908","76003.051676298025995","0","0","0","0","0","0","0","0","0","0","0","0"
"05/14/2026 15:28:42.610","320.19179488513617571","10.005993590160505491","10.005993590160505491","0","1000000000","320.19179488513617571","0","5.0029967950802527454","42955","0","0","0","0","0","0","0","0","0","0","0","0","0","0","17.053643178542728265","0.17053643178542729486","0","0","17.053643178542728265","0.17053643178542729486","1.4533535026418953993e-005","0","1.4533535026418953993e-005","11741.032878694337342","0","11741.032878694337342","49812621.760434500873","0","49812621.760434500873","4242.6098517129712491","0","4242.6098517129712491","83.363926654429349128","0","0","100","20.268539216172580808","25.779455932309158328","121.99887170788592528","176374.89254823778174","143108.55021749858861","1710.0280444599291059","0","100","3500","0","18.652372539050986688","0","0","176177.8893173848046","0","0","78.848218460712615752","81.347627460949013312","832","69678.142721540629282","0.43944982422007033973","1.1230395507841797187","216162.54506573907565","4.8339880664047738534","13.818354472658212373","18.652372539050986688","50440093.616076029837","11925.14316075329225","51729610.036411814392","11926.143760112307064","305082.74456399382325","10840.493455579891815","0","0","0","3578.1433078413970179","0","0","0","0","0","1.0005993590160506823","1.0005993590160506823","0","0","0","0","0","0","0","0","0","0","0","39370.582979204540607","1952.1693494403148179","2181.3066026549904564","77814.610951960232342","0","0","0","0","0","0","0","0","0","0","0","0"
"05/14/2026 15:28:43.610","191.90145860100835762","5.9969205812815111756","5.9969205812815111756","0","1000000000","191.90145860100835762","0","2.9984602906407555878","42958","0","0","0","0","0","0","0","0","0","0","0","0","0","0","13.58694054365401982","0.13586940543654019153","0","0","13.58694054365401982","0.13586940543654019153","1.6115632783774164752e-005","0","1.6115632783774164752e-005","8426.6729034640702594","0","8426.6729034640702594","60168015.723925761878","0","60168015.723925761878","7140.1864547503264475","0","7140.1864547503264475","87.542867028462694634","0","0","100","19.986793705650356401","23.912375100999192057","121.97066024647024562","141459.62347832554951","181867.74047635874012","1713.9712052837512601","0","100","3500","0","17.334889316217516608","0","0","141505.62270553855342","0","0","80.419465385880755548","82.665100683892475786","700","51764.130362609903386","0.39062570311726568795","0.83007086922043860078","167424.18727365380619","4.9804052155426292714","12.402213575650668176","17.334899316107520661","31465730.347466573119","6690.5643951830734295","32189278.805333457887","6691.5638819466203131","181874.60738910568762","6511.6562645081748997","0","0","0","3792.0527808970091428","0","0","0","0","0","0","0","0","0","0","0","0","0","0","0","0","0","0","41668.603172271039512","52.972798467986685012","58.96971904926819974","82791.486571645451477","0","0","0","0","0","0","0","0","0","0","0","0"
"05/14/2026 15:28:44.610","64.063390725122502545","2.0019809601600782045","2.0019809601600782045","0","1000000000","64.063390725122502545","0","1.0009904800800391023","42959","0","0","0","0","0","0","0","0","0","0","0","0","0","0","13.296382770128243322","0.13296382770128242767","0","0","13.296382770128243322","0.13296382770128242767","1.4951557404700326192e-005","0","1.4951557404700326192e-005","8901.8083393517881632","0","8901.8083393517881632","39975555.812476441264","0","39975555.812476441264","4490.7230405937252726","0","4490.7230405937252726","86.885966719293179494","0","0","100","19.996778792839414507","24.311528977262724993","122.03037167345431158","149481.23764568800107","171411.21826833626255","1725.9911974448928049","0","100","3500","0","16.699453241530925141","0","0","149363.23824748492916","0","0","80.019225946167352959","83.056407442059168034","494","55891.714952253736556","0.43944876954344530562","0.92773740233527346444","180143.08127028550371","5.2245953711329606861","11.572227597762726248","16.943592557940835519","40459686.860148116946","9043.9489875231538463","41437690.59484359622","9044.9499780032347189","232213.77553088779678","8241.1546224989633629","0","0","0","3431.395365714374293","0","0","0","0","0","0","0","0","0","0","0","0","0","0","0","0","0","0","37746.350013338196732","1580.5639680463818877","1677.6600446141455905","74746.962119016767247","0","0","0","0","0","0","0","0","0","0","0","0"
"05/14/2026 15:28:45.610","255.96557263048123332","7.9989241447025385412","7.9989241447025385412","0","1000000000","255.96557263048123332","0","3.9994620723512692706","42963","0","0","0","0","0","0","0","0","0","0","0","0","0","0","22.10363219486907127","0.22103632194869071714","0","0","22.10363219486907127","0.22103632194869071714","1.4183406057494865306e-005","0","1.4183406057494865306e-005","15581.90423388054478","0","15581.90423388054478","65736054.500669665635","0","65736054.500669665635","4218.7433264887067708","0","4218.7433264887067708","78.7114756301660492","0","0","100","21.202882087825763335","25.845436960928463321","121.99802907306022348","203225.67064471312915","124096.66430546126503","1630.0053790177507835","0","100","3500","0","16.893732179828923279","0","0","203390.67118921494693","0","0","78.838126846017715366","82.959786413949572648","1390","83418.275280308429501","0.73242703129950048613","1.1230507812875003548","251714.83065894118045","4.58989406298300473","12.500120001152009053","17.0402135860504238","66568942.477236814797","15827.871151330147768","68280448.279706388712","15828.87101684823574","382712.52516536531039","13446.191487244966993","0","0","0","3579.5185547543856046","0","0","0","0","0","0","0","0","0","0","0","0","0","0","0","0","0","0","39345.708002273699094","1823.7547049921786311","1961.736146488297436","77316.600917176649091","0","0","0","0","0","0","0","0","0","0","0","0"
"05/14/2026 15:28:46.610","127.94398612287540118","3.9982495663398562868","3.9982495663398562868","0","1000000000","127.94398612287540118","0","1.9991247831699281434","42965","0","0","0","0","0","0","0","0","0","0","0","0","0","1","25.889142390283147677","0.25889142390283148565","0","0","25.889142390283147677","0.25889142390283148565","1.4093853775382437487e-005","0","1.4093853775382437487e-005","18360.961571024203295","0","18360.961571024203295","75431680.010491400957","0","75431680.010491400957","4108.2641406717839345","0","4108.2641406717839345","75.14784331313822463","0","0","100","22.641856476355652461","28.240534581736032038","122.00008294797088126","230828.48473981794086","106551.2169124178472","1695.0035595074750745","0","100","3500","0","21.044495744726599895","0","0","230773.48462431770167","0","0","76.854842701634865421","78.955504255273396552","1664","97050.203805427998304","0.34180187991033950112","1.4160277881528349209","288081.60497137042694","5.7129214210678158636","15.332114326628795808","21.044495744726599895","76408880.192251831293","18648.835539800675178","78425393.362785771489","18649.83510219226082","450370.82765165407909","15829.070033139490988","0","0","0","3772.3484658416541606","0","0","0","0","0","0","0","0","0","0","0","0","0","0","0","0","0","0","41482.838813167596527","1323.4206064584923297","1482.3510267205017499","81438.346291993366322","0","0","0","0","0","0","0","0","0","0","0","0"
"05/14/2026 15:28:47.610","0","0","0","0","1000000000","0","0","0","42965","0","0","0","0","0","0","0","0","0","0","0","0","0","0","20.04360025158912606","0.20043600251589124839","0","0","20.04360025158912606","0.20043600251589124839","1.5100798312998945901e-005","0","1.5100798312998945901e-005","13274.743705369073723","0","13274.743705369073723","78365928.837656125426","0","78365928.837656125426","5903.3854496159055998","0","5903.3854496159055998","81.839399608861270963","0","0","100","19.562933512029182737","23.997898511205541183","122.01192818694811137","174506.15200809924863","147304.82281040397356","1662.353676890424822","0","100","3500","0","17.119776336787150939","0","0","174478.16289026825689","0","0","80.334193289383875936","82.880223663212845508","891","70735.498038362682564","0.34167658641698617217","1.4154987218616637001","213390.03395479836036","4.6369951173636083652","12.446684257646138505","17.119776336787150939","49407660.3009281829","11624.148596349315994","50664643.962835915387","11625.14835110947206","291112.59008165297564","10290.475746299433013","0","0","0","3611.1141936882881964","0","0","0","0","0","8.9977928414160004422","6.998283321101333776","0","0","0","0","0","0","0","0","0","0","0","39705.260299648492946","2095.4859772897707444","2232.4523794313254257","78490.746219952241518","0","0","0","0","0","0","0","0","0","0","0","0"
"05/14/2026 15:28:48.610","128.05619105663564028","4.0017559705198637587","4.0017559705198637587","0","1000000000","128.05619105663564028","0","2.0008779852599318794","42967","0","0","0","0","0","0","0","0","0","0","0","0","0","0","17.14376724251305717","0.17143767242513055504","0","0","17.14376724251305717","0.17143767242513055504","1.4525794424201339739e-005","0","1.4525794424201339739e-005","11806.180552026227815","0","11806.180552026227815","49734975.70734038204","0","49734975.70734038204","4212.6219811880346242","0","4212.6219811880346242","83.350376866266856268","0","0","100","20.300186749581133228","24.724153105851968348","122.01348149552195821","169325.62190308625577","150684.88374840508914","1673.2235426653001014","0","100","3500","0","16.543591523271793164","0","0","169328.6223039398028","0","0","79.707567978693674604","83.45640847672819973","1218","66442.876768336253008","0.53716881998578835944","1.0743376399715767189","207850.76886272005504","5.1275114625051445572","11.427031259922960871","16.543591523271793164","50366016.60808762908","11992.262204655402456","51662797.635602504015","11993.26264364803319","297286.44929395016516","10495.605471680974006","0","0","0","3272.4359448926188634","0","0","0","0","0","5.0021949631498303646","4.0017559705198637587","0","0","0","0","0","0","0","0","0","0","0","35973.785296988316986","2705.1870360714278831","2952.2954672510295495","70945.130723361406126","0","0","0","0","0","0","0","0","0","0","0","0"
"05/14/2026 15:28:49.610","63.96150796450695708","1.9987971238908424088","1.9987971238908424088","0","1000000000","63.96150796450695708","0","0.99939856194542120438","42968","0","0","0","0","0","0","0","0","0","0","0","0","0","0","20.22662586434544707","0.20226625864345446071","0","0","20.22662586434544707","0.20226625864345446071","1.4530081884786667397e-005","0","1.4530081884786667397e-005","13913.62677940415233","0","13913.62677940415233","59953935.721482805908","0","59953935.721482805908","4309.0084757937074755","0","4309.0084757937074755","80.600406056754962947","0","0","100","22.781613792375289052","27.341974631218416647","122.00122067001220216","186634.99091121787205","133023.30442421938642","1719.769550880181896","0","100","3500","0","18.416898600299070665","0","0","186612.99385882291244","0","0","77.616023893455349025","81.436636998159698919","805","74207.056254461902427","0.34175360324125481082","1.3670444097703593478","231904.92474008479621","6.3958088463578626204","12.156905289586658725","18.514538201681517648","60697580.196237899363","14132.495064470200305","62225768.532497137785","14133.494463032146086","343521.26890037569683","12088.725005291813432","0","0","0","3498.8943653709193313","0","0","0","0","0","2.9981956858362632801","1.9987971238908424088","0","0","0","0","0","0","0","0","0","0","0","38467.850047841202468","1048.3690914807468744","1152.3065419230706539","75804.380923560194788","0","0","0","0","0","0","0","0","0","0","0","0"
"05/14/2026 15:28:50.610","1606.2638492778758064","17.991754378968117578","17.991754378968117578","0","1000000000","1606.2638492778758064","0","16.992212469025446353","42969","0","0","0","0","0","0","0","0","0","0","0","0","0","0","20.532829545205679267","0.20532829545205680266","0","0","20.532829545205679267","0.20532829545205680266","1.4466828718382301877e-005","0","1.4466828718382301877e-005","14186.49832781636178","0","14186.49832781636178","59377075.486304625869","0","59377075.486304625869","4185.4638201930529249","0","4185.4638201930529249","80.289652839993237876","0","0","100","21.531248750193970665","27.496049413131082417","121.99038400124901216","186949.28887792027672","132611.87984319933457","1743.9560523074817411","0","100","3500","0","20.605239755195292162","0","0","187069.28585399646545","0","0","77.490124721361695492","79.297099961589893269","1489","75638.093920033206814","0.78125226563157035287","1.074223115247034066","234186.09851031753351","5.9082171338296882723","14.892623188607245766","20.751730180017524674","60122933.659503847361","14407.39708991369298","61680851.665681615472","14408.39663182363438","359087.43023072526557","12686.185920992409592","0","0","0","3342.4681468482995115","0","0","0","0","0","4.9977095497133658952","3.9981676397706928938","0","0","0","0","0","0","0","0","0","0","0","36788.139995440091297","2263.9624260201549077","2705.7599502148163992","72385.825576138449833","0","0","0","0","0","0","0","0","0","0","0","0"
"05/14/2026 15:28:51.610","384.14301644502245381","12.004469263906951682","12.004469263906951682","0","1000000000","384.14301644502245381","0","6.0022346319534758408","42975","0","0","0","0","0","0","0","0","0","0","0","0","0","0","30.813113894425281813","0.30813113894425281369","0","0","30.813113894425281813","0.30813113894425281369","1.4616517243015036235e-005","0","1.4616517243015036235e-005","21088.851379368537891","0","21088.851379368537891","112046835.03668415546","0","112046835.03668415546","5313.0838195531523525","0","5313.0838195531523525","71.692118861330740742","0","0","100","24.343731096309998208","30.596350007521468939","122.01587889154104971","238094.42853256958188","100684.18041600860306","1728.0829479815031391","0","100","3500","0","23.388585727444301199","0","0","238044.42613245436223","0","0","74.903972394369631616","76.51376416514058576","1627","101490.871561834967","1.2695313964845360566","2.1484423632865996545","301103.45296574238455","8.3007891308680434861","15.0879065966972572","23.48623583485941424","78915816.358430236578","19264.172051254681719","80998859.87553165853","19265.172423693340534","472163.78657774289604","16643.196261968329054","0","0","0","3871.441337609992388","0","0","0","0","0","0","0","0","0","0","0","0","0","0","0","0","0","0","42554.843168111488922","1063.3959022944241042","1146.4268147031139051","83697.160452836586046","0","0","0","0","0","0","0","0","0","0","0","0"
"05/14/2026 15:28:52.610","256.31868101610729127","8.0099587817533528522","8.0099587817533528522","0","1000000000","256.31868101610729127","0","4.0049793908766764261","42979","0","0","0","0","0","0","0","0","0","0","0","0","0","0","25.712845428350512123","0.25712845428350511456","0","0","25.712845428350512123","0.25712845428350511456","1.4158893846747094063e-005","0","1.4158893846747094063e-005","18175.597720646077505","0","18175.597720646077505","74783538.373259469867","0","74783538.373259469867","4114.5022861235056553","0","4114.5022861235056553","74.981810280500326371","0","0","100","23.825722919914589681","30.478162744614714086","122.00342151969296367","232446.18912137910957","103291.58972239799914","1684.6536456144986005","0","100","3500","0","21.843979875612628661","0","0","232304.13400399356033","0","0","74.993735013426828573","78.156020124387367787","1398","95934.222478321593371","0.48848387925167502388","1.4654216258432972708","290850.85012985038338","6.3013309982732153003","15.631204024877472847","21.843979875612628661","75701751.988246977329","18462.954991941478511","77698170.134928748012","18463.956236789199465","447728.66104427631944","15744.575230383936287","0","0","0","3800.7254419419664373","0","0","0","0","0","6.0074690863150150832","5.0062242385958457547","0","0","0","0","0","0","0","0","0","0","0","41755.915129280234396","1154.4353094202019747","1324.6469335324609347","82143.128551728354068","0","0","0","0","0","0","0","0","0","0","0","0"
"05/14/2026 15:28:53.610","127.90853260833176819","3.9971416440103677559","3.9971416440103677559","0","1000000000","127.90853260833176819","0","1.9985708220051838779","42981","0","0","0","0","0","0","0","0","0","0","0","0","0","0","16.336198338580878442","0.16336198338580878997","0","0","16.336198338580878442","0.16336198338580878997","1.4679060366510960132e-005","0","1.4679060366510960132e-005","11124.045195280854387","0","11124.045195280854387","53963075.00506387651","0","53963075.00506387651","4851.0298239310095596","0","4851.0298239310095596","84.271783007393750609","0","0","100","20.342935931846611197","24.887902325417719851","121.99110860207466089","172103.27936259214766","147962.73484914482106","1716.5041019649424925","0","100","3500","0","17.60097748884459179","0","0","172203.25048093608348","0","0","79.618003965699912783","82.399012513928639123","818","66450.802363197275554","0.8298398024388035088","0.73221688303664567155","207811.96312385352212","5.0279052590811303958","12.54534991993221027","17.600987486071360877","48240910.924597814679","11044.102362400646598","49435176.904995232821","11045.101647811648945","275375.0792808062979","9727.0441906992309669","0","0","0","3660.3824605024942684","0","0","0","0","0","4.9964270550129601389","3.9971416440103677559","0","0","0","0","0","0","0","0","0","0","0","40229.232076142347069","1356.0303027305174055","1472.946695817820455","79410.213756142969942","0","0","0","0","0","0","0","0","0","0","0","0"
"05/14/2026 15:28:54.610","471.97328631199474103","7.9995472256270296896","7.9995472256270296896","0","1000000000","471.97328631199474103","0","5.9996604192202722672","42983","0","0","0","0","0","0","0","0","0","0","0","0","0","0","14.088608593945913583","0.1408860859394591436","0","0","14.088608593945913583","0.1408860859394591436","1.5582177231994689173e-005","0","1.5582177231994689173e-005","9038.4884215553411195","0","9038.4884215553411195","56177556.350310571492","0","56177556.350310571492","6215.3707268503148953","0","6215.3707268503148953","86.531582144564396231","0","0","100","19.891568135406597406","24.72177055393025924","121.99451217586305063","152754.61636701758835","167058.25464593947981","1656.4187426581440832","0","100","3500","0","19.802141529563087374","0","0","152737.61206833086908","0","0","79.751215509629801659","80.197858470436912626","739","56717.338143082575698","0.48842446325473404256","0.83030858395316231579","182649.1737111141847","5.2748821750627952198","14.554786932842612046","19.802141529563087374","40238306.511851429939","8589.5138335170231585","41167173.937955111265","8590.513776920226519","222367.41400436736876","7903.5526589195051201","0","0","0","3754.7874790286869029","0","0","0","0","0","5.9996604192202722672","4.9997170160168940001","0","0","0","0","0","0","0","0","0","0","0","41303.662212718758383","538.96949432662108848","605.96570234124749277","81905.364156388750416","0","0","0","0","0","0","0","0","0","0","0","0"
"05/14/2026 15:28:55.610","471.72272138437028843","7.995300362446954523","7.995300362446954523","0","1000000000","471.72272138437028843","0","5.9964752718352158922","42985","0","0","0","0","0","0","0","0","0","0","0","0","0","0","24.073402220206659763","0.2407340222020666054","0","0","24.073402220206659763","0.2407340222020666054","1.5098676618163573554e-005","0","1.5098676618163573554e-005","15934.633622356779597","0","15934.633622356779597","93681893.782834455371","0","93681893.782834455371","5879.1369794279980852","0","5879.1369794279980852","78.318724956174861518","0","0","100","22.108289294108423917","26.962058267774487774","121.99027081025907648","182957.20224915625295","136258.76482483468135","1702.0576997560217478","0","100","3500","0","21.142343427030287017","0","0","183069.20604608496069","0","0","77.9208237624712865","78.711176133528397258","1207","75800.569639310779166","1.0253930761792284798","1.416024248072744296","229769.78919585375115","7.0312710938132809702","14.257852773558321147","21.288823866471595636","59258771.693998269737","14156.678704257637946","60789579.884943634272","14157.678116802944714","338349.11838821141282","11863.026912780667772","0","0","0","3261.0831353330513593","0","0","0","0","0","0","0","0","0","0","0","0","0","0","0","0","0","0","35860.920950665204145","2539.5072776222136781","2672.4291461478946985","70547.532160596005269","0","0","0","0","0","0","0","0","0","0","0","0"
"05/14/2026 15:28:56.610","408.36695854895208413","6.0053964492492948324","6.0053964492492948324","0","1000000000","408.36695854895208413","0","5.0044970410410796191","42986","0","0","0","0","0","0","0","0","0","0","0","0","0","0","16.181351061448001616","0.16181351061448001616","0","0","16.181351061448001616","0.16181351061448001616","1.4683077760638780449e-005","0","1.4683077760638780449e-005","11030.912377862747235","0","11030.912377862747235","50405614.485176376998","0","50405614.485176376998","4569.4873423464296138","0","4569.4873423464296138","84.196028673260244091","0","0","100","19.999855993087667372","24.660374097956701434","122.02346410301082358","173445.14831557567231","147196.06195685395505","1703.9032182972005103","0","100","3500","0","18.559063378296581703","0","0","173269.15831180787063","0","0","79.736508149512374644","81.343291865226845516","676","65162.298781429206429","0.39059902483236647042","0.97650756154394513509","208814.13935688452329","5.2731568314781496198","13.378191591111557202","18.656708134773158037","50999396.057297088206","11206.069774299185156","52211172.960021875799","11207.070673707392416","278926.64348183275433","9851.8528749934685038","0","0","0","3811.4249464568861185","0","0","0","0","0","0","0","0","0","0","0","0","0","0","0","0","0","0","41889.642032330251823","365.32828399599878821","379.34087571091379232","82879.475496681319783","0","0","0","0","0","0","0","0","0","0","0","0"
"05/14/2026 15:28:57.610","536.06765173764927113","10.001262159284500797","10.001262159284500797","0","1000000000","536.06765173764927113","0","7.0008835114991505577","42989","0","0","0","0","0","0","0","0","0","0","0","0","0","0","8.6507558332401846002","0.086507558332401854329","0","0","8.6507558332401846002","0.086507558332401854329","1.5783564392557460722e-005","0","1.5783564392557460722e-005","5482.6919157197635286","0","5482.6919157197635286","35926453.918484508991","0","35926453.918484508991","6552.7033929222907318","0","6552.7033929222907318","91.41879974093373562","0","0","100","15.71962806678546265","18.872614633553329355","121.99418965303337359","130462.58524893279537","207355.75465407696902","1659.6385307280074812","0","100","3500","0","13.348051614095234996","0","0","130453.58720870595425","0","0","84.526489206138649024","86.651948385904759675","766","43798.460695260575449","0.29290925062142109114","0.29290925062142109114","148704.6121354768984","2.3920838818029142026","10.886412158118407234","13.348051614095234996","28302435.76739384234","5362.6767698083494906","28882412.960515614599","5363.676896024277994","146506.48911892680917","5240.6613714650784459","0","0","0","3639.4592997636300424","0","0","0","0","0","0","0","0","0","0","0","0","0","0","0","0","0","0","40005.04863713800296","1399.1765760839016366","1502.1895763245320268","79576.042496563066379","0","0","0","0","0","0","0","0","0","0","0","0"
"05/14/2026 15:28:58.610","471.75294298375939661","7.995812592945074293","7.995812592945074293","0","1000000000","471.75294298375939661","0","5.9968594447088054977","42991","0","0","0","0","0","0","0","0","0","0","0","0","0","1","19.472389579623680333","0.19472389579623680667","0","0","19.472389579623680333","0.19472389579623680667","1.4579233131131580755e-005","0","1.4579233131131580755e-005","13346.010694199447244","0","13346.010694199447244","68997849.826046094298","0","68997849.826046094298","5169.9231633340823464","0","5169.9231633340823464","81.467719242863708473","0","0","100","20.085712228028199888","24.260395144318099625","122.01898759648742043","188845.56931739367428","135719.19397279713303","1656.4084703287830962","0","100","3500","0","18.144136282771228252","0","0","189025.61371634245734","0","0","80.143386900371552883","81.855863717228771748","1274","75204.545440905727446","0.63492454063319014868","1.1721553026006530374","229831.67649142278242","5.6165970797292059657","12.551885128840359229","18.144136282771228252","56186559.098999850452","13117.130558726394156","57604968.278112754226","13118.130035300513555","320484.16244412801461","11281.092092071381558","0","0","0","3747.0376763688855135","0","0","0","0","0","0","0","0","0","0","0","0","0","0","0","0","0","0","41252.396120151875948","1134.4059116240823641","1261.3394365370854757","81385.378477291436866","0","0","0","0","0","0","0","0","0","0","0","0"
