"(PDH-CSV 4.0) (","\\PDB01\Network Interface(Broadcom BCM5719 4x1GbT OCP Ethernet NIC)\Bytes Total/sec","\\PDB01\Network Interface(Broadcom BCM5719 4x1GbT OCP Ethernet NIC)\Packets/sec","\\PDB01\Network Interface(Broadcom BCM5719 4x1GbT OCP Ethernet NIC)\Packets Received/sec","\\PDB01\Network Interface(Broadcom BCM5719 4x1GbT OCP Ethernet NIC)\Packets Sent/sec","\\PDB01\Network Interface(Broadcom BCM5719 4x1GbT OCP Ethernet NIC)\Current Bandwidth","\\PDB01\Network Interface(Broadcom BCM5719 4x1GbT OCP Ethernet NIC)\Bytes Received/sec","\\PDB01\Network Interface(Broadcom BCM5719 4x1GbT OCP Ethernet NIC)\Packets Received Unicast/sec","\\PDB01\Network Interface(Broadcom BCM5719 4x1GbT OCP Ethernet NIC)\Packets Received Non-Unicast/sec","\\PDB01\Network Interface(Broadcom BCM5719 4x1GbT OCP Ethernet NIC)\Packets Received Discarded","\\PDB01\Network Interface(Broadcom BCM5719 4x1GbT OCP Ethernet NIC)\Packets Received Errors","\\PDB01\Network Interface(Broadcom BCM5719 4x1GbT OCP Ethernet NIC)\Packets Received Unknown","\\PDB01\Network Interface(Broadcom BCM5719 4x1GbT OCP Ethernet NIC)\Bytes Sent/sec","\\PDB01\Network Interface(Broadcom BCM5719 4x1GbT OCP Ethernet NIC)\Packets Sent Unicast/sec","\\PDB01\Network Interface(Broadcom BCM5719 4x1GbT OCP Ethernet NIC)\Packets Sent Non-Unicast/sec","\\PDB01\Network Interface(Broadcom BCM5719 4x1GbT OCP Ethernet NIC)\Packets Outbound Discarded","\\PDB01\Network Interface(Broadcom BCM5719 4x1GbT OCP Ethernet NIC)\Packets Outbound Errors","\\PDB01\Network Interface(Broadcom BCM5719 4x1GbT OCP Ethernet NIC)\Output Queue Length","\\PDB01\Network Interface(Broadcom BCM5719 4x1GbT OCP Ethernet NIC)\Offloaded Connections","\\PDB01\Network Interface(Broadcom BCM5719 4x1GbT OCP Ethernet NIC)\TCP Active RSC Connections","\\PDB01\Network Interface(Broadcom BCM5719 4x1GbT OCP Ethernet NIC)\TCP RSC Coalesced Packets/sec","\\PDB01\Network Interface(Broadcom BCM5719 4x1GbT OCP Ethernet NIC)\TCP RSC Exceptions/sec","\\PDB01\Network Interface(Broadcom BCM5719 4x1GbT OCP Ethernet NIC)\TCP RSC Average Packet Size","\\PDB01\PhysicalDisk(3 F:)\Current Disk Queue Length","\\PDB01\PhysicalDisk(3 F:)\% Disk Time","\\PDB01\PhysicalDisk(3 F:)\Avg. Disk Queue Length","\\PDB01\PhysicalDisk(3 F:)\% Disk Read Time","\\PDB01\PhysicalDisk(3 F:)\Avg. Disk Read Queue Length","\\PDB01\PhysicalDisk(3 F:)\% Disk Write Time","\\PDB01\PhysicalDisk(3 F:)\Avg. Disk Write Queue Length","\\PDB01\PhysicalDisk(3 F:)\Avg. Disk sec/Transfer","\\PDB01\PhysicalDisk(3 F:)\Avg. Disk sec/Read","\\PDB01\PhysicalDisk(3 F:)\Avg. Disk sec/Write","\\PDB01\PhysicalDisk(3 F:)\Disk Transfers/sec","\\PDB01\PhysicalDisk(3 F:)\Disk Reads/sec","\\PDB01\PhysicalDisk(3 F:)\Disk Writes/sec","\\PDB01\PhysicalDisk(3 F:)\Disk Bytes/sec","\\PDB01\PhysicalDisk(3 F:)\Disk Read Bytes/sec","\\PDB01\PhysicalDisk(3 F:)\Disk Write Bytes/sec","\\PDB01\PhysicalDisk(3 F:)\Avg. Disk Bytes/Transfer","\\PDB01\PhysicalDisk(3 F:)\Avg. Disk Bytes/Read","\\PDB01\PhysicalDisk(3 F:)\Avg. Disk Bytes/Write","\\PDB01\PhysicalDisk(3 F:)\% Idle Time","\\PDB01\PhysicalDisk(3 F:)\Split IO/Sec","\\PDB01\Processor Information(_Total)\Performance Limit Flags","\\PDB01\Processor Information(_Total)\% Performance Limit","\\PDB01\Processor Information(_Total)\% Privileged Utility","\\PDB01\Processor Information(_Total)\% Processor Utility","\\PDB01\Processor Information(_Total)\% Processor Performance","\\PDB01\Processor Information(_Total)\Idle Break Events/sec","\\PDB01\Processor Information(_Total)\Average Idle Time","\\PDB01\Processor Information(_Total)\Clock Interrupts/sec","\\PDB01\Processor Information(_Total)\Processor State Flags","\\PDB01\Processor Information(_Total)\% of Maximum Frequency","\\PDB01\Processor Information(_Total)\Processor Frequency","\\PDB01\Processor Information(_Total)\Parking Status","\\PDB01\Processor Information(_Total)\% Priority Time","\\PDB01\Processor Information(_Total)\C3 Transitions/sec","\\PDB01\Processor Information(_Total)\C2 Transitions/sec","\\PDB01\Processor Information(_Total)\C1 Transitions/sec","\\PDB01\Processor Information(_Total)\% C3 Time","\\PDB01\Processor Information(_Total)\% C2 Time","\\PDB01\Processor Information(_Total)\% C1 Time","\\PDB01\Processor Information(_Total)\% Idle Time","\\PDB01\Processor Information(_Total)\DPC Rate","\\PDB01\Processor Information(_Total)\DPCs Queued/sec","\\PDB01\Processor Information(_Total)\% Interrupt Time","\\PDB01\Processor Information(_Total)\% DPC Time","\\PDB01\Processor Information(_Total)\Interrupts/sec","\\PDB01\Processor Information(_Total)\% Privileged Time","\\PDB01\Processor Information(_Total)\% User Time","\\PDB01\Processor Information(_Total)\% Processor Time","\\PDB01\SQLServer:Availability Replica(_Total)\Bytes Sent to Replica/sec","\\PDB01\SQLServer:Availability Replica(_Total)\Sends to Replica/sec","\\PDB01\SQLServer:Availability Replica(_Total)\Bytes Sent to Transport/sec","\\PDB01\SQLServer:Availability Replica(_Total)\Sends to Transport/sec","\\PDB01\SQLServer:Availability Replica(_Total)\Bytes Received from Replica/sec","\\PDB01\SQLServer:Availability Replica(_Total)\Receives from Replica/sec","\\PDB01\SQLServer:Availability Replica(_Total)\Flow Control Time (ms/sec)","\\PDB01\SQLServer:Availability Replica(_Total)\Flow Control/sec","\\PDB01\SQLServer:Availability Replica(_Total)\Resent Messages/sec","\\PDB01\SQLServer:SQL Statistics\Batch Requests/sec","\\PDB01\SQLServer:SQL Statistics\Forced Parameterizations/sec","\\PDB01\SQLServer:SQL Statistics\Auto-Param Attempts/sec","\\PDB01\SQLServer:SQL Statistics\Failed Auto-Params/sec","\\PDB01\SQLServer:SQL Statistics\Safe Auto-Params/sec","\\PDB01\SQLServer:SQL Statistics\Unsafe Auto-Params/sec","\\PDB01\SQLServer:SQL Statistics\SQL Compilations/sec","\\PDB01\SQLServer:SQL Statistics\SQL Re-Compilations/sec","\\PDB01\SQLServer:SQL Statistics\SQL Attention rate","\\PDB01\SQLServer:SQL Statistics\Guided plan executions/sec","\\PDB01\SQLServer:SQL Statistics\Misguided plan executions/sec","\\PDB01\SQLServer:Database Replica(_Total)\Recovery Queue","\\PDB01\SQLServer:Database Replica(_Total)\Redone Bytes/sec","\\PDB01\SQLServer:Database Replica(_Total)\Redones/sec","\\PDB01\SQLServer:Database Replica(_Total)\Log Send Queue","\\PDB01\SQLServer:Database Replica(_Total)\Log Apply Ready Queue","\\PDB01\SQLServer:Database Replica(_Total)\Log Apply Pending Queue","\\PDB01\SQLServer:Database Replica(_Total)\Log Bytes Received/sec","\\PDB01\SQLServer:Database Replica(_Total)\File Bytes Received/sec","\\PDB01\SQLServer:Database Replica(_Total)\Mirrored Write Transactions/sec","\\PDB01\SQLServer:Database Replica(_Total)\Transaction Delay","\\PDB01\SQLServer:Database Replica(_Total)\Group Commit Time","\\PDB01\SQLServer:Database Replica(_Total)\Group Commits/Sec","\\PDB01\SQLServer:Database Replica(_Total)\Log Bytes Compressed/sec","\\PDB01\SQLServer:Database Replica(_Total)\Log Compressions/sec","\\PDB01\SQLServer:Database Replica(_Total)\Log Compression Cache misses/sec","\\PDB01\SQLServer:Database Replica(_Total)\Log Compression Cache hits/sec","\\PDB01\SQLServer:Database Replica(_Total)\Log Bytes Decompressed/sec","\\PDB01\SQLServer:Database Replica(_Total)\Log Decompressions/sec","\\PDB01\SQLServer:Database Replica(_Total)\Database Flow Control Delay","\\PDB01\SQLServer:Database Replica(_Total)\Database Flow Controls/sec","\\PDB01\SQLServer:Database Replica(_Total)\Total Log requiring undo","\\PDB01\SQLServer:Database Replica(_Total)\Log remaining for undo","\\PDB01\SQLServer:Database Replica(_Total)\Redo Bytes Remaining","\\PDB01\SQLServer:Database Replica(_Total)\Redo blocked/sec"
"05/14/2026 15:38:53.342"," "," "," "," ","1000000000"," "," "," ","44274","0","0"," "," "," ","0","0","0","0","0"," "," ","0","0"," "," "," "," "," "," "," "," "," "," "," "," "," "," "," "," "," "," "," "," ","0","100"," "," "," "," "," "," ","0","100","3500","0"," "," "," "," "," "," "," "," ","1863"," "," "," "," "," "," "," "," "," "," "," "," "," "," "," "," "," "," "," "," "," "," "," "," "," "," "," ","0"," "," ","0","0","0"," "," "," "," "," "," "," "," "," "," "," "," "," "," ","0","0","0"," "
"05/14/2026 15:38:54.327","421.31533408137454444","6.1958137364908028033","6.1958137364908028033","0","1000000000","421.31533408137454444","0","5.1631781137423349293","44275","0","0","0","0","0","0","0","0","0","0","0","0","0","0","35.370939724152911765","0.35370939724152911099","0","0","35.370939724152911765","0.35370939724152911099","1.4647016328973242182e-005","0","1.4647016328973242182e-005","24157.477758577639179","0","24157.477758577639179","104439147.71212348342","0","104439147.71212348342","4323.2637428400448698","0","4323.2637428400448698","68.149872267015823013","0","0","100","30.782869516241717633","43.066388965508132003","122.00697671154034651","201276.12430540550849","102839.92798375018174","1810.8522496328998841","0","100","3500","0","29.182702967856378962","0","0","201302.96704114691238","0","0","64.666655518159885219","70.817297032143628144","1652","92690.031340958812507","0.90727167548430975863","1.2601012697323408229","278175.40014001581585","8.3670265982726412801","20.816760252187481939","29.182702967856378962","105743052.58242549002","24539.552938994573196","109895792.60876595974","24895.812228842791228","101578.30093852120626","380.00990917143587922","0","0","355.22665422547265734","6480.8211683693789382","0","0","0","0","0","0","0","0","0","0","0","0","0","0","0","0","0","0","0","0","21.685348077717808479","71310.718200140894623","104451836.73865582049","24160.575665445885534","24160.575665445885534","0","0","0","0","0","0","0","0","0"
"05/14/2026 15:38:55.311","349.58489842018110494","4.0649406793044313702","4.0649406793044313702","0","1000000000","349.58489842018110494","0","4.0649406793044313702","44275","0","0","0","0","0","0","0","0","0","0","0","0","0","0","43.671456507936504465","0.43671456507936506908","0","0","43.671456507936504465","0.43671456507936506908","1.4324444370397521281e-005","0","1.4324444370397521281e-005","30498.233681651323423","0","30498.233681651323423","125540977.54912938178","0","125540977.54912938178","4116.3360101296193534","0","4116.3360101296193534","60.74206476190475712","0","0","100","31.243001653171994292","45.104377410875827081","122.00477082453919309","225234.0479914956959","89551.870212823545444","1836.7461797609669247","0","100","3500","0","30.555560634920631458","0","0","225144.64884115333552","0","0","63.018819047619047069","69.444439365079375648","1830","113992.0438819793053","1.0416660317460317842","1.240076190476190332","319063.53577296843287","7.4900825396825396751","23.015873015873015817","30.555560634920631458","127166705.85946971178","30975.864211469594011","132018395.48255012929","31336.627696757863305","128289.52783884786186","479.66300015792296563","0","0","374.99077766583383209","6687.8436526256164143","0","0","0","0","0","4.0649406793044313702","3.0487055094783239717","0","0","0","0","0","0","0","0","0","0","0","0","0","8.1298813586088627403","73463.640426729340106","125466052.56252844632","30479.941448594454414","30479.941448594454414","0","0","0","0","0","0","0","0","0"
"05/14/2026 15:38:56.311","535.77138634944469686","9.9957348199523270438","9.9957348199523270438","0","1000000000","535.77138634944469686","0","6.9970143739666283977","44278","0","0","0","0","0","0","0","0","0","0","0","0","0","0","43.76151560022305631","0.43761515600223055422","0","0","43.76151560022305631","0.43761515600223055422","1.4279865574733270617e-005","0","1.4279865574733270617e-005","30635.927649671884865","0","30635.927649671884865","126246290.7077549994","0","126246290.7077549994","4120.8574504877806248","0","4120.8574504877806248","60.46070699973512319","0","0","100","29.155621150307975853","43.821497480201585972","121.99927401647047986","226333.49221542730811","90594.984583579964237","1825.7942329899419747","0","100","3500","0","30.232333280705823597","0","0","226425.48184819568996","0","0","64.096264543515033552","69.767666719294169297","1800","116671.85108238300018","0.53705054850428057822","1.220564883467400108","319091.03843996778596","6.6887095598517243289","23.532544947274335101","30.232333280705823597","127822126.29870833457","31115.722921029595454","132795192.29144923389","31496.5604176697816","128865.01329882538994","481.79441832170215321","0","0","364.84432092825989002","6603.1824220605067239","0","0","0","0","0","9.9957348199523270438","7.9965878559618612798","0","0","0","0","0","0","0","0","0","0","0","0","0","85.96331945159001009","72603.020291241729865","126254479.21371950209","30651.920825383807824","30651.920825383807824","0","0","0","0","0","0","0","0","0"
"05/14/2026 15:38:57.311","600.20731160542857197","12.004146232108571013","12.004146232108571013","0","1000000000","600.20731160542857197","0","8.002764154739047342","44282","0","0","0","0","0","0","0","0","0","0","0","0","0","1","42.212650673383329547","0.42212650673383328437","0","0","42.212650673383329547","0.42212650673383328437","1.4824488075585683631e-005","0","1.4824488075585683631e-005","28480.837281196927506","0","28480.837281196927506","162040480.78206214309","0","162040480.78206214309","5689.4563591022442779","0","5689.4563591022442779","62.875434535226581545","0","0","100","30.436514692798574799","43.68188218878214002","121.99813634616587876","218216.21915174441529","94147.728137361395056","1778.2381060824045562","0","100","3500","0","28.505710891529567164","0","0","218146.20977748921723","0","0","64.183395818660471832","71.494289108470425731","1814","107365.37622387637384","0.83019506503601392389","1.4162162875774582105","300769.27300565544283","7.0322246663387542043","21.536194916615443162","28.505710891529567164","113797793.75796400011","27649.550154623408162","118619755.26346801221","28087.701492095369758","114487.54399769680458","428.14788227853904345","0","0","437.1509919526204726","6462.2320549517808104","0","0","0","0","0","10.003455193423809177","8.002764154739047342","0","0","0","0","0","0","0","0","0","0","0","0","0","738.25499327467707644","71103.559169337095227","112322444.17221708596","27217.400890267501381","27221.402272344868834","0","0","0","0","0","0","0","0","0"
"05/14/2026 15:38:58.311","619.5466157865673722","9.9926873513962473083","9.9926873513962473083","0","1000000000","619.5466157865673722","0","7.9941498811169982019","44284","0","0","0","0","0","0","0","0","0","0","0","0","0","1","43.044190032730504925","0.43044190032730506035","0","0","43.044190032730504925","0.43044190032730506035","1.4327743567553173732e-005","0","1.4327743567553173732e-005","30021.030609799745434","0","30021.030609799745434","123539162.04121823609","0","123539162.04121823609","4115.0873081915924558","0","4115.0873081915924558","61.41150268630943998","0","0","100","30.946004582282693463","44.295894825092474889","122.00321237358714654","226308.89956807592534","90081.256904002322699","1799.9753403378374514","0","100","3500","0","29.200289075634955793","0","0","226365.89878718662658","0","0","63.727427715841486133","70.799710924365044207","1766","112661.45653804542962","1.025374516844795636","1.3183400930645947646","313716.7020811814582","7.2752801432698372963","21.874669692487643147","29.200289075634955793","125139410.97904552519","30490.686915315371152","130390036.57123716176","30958.344683360715862","126147.6851240262331","471.65484298590286016","0","0","467.65776804534436906","6573.1897397484517569","0","0","0","0","0","4.9963436756981236542","3.997074940558499101","0","0","0","0","0","0","0","0","0","0","0","0","0","24.981718378490619159","72281.104687589613604","123535069.03647910058","30020.031341064608569","30020.031341064608569","0","0","0","0","0","0","0","0","0"
"05/14/2026 15:38:59.311","608.30816891837400817","3.0015205703209244525","3.0015205703209244525","0","1000000000","608.30816891837400817","0","2.0010137135472829684","44285","0","0","0","0","0","0","0","0","0","0","0","0","0","1","42.381964710337626911","0.42381964710337627356","0","0","42.381964710337626911","0.42381964710337627356","1.440344265080713637e-005","0","1.440344265080713637e-005","29439.914260564401047","0","29439.914260564401047","121171913.69147610664","0","121171913.69147610664","4115.9057943925236032","0","4115.9057943925236032","61.766389111082467878","0","0","100","31.22207112150683983","44.355053972286704322","122.00382873664892713","212658.66226757707773","95752.842122092755744","1846.9536414635992969","0","100","3500","0","28.125280311406786637","0","0","212588.66402453297633","0","0","63.620321880744668874","71.825889879029475082","1535","104684.37242225219961","0.97655619143085337086","0.97655619143085337086","298274.51330971589778","7.1288821973594300729","21.093667734695834781","28.174110120970532023","122745314.77646575868","29902.14842839382618","127742282.24018287659","30321.3608013819794","123890.763060566489","463.23467468619605825","0","0","418.21186613138218036","6364.2241159371342292","0","0","0","0","0","5.002534283868207865","4.0020274270945659367","0","0","0","0","0","0","0","0","0","0","0","0","0","420.21287984492943224","69953.438411899463972","121163717.53930541873","29437.913246850854193","29438.91375370762762","0","0","0","0","0","0","0","0","0"
"05/14/2026 15:39:00.327","189.00537986094519738","5.9064181206545374181","5.9064181206545374181","0","1000000000","189.00537986094519738","0","2.953209060327268709","44288","0","0","0","0","0","0","0","0","0","0","0","0","0","0","43.517148618075673028","0.43517148618075673916","0","0","43.517148618075673028","0.43517148618075673916","1.4383814295474508821e-005","0","1.4383814295474508821e-005","30257.595629093084426","0","30257.595629093084426","124588314.28956469893","0","124588314.28956469893","4117.5880534860261832","0","4117.5880534860261832","61.193545196078765969","0","0","100","31.214457952771780924","45.506099222418050942","122.00544738208951401","223829.60377503352356","89634.122893431384","1804.2439597691984545","0","100","3500","0","31.320494529047259391","0","0","223870.94488049467327","0","0","62.690843554817554661","68.679505470952733504","1773","110270.50863340085198","0.72091669279147285732","1.249590902760108424","314967.05507619556738","7.4494921780607734618","23.790309919765263658","31.272431447606273025","126205452.19487911463","30733.062287805776577","131382096.91821806133","31177.028049874974386","127436.87737124229898","476.45106173279936002","0","0","442.98135904909031524","6487.2159025189002932","0","0","0","0","0","3.9376120804363581307","2.953209060327268709","0","0","0","0","0","0","0","0","0","0","0","0","0","61.032987246763553912","71309.170373682340141","124592346.40433506668","30258.580032113193738","30258.580032113193738","0","0","0","0","0","0","0","0","0"
"05/14/2026 15:39:01.311","195.10793279385313781","6.0971228998079105565","6.0971228998079105565","0","1000000000","195.10793279385313781","0","3.0485614499039552783","44291","0","0","0","0","0","0","0","0","0","0","0","0","0","1","46.045420080716681355","0.46045420080716681355","0","0","46.045420080716681355","0.46045420080716681355","1.4685489255501894899e-005","0","1.4685489255501894899e-005","31352.422137962243141","0","31352.422137962243141","164231972.35727068782","0","164231972.35727068782","5238.2546916021128709","0","5238.2546916021128709","60.298633235017909726","0","0","100","30.954567257271726533","43.172877585895719221","121.99452346822508275","230559.54909818313899","89676.221347636193968","1804.8430157504055842","0","100","3500","0","28.296804391257524003","0","0","230528.04564464246505","0","0","64.622147525578256477","71.703195608742475997","1720","116662.36966335307807","0.79394542553797986528","1.7367613347713952709","323974.40252938179765","7.3936161401660980275","20.940311868876900547","28.346427885822667037","125181091.15534077585","30452.080323090609454","130529613.37025886774","30942.898716525145574","126104.76056242708","471.51083758514505462","0","0","489.80220628456879695","6773.9035416865881416","0","0","0","0","0","0","0","0","0","0","0","0","0","0","0","0","0","0","0","0","0","74477.372408303592238","123574600.8899563849","29980.569485505464399","29980.569485505464399","0","0","0","0","0","0","0","0","0"
"05/14/2026 15:39:02.327","63.015998875952121239","1.9692499648735037887","1.9692499648735037887","0","1000000000","63.015998875952121239","0","0.98462498243675189435","44292","0","0","0","0","0","0","0","0","0","0","0","0","0","0","37.917005912001243928","0.37917005912001244816","0","0","37.917005912001243928","0.37917005912001244816","1.4331585411239299352e-005","0","1.4331585411239299352e-005","26456.873278075523558","0","26456.873278075523558","109234453.09153044224","0","109234453.09153044224","4128.7740975065125895","0","4128.7740975065125895","65.434529580732643694","0","0","100","28.292388328223808003","41.783068299614662067","122.00524410383324891","210184.72222741885344","100103.17303412898036","1847.1631964745570258","0","100","3500","0","28.89332452813431118","0","0","210201.46091310121119","0","0","65.73621956650576692","71.106675471865685267","1729","103682.3730021147785","0.38462519302399017507","1.0577069729673367338","295142.41372241388308","6.1539243181525709048","22.788749759873873302","28.89332452813431118","110652431.22123725712","26872.385020663830801","114979968.29704481363","27213.065264586948615","111105.08301816308813","415.5117425883092892","0","0","383.01911816789646537","6418.7702605051854334","0","0","0","0","0","4.9231249121837592497","3.9384999297470075774","0","0","0","0","0","0","0","0","0","0","0","0","0","882.22398426332972576","70576.934116083939443","109061033.06262382865","26415.519028813178011","26415.519028813178011","0","0","0","0","0","0","0","0","0"
"05/14/2026 15:39:03.311","64.98993316090015071","2.0309354112781297097","2.0309354112781297097","0","1000000000","64.98993316090015071","0","1.0154677056390648549","44293","0","0","0","0","0","0","0","0","0","0","0","0","0","1","36.79657197806825053","0.36796571978068248754","0","0","36.79657197806825053","0.36796571978068248754","1.4327696689213242462e-005","0","1.4327696689213242462e-005","25672.039066261197149","0","25672.039066261197149","107423680.23978035152","0","107423680.23978035152","4184.4623234840391888","0","4184.4623234840391888","66.710118672534449047","0","0","100","28.267585877335275057","40.999279953448912295","122.00776333673533713","209805.54714367113775","101266.14794658507162","1849.8808955048909866","0","100","3500","0","27.381407465055961126","0","0","209900.02211527022882","0","0","66.412662738039159649","72.668197306917008405","1826","102237.15716886751761","0.19840892922466712989","1.1408589620422415756","292941.49043105682358","5.7539300581857979466","21.577242797530345797","27.331802693082995148","108795715.21370670199","26075.179745399906096","113193015.32878965139","26447.85639336944223","108053.88762164161017","404.15614684434780202","0","0","326.98060121577884729","6512.1943962633222327","0","0","0","0","0","4.0618708225562594194","3.0464031169171943425","0","0","0","0","0","0","0","0","0","0","0","0","0","6.092806233834388685","71565.086554913083091","107602532.53583915532","25714.688709898036905","25714.688709898036905","0","0","0","0","0","0","0","0","0"
"05/14/2026 15:39:04.311","128.02194296102351245","4.0006857175319847642","4.0006857175319847642","0","1000000000","128.02194296102351245","0","2.0003428587659923821","44295","0","0","0","0","0","0","0","0","0","0","0","0","0","0","42.709780735969459897","0.42709780735969460341","0","0","42.709780735969459897","0.42709780735969460341","1.4365819038008746021e-005","0","1.4365819038008746021e-005","29735.09659555647886","0","29735.09659555647886","122388977.47073848546","0","122388977.47073848546","4115.9771274806589645","0","4115.9771274806589645","62.012701459696863537","0","0","100","31.494301073548470526","43.474260435499097355","121.99996408416875227","223957.80624810248264","91988.9481275089056","1834.0066024237687543","0","100","3500","0","29.198887234769998145","0","0","223872.80594210140407","0","0","64.37016253976393898","70.752282535727914592","1747","109704.3949358217651","1.1230452783128079819","1.6113375732865944379","313434.12836286210222","8.4961299318106799916","20.703227305168333316","29.198887234769998145","123978173.85899943113","30202.176653078338859","129321829.76162114739","30694.260996334771335","125189.45747301087249","468.0802289512422476","0","0","492.08434325643418106","6448.1052052321774681","0","0","0","0","0","0","0","0","0","0","0","0","0","0","0","0","0","0","0","0","5.0008571469149813993","70899.152114672455355","122393074.17291323841","29736.096766985861905","29736.096766985861905","0","0","0","0","0","0","0","0","0"
"05/14/2026 15:39:05.311","191.96452495578816411","5.9988914048683801283","5.9988914048683801283","0","1000000000","191.96452495578816411","0","2.9994457024341900642","44298","0","0","0","0","0","0","0","0","0","0","0","0","0","0","42.999526203127061308","0.42999526203127058643","0","0","42.999526203127061308","0.42999526203127058643","1.4408675401266628845e-005","0","1.4408675401266628845e-005","29837.486032581178733","0","29837.486032581178733","122857295.97170442343","0","122857295.97170442343","4117.548503836746022","0","4117.548503836746022","61.723412625476669291","0","0","100","32.449322594683152943","44.354605844180774454","121.99039802855948267","216962.51873793115374","93859.927177194476826","1845.9193333251337208","0","100","3500","0","28.516091793794164033","0","0","216990.51751438461361","0","0","63.634300013619913727","71.435078528481710691","1677","106777.3338305116049","0.83007452150815808078","1.2695216211573003839","307133.57826262991875","8.3495548929377072511","20.263536260660679034","28.613751149242418137","124431261.10294817388","30302.400116458480625","129708413.88511402905","30776.312537443081965","125412.82371017835976","468.91334481387838196","0","0","472.91260575045731684","6290.8374532386415012","0","0","0","0","0","0","0","0","0","0","0","0","0","0","0","0","0","0","0","0","39.992609365789199671","69194.212909454334294","122836819.75570914149","29834.486586878745584","29834.486586878745584","0","0","0","0","0","0","0","0","0"
"05/14/2026 15:39:06.311","320.14002924879343936","10.00437591402479498","10.00437591402479498","0","1000000000","320.14002924879343936","0","5.0021879570123974901","44303","0","0","0","0","0","0","0","0","0","0","0","0","0","0","36.696130356331622124","0.36696130356331618794","0","0","36.696130356331622124","0.36696130356331618794","1.4501528979495081621e-005","0","1.4501528979495081621e-005","25322.07587598815735","0","25322.07587598815735","106104137.94993931055","0","106104137.94993931055","4190.1832404883252821","0","4190.1832404883252821","66.601808691701805287","0","0","100","31.459951941690103894","43.887557313214117016","122.01229911081654222","204065.88080220244592","100399.16455559746828","1840.6200960121832395","0","100","3500","0","29.899409819754684037","0","0","203984.89751715247985","0","0","64.020579926673363502","69.905326418704049729","1012","96816.017174055275973","0.92752036317799935183","1.4156847658474474017","285921.98570215108339","8.3476332804391919495","21.723375904585793705","30.094673581295950271","107457569.94109223783","25721.25047495774561","111691846.01344628632","26068.402319174409058","106722.68050045090786","399.17459896958928312","0","0","344.15053144245291605","6622.8968550844138008","0","0","0","0","0","10.00437591402479498","8.0035007312198356288","0","0","0","0","0","0","0","0","0","0","0","0","0","30.01312774207438494","72823.853153369287611","106100040.15756492317","25322.07587598815735","25325.077188762366859","0","0","0","0","0","0","0","0","0"
"05/14/2026 15:39:07.311","191.98515954716700094","5.9995362358489687793","5.9995362358489687793","0","1000000000","191.98515954716700094","0","2.9997681179244843896","44306","0","0","0","0","0","0","0","0","0","0","0","0","0","0","16.982743081958606268","0.16982743081958606712","0","0","16.982743081958606268","0.16982743081958606712","1.4990376125728411256e-005","0","1.4990376125728411256e-005","11325.124567870903775","0","11325.124567870903775","54943592.860271900892","0","54943592.860271900892","4851.4780151862969433","0","4851.4780151862969433","83.221192674077087759","0","0","100","23.798525483970600192","33.049060384103903232","121.98989421708238012","160974.21723902566009","144902.48602310847491","1719.397524707712364","0","100","3500","0","23.660768854204739853","0","0","161050.23481428905507","0","0","72.911263939561081315","76.339221143060512986","854","60751.04564175237465","0.53725688603264132315","0.68377694461665816661","203263.99463555973489","4.6399385592020854219","19.048167769068065525","23.660778856939490566","55557209.427711233497","11505.110654946371142","57056501.532431542873","11565.10601730486087","47980.291123496150249","179.98608707546904384","0","0","58.99543965251485389","6496.4978207184576604","0","0","0","0","0","3.9996908238993125195","2.9997681179244843896","0","0","0","0","0","0","0","0","0","0","0","0","0","845.93460925470458278","71452.476723549261806","54951784.227079242468","11326.124490576878088","11326.124490576878088","0","0","0","0","0","0","0","0","0"
"05/14/2026 15:39:08.311","192.07225758330284293","6.0022580494782138416","6.0022580494782138416","0","1000000000","192.07225758330284293","0","3.0011290247391069208","44309","0","0","0","0","0","0","0","0","0","0","0","0","0","0","35.619473893678765819","0.35619473893678765819","0","0","35.619473893678765819","0.35619473893678765819","1.4389755191080230582e-005","0","1.4389755191080230582e-005","24763.315959463951003","0","24763.315959463951003","103044973.51903787255","0","103044973.51903787255","4161.1944736204250148","0","4161.1944736204250148","67.162043786861531203","0","0","100","27.61669328229958964","41.525959042861302351","122.00023976418486882","210746.08847411640454","100163.0066910264286","1826.0354250872467219","0","100","3500","0","29.347546963778935236","0","0","210684.08727129307226","0","0","65.958755072368120409","70.652463035961062587","1252","99591.932083482417511","0.43943857459706042734","1.0741920710061536592","290263.63111444364768","6.249837504224889706","23.095109527152292372","29.34753696403893386","104364317.85637757182","25151.461979996875016","108459266.37601065636","25475.583914668699435","104303.23887846608704","390.14677321608388638","0","0","323.121558330243829","6627.4932629655277196","0","0","0","0","0","10.003763415797022773","8.0030107326376178634","0","0","0","0","0","0","0","0","0","0","0","0","0","59.022204153202437737","72896.423634571328876","103016290.7285721004","24756.313325072893349","24762.315583122370299","0","0","0","0","0","0","0","0","0"
"05/14/2026 15:39:09.327","125.98673202228388845","3.9370853756963715142","3.9370853756963715142","0","1000000000","125.98673202228388845","0","1.9685426878481857571","44311","0","0","0","0","0","0","0","0","0","0","0","0","0","0","34.890438144038057544","0.34890438144038060653","0","0","34.890438144038057544","0.34890438144038060653","1.4835133551034078577e-005","0","1.4835133551034078577e-005","23510.305320970881439","0","23510.305320970881439","128470182.48390714824","0","128470182.48390714824","5464.4199949761368771","0","5464.4199949761368771","68.380313967862775826","0","0","100","28.522332173956876034","38.822166458735019035","122.00744033622596874","207260.23759549492388","105278.91246306308312","1801.8605243768590753","0","100","3500","0","23.845291540531910357","0","0","207310.45338060052018","0","0","68.185229912757165494","76.154708459468096748","1744","93641.608366304266383","0.52885275747122306722","1.1538542959501818519","278232.8651679585455","5.0000615391583513869","18.846362321887212943","23.845291540531910357","93728234.807771801949","22491.584480009445542","97091785.271363601089","22718.951160455912031","92864.032756550310296","347.4477844052047999","0","0","301.18703124077239863","6643.8315714876271159","0","0","0","0","0","8.8584420953168354629","6.889899407468650594","0","0","0","0","0","0","0","0","0","0","0","0","0","36.418039725191434286","73024.075277072377503","92222287.840311810374","22070.316344809936709","22070.316344809936709","0","0","0","0","0","0","0","0","0"
"05/14/2026 15:39:10.311","65.034569938582976079","2.0323303105807180025","2.0323303105807180025","0","1000000000","65.034569938582976079","0","1.0161651552903590012","44312","0","0","0","0","0","0","0","0","0","0","0","0","0","0","35.307619712286197","0.35307619712286197888","0","0","35.307619712286197","0.35307619712286197888","1.4493202952337268309e-005","0","1.4493202952337268309e-005","24368.656589018100931","0","24368.656589018100931","103326924.71842063963","0","103326924.71842063963","4240.1567907927110355","0","4240.1567907927110355","68.039702107212548299","0","0","100","30.373827795450814904","40.830879066040083103","122.01264027204274498","202998.89932339120423","104878.11070516990731","1816.3449714519942972","0","100","3500","0","25.149266391773107188","0","0","202894.26647548316396","0","0","66.53429921950952064","74.900338385239052741","902","94002.963242886879016","0.94245012855794663142","1.0416698412504914462","279402.21120699070161","6.8451951023028687615","18.204252215351576893","25.099661614760947259","104637863.1266182512","24754.799348028438544","109109408.46993981302","25176.507887473937444","102953.78887339802168","385.12659385504611009","0","0","343.46382248814137483","6363.2262024282281345","0","0","0","0","0","0","0","0","0","0","0","0","0","0","0","0","0","0","0","0","35.565780435162565709","69976.181088760000421","103668226.14145831764","24447.917471130749618","24447.917471130749618","0","0","0","0","0","0","0","0","0"
"05/14/2026 15:39:11.311","191.97108915397342344","5.9990965360616694824","5.9990965360616694824","0","1000000000","191.97108915397342344","0","2.9995482680308347412","44315","0","0","0","0","0","0","0","0","0","0","0","0","0","1","22.291406002502377248","0.22291406002502375805","0","0","22.291406002502377248","0.22291406002502375805","1.4939762750485892262e-005","0","1.4939762750485892262e-005","14918.753235762693294","0","14918.753235762693294","69424936.604547351599","0","69424936.604547351599","4653.534749681656649","0","4653.534749681656649","78.769813809787422088","0","0","100","26.826418620129143022","36.809143036330240761","121.99679208466776004","169829.79221270122798","131569.64669449464418","1791.9767043028439275","0","100","3500","0","25.391336243172069942","0","0","169913.79112071541022","0","0","69.837459560388211344","74.559834225591430368","1705","68538.109004582933267","0.68359343750299994547","0.58592437512599881977","222491.10761560098035","5.4686975005039952791","19.970518283024482287","25.440165774408562527","70218181.141920030117","15152.718000669099638","72337745.935462117195","15267.700684276947868","62982.514833266111964","235.96446375175898424","0","0","114.98268360784865649","6465.0263670291251401","0","0","0","0","0","10.998343649446393755","8.9986448040925033354","0","0","0","0","0","0","0","0","0","0","0","0","0","56.991417092585855642","71081.295156949359807","69416745.838076785207","14916.75353691734017","14916.75353691734017","0","0","0","0","0","0","0","0","0"
"05/14/2026 15:39:12.327","125.99479287145086914","3.9373372772328396607","3.9373372772328396607","0","1000000000","125.99479287145086914","0","1.9686686386164198304","44317","0","0","0","0","0","0","0","0","0","0","0","0","0","1","35.023176782276685515","0.35023176782276688179","0","0","35.023176782276685515","0.35023176782276688179","1.4385577934158375429e-005","0","1.4385577934158375429e-005","24338.650379214799614","0","24338.650379214799614","102025543.47558605671","0","102025543.47558605671","4191.9145838388740231","0","4191.9145838388740231","68.206478313607362907","0","0","100","28.306615076558060196","40.035086420258778617","122.00334621570368654","197971.44696747479611","108596.69310919355485","1773.3518486626849153","0","100","3500","0","25.527524478220854576","0","0","198005.9096630345739","0","0","67.181869284267364151","74.520555147862822309","1352","95017.590252137932112","0.38461731601075177522","1.2019512667745759771","276199.79659132432425","5.6731792586285108015","19.8561175588704657","25.479444852137177691","103326290.09316726029","24720.57209510638495","107352650.56623832881","25040.480748881553154","102366.83187077660114","382.90605021089368165","0","0","317.9399851365517975","6234.7735784982014593","0","0","0","0","0","0","0","0","0","0","0","0","0","0","0","0","0","0","0","0","1035.5197039122367642","68537.229984792036703","102029575.30895794928","24339.634713534105686","24339.634713534105686","0","0","0","0","0","0","0","0","0"
"05/14/2026 15:39:13.311","65.004560984079674313","2.0313925307524898223","2.0313925307524898223","0","1000000000","65.004560984079674313","0","1.0156962653762449111","44318","0","0","0","0","0","0","0","0","0","0","0","0","0","0","39.193308233385032224","0.39193308233385032446","0","0","39.193308233385032224","0.39193308233385032446","1.4786361894543224727e-005","0","1.4786361894543224727e-005","26505.609741258485883","0","26505.609741258485883","140988132.30012646317","0","140988132.30012646317","5319.1808706315141535","0","5319.1808706315141535","65.63353432184482017","0","0","100","28.059284478065507074","40.245292554704192867","121.99004536476522276","203484.96182752531604","105375.67714598005114","1785.5972990555530941","0","100","3500","0","29.17689714543359969","0","0","203498.16590311558684","0","0","67.006978953036181679","70.773504945012149392","1784","101724.19834756072669","0.29757730006369620401","1.3390927716557139426","290294.64894679718418","7.0922268201889391293","22.119824608465489035","29.226495054987854161","109590803.39847907424","25468.583854309341405","112594871.36359153688","25526.47854143578661","104811.7290167054598","392.05875843523051572","0","0","277.2850804477148472","6847.8242211666429284","0","0","0","0","0","0","0","0","0","0","0","0","0","0","0","0","0","0","0","0","38.596458084297303515","75261.061871849000454","107348011.97262130678","24862.213183879721328","24862.213183879721328","0","0","0","0","0","0","0","0","0"
"05/14/2026 15:39:14.327","63.031309621217282313","1.9697284256630400723","1.9697284256630400723","0","1000000000","63.031309621217282313","0","0.98486421283152003614","44319","0","0","0","0","0","0","0","0","0","0","0","0","0","0","43.633141647845249622","0.4363314164784524718","0","0","43.633141647845249622","0.4363314164784524718","1.4276768164975029335e-005","0","1.4276768164975029335e-005","30565.260845226224774","0","30565.260845226224774","125977905.16230364144","0","125977905.16230364144","4121.6041243757044867","0","4121.6041243757044867","60.483925844846531561","0","0","100","31.530643018875061045","45.38993802854184878","122.00193134410537255","221384.87685061848606","90765.446724082707078","1763.7365137182459875","0","100","3500","0","29.700496964200162608","0","0","221389.80073814981733","0","0","62.801749542451226205","70.299493188099447138","1681","117017.1719592877198","0.57701615662964422793","1.2501951075639694544","325584.18478837818839","7.4050078510791355058","22.263109874239940922","29.700506811900552862","127615781.62172468007","31048.829173726498993","133443554.08342429996","31636.79310878691831","129344.18679958918074","483.56832850027632276","0","0","374.24840087597760885","6891.0948971821453597","0","0","0","0","0","4.9243210641576000697","3.9394568513260801446","0","0","0","0","0","0","0","0","0","0","0","0","0","20.682148469461921536","75739.012559382390464","126849249.98650735617","30773.067194133673183","30773.067194133673183","0","0","0","0","0","0","0","0","0"
"05/14/2026 15:39:15.311","65.005247650187257591","2.0314139890683517997","2.0314139890683517997","0","1000000000","65.005247650187257591","0","1.0157069945341758999","44320","0","0","0","0","0","0","0","0","0","0","0","0","0","1","39.290733354693465174","0.39290733354693463397","0","0","39.290733354693465174","0.39290733354693463397","1.4359513643957674882e-005","0","1.4359513643957674882e-005","27358.067897778029874","0","27358.067897778029874","112957278.65281499922","0","112957278.65281499922","4128.8470762947836192","0","4128.8470762947836192","64.222005415341058665","0","0","100","30.890292642887906993","43.294835474721864443","121.98592974487647211","219801.60786392775481","93932.925837254224462","1806.1321334981539621","0","100","3500","0","29.118043423095308242","0","0","219763.00661473037326","0","0","64.519682572512522256","70.881956576904698863","1339","106507.95729198421759","0.99204724638217067767","1.3888620814991152752","308694.18983139481861","7.4403746650458968404","21.72589158387246755","29.118043423095308242","114423638.58951206505","27788.72766346051867","119041168.53433175385","28169.617786410835834","115156.79621230672637","430.65976568249061529","0","0","378.85870896124760066","6695.5405079692873187","0","0","0","0","0","0","0","0","0","0","0","0","0","0","0","0","0","0","0","0","0","73585.940340011977241","112965599.32451422513","27360.099311767098698","27360.099311767098698","0","0","0","0","0","0","0","0","0"
"05/14/2026 15:39:16.311","0","0","0","0","1000000000","0","0","0","44320","0","0","0","0","0","0","0","0","0","0","0","0","0","0","26.650341565149776812","0.2665034156514977659","0","0","26.650341565149776812","0.2665034156514977659","1.4995903668692324957e-005","0","1.4995903668692324957e-005","17773.684945332817733","0","17773.684945332817733","75586557.605661019683","0","75586557.605661019683","4252.7229349538602037","0","4252.7229349538602037","74.634550189387312003","0","0","100","30.713694008181498418","42.975596294169122302","122.02331255452166658","196643.38226617500186","105443.48604442998476","1830.0314765413966143","0","100","3500","0","28.370157143768558683","0","0","196579.38116535605513","0","0","64.788040009831860289","71.678672162855278316","997","77353.330477284209337","0.83006821303137501289","0.92772682627906677411","261081.49060163836111","7.3241159975528349335","20.995791859755591702","28.321327837144714579","76532403.271830171347","18052.711397040438897","79518818.383982792497","18296.734530433484906","75059.1156041592767","281.02664132559766585","0","0","243.02303858405775827","6578.6236535223533792","0","0","0","0","0","6.0005688539273522863","5.0004740449394597945","0","0","0","0","0","0","0","0","0","0","0","0","0","57.005404112309847164","72377.861421262728982","75582461.21732339263","17772.684850523830391","17772.684850523830391","0","0","0","0","0","0","0","0","0"
"05/14/2026 15:39:17.311","191.90840211966826701","5.9971375662396333439","5.9971375662396333439","0","1000000000","191.90840211966826701","0","2.998568783119816672","44323","0","0","0","0","0","0","0","0","0","0","0","0","0","1","18.91715376416549077","0.1891715376416548966","0","0","18.91715376416549077","0.1891715376416548966","1.5987696467804629884e-005","0","1.5987696467804629884e-005","11828.354326479970041","0","11828.354326479970041","87055792.270349368453","0","87055792.270349368453","7359.9242859557207339","0","7359.9242859557207339","82.192088723401283801","0","0","100","26.012749674459378468","34.878009451076124492","121.99245827715272128","152822.38228742146748","149470.77329600826488","1682.7509528589769161","0","100","3500","0","21.93491524203563614","0","0","152996.3565392321907","0","0","71.400641108962531689","77.772166352377951171","744","57147.542163759761024","0.78113907825088835235","0.97642134816855996604","194328.23942056574742","5.8097250190472955467","16.40392064326865551","22.227833647622041724","52346135.189673967659","10496.989786774773165","53694979.386338897049","10552.963070726342266","43675.153849067835836","163.92176014388331851","0","0","55.973283951569918315","6204.0388122749009199","0","0","0","0","0","0","0","0","0","0","0","0","0","0","0","0","0","0","0","0","868.58542417704029504","68233.432182819145964","51789680.785361148417","10333.068026630888198","10333.068026630888198","0","0","0","0","0","0","0","0","0"
"05/14/2026 15:39:18.311","256.1796331587709119","8.005613536211590997","8.005613536211590997","0","1000000000","256.1796331587709119","0","4.0028067681057954985","44327","0","0","0","0","0","0","0","0","0","0","0","0","0","0","34.824628336455390354","0.34824628336455387689","0","0","34.824628336455390354","0.34824628336455387689","1.4473910874625873368e-005","0","1.4473910874625873368e-005","24072.879903388253297","0","24072.879903388253297","105058242.83987931907","0","105058242.83987931907","4364.1742600598599893","0","4364.1742600598599893","68.464286103640617398","0","0","100","28.204862995170937978","41.510131106554688074","121.99375779100124362","198516.61388053017436","106350.26407031122653","1799.3227985100527349","0","100","3500","0","30.01686399673222283","0","0","198407.59432242144248","0","0","65.953619958266585854","69.983136003267773617","1820","95765.180273341044085","0.53720546141049263511","0.87906621006552854158","277808.83890569972573","6.7883162838036321673","23.197482192585621164","30.01686399673222283","106324182.51678076386","24448.143037898174953","110344221.36802324653","24776.373192882849253","101387.09262935169681","379.26594127802411549","0","0","326.22875160062233135","6632.6508147513031872","0","0","0","0","0","14.009823688370284245","11.007718612290938509","0","0","0","0","0","0","0","0","0","0","0","0","0","54.037891369428237454","72927.136508119496284","105041847.34335716069","24070.87850000420076","24070.87850000420076","0","0","0","0","0","0","0","0","0"
"05/14/2026 15:39:19.311","127.94948554310757061","3.9984214232221115815","3.9984214232221115815","0","1000000000","127.94948554310757061","0","1.9992107116110557907","44329","0","0","0","0","0","0","0","0","0","0","0","0","0","1","43.340391331921736651","0.43340391331921734874","0","0","43.340391331921736651","0.43340391331921734874","1.4252491038837187263e-005","0","1.4252491038837187263e-005","30396.999264690301061","0","30396.999264690301061","125284041.86027355492","0","125284041.86027355492","4121.5924232957349886","0","4121.5924232957349886","60.98489780302044494","0","0","100","30.299195441099538328","43.745729630453247694","121.99206398772349758","224173.24659057124518","91563.509451129764784","1831.0020141022155258","0","100","3500","0","30.712903857419227904","0","0","224194.24661367127555","0","0","64.156937168612572009","69.287096142580779201","1738","115922.12751434025995","0.63475987304802539146","1.5624996875000625174","322908.35519919072976","7.7148384570323083054","23.04687539062492263","30.712903857419227904","126912698.86648750305","30874.810624765341345","131868594.2789786607","31259.658686750470224","127797.54552902514115","477.81136007504238705","0","0","383.84845662932275445","6669.3669339344824039","0","2.9988160674165840192","2.9988160674165840192","0","0","5.9976321348331680383","3.9984214232221115815","0","0","0","0","0","0","0","0","0","0","0","0","0","16.993291048693976109","73311.056794777425239","125288136.24381093681","30397.998870046103548","30397.998870046103548","0","0","0","0","0","0","0","0","0"
"05/14/2026 15:39:20.311","64.001862454197421926","2.0000582016936694352","2.0000582016936694352","0","1000000000","64.001862454197421926","0","1.0000291008468347176","44330","0","0","0","0","0","0","0","0","0","0","0","0","0","1","43.484143443553683994","0.43484143443553685549","0","0","43.484143443553683994","0.43484143443553685549","1.4318680233132470439e-005","0","1.4318680233132470439e-005","30369.883763617523073","0","30369.883763617523073","125234748.33117644489","0","125234748.33117644489","4123.6492475880013444","0","4123.6492475880013444","61.141169267101325602","0","0","100","31.411743624204024883","45.302535918850594499","122.01616198184686368","229190.31129412399605","87769.341919271246297","1836.9063177777932196","0","100","3500","0","31.055096774929026537","0","0","229187.31144711619709","0","0","62.865169095502338337","68.944903225070973463","1787","116629.05191835216829","1.0253839502346935308","1.9531084766599877689","326413.35291900113225","8.3983904494963486087","22.656116328913658009","31.055096774929026537","126849479.31984820962","30843.897557418920769","132385900.42970250547","31365.912748060967715","127583.71268603915814","477.0138811039401503","0","0","521.01516154120088231","6847.1992534982764482","0","0","0","0","0","8.0002328067746777407","6.0001746050810078614","0","0","0","0","0","0","0","0","0","0","0","0","0","29.000843924558203923","75285.190799052259536","125226556.09278230369","30367.883705415828445","30367.883705415828445","0","0","0","0","0","0","0","0","0"
"05/14/2026 15:39:21.311","192.10571577539118948","6.0033036179809746713","6.0033036179809746713","0","1000000000","192.10571577539118948","0","3.0016518089904873356","44333","0","0","0","0","0","0","0","0","0","0","0","0","0","0","42.537768797500362439","0.42537768797500363771","0","0","42.537768797500362439","0.42537768797500363771","1.4761107641057671176e-005","0","1.4761107641057671176e-005","28833.867277162622486","0","28833.867277162622486","149676478.96637520194","0","149676478.96637520194","5190.9956277326673444","0","5190.9956277326673444","62.495727579467022395","0","0","100","30.373701314806250906","43.163745141681296502","122.01489418480005611","216920.25597066208138","95336.452829492744058","1836.0190945985837061","0","100","3500","0","29.932943247255604291","0","0","216844.2551802538801","0","0","64.613378191165651288","70.067056752744392156","1296","106040.10281706928799","0.87889365257806206788","1.8066063971210137851","305122.17327060201205","7.4217319557856225032","22.509341326251330884","29.932943247255604291","114557757.13375070691","27790.292998236931453","119156179.64565899968","28169.501676772728388","115315.45809659054794","431.23730989163334471","0","0","378.2081279328014034","6662.6664653558855207","0","0","0","0","0","5.0027530149841457074","4.0022024119873167436","0","0","0","0","0","0","0","0","0","0","0","0","0","215.11837964431828141","73300.33717554769828","113091354.1722009629","27359.055688345295493","27360.056238948294776","0","0","0","0","0","0","0","0","0"
"05/14/2026 15:39:22.311","127.95921939677825208","3.9987256061493203774","3.9987256061493203774","0","1000000000","127.95921939677825208","0","1.9993628030746601887","44335","0","0","0","0","0","0","0","0","0","0","0","0","0","1","24.103917418718950216","0.24103917418718950882","0","0","24.103917418718950216","0.24103917418718950882","1.4860240443896423332e-005","0","1.4860240443896423332e-005","16214.832332935493469","0","16214.832332935493469","69982432.598730787635","0","69982432.598730787635","4315.9516646115907861","0","4315.9516646115907861","76.991910196136942091","0","0","100","26.199413438123002607","36.872345191504614093","122.0058399957642763","181972.56751144453301","122712.07120167947141","1765.0443026119955903","0","100","3500","0","25.388739796242866475","0","0","181983.56778755146661","0","0","69.797628900248284367","74.464766512116113972","929","71781.801723223252338","0.73243845744912772222","0.97659461018417670353","233975.87279440712882","5.8595276600970347403","19.678235891544467506","25.53523348788388958","70849056.405723497272","16469.751090327514248","73365898.2882155478","16642.695972793469991","68330.22315787957632","255.91843879355650415","0","0","171.94520106442075758","6184.0291499099239445","0","0","0","0","0","0","0","0","0","0","0","0","0","0","0","0","0","0","0","0","827.73620047290933144","67977.335623136910726","69986527.293751478195","16215.832014337031069","16215.832014337031069","0","0","0","0","0","0","0","0","0"
"05/14/2026 15:39:23.311","128.01499055539403571","4.0004684548560636159","4.0004684548560636159","0","1000000000","128.01499055539403571","0","2.000234227428031808","44337","0","0","0","0","0","0","0","0","0","0","0","0","0","0","41.637445613642114495","0.41637445613642115605","0","0","41.637445613642114495","0.41637445613642115605","1.44763480860828152e-005","0","1.44763480860828152e-005","28766.368541756237391","0","28766.368541756237391","118670920.36477471888","0","118670920.36477471888","4125.3354657024647167","0","4125.3354657024647167","62.907138950082050144","0","0","100","32.6170328844006292","46.185183940816401105","121.99539789799307243","220563.44180126659921","90155.82641574445006","1867.9529275862246323","0","100","3500","0","30.323733201602763643","0","0","220594.44102008629125","0","0","62.12928528500901848","69.627447823595701948","1734","105495.34151739375375","0.73240461950299040605","1.6112861629905772531","310356.17902428854723","8.1052997887044373471","22.265152431798931332","30.372552176404298052","120200063.42742735147","29216.4212429275467","125275853.8024802655","29673.474763894850184","121162.18809222559503","453.05305251244919873","0","0","457.05352096730524636","6284.7359425788754379","0","0","0","0","0","11.001288250854175388","9.0010540234261426917","0","0","0","0","0","0","0","0","0","0","0","0","0","140.01639591996223544","69133.095485481346259","118658630.92568139732","28763.36819041509807","28763.36819041509807","0","0","0","0","0","0","0","0","0"
"05/14/2026 15:39:24.311","63.98784870753043208","1.9996202721103260025","1.9996202721103260025","0","1000000000","63.98784870753043208","0","0.99981013605516300125","44338","0","0","0","0","0","0","0","0","0","0","0","0","0","1","42.57255879425604661","0.42572558794256049053","0","0","42.57255879425604661","0.42572558794256049053","1.4290008390669575017e-005","0","1.4290008390669575017e-005","29789.34300376358442","0","29789.34300376358442","122864859.96309299767","0","122864859.96309299767","4124.4568551770435079","0","4124.4568551770435079","61.843182254044613444","0","0","100","29.014536530111385559","43.059965186562266126","122.00202624600530044","229561.28913561682566","90189.804958360924502","1858.7918153166847333","0","100","3500","0","31.403764920165478713","0","0","229603.28443214361323","0","0","64.705868236793250503","68.596225080896417126","1753","114084.22256707250199","0.92764148447434890965","1.5623340801206910822","322890.8362263427116","7.4210818811042269516","23.97206416678548635","31.40377491910358998","124461008.85441853106","30257.254147437401116","129559012.74347999692","30691.171746485339099","125144.23510975265526","467.91114367381629791","0","0","432.91778891188562284","6796.7093049029981557","0","0","0","0","0","0","0","0","0","0","0","0","0","0","0","0","0","0","0","0","0","74737.80729039554717","122868955.18541027606","29790.342813899638713","29790.342813899638713","0","0","0","0","0","0","0","0","0"
"05/14/2026 15:39:25.311","63.974084098531683651","1.9991901280791151141","1.9991901280791151141","0","1000000000","63.974084098531683651","0","0.99959506403955755705","44339","0","0","0","0","0","0","0","0","0","0","0","0","0","0","45.379379372373072954","0.45379379372373074286","0","0","45.379379372373072954","0.45379379372373074286","1.4655108499095841041e-005","0","1.4655108499095841041e-005","30955.459943177018431","0","30955.459943177018431","156518482.36279481649","0","156518482.36279481649","5056.2479979333502342","0","5056.2479979333502342","60.818037787202385402","0","0","100","29.72841030891551739","42.085562079060615304","122.00051471577023676","230000.792919994361","91138.092381523703807","1799.8183983236090171","0","100","3500","0","28.327523083930060466","0","0","230015.79140664704028","0","0","65.515935648467333863","71.672486915065036328","2118","114778.4188575372682","0.78117149226502735626","0.87882167842131875268","321493.5612996648415","7.0305434303852454292","21.28692066447322162","28.327513084934963672","123106901.39424519241","29924.877432152232359","127999027.59392169118","30321.716672575937991","123777.85758989033638","462.81251465031510861","0","0","395.83964535966475751","6657.3031265034533135","0","0","0","0","0","0","0","0","0","0","0","0","0","0","0","0","0","0","0","0","0.99959506403955755705","73198.347349488714826","121524146.56822520494","29461.065322437880241","29461.065322437880241","0","0","0","0","0","0","0","0","0"
"05/14/2026 15:39:26.327","252.12367414709072477","7.8788648170965851492","7.8788648170965851492","0","1000000000","252.12367414709072477","0","3.9394324085482925746","44343","0","0","0","0","0","0","0","0","0","0","0","0","0","0","42.38805564451987351","0.42388055644519873066","0","0","42.38805564451987351","0.42388055644519873066","1.4388987697245251987e-005","0","1.4388987697245251987e-005","29459.075551124133199","0","29459.075551124133199","121467135.23588877916","0","121467135.23588877916","4123.2500668627972118","0","4123.2500668627972118","62.023950638002169455","0","0","100","32.242929110680748295","44.07625482777584125","122.00465390151349254","228369.15236333111534","89509.551865430243197","1808.178105937373175","0","100","3500","0","27.435018954323286522","0","0","228329.75850481397356","0","0","63.873666470879520318","72.564981045676717031","1733","112992.41953829018166","0.81749998325763817419","1.538820021973857477","322469.26220325712347","7.8864501505039843465","19.571870232120044619","27.435018954323286522","123033422.04606831074","29919.989142924281623","127896052.56069508195","30308.023235166288941","124064.54484241138562","463.86816610656148896","0","0","387.04923413986978176","6762.0357292731441703","0","0","0","0","0","0","0","0","0","0","0","0","0","0","0","0","0","0","0","0","0","74318.377245365685667","121467135.23588877916","29459.075551124133199","29459.075551124133199","0","0","0","0","0","0","0","0","0"
"05/14/2026 15:39:27.311","325.06879776352667477","10.158399930110208587","10.158399930110208587","0","1000000000","325.06879776352667477","0","5.0791999650551042933","44348","0","0","0","0","0","0","0","0","0","0","0","0","0","0","33.312659560658289593","0.33312659560658292035","0","0","33.312659560658289593","0.33312659560658292035","1.4561903916170856381e-005","0","1.4561903916170856381e-005","22878.748322594212368","0","22878.748322594212368","97189849.320453837514","0","97189849.320453837514","4248.0404937394550871","0","4248.0404937394550871","69.877537861343256509","0","0","100","27.827005364540081445","41.2300446747067042","122.00804197990467515","195703.76249627606012","108302.22105722116248","1796.8451705545323875","0","100","3500","0","27.737363588143505666","0","0","195638.75509609770961","0","0","66.221246069833199499","72.262636411856490781","876","90021.028878217068268","0.6447535510912033585","1.2895172596206685434","269185.48673224356025","6.596382611197030954","21.078665093211760961","27.737363588143505666","98358589.485852897167","23239.371520113123552","102052472.19899898767","23520.759198177176586","96386.961896857697866","360.62319751891237729","0","0","280.37183807104173638","6193.5764373881938809","0","0","0","0","0","5.0791999650551042933","4.0633599720440836123","0","0","0","0","0","0","0","0","0","0","0","0","0","1054.4419127454395948","68099.881451472814661","97135757.87250597775","22879.764162587220198","22879.764162587220198","0","0","0","0","0","0","0","0","0"
"05/14/2026 15:39:28.327","189.02873295812440801","5.9071479049413877505","5.9071479049413877505","0","1000000000","189.02873295812440801","0","2.9535739524706938752","44351","0","0","0","0","0","0","0","0","0","0","0","0","0","0","42.252674833498353735","0.42252674833498354845","0","0","42.252674833498353735","0.42252674833498354845","1.4472773880194279565e-005","0","1.4472773880194279565e-005","29189.186847617045714","0","29189.186847617045714","120579160.40919207036","0","120579160.40919207036","4130.9530491095520119","0","4130.9530491095520119","62.29733129630277233","0","0","100","32.340546178436774483","46.476856031422670412","121.9939131549457727","219579.73816642450402","90155.63310829589318","1824.5796180375989479","0","100","3500","0","31.099351521200002679","0","0","219705.77496680701734","0","0","61.909002240700793607","68.852555388538306147","1705","105877.80495883912954","0.96163532262201878442","1.5386046997111362256","311708.7005960358656","8.6546588211776995792","22.550174514699460104","31.147444611461693853","122135032.28157877922","29646.006285599178227","127055473.82907037437","30054.58401569095804","122703.27628144250775","458.78848728378113719","0","0","406.60868079013221177","6617.9747028360015975","0","0","0","0","0","4.9226232541178234214","3.9380986032942586483","0","0","0","0","0","0","0","0","0","0","0","0","0","33.473838128001197845","72767.201467020495329","120575127.79622229934","29188.20232296622271","29188.20232296622271","0","0","0","0","0","0","0","0","0"
"05/14/2026 15:39:29.311","747.94969306624216188","7.1136519720974114023","7.1136519720974114023","0","1000000000","747.94969306624216188","0","4.0649439840556640391","44354","0","0","0","0","0","0","0","0","0","0","0","0","0","0","42.256304977948886403","0.42256304977948883073","0","0","42.256304977948886403","0.42256304977948883073","1.4395210243986847421e-005","0","1.4395210243986847421e-005","29364.139104822101217","0","29364.139104822101217","121295326.92007121444","0","121295326.92007121444","4130.7298840629864571","0","4130.7298840629864571","62.198618132670802083","0","0","100","31.43823919531336486","45.239226197829637499","122.00153863013699151","223464.9584878993046","90123.687908429856179","1832.745886125524521","0","100","3500","0","30.652953240577630822","0","0","223376.57218407839537","0","0","62.890953738774811654","69.198247938841220162","1760","109209.91381421036203","1.1408959340851803077","1.4385342112331680475","314392.11456002824707","8.184737692680606358","22.61964554855126508","30.801752061158783391","122864708.29860347509","29825.510247012418404","127954225.47878435254","30266.556669282457733","123659.6609389573423","462.38737818633177312","0","0","441.04642227003949984","6602.485266102411515","0","0","0","0","0","13.211067948180907905","11.178595956153074553","0","0","0","0","0","0","0","0","0","0","0","0","0","16.259775936222656156","72580.591071309885592","121295326.92007121444","29364.139104822101217","29364.139104822101217","0","0","0","0","0","0","0","0","0"
"05/14/2026 15:39:30.327","126.0294910978379761","3.9384215968074367531","3.9384215968074367531","0","1000000000","126.0294910978379761","0","1.9692107984037183765","44356","0","0","0","0","0","0","0","0","0","0","0","0","0","1","44.876420733010746744","0.44876420733010746744","0","0","44.876420733010746744","0.44876420733010746744","1.4675747037609480227e-005","0","1.4675747037609480227e-005","30577.905277612939244","0","30577.905277612939244","155841011.04008495808","0","155841011.04008495808","5096.5234415249869926","0","5096.5234415249869926","61.119239220753065922","0","0","100","29.604664681695730621","42.025024812136678065","122.01532381274758166","229209.34856223041425","91510.888333376278752","1846.191474376388669","0","100","3500","0","27.354786225793269239","0","0","229243.81080308544915","0","0","65.560643131875352196","72.645203927920064757","1655","113047.96562992103281","1.2500156309800807275","1.00962838834109081","319938.58237898367224","6.538544815324525139","20.817590351741852572","27.354796072079935243","121590295.25657486916","29529.300527462957689","126414810.51318322122","29920.188870946094539","122185.59161935391603","456.85690522966262961","0","0","390.88834348313810096","6530.8876129059317464","0","0","0","0","0","3.9384215968074367531","2.9538161976055774538","0","0","0","0","0","0","0","0","0","0","0","0","0","34.461188972065073699","71817.117817783611827","120028470.84972332418","29071.459016834094655","29071.459016834094655","0","0","0","0","0","0","0","0","0"
"05/14/2026 15:39:31.311","0","0","0","0","1000000000","0","0","0","44356","0","0","0","0","0","0","0","0","0","0","0","0","0","1","41.209558724603070345","0.41209558724603068125","0","0","41.209558724603070345","0.41209558724603068125","1.4353584438549955385e-005","0","1.4353584438549955385e-005","28722.753255956453359","0","28722.753255956453359","118501374.22247938812","0","118501374.22247938812","4125.6969053934572003","0","4125.6969053934572003","63.225645626161039559","0","0","100","30.406532014772047035","43.901343593144524391","121.99831969971407375","228579.20154284485034","89614.785777777768089","1832.6565168920340057","0","100","3500","0","29.163358998871313332","0","0","228606.63043749899953","0","0","64.010437567114237822","70.836651160333587995","1682","110646.12926486296055","0.59526845190987975887","1.4881609705697993462","318603.88145272363909","7.1927983428304962388","21.975233890294809669","29.163348839666415557","120040665.93309786916","29174.800124175748351","125050117.26806846261","29611.609457511251094","120888.50675408812822","452.04686821929698226","0","0","434.77766201766087306","6480.0156682492024629","0","0","0","0","0","16.253370542716293556","13.205863565956990513","0","0","0","0","0","0","0","0","0","0","0","0","0","61.965975194105872959","71336.043311981818988","118497213.35962045193","28721.73742029753339","28723.769091615373327","0","0","0","0","0","0","0","0","0"
"05/14/2026 15:39:32.311","256.07364678081415832","8.0023014619004424475","8.0023014619004424475","0","1000000000","256.07364678081415832","0","4.0011507309502212237","44360","0","0","0","0","0","0","0","0","0","0","0","0","0","0","27.318955367451518867","0.27318955367451519534","0","0","27.318955367451518867","0.27318955367451519534","1.4559710005863852792e-005","0","1.4559710005863852792e-005","18764.396640473802108","0","18764.396640473802108","81718222.16069342196","0","81718222.16069342196","4354.9613518844289501","0","4354.9613518844289501","74.828677393377788007","0","0","100","25.955405433508072832","36.220605290815697686","122.0130093393475903","193092.95847193218651","116549.75349049177021","1816.548042846939552","0","100","3500","0","24.434870636626669693","0","0","192977.98707681527594","0","0","70.30628764838164102","75.565119366126566547","878","81060.832064982227166","0.48814556471147840799","0.68340179114671817384","250581.65528416528832","4.9790987562025419422","19.428239462851930597","24.434880633873433453","82721118.593707561493","19059.481506881380483","85847265.673607736826","19314.554865979458555","79094.747649423981784","296.08515409031639365","0","0","253.07278373260152193","6218.7885235793819447","0","0","0","0","0","0","0","0","0","0","0","0","0","0","0","0","0","0","0","0","987.28394286196714802","68346.656498408949119","81730513.695738896728","18767.397503522013722","18767.397503522013722","0","0","0","0","0","0","0","0","0"
"05/14/2026 15:39:33.327","125.97901937537633899","3.9368443554805105933","3.9368443554805105933","0","1000000000","125.97901937537633899","0","1.9684221777402552966","44362","0","0","0","0","0","0","0","0","0","0","0","0","0","0","23.304925619958432037","0.23304925619958433147","0","0","23.304925619958432037","0.23304925619958433147","1.4995291508238276648e-005","0","1.4995291508238276648e-005","15530.850982370613565","0","15530.850982370613565","69701671.840008214116","0","69701671.840008214116","4487.949302915082626","0","4487.949302915082626","78.251745241992807678","0","0","100","27.898959007882673689","37.697184263640274082","121.99293904123905463","180528.68481736129615","122469.7405019797734","1786.4766475298315527","0","100","3500","0","23.392442558760496496","0","0","180651.78822471588501","0","0","69.113877698672851579","76.607567290096000079","1635","70107.882902069264674","0.43281784746741086556","0.91371781233653970311","232901.79844229869195","4.7128354138878529866","18.707055907920285165","23.392432709903999921","70531822.39871533215","15775.919543499276188","72912719.570112347603","15938.314373162846096","65690.184915547797573","246.05277221753189565","0","0","162.3948296635710733","6353.0825786566738316","0","0","0","0","0","3.9368443554805105933","2.9526332666103827229","0","0","0","0","0","0","0","0","0","0","0","0","0","113.18427522006467711","69881.93994304566877","69697640.511388212442","15529.86677128174415","15529.86677128174415","0","0","0","0","0","0","0","0","0"
"05/14/2026 15:39:34.311","65.000441292058454223","2.0312637903768266945","2.0312637903768266945","0","1000000000","65.000441292058454223","0","1.0156318951884133472","44363","0","0","0","0","0","0","0","0","0","0","0","0","0","0","43.545831376099371823","0.43545831376099369825","0","0","43.545831376099371823","0.43545831376099369825","1.4828847683951984222e-005","0","1.4828847683951984222e-005","29358.87119421146781","0","29358.87119421146781","157465389.04236778617","0","157465389.04236778617","5363.4687791884316539","0","5363.4687791884316539","62.266218900297289451","0","0","100","31.974413198959688032","43.779960988296487301","121.98762043240158448","217524.40927219635341","94315.44873770630511","1862.1438548287685535","0","100","3500","0","27.728715994922303878","0","0","217559.96575605834369","0","0","64.124368741253405801","72.122469885686697921","1556","102898.43249748845119","0.59522600160262917335","1.1408676140491744722","304232.45081801753258","7.589225487981093643","20.287542727297847023","27.877530114313298526","116116113.94455482066","28173.628772526590183","120817977.74080200493","28562.615788383751351","116237.0391405235423","434.69045114064095969","0","0","386.95575206678552149","6331.4492346045690283","0","0","0","0","0","0","0","0","0","0","0","0","0","0","0","0","0","0","0","0","238.67349536927716258","69561.644133349618642","114633738.25561362505","27739.953953281135909","27739.953953281135909","0","0","0","0","0","0","0","0","0"
"05/14/2026 15:39:35.327","63.043392175802807742","1.9701060054938377419","1.9701060054938377419","0","1000000000","63.043392175802807742","0","0.98505300274691887097","44364","0","0","0","0","0","0","0","0","0","0","0","0","0","0","40.928634437748208086","0.40928634437748206976","0","0","40.928634437748208086","0.40928634437748206976","1.4382257283232994705e-005","0","1.4382257283232994705e-005","28470.001885391451651","0","28470.001885391451651","117488674.35310092568","0","117488674.35310092568","4126.7533042696004486","0","4126.7533042696004486","63.456506064276339885","0","0","100","30.491796744534838126","43.070899002438764569","122.01497679400213769","228030.03456414840184","90799.692089773321641","1842.2790537794833199","0","100","3500","0","28.652909374714763402","0","0","227976.86349578705267","0","0","64.691919165562978833","71.347090625285233045","1722","108623.56941517438099","0.86539964043344519418","1.4904022866219441834","313370.58393353462452","6.6827804366570413563","21.923368941102193475","28.652909374714763402","119010258.14496001601","28917.215948638549889","123952781.28730273247","29346.699057836209249","119865.18958625607775","448.19911624984808896","0","0","430.46816220040358303","6493.469394107689368","0","0","0","0","0","4.9252650137345943548","3.9402120109876754839","0","0","0","0","0","0","0","0","0","0","0","0","0","97.520247271944967338","71407.477222126894048","117480604.79890242219","28468.031779385957634","28468.031779385957634","0","0","0","0","0","0","0","0","0"
"05/14/2026 15:39:36.311","65.040002650380102978","2.032500082824378218","2.032500082824378218","0","1000000000","65.040002650380102978","0","1.016250041412189109","44365","0","0","0","0","0","0","0","0","0","0","0","0","0","0","34.21254977135272668","0.34212549771352729344","0","0","34.21254977135272668","0.34212549771352729344","1.438986070757135416e-005","0","1.438986070757135416e-005","23784.315969210874755","0","23784.315969210874755","101129399.32102301717","0","101129399.32102301717","4251.936421124593835","0","4251.936421124593835","69.093075667694222375","0","0","100","28.427721751908347159","38.30708461748527327","122.0133695100607838","214080.33541423114366","102541.42534430554952","1848.8742387615875487","0","100","3500","0","25.248134225065310687","0","0","214007.19313665374648","0","0","68.589000245332968575","74.75186577493468576","776","96322.284379613294732","0.6448345729504920687","0.84325458805650077565","284376.159355892858","6.2995916704634860039","18.948380015166961243","25.248134225065310687","102400589.91282403469","24158.295984450560354","106345314.85357157886","24473.333497288338549","100238.83908473268093","374.99626528109780566","0","0","311.98876271354208711","6462.3340133401106868","0","0","0","0","0","0","0","0","0","0","0","0","0","0","0","0","0","0","0","0","0","71069.414146078619524","101141887.00153188407","23787.364719335109839","23787.364719335109839","0","0","0","0","0","0","0","0","0"
"05/14/2026 15:39:37.311","0","0","0","0","1000000000","0","0","0","44365","0","0","0","0","0","0","0","0","0","0","0","0","0","1","31.396040113859601917","0.31396040113859602361","0","0","31.396040113859601917","0.31396040113859602361","1.4518450867052023662e-005","0","1.4518450867052023662e-005","21615.165099879552145","0","21615.165099879552145","94934852.642047852278","0","94934852.642047852278","4392.0484624277460171","0","4392.0484624277460171","71.679699121053076283","0","0","100","27.09523611439981039","37.816138590417189391","121.99646978674208242","198105.41515667873318","111459.9708262039203","1780.9857521139831533","0","100","3500","0","24.023695917064291194","0","0","198125.41499668001779","0","0","69.010768462310380755","75.976304082935712358","1608","88582.291341669260873","0.6347677783127758655","0.68358760744337399018","264800.881592947233","5.419901030346394144","18.652284717003489334","24.023695917064291194","96090015.043155357242","21954.010925029109785","99668458.851222679019","22240.880399418263551","91090.553798021894181","340.84491556341862406","0","0","286.86947438915291286","6190.1834665227315782","0","0","0","0","0","0","0","0","0","0","0","0","0","0","0","0","0","0","0","0","850.61297109815029671","68026.048148092610063","94926664.367712676525","21613.166009465690877","21613.166009465690877","0","0","0","0","0","0","0","0","0"
"05/14/2026 15:39:38.327","126.13285534236695185","3.9416517294489672452","3.9416517294489672452","0","1000000000","126.13285534236695185","0","1.9708258647244836226","44367","0","0","0","0","0","0","0","0","0","0","0","0","0","0","58.707299256201949333","0.58707299256201950222","0","0","58.707299256201949333","0.58707299256201950222","1.6643540643144263394e-005","0","1.6643540643144263394e-005","35301.432888944953447","0","35301.432888944953447","317128270.21599268913","0","317128270.21599268913","8983.4390352836089733","0","8983.4390352836089733","56.314475305867397026","0","0","100","27.949132649283416896","41.329390042363201019","122.02297075392266379","217904.87585482239956","97110.884332220026408","1811.6484267802597969","0","100","3500","0","30.287549857883679039","0","0","217778.84813817680697","0","0","66.102871796376504676","69.712450142116324514","897","108603.40022779510764","0.5769330936222967221","1.2500151386597850856","306384.20967231219402","6.7308598355060311746","23.461840780290341257","30.287549857883679039","106052173.67311686277","24999.926094030073727","110172666.02483439445","25332.010252236152155","103535.36597743602761","387.26728241836104871","0","0","331.09874527371323438","6711.6474823192293115","0","0","0","0","0","7.8833034588979344903","6.897890526535692679","0","0","0","0","0","0","0","0","0","0","0","0","0","130.07450707181592975","73834.034783105700626","104740723.0763015151","24613.644224544077588","24613.644224544077588","0","0","0","0","0","0","0","0","0"
"05/14/2026 15:39:39.311","259.89670933202791048","8.1217721666258722024","8.1217721666258722024","0","1000000000","259.89670933202791048","0","4.0608860833129361012","44371","0","0","0","0","0","0","0","0","0","0","0","0","0","1","23.008785908656903985","0.23008785908656903541","0","0","23.008785908656903985","0.23008785908656903541","1.5475170811697184109e-005","0","1.5475170811697184109e-005","14858.782178842031499","0","14858.782178842031499","86917776.295328751206","0","86917776.295328751206","5849.5895053293252204","0","5849.5895053293252204","78.77207562787292261","0","0","100","26.759064498565706458","35.713409233119612907","121.97361309190191037","174798.21109781309497","129467.33848477806896","1806.2535994276065594","0","100","3500","0","23.760546071951051061","0","0","174913.00674277110375","0","0","70.743910577091369873","76.239453928048945386","1601","67122.943799201486399","0.84324893428178515631","1.0416574603932149401","223861.66657472855877","5.8035230389469303347","18.055409525011146599","23.760546071951051061","68590814.661463722587","14283.15157653242386","70381620.754457816482","14342.034424740460963","59053.405423536714807","221.31829154055500908","0","0","119.79613945773161277","6575.5897904044713869","0","0","0","0","0","0","0","0","0","0","0","0","0","0","0","0","0","0","0","0","6.0913291249694037077","72277.680953845294425","67581461.121025875211","13999.904772221345411","13999.904772221345411","0","0","0","0","0","0","0","0","0"
"05/14/2026 15:39:40.311","192.00599058690630727","6.0001872058408221022","6.0001872058408221022","0","1000000000","192.00599058690630727","0","3.0000936029204110511","44374","0","0","0","0","0","0","0","0","0","0","0","0","0","0","43.124584938703677039","0.43124584938703675041","0","0","43.124584938703677039","0.43124584938703675041","1.4768230540049998389e-005","0","1.4768230540049998389e-005","29201.911099626307987","0","29201.911099626307987","139649285.05769380927","0","139649285.05769380927","4782.1967740830796174","0","4782.1967740830796174","62.558808579455117638","0","0","100","32.71724242763652768","45.314178280557463552","122.00921613318799075","224144.08100926785846","89735.157044704203145","1834.9924765308462611","0","100","3500","0","29.248255180059977931","0","0","224151.08098056798917","0","0","62.857077714474627328","70.702914961546611039","1764","104114.57313025016629","0.92772730959080218494","1.5136656103697299081","308555.73492148681544","7.8613072022091143864","21.435487837085272389","29.297085038453385408","119015085.27066044509","28919.902300951791403","124292725.93304911256","29430.918244649234111","120079.74648809042992","449.01400923708820301","0","0","448.01397803611473591","6315.1970341474652741","0","0","0","0","0","10.000312009734704688","8.0002496077877633951","0","0","0","0","0","0","0","0","0","0","0","0","0","80.002496077877637504","69459.167126014333917","117747289.7154391259","28533.890257376031514","28533.890257376031514","0","0","0","0","0","0","0","0","0"
"05/14/2026 15:39:41.311","64.002534500366209613","2.0000792031364440504","2.0000792031364440504","0","1000000000","64.002534500366209613","0","1.0000396015682220252","44375","0","0","0","0","0","0","0","0","0","0","0","0","0","0","39.457762921803038125","0.39457762921803035683","0","0","39.457762921803038125","0.39457762921803035683","1.4600492136910268688e-005","0","1.4600492136910268688e-005","27026.070232381203823","0","27026.070232381203823","127767491.59266707301","0","127767491.59266707301","4727.5645513413510344","0","4727.5645513413510344","64.719549976765037513","0","0","100","29.244343963801370023","42.221828619703167362","122.01223532893428114","218428.1699729541142","95792.534218356609927","1800.9931562260062492","0","100","3500","0","28.711061191195973663","0","0","218478.16978295482113","0","0","65.396988825118995692","71.288938808804019232","1267","103637.60617709653161","0.78124867187725788309","1.2695278418026689771","301810.85311875812477","6.6406087109651918965","22.070272480536782922","28.711061191195973663","111100303.57202145457","26859.063618919310102","115205026.11903432012","27143.074865764683636","111236.40496163647913","416.01647425238041933","0","0","283.01120724380683669","6455.2556281228735315","0","0","0","0","0","14.000554421955110129","11.000435617250444054","0","0","0","0","0","0","0","0","0","0","0","0","0","66.002613703502660769","70999.811592539059347","109670646.95761951804","26440.047025862226292","26443.047144666928943","0","0","0","0","0","0","0","0","0"
"05/14/2026 15:39:42.311","191.94328076053525933","5.9982275237667268541","5.9982275237667268541","0","1000000000","191.94328076053525933","0","2.9991137618833634271","44378","0","0","0","0","0","0","0","0","0","0","0","0","0","0","57.219851390074303765","0.57219851390074305542","0","0","57.219851390074303765","0.57219851390074305542","1.6883502994895400079e-005","0","1.6883502994895400079e-005","33880.988167996358243","0","33880.988167996358243","338843871.63593155146","0","338843871.63593155146","10001.003216193090338","0","10001.003216193090338","54.973132513433739632","0","0","100","26.102741073871243316","38.711167320217519716","121.98490255975964658","197236.54635594337014","110781.39041988429381","1792.9958761094849251","0","100","3500","0","26.171906914046537906","0","0","197203.54643184319139","0","0","68.277745861127073113","73.828093085953454988","1704","100457.76894713142246","0.58593970703014652823","1.1718794140602930565","280889.35395448590862","5.9570270214864891045","20.214829892585054694","26.171906914046537906","97867828.056809216738","22378.387186586362077","101518145.38803783059","22672.300335250933131","92980.524255082622403","347.89719637847014155","0","0","293.91314866456963273","6265.1486485743462254","0","0","0","0","0","8.9973412856500907253","6.9979321110611811818","0","0","0","0","0","0","0","0","0","0","0","0","0","897.73471939042008216","68852.654040730965789","96690276.023435071111","22031.48969479518928","22031.48969479518928","0","0","0","0","0","0","0","0","0"
"05/14/2026 15:39:43.311","128.12443445073856196","4.0038885765855800614","4.0038885765855800614","0","1000000000","128.12443445073856196","0","2.0019442882927900307","44380","0","0","0","0","0","0","0","0","0","0","0","0","0","0","36.126714711299698024","0.36126714711299701133","0","0","36.126714711299698024","0.36126714711299701133","1.4832788635243883716e-005","0","1.4832788635243883716e-005","24379.677542829595041","0","24379.677542829595041","122355759.91402849555","0","122355759.91402849555","5018.7603875841678018","0","5018.7603875841678018","68.312282181402466108","0","0","100","28.346611575802480587","38.919925684941922839","122.03087847840815527","210471.10523555261898","103530.50887731437979","1856.0009280004640004","0","100","3500","0","26.367241542930919707","0","0","210326.10516305256169","0","0","68.072662349136365378","73.632758457069087399","688","95641.047820523905102","0.43944969238521530697","1.1230492138655503442","283939.14196957094828","5.9082058642558950012","20.361315747078975846","26.367241542930919707","102575060.89914524555","23642.962044737847464","106679062.70569977164","24012.320765927866887","97658.846271498870919","365.35483261343415506","0","0","367.35677690172695975","6539.3510177083981034","0","0","0","0","0","2.0019442882927900307","2.0019442882927900307","0","0","0","0","0","0","0","0","0","0","0","0","0","1.0009721441463950153","71964.892303405067651","101339252.68220494688","23280.610128556854761","23280.610128556854761","0","0","0","0","0","0","0","0","0"
"05/14/2026 15:39:44.311","127.90565678755351087","3.9970517746110472146","3.9970517746110472146","0","1000000000","127.90565678755351087","0","1.9985258873055236073","44382","0","0","0","0","0","0","0","0","0","0","0","0","0","0","17.382286523542695988","0.17382286523542694878","0","0","17.382286523542695988","0.17382286523542694878","1.6319866679185053994e-005","0","1.6319866679185053994e-005","10643.149612845565571","0","10643.149612845565571","77177250.060355484486","0","77177250.060355484486","7251.3544268143832596","0","7251.3544268143832596","83.904103219179361872","0","0","100","24.179741505500885523","30.653428915612536798","121.98330309685222517","151287.34185341466218","158343.96688426673063","1755.9343280561306528","0","100","3500","0","19.531266093746779688","0","0","151457.3354956524563","0","0","74.892015021596989754","80.468733906253220312","1224","53711.99117153017869","0.48827990234401952296","0.78124984375003125869","188219.96057347452734","4.3945291210941750393","15.234366953126610156","19.531266093746779688","55502537.328466527164","9444.0340804622519499","56710969.988536462188","9489.0009129266254604","39378.954083468037425","147.89091566060875493","0","0","44.966832464374284939","6317.3403297727600147","0","0","0","0","0","5.995577661916571266","4.9963147182638092403","0","0","0","0","0","0","0","0","0","0","0","0","0","22.98304770401352215","69475.754683345570811","55001478.909156613052","9296.1431648016441613","9296.1431648016441613","0","0","0","0","0","0","0","0","0"
"05/14/2026 15:39:45.311","64.008916442060382224","2.0002786388143869445","2.0002786388143869445","0","1000000000","64.008916442060382224","0","1.0001393194071934722","44383","0","0","0","0","0","0","0","0","0","0","0","0","0","0","26.95646704391035442","0.26956467043910353754","0","0","26.95646704391035442","0.26956467043910353754","1.5449724896836313919e-005","0","1.5449724896836313919e-005","17450.430845016711828","0","17450.430845016711828","93831950.790745139122","0","93831950.790745139122","5377.0563961485559048","0","5377.0563961485559048","75.108916639558543693","0","0","100","28.52218435494967963","37.336685386966188105","121.99681630220558759","189767.21451017286745","117063.25809886252682","1788.0114432732368641","0","100","3500","0","24.414657124208716255","0","0","189655.2137933682825","0","0","69.403621711388467475","75.536513261545238151","802","73545.470691012422321","0.87890305666585233357","1.0253818994829939637","242483.55189473211067","6.7382267680085332628","17.72446997668718538","24.463486738454765401","72238190.779975652695","16490.29709838580311","74766895.028477460146","16669.322036559693515","68629.560097721609054","257.03580508764872548","0","0","177.02465953507322638","6448.8983315375826351","0","0","0","0","0","0","0","0","0","0","0","0","0","0","0","0","0","0","0","0","318.04430357148748953","70887.87468094304495","71370453.904228851199","16234.261432617562605","16234.261432617562605","0","0","0","0","0","0","0","0","0"
"05/14/2026 15:39:46.311","400.02480153769533899","6.0003720230654300494","6.0003720230654300494","0","1000000000","400.02480153769533899","0","5.0003100192211915598","44384","0","0","0","0","0","0","0","0","0","0","0","0","0","0","41.45914829182965633","0.41459148291829656108","0","0","41.45914829182965633","0.41459148291829656108","1.7469720209000505403e-005","0","1.7469720209000505403e-005","23733.471475231464865","0","23733.471475231464865","293377805.42393630743","0","293377805.42393630743","12361.352435530085131","0","12361.352435530085131","67.107203421440686952","0","0","100","26.005755310501960764","33.946310969170610861","122.01527020498309639","162508.76264896502835","142119.8777868716279","1755.0298355072036429","0","100","3500","0","23.388654677730936982","0","0","162509.76266596533242","0","0","72.168184433636881181","76.367205273441058466","991","68070.15719267228269","0.83008016601603329399","0.97656019531203908102","214799.65159407712054","6.6406213281242658653","16.943363388672675995","23.632794726558948639","53029051.801211677492","9865.6116679234110052","54270244.755174823105","9906.6142100810247939","41286.559766705533548","155.00961059585694102","0","0","41.002542157613774521","6552.406249187449248","0","0","0","0","0","0","0","0","0","0","0","0","0","0","0","0","0","0","0","0","31.001922119171389625","72127.471903258003294","52509879.612535975873","9711.6021193313990807","9711.6021193313990807","0","0","0","0","0","0","0","0","0"
"05/14/2026 15:39:47.311","255.9243743473803363","7.9976366983556355095","7.9976366983556355095","0","1000000000","255.9243743473803363","0","3.9988183491778177547","44388","0","0","0","0","0","0","0","0","0","0","0","0","0","1","34.330470897423808196","0.34330470897423809307","0","0","34.330470897423808196","0.34330470897423809307","1.4940569240142745336e-005","0","1.4940569240142745336e-005","22971.212006851976184","0","22971.212006851976184","118519601.45776923001","0","118519601.45776923001","5159.4840282008881331","0","5159.4840282008881331","69.840302856272572285","0","0","100","28.055691637694771146","38.94402837619254143","122.00054631388489668","200735.4871289752482","108504.50611074035987","1800.9684830515466274","0","100","3500","0","25.439392895453604382","0","0","200825.48555400280748","0","0","68.090361281325158416","74.560607104546392065","1737","88906.444137227605097","0.53711048339943512353","0.92773083495775143792","266258.34047904162435","5.9082153173937852486","19.482447534202780304","25.439392895453604382","96997989.094222649932","22190.442724175005424","100457738.73820285499","22444.367689347796841","91908.840937502973247","343.89837802929235977","0","0","251.9255559982025261","6312.1347641771853887","0","0","0","0","0","2.9991137618833634271","1.9994091745889088774","0","0","0","0","0","0","0","0","0","0","0","0","0","685.79734688399582865","69377.49894906055124","95830370.125627875328","21847.544050733009499","21847.544050733009499","0","0","0","0","0","0","0","0","0"
"05/14/2026 15:39:48.311","320.27861036315488263","10.008706573848590082","10.008706573848590082","0","1000000000","320.27861036315488263","0","5.0043532869242950412","44393","0","0","0","0","0","0","0","0","0","0","0","0","0","0","37.303554764265719257","0.37303554764265717258","0","0","37.303554764265719257","0.37303554764265717258","1.4685843077044211254e-005","0","1.4685843077044211254e-005","25423.115568232806254","0","25423.115568232806254","125524617.86508083344","0","125524617.86508083344","4937.4207314672648863","0","4937.4207314672648863","67.137490564988681285","0","0","100","27.807256312028137302","38.313586742580625355","122.0092346267926473","216388.92586144016241","101429.07572269831144","1803.016046842816877","0","100","3500","0","26.757722109266534716","0","0","216274.92484683112707","0","0","68.563332275998732257","73.242277890733461732","823","98387.875652093294775","0.68359082030898432603","1.2695415234498281798","288897.57118838356109","6.4453177343812813049","20.3125243750292519","26.757722109266534716","104253842.41751900315","24655.447774018619384","108405742.15510071814","25000.748150816394627","102208.91153214180667","382.33259112101615074","0","0","344.29950614039154289","6367.539122282473727","0","0","0","0","0","1.0008706573848591415","1.0008706573848591415","0","0","0","0","0","0","0","0","0","0","0","0","0","1.0008706573848591415","70070.954723513976205","102960605.43066413701","24275.116924212372396","24275.116924212372396","0","0","0","0","0","0","0","0","0"
"05/14/2026 15:39:49.311","191.74515151911595012","5.9920359849723734413","5.9920359849723734413","0","1000000000","191.74515151911595012","0","2.9960179924861867207","44396","0","0","0","0","0","0","0","0","0","0","0","0","0","1","24.237988519890691919","0.24237988519890693584","0","0","24.237988519890691919","0.24237988519890693584","1.5301881313131314097e-005","0","1.5301881313131314097e-005","15818.975000327065572","0","15818.975000327065572","93309837.894454479218","0","93309837.894454479218","5898.6020202020199577","0","5898.6020202020199577","77.862864883367421953","0","0","100","25.395466498605173911","34.556797532823175345","121.99353013905120235","180479.15579398159753","127079.0888549212541","1762.962448899838364","0","100","3500","0","23.633413296034966322","0","0","180669.15174706777907","0","0","71.718343425086942489","76.366586703965026572","1669","71361.480000475989073","0.4882761426184733522","0.97655228523694670439","231391.07137017982313","4.6874629690425448914","19.042809561804460827","23.633413296034966322","70487898.534058392048","14834.28375346327266","72534426.493747159839","14941.141728528613385","61837.811364914894511","231.69205808559843263","0","0","105.85930240117859569","6724.0630478031653183","0","0","0","0","0","4.9933633208103112011","3.9946906566482489609","0","0","0","0","0","0","0","0","0","0","0","0","0","8.9880539774585592738","73892.789094015141018","69707288.043461441994","14603.590368041835973","14603.590368041835973","0","0","0","0","0","0","0","0","0"
"05/14/2026 15:39:50.311","211.11983161642547202","5.0028396117636368956","5.0028396117636368956","0","1000000000","211.11983161642547202","0","3.001703767058182315","44398","0","0","0","0","0","0","0","0","0","0","0","0","0","1","40.362735902825136236","0.40362735902825136458","0","0","40.362735902825136236","0.40362735902825136458","1.5022899144026795941e-005","0","1.5022899144026795941e-005","26885.260073617784656","0","26885.260073617784656","141920938.32459303737","0","141920938.32459303737","5278.7638258280612717","0","5278.7638258280612717","65.492503704651767293","0","0","100","29.805295446690305283","41.737816664319822735","122.0089490795967464","215337.41374324611388","97788.694181703307549","1846.8234436787840878","0","100","3500","0","27.887638561975169438","0","0","215190.42779510276159","0","0","65.770437578867586126","72.112361438024834115","877","99326.504386180677102","0.68352574857963355193","0.97646821198807309816","294687.82784365810221","6.3470633760426524717","21.531186068509562404","27.887638561975169438","105676630.05521933734","25104.249171829931583","109831396.30054019392","25447.443969196916441","104055.06165299423446","389.22092179521098387","0","0","342.19422944463275371","6619.7573742856448007","0","0","0","0","0","5.0028396117636368956","4.0022716894109100494","0","0","0","0","0","0","0","0","0","0","0","0","0","10.005679223527273791","72747.291362577394466","104355680.28412927687","24716.028817957070714","24716.028817957070714","0","0","0","0","0","0","0","0","0"
"05/14/2026 15:39:51.311","127.94238754288943483","3.9981996107152948383","3.9981996107152948383","0","1000000000","127.94238754288943483","0","1.9990998053576474192","44400","0","0","0","0","0","0","0","0","0","0","0","0","0","0","18.771663205219976334","0.18771663205219976667","0","0","18.771663205219976334","0.18771663205219976667","1.5449111257406188396e-005","0","1.5449111257406188396e-005","12146.530417353065786","0","12146.530417353065786","63995758.709852948785","0","63995758.709852948785","5268.6451612903229034","0","5268.6451612903229034","81.757847648417666164","0","0","100","25.994460299076664","35.850815198264662342","121.99255437267323998","169881.87216806053766","133023.6992621012032","1804.7224336896983914","0","100","3500","0","25.398962935840064148","0","0","169893.87032274433295","0","0","70.638049729845178604","74.454573424148520644","992","60945.626562634657603","0.92763638301601702985","0.73233819782330311643","211449.47907011900679","5.6634273951599602981","19.870820429358040826","25.545426575851482909","57123093.471010006964","12164.5223156012853","58787543.968950778246","12248.484507426306664","50641.196269319923886","189.91448150897650748","0","0","82.962641922342371004","6473.0851697480620714","0","0","0","0","0","8.9959491241094138303","6.9968493187517664111","0","0","0","0","0","0","0","0","0","0","0","0","0","56.974344452692953666","71225.926965087623103","56478887.556933112442","11974.607834092308622","11974.607834092308622","0","0","0","0","0","0","0","0","0"
"05/14/2026 15:39:52.327","63.014050656404570816","1.969189083012642838","1.969189083012642838","0","1000000000","63.014050656404570816","0","0.984594541506321419","44401","0","0","0","0","0","0","0","0","0","0","0","0","0","1","33.91772253215542321","0.33917722532155419879","0","0","33.91772253215542321","0.33917722532155419879","1.5020072372149802573e-005","0","1.5020072372149802573e-005","22583.644998530493467","0","22583.644998530493467","114606930.65943713486","0","114606930.65943713486","5074.7756027379346051","0","5074.7756027379346051","70.256894834950642803","0","0","100","27.714599194403355398","40.385522259451271054","122.01067520810231315","187852.00529487832682","113918.36512261579628","1817.4684712047915127","0","100","3500","0","28.613749639917195111","0","0","187914.03157531490433","0","0","66.877009498309902824","71.290103575860953811","1750","85520.457104150482337","0.81721813072772853115","1.2498589696207271782","259480.5446695057617","6.9703760396621721185","21.728346249714249439","28.709896424139046189","95641272.824747592211","21788.092608993385511","99003044.858619615436","22025.379893496410659","89991.94109367778583","336.73133319516193751","0","0","289.47079520285848275","6177.3461534106609179","0","0","0","0","0","6.8921617905442502661","5.907567249037928292","0","0","0","0","0","0","0","0","0","0","0","0","0","836.90536028037320193","67933.084985770154162","94256921.084255203605","21394.254792390856892","21398.193170556882251","0","0","0","0","0","0","0","0","0"
"05/14/2026 15:39:53.311","195.06341237228298269","6.095731636633843209","6.095731636633843209","0","1000000000","195.06341237228298269","0","3.0478658183169216045","44404","0","0","0","0","0","0","0","0","0","0","0","0","0","0","44.235722171230925426","0.44235722171230923427","0","0","44.235722171230925426","0.44235722171230923427","1.4675616826210057805e-005","0","1.4675616826210057805e-005","30141.36103260881282","0","30141.36103260881282","141818903.33114463091","0","141818903.33114463091","4705.1260617500338412","0","4705.1260617500338412","61.298312505245036164","0","0","100","30.43226116896586575","43.77564529815879979","121.99776645146675946","227469.36697090740199","90191.537293434565072","1813.5370943010841529","0","100","3500","0","27.819228950612629347","0","0","227535.40613680632669","0","0","64.12275855314398143","72.180771049387374205","1740","112539.88257626710401","0.4960865166432006923","0.94257250952437754421","320791.85227058909368","5.853837152194361515","21.976689582609864715","27.819228950612629347","121282111.17131210864","29408.8572809399775","126153799.57620441914","29812.191524230584037","122264.1213465105393","457.17987274753829752","0","0","348.47265856090137959","6718.512218843267874","0","0","0","0","0","12.191463273267686418","10.159552727723072607","0","0","0","0","0","0","0","0","0","0","0","0","0","60.957316366338439195","73889.411033457130543","119963478.43985438347","29008.570903467691096","29008.570903467691096","0","0","0","0","0","0","0","0","0"
"05/14/2026 15:39:54.327","464.9439181099793359","7.8804053916945653313","7.8804053916945653313","0","1000000000","464.9439181099793359","0","5.9103040437709237764","44406","0","0","0","0","0","0","0","0","0","0","0","0","0","0","39.288663597881807732","0.39288663597881806622","0","0","39.288663597881807732","0.39288663597881806622","1.4994101070824721259e-005","0","1.4994101070824721259e-005","26217.123687493854959","0","26217.123687493854959","139332628.16839087009","0","139332628.16839087009","5314.5657711816647861","0","5314.5657711816647861","66.41684056403788361","0","0","100","28.49638230804493233","39.672016408395123221","122.01112456998885136","215579.01029354258208","100174.38545368179621","1812.4652717477126771","0","100","3500","0","26.113638896513378995","0","0","215436.25773275856045","0","0","67.469134611332975737","73.886361103486621005","838","99087.998191669626976","0.33650568869856772869","1.2017919666306073889","290250.41358862613561","5.8647585803043558172","20.238227912605395886","26.113638896513378995","103575146.8562797308","24512.000970865945419","107631617.05327607691","24849.873352034850541","101385.35556684642506","379.24450947530095846","0","0","335.90227982098082293","6509.2148535397109299","0","0","0","0","0","4.925253369809102999","3.9402026958472826657","0","0","0","0","0","0","0","0","0","0","0","0","0","65.013344481480160653","71609.243794328518561","102285392.42744265497","24133.741512064607377","24134.726562738567736","0","0","0","0","0","0","0","0","0"
"05/14/2026 15:39:55.326","472.14749887864968514","8.0024999809940631224","8.0024999809940631224","0","1000000000","472.14749887864968514","0","6.0018749857455464536","44408","0","0","0","0","0","0","0","0","0","0","0","0","0","0","15.818302920368873643","0.15818302920368873532","0","0","15.818302920368873643","0.15818302920368873532","1.5464136919315403388e-005","0","1.5464136919315403388e-005","10228.1952882080368","0","10228.1952882080368","59177014.899454586208","0","59177014.899454586208","5785.6751100244500776","0","5785.6751100244500776","84.40586526739619444","0","0","100","24.278350152452443211","31.477751546532008575","122.00746916796943253","163440.08184058891493","145299.74595206757658","1759.7007128238465157","0","100","3500","0","21.453479798952912461","0","0","163431.07825536129531","0","0","74.208133479710909342","78.546520201047087539","902","57164.763008630034165","0.29307529582137614721","0.83040668198869438399","199227.33232373130159","4.2008726232900022168","17.243103436892074143","21.453479798952912461","53724851.643653474748","10224.194038217539855","54975062.209434226155","10258.204663136762974","42905.403648099665588","161.05031211750551279","0","0","33.010312421600509936","6653.078421698938655","0","0","0","0","0","6.0018749857455464536","5.0015624881212890074","0","0","0","0","0","0","0","0","0","0","0","0","0","8.0024999809940631224","73140.849201290475321","53186791.553681366146","10064.144038597658437","10064.144038597658437","0","0","0","0","0","0","0","0","0"
"05/14/2026 15:39:56.311","414.34549406891846957","6.0933160892488009708","6.0933160892488009708","0","1000000000","414.34549406891846957","0","5.0777634077073336982","44409","0","0","0","0","0","0","0","0","0","0","0","0","0","1","19.666768929450871184","0.19666768929450870185","0","0","19.666768929450871184","0.19666768929450870185","1.5894753694581281235e-005","0","1.5894753694581281235e-005","12369.431661175065528","0","12369.431661175065528","78705755.289379194379","0","78705755.289379194379","6362.9241379310342381","0","6362.9241379310342381","81.380618696616792818","0","0","100","26.675390066311273074","34.174718827200621263","122.0007252473093331","170425.03963845502585","135156.42691138788359","1796.0222576731191566","0","100","3500","0","21.876346008500679119","0","0","170456.53097894589882","0","0","72.006710741249420948","78.123653991499324434","893","60538.546619780463516","0.24801095498541231299","0.84324131037229066443","211048.86887168354588","4.5634056351534750817","17.36081764175247244","21.876346008500679119","56124153.34642380476","11331.536820639686994","57608550.141136437654","11391.454428850633121","47097.271159167066799","176.70616658821521128","0","0","58.902055529405075163","6633.5901158288615989","0","0","0","0","0","0","0","0","0","0","0","0","0","0","0","0","0","0","0","0","0","72905.511455180356279","55527885.807194277644","11155.846206733012878","11155.846206733012878","0","0","0","0","0","0","0","0","0"
"05/14/2026 15:39:57.311","408.17914982885992004","6.002634556306762903","6.002634556306762903","0","1000000000","408.17914982885992004","0","5.0021954635889693819","44410","0","0","0","0","0","0","0","0","0","0","0","0","0","0","27.888878677950341256","0.2788887867795034059","0","0","27.888878677950341256","0.2788887867795034059","1.5385529872565786093e-005","0","1.5385529872565786093e-005","18134.959433695450571","0","18134.959433695450571","99506841.552757501602","0","99506841.552757501602","5487.0175980581452677","0","5487.0175980581452677","75.166629683958348096","0","0","100","26.40516626185241833","37.717234846666599424","122.00234989648032524","175532.87497743804124","125999.20266273031302","1797.95774799292235","0","100","3500","0","26.075469324568413043","0","0","175400.8780793651531","0","0","69.076412608626910128","73.778053150901740764","909","73335.276620999415172","0.78123679709812909877","0.78123679709812909877","234068.49939026433276","5.810451803364522938","20.409805074294244065","26.221946849098255683","79365245.406208783388","17348.614306819265039","82025456.97306548059","17537.697295342924917","72135.66034132380446","270.11855503380434129","0","0","188.08254943094524947","6122.6872474328984026","0","0","0","0","0","0","0","0","0","0","0","0","0","0","0","0","0","0","0","0","877.38508431350521732","67290.533815291535575","78452352.737616539001","17079.496190878177003","17079.496190878177003","0","0","0","0","0","0","0","0","0"
"05/14/2026 15:39:58.311","343.78362258794317086","3.9974839835807340904","3.9974839835807340904","0","1000000000","343.78362258794317086","0","3.9974839835807340904","44410","0","0","0","0","0","0","0","0","0","0","0","0","0","1","21.786212638571310407","0.21786212638571308964","0","0","21.786212638571310407","0.21786212638571308964","1.6135683602429268637e-005","0","1.6135683602429268637e-005","13493.507186576767708","0","13493.507186576767708","95904821.505344539881","0","95904821.505344539881","7107.4791882684048687","0","7107.4791882684048687","80.12744090400822472","0","0","100","25.891149779848454671","33.865664358488636765","121.9947440914251473","167065.21240222730557","138326.32322228938574","1778.9809649036753854","0","100","3500","0","22.461606830181256811","0","0","167204.21091494319262","0","0","72.246448680541348608","77.440734009687517414","837","61636.340491156741336","0.58593496095933572665","0.68358412117655786844","211380.73822610097704","5.0780863284575756822","17.480319669250842907","22.559265990312482586","55444023.531589217484","11330.868351459590485","56946014.178675942123","11397.826208184567804","47150.323586334758147","176.88866627344748395","0","0","65.95848572908211338","6597.8473149000019475","0","0","0","0","0","4.9968549794759180571","3.9974839835807340904","0","0","0","0","0","0","0","0","0","0","0","0","0","345.78236457973349616","72617.29467473171826","54847782.805502213538","11154.97905618203913","11154.97905618203913","0","0","0","0","0","0","0","0","0"
"05/14/2026 15:39:59.311","671.92299762447214562","4.9994270656582751045","4.9994270656582751045","0","1000000000","671.92299762447214562","0","2.9996562393949650627","44412","0","0","0","0","0","0","0","0","0","0","0","0","0","0","22.625191088015935037","0.22625191088015936258","0","0","22.625191088015935037","0.22625191088015936258","1.5064338504560888953e-005","0","1.5064338504560888953e-005","15017.279019824327406","0","15017.279019824327406","77847846.636775419116","0","77847846.636775419116","5183.8849457354017431","0","5183.8849457354017431","78.928473106877390819","0","0","100","25.699441941429448377","34.509937218410811965","121.9941813781482125","181634.87285558899748","126349.05837989595602","1777.9987554008712323","0","100","3500","0","23.144322489670720699","0","0","181692.87281498903758","0","0","71.714303628619802566","76.855677510329272195","1869","70972.950318934774259","0.29297079102113571247","0.7812521093806953365","231423.83800331340171","4.5898523926014602736","18.55474009779826261","23.144322489670720699","70989368.618356332183","14972.284176233402832","73081352.876960292459","15087.270998743542805","62448.843362550644088","233.97318667280728732","0","0","118.98636416266694482","6696.2326117426937344","0","0","0","0","0","1.9997708262633100418","1.9997708262633100418","0","0","0","0","0","0","0","0","0","0","0","0","0","19.997708262633100418","73608.56445851305034","70176917.72522868216","14733.311562494936879","14733.311562494936879","0","0","0","0","0","0","0","0","0"
"05/14/2026 15:40:00.311","192.05325636799085487","6.0016642614997142147","6.0016642614997142147","0","1000000000","192.05325636799085487","0","3.0008321307498571073","44415","0","0","0","0","0","0","0","0","0","0","0","0","0","1","37.497346536839366138","0.37497346536839365472","0","0","37.497346536839366138","0.37497346536839365472","1.4826790020954415419e-005","0","1.4826790020954415419e-005","25300.015694352045102","0","25300.015694352045102","124368567.40374106169","0","124368567.40374106169","4915.750602933618211","0","4915.750602933618211","67.042742679516337034","0","0","100","30.210374999400038121","39.391364726473945268","122.01883060878530785","216580.88709142795415","100030.92169962463959","1798.8163408515988522","0","100","3500","0","23.982827456351973439","0","0","216518.89342098170891","0","0","67.698801759529786182","76.017172543648030114","857","98913.900890719043673","0.53705194468477956971","1.3182175006881755586","291285.25977497693384","5.8587366705659116306","18.113281954220745718","23.982827456351973439","103673736.72719445825","24445.778814465251344","107812552.42078629136","24803.878115401403193","101344.1027196841751","379.1051258513986113","0","0","352.09763667464989112","6530.8109938886054806","0","0","0","0","0","5.0013868845830948828","4.0011095076664764392","0","0","0","0","0","0","0","0","0","0","0","0","0","12.003328522999428429","71782.905399667331949","102412014.85171838105","24073.675630252269912","24073.675630252269912","0","0","0","0","0","0","0","0","0"
"05/14/2026 15:40:01.311","255.98305392183036133","7.9994704350571987916","7.9994704350571987916","0","1000000000","255.98305392183036133","0","3.9997352175285993958","44419","0","0","0","0","0","0","0","0","0","0","0","0","0","0","17.763281565590915534","0.17763281565590915978","0","0","17.763281565590915534","0.17763281565590915978","1.5907234957020059007e-005","0","1.5907234957020059007e-005","11167.260727339849836","0","11167.260727339849836","75246730.666429877281","0","75246730.666429877281","6738.1547277936961109","0","6738.1547277936961109","83.109184208105517655","0","0","100","23.321941487872500431","31.112909496102016504","121.99609818521700788","164091.9991076978622","145293.00905556435464","1782.8044263544286423","0","100","3500","0","22.615777496030432303","0","0","164056.00305646468769","0","0","74.497064317053769855","77.384222503969567697","978","57727.667274899940821","0.34176308958632467538","0.43940254452519128536","199748.08763478643959","4.6381790766597212894","17.869160130705882494","22.518128042171447589","53481495.524996243417","10186.325665240960006","54736264.459292791784","10223.323216003100242","42353.196218410339497","158.98947489676183409","0","0","35.997616957757394118","6573.5648300082530113","0","0","0","0","0","4.9996690219107495778","3.9997352175285993958","0","0","0","0","0","0","0","0","0","0","0","0","0","40.99728597966814192","72304.213461068880861","52941391.279897272587","10027.336190344198258","10027.336190344198258","0","0","0","0","0","0","0","0","0"
"05/14/2026 15:40:02.326","126.0635255772552199","3.9394851742892256219","3.9394851742892256219","0","1000000000","126.0635255772552199","0","1.9697425871446128109","44421","0","0","0","0","0","0","0","0","0","0","0","0","0","0","26.46776392390439625","0.26467763923904397139","0","0","26.46776392390439625","0.26467763923904397139","1.5664420610865003084e-005","0","1.5664420610865003084e-005","16896.451912526488741","0","16896.451912526488741","110125061.91147169471","0","110125061.91147169471","6517.6442061086499962","0","6517.6442061086499962","76.451385235227704129","0","0","100","27.46970850134805886","36.695792895557481472","122.0056636889948436","170359.61195784091251","131338.20292267852346","1770.7937026321301346","0","100","3500","0","23.584612423890316535","0","0","170373.40011792813311","0","0","69.931307996365362101","76.415387576109679912","908","67893.885138126337552","0.72135172342609465979","0.62517740296439494596","223033.3380968143465","6.1074583801073094591","17.601023416895834828","23.680796593232756209","69809989.766202390194","14815.418869208206161","72049197.078753560781","14966.104177124769194","61775.067018029345491","231.44475398949199985","0","0","149.70043662299056564","6250.9781003034286186","0","0","0","0","0","4.9243564678615321384","3.9394851742892256219","0","0","0","0","0","0","0","0","0","0","0","0","0","707.13758878491603355","68730.228093236975837","69022301.524058774114","14583.97411521871436","14583.97411521871436","0","0","0","0","0","0","0","0","0"
"05/14/2026 15:40:03.311","130.02376793845488123","4.0632427480767150385","4.0632427480767150385","0","1000000000","130.02376793845488123","0","2.0316213740383575193","44423","0","0","0","0","0","0","0","0","0","0","0","0","0","0","17.1695382083867365","0.171695382083867365","0","0","17.1695382083867365","0.171695382083867365","1.555736377025036937e-005","0","1.555736377025036937e-005","11035.767303776357949","0","11035.767303776357949","57152207.244883716106","0","57152207.244883716106","5178.8159057437405863","0","5178.8159057437405863","83.094523826382200582","0","0","100","26.947662709822974847","36.275400222034036801","122.00449335016972441","164573.4858343314263","136617.15380959142931","1804.1684825175464084","0","100","3500","0","24.802722986085090184","0","0","164617.16784150947933","0","0","70.258888271811812842","75.24688134244368598","681","57559.679272481247608","0.64482579514478965965","0.595231625192416125","204776.17034763767151","5.059448496982750676","19.692166691267352974","24.753118657556317572","54722168.666425444186","11145.474857974430051","56169926.437021672726","11205.407688508561478","46564.761892959155375","174.71943816729873333","0","0","58.917019847112364062","6504.2358289838011842","0","0","0","0","0","20.316213740383574304","16.252970992306860154","0","0","0","0","0","0","0","0","0","0","0","0","0","60.948641221150722913","71545.578308134790859","54143977.349859625101","10972.787041181169116","10972.787041181169116","0","0","0","0","0","0","0","0","0"
"05/14/2026 15:40:04.311","191.94389479955012234","5.9982467124859413232","5.9982467124859413232","0","1000000000","191.94389479955012234","0","2.9991233562429706616","44426","0","0","0","0","0","0","0","0","0","0","0","0","0","0","23.545692243861964243","0.23545692243861965354","0","0","23.545692243861964243","0.23545692243861965354","1.5505992756009219789e-005","0","1.5505992756009219789e-005","15180.562721516502279","0","15180.562721516502279","89471447.495896950364","0","89471447.495896950364","5893.81626605202473","0","5893.81626605202473","78.374314892090225726","0","0","100","25.359641993164974139","34.40393685921640099","121.98610740805872865","176704.32852355160867","130008.91277901944704","1782.9932246257465067","0","100","3500","0","22.70559787249425554","0","0","176774.32825755261001","0","0","71.805088905904341345","77.24557245466455413","1437","68985.737854196151602","0.53710640138711074343","0.78124476566007006184","225284.14392025308916","4.101532519732117521","18.652215030159297271","22.754427545335442318","68249394.701928630471","14188.852598385492456","70230415.649505659938","14294.821623639410973","58954.767521453482914","220.93542057656549105","0","0","116.96581089347584737","6553.0845333908901011","0","0","0","0","0","4.9985389270716176213","3.9988311416572939194","0","0","0","0","0","0","0","0","0","0","0","0","0","0.99970778541432347986","72023.947400174933136","67453691.286037102342","13955.920684383956541","13957.920099954784746","0","0","0","0","0","0","0","0","0"
"05/14/2026 15:40:05.311","192.06499479423837329","6.0020310873199491652","6.0020310873199491652","0","1000000000","192.06499479423837329","0","3.0010155436599745826","44429","0","0","0","0","0","0","0","0","0","0","0","0","0","1","38.186603984206854534","0.38186603984206851647","0","0","38.186603984206854534","0.38186603984206851647","1.4826919044845661942e-005","0","1.4826919044845661942e-005","25763.718442320881877","0","25763.718442320881877","127953187.35860215127","0","127953187.35860215127","4966.4099398175112583","0","4966.4099398175112583","66.697809897227330111","0","0","100","29.537900170244359543","38.752881673770851023","122.01468047054082433","218248.73021320576663","100074.28896160438308","1784.9814361930634732","0","100","3500","0","22.754154911288793528","0","0","218123.73151319223689","0","0","68.233504829434068029","77.245845088711206472","872","99441.96580355563492","0.53710822754284903713","1.1230362939802298605","292536.95761564077111","4.9804535645032368407","17.724551508980020742","22.754154911288793528","105459471.48515057564","24779.385344000409532","109596239.36740192771","25128.503485579520202","102690.75054998611449","384.12998958847674658","0","0","336.11374088991715325","6640.2470596049697633","0","0","0","0","0","0","0","0","0","0","0","0","0","0","0","0","0","0","0","0","1.0003385145533247869","73015.708515761725721","104196540.10917294025","24407.259416586570296","24407.259416586570296","0","0","0","0","0","0","0","0","0"
"05/14/2026 15:40:06.311","64.026686322859362122","2.0008339475893550663","2.0008339475893550663","0","1000000000","64.026686322859362122","0","1.0004169737946775331","44430","0","0","0","0","0","0","0","0","0","0","0","0","0","0","18.981502546243632423","0.18981502546243633756","0","0","18.981502546243632423","0.18981502546243633756","1.6418605656950089748e-005","0","1.6418605656950089748e-005","11565.820634040268487","0","11565.820634040268487","99389905.712701052427","0","99389905.712701052427","8593.4157944814469374","0","8593.4157944814469374","82.621293446766387092","0","0","100","22.740513417857624034","30.33296799298546631","122.01211473594767654","156827.55438751468319","153295.05451763054589","1772.9271326948462502","0","100","3500","0","21.826375434061418446","0","0","156787.55603144710767","0","0","75.12615218461954214","78.173624565938581554","670","55409.722660398656444","0.14648963377591556201","0.5371086572283568783","192122.10378153456259","3.7597506006234988618","18.066364834087913493","21.826375434061418446","52496684.618148840964","8972.7398379644637316","53581996.976339735091","9000.7515132307144086","37547.649860461839125","141.05879330504953373","0","0","27.01125829245629717","6653.7732927084007315","0","0","0","0","0","7.0029188165627429541","6.002501842768065643","0","0","0","0","0","0","0","0","0","0","0","0","0","64.026686322859362122","73173.49871426410391","52028597.519446104765","8833.6818786070034548","8833.6818786070034548","0","0","0","0","0","0","0","0","0"
"05/14/2026 15:40:07.311","0","0","0","0","1000000000","0","0","0","44430","0","0","0","0","0","0","0","0","0","0","0","0","0","1","30.992206443643915748","0.3099220644364391597","0","0","30.992206443643915748","0.3099220644364391597","1.4565457279819533454e-005","0","1.4565457279819533454e-005","21258.947731043441308","0","21258.947731043441308","93497519.523003488779","0","93497519.523003488779","4398.0313939280003979","0","4398.0313939280003979","71.830357749996593952","0","0","100","26.145641179886823124","37.894200878979525271","121.98507716311618765","188646.0934445229941","116947.50647960184142","1817.0490603246287264","0","100","3500","0","26.025804255496165496","0","0","188750.09625259882887","0","0","68.968673775426864836","73.974195744503830952","1557","85992.321792688395362","0.73241589847096855159","0.68359617186143761813","258614.9826045303198","4.9804421095241862005","21.044802149107965761","25.97697452894264103","94633593.37361857295","21591.649563661048887","97926222.519378140569","21823.441831430674938","89176.080396748438943","333.70093722006339476","0","0","256.76988283100689614","6242.4055561405875778","0","0","0","0","0","0","0","0","0","0","0","0","0","0","0","0","0","0","0","0","720.354418370256667","68604.5166321942379","93382934.214357107878","21231.971906777147524","21231.971906777147524","0","0","0","0","0","0","0","0","0"
"05/14/2026 15:40:08.311","256.12952470064112731","8.0040476468950352285","8.0040476468950352285","0","1000000000","256.12952470064112731","0","4.0020238234475176142","44434","0","0","0","0","0","0","0","0","0","0","0","0","0","0","36.153750923495934444","0.36153750923495936442","0","0","36.153750923495934444","0.36153750923495936442","1.484455347977827891e-005","0","1.484455347977827891e-005","24367.322555016071419","0","24367.322555016071419","119077689.58762447536","0","119077689.58762447536","4886.7777458427426609","0","4886.7777458427426609","67.911561189130765115","0","0","100","29.981817861822790405","41.04959768579332291","122.01510489244422786","206859.63579696565284","102658.62472440335841","1847.9342135419981332","0","100","3500","0","27.832347537670830917","0","0","206770.63896525284508","0","0","66.337828113556298604","72.265312032627065264","807","91627.738052525339299","1.4160137695394139357","1.2695244140925778797","279698.04274967813399","7.7636358400023048887","20.019441914455576637","27.783517752521891708","101677754.44042052329","23996.134845391316048","105728987.14880114794","24340.30889420780295","99758.447847076269682","373.18872153648101175","0","0","318.16089396407767254","6489.2816297201497946","0","0","0","0","0","0","0","0","0","0","0","0","0","0","0","0","0","0","0","0","285.1441974206356349","71375.094385230608168","100525715.8545076251","23649.959784663104074","23649.959784663104074","0","0","0","0","0","0","0","0","0"
"05/14/2026 15:40:09.311","255.89955942292650093","7.996861231966453154","7.996861231966453154","0","1000000000","255.89955942292650093","0","3.998430615983226577","44438","0","0","0","0","0","0","0","0","0","0","0","0","0","0","17.395859497111519687","0.17395859497111518244","0","0","17.395859497111519687","0.17395859497111518244","1.625656886563258999e-005","0","1.625656886563258999e-005","10697.801113063122102","0","10697.801113063122102","73396088.035446092486","0","73396088.035446092486","6860.8574098299386606","0","6860.8574098299386606","83.44780736206722338","0","0","100","24.940030651782315374","32.786251811750702245","121.99688679357596754","159585.30758060960216","146603.07961143157445","1796.8458306277323118","0","100","3500","0","22.225386317350558585","0","0","159697.29797183402115","0","0","73.14678459498071561","77.676974462019387602","835","55242.260214073634415","0.53704071070553804912","0.68351453999478450907","196321.15564484568313","4.8822809961780215815","17.429715759380165707","22.323025537980612398","51740363.907166436315","9638.2169998275676335","52927689.881721422076","9675.2024830254122207","40464.117833750249702","151.94036340736261081","0","0","34.986267889853230884","6517.4419040526590834","0","0","0","0","0","0","0","0","0","0","0","0","0","0","0","0","0","0","0","0","79.968612319664529764","71699.857805811217986","51237233.385896034539","9488.2758517281963577","9488.2758517281963577","0","0","0","0","0","0","0","0","0"
"05/14/2026 15:40:10.311","256.06906182597447241","8.0021581820617022629","8.0021581820617022629","0","1000000000","256.06906182597447241","0","4.0010790910308511314","44442","0","0","0","0","0","0","0","0","0","0","0","0","0","0","16.217130441347112679","0.16217130441347113456","0","0","16.217130441347112679","0.16217130441347113456","1.6249764552650034253e-005","0","1.6249764552650034253e-005","9983.6926018947306147","0","9983.6926018947306147","74567310.8037237674","0","74567310.8037237674","7468.9109307684602754","0","7468.9109307684602754","84.461805894060489663","0","0","100","23.643127874885003337","31.326303747850086978","122.00853758093563783","156515.67371491974336","151995.45198895590147","1763.8047468145275616","0","100","3500","0","22.078764454056731381","0","0","156398.68666538613616","0","0","74.300918350358983844","77.92122554702814341","602","53621.064148198791372","0.29293821620354193458","0.48822702736753065267","190239.94043859344674","4.1499397315391286511","17.917975899614891233","22.078774452971849485","52341568.521030120552","8973.420131409440728","53451791.948288455606","9003.4282245921731374","37530.121873869386036","140.03776818607980204","0","0","29.007823409973671147","6590.7775327005692816","0","0","0","0","0","10.002697727577128717","8.0021581820617022629","0","0","0","0","0","0","0","0","0","0","0","0","0","52.014028183401066485","72419.531547658407362","51869349.163469389081","8833.3823632233616081","8833.3823632233616081","0","0","0","0","0","0","0","0","0"
"05/14/2026 15:40:11.311","127.96277562856964494","3.9988367383928014043","3.9988367383928014043","0","1000000000","127.96277562856964494","0","1.9994183691964007021","44444","0","0","0","0","0","0","0","0","0","0","0","0","0","0","20.215149569831829979","0.20215149569831830645","0","0","20.215149569831829979","0.20215149569831830645","1.5596806541190989218e-005","0","1.5596806541190989218e-005","12960.22986913106979","0","12960.22986913106979","88980195.661082193255","0","88980195.661082193255","6865.634063560629329","0","6865.634063560629329","81.700719168115256252","0","0","100","23.597540912771698629","30.990276315241988669","121.99439380673121036","159290.78197211129009","149838.18579042860074","1756.4607196467634367","0","100","3500","0","21.022442987274182258","0","0","159368.80243687919574","0","0","74.617616173562993254","78.977557012725824848","1632","60570.887743855215376","0.39074120494692793359","0.68379460794542124003","201293.79936357308179","4.2492493363611290036","16.801661752934883509","21.022442987274182258","65653465.406913131475","11621.619270954079184","67378399.623549506068","11733.586699629078794","48237.967575232367381","180.94736241227425921","0","0","113.96684704419485001","6506.1073733650882787","0","0","0","0","0","0","0","0","0","0","0","0","0","0","0","0","0","0","0","0","0.99970918459820035107","71553.185178431594977","65025564.063413955271","11437.672780988010345","11437.672780988010345","0","0","0","0","0","0","0","0","0"
"05/14/2026 15:40:12.327","189.01758601899922496","5.90679956309372578","5.90679956309372578","0","1000000000","189.01758601899922496","0","2.95339978154686289","44447","0","0","0","0","0","0","0","0","0","0","0","0","0","0","31.71765051581253303","0.31717650515812534362","0","0","31.71765051581253303","0.31717650515812534362","1.4819148838279273163e-005","0","1.4819148838279273163e-005","21397.381417307024094","0","21397.381417307024094","106914395.21509857476","0","106914395.21509857476","4996.6111801242232104","0","4996.6111801242232104","71.485259643333961321","0","0","100","26.760776377952755212","37.586220472440942331","122.00555689039072149","201039.63243079162203","110126.96794787060935","1762.8062063770669283","0","100","3500","0","24.596208931311302592","0","0","201054.39630186680006","0","0","69.178150346899641931","75.403791068688690302","1099","87256.446570485612028","0.43252343987678126824","0.76893602777047520558","264071.51934111397713","4.8539080601523032499","19.60786378695654264","24.596208931311302592","88204280.756090044975","20769.291730431388714","91585935.319560319185","21039.035577146001742","86286.528017673146678","322.90504278245703063","0","0","265.80598033921768319","6440.3804569598596572","0","0","0","0","0","6.8912661569426800767","5.90679956309372578","0","0","0","0","0","0","0","0","0","0","0","0","0","813.16940651923630412","70787.085964115220122","87119465.51339687407","20449.340087430478889","20450.3245540243297","0","0","0","0","0","0","0","0","0"
"05/14/2026 15:40:13.311","130.09684897300732587","4.0655265304064789333","4.0655265304064789333","0","1000000000","130.09684897300732587","0","2.0327632652032394667","44449","0","0","0","0","0","0","0","0","0","0","0","0","0","0","22.124217394206549869","0.22124217394206549536","0","0","22.124217394206549869","0.22124217394206549536","1.5605546796617458908e-005","0","1.5605546796617458908e-005","14182.589301323003383","0","14182.589301323003383","83391039.416905924678","0","83391039.416905924678","5879.8176866848216378","0","5879.8176866848216378","79.186666042170358537","0","0","100","26.636671911982730876","34.666184942908422784","122.01634747978737039","178478.50254066518391","128341.33626308568637","1803.3673287547785549","0","100","3500","0","21.717038355418118556","0","0","178431.76738735660911","0","0","71.579650862541484457","78.28296164458188855","950","65913.837852182405186","0.19843336094460417574","0.84334432399409942072","221901.55585389290354","4.5640282612346592117","17.263925920379364243","21.717038355418118556","61008588.018242828548","13181.453393210407739","62819198.717245064676","13273.944121777154578","54762.64236457527295","205.30908978552719191","0","0","91.474346934145785326","6605.4642302779275269","0","0","0","0","0","5.0819081630080988887","4.0655265304064789333","0","0","0","0","0","0","0","0","0","0","0","0","0","9.1474346934145778221","72612.336596324923448","60319143.832636907697","12978.177066690082938","12978.177066690082938","0","0","0","0","0","0","0","0","0"
"05/14/2026 15:40:14.326","125.98415276838363752","3.9370047740119886726","3.9370047740119886726","0","1000000000","125.98415276838363752","0","1.9685023870059943363","44451","0","0","0","0","0","0","0","0","0","0","0","0","0","1","23.451685211776688078","0.23451685211776687745","0","0","23.451685211776688078","0.23451685211776687745","1.5659575167696961772e-005","0","1.5659575167696961772e-005","14966.523648406575376","0","14966.523648406575376","87483395.682365596294","0","87483395.682365596294","5845.2716033144806715","0","5845.2716033144806715","78.534798426571015284","0","0","100","26.975697524377313385","37.149455892385326194","121.99054749019566657","173689.81943306274479","128142.23292990561458","1755.9646415887079911","0","100","3500","0","26.038536009817192962","0","0","173808.9847284257412","0","0","69.573718535852236755","73.913372767544970543","1595","66710.898985942738364","0.72134864215915117658","0.72134864215915117658","222301.38124395374325","6.2516225740179374171","19.860916599203044086","26.086627232455029457","66385325.680845916271","13996.051971612620036","68459662.630186900496","14125.973129155016068","58307.040703117556404","218.50376495766536777","0","0","129.9211575423956333","6437.9870567031048267","0","0","0","0","0","8.8582607415269745132","6.889758354520980177","0","0","0","0","0","0","0","0","0","0","0","0","0","31.49603819209590938","70823.763130895167706","65644798.704882904887","13777.54820665495572","13777.54820665495572","0","0","0","0","0","0","0","0","0"
"05/14/2026 15:40:15.311","195.1532471365835022","6.0985389730182344437","6.0985389730182344437","0","1000000000","195.1532471365835022","0","3.0492694865091172218","44454","0","0","0","0","0","0","0","0","0","0","0","0","0","0","36.996906808161050151","0.36996906808161050817","0","0","36.996906808161050151","0.36996906808161050817","1.4989216775733629598e-005","0","1.4989216775733629598e-005","24696.033571237338037","0","24696.033571237338037","125301915.28682141006","0","125301915.28682141006","5073.7668024859040088","0","5073.7668024859040088","68.122163655640960656","0","0","100","29.13316860252460927","40.483559160848258784","122.00952469610633955","202697.02611539594363","105484.23007704994234","1831.6363522215372086","0","100","3500","0","26.687462673497442722","0","0","202591.37432358725346","0","0","66.795907750574286865","73.163734166934432324","820","91370.514027459503268","0.79364055442789449568","1.3392690705095156023","275517.52361952472711","6.8451485121157036318","19.98981702026549101","26.836265833065564124","99053396.977686062455","23357.404266659836139","102851469.4734582454","23660.298368986408605","96987.098134233310702","362.86306889458489877","0","0","300.86125600223289211","6269.2980642627444468","0","0","0","0","0","10.164231621697057406","8.1313852973576459249","0","0","0","0","0","0","0","0","0","0","0","0","0","408.60211119222168463","68984.640016457924503","97820174.820718199015","22994.541197765251127","22996.574044089589734","0","0","0","0","0","0","0","0","0"
"05/14/2026 15:40:16.326","62.992696390557867403","1.9685217622049333563","1.9685217622049333563","0","1000000000","62.992696390557867403","0","0.98426088110246667817","44455","0","0","0","0","0","0","0","0","0","0","0","0","0","0","16.536891401827876535","0.16536891401827877313","0","0","16.536891401827876535","0.16536891401827877313","1.5804187447068785127e-005","0","1.5804187447068785127e-005","10459.740383475913404","0","10459.740383475913404","69338328.654157102108","0","69338328.654157102108","6629.0678460525077753","0","6629.0678460525077753","84.008059355580428473","0","0","100","23.028457417060902657","31.485143507994195033","122.00199588615514301","163674.92772053755471","145040.39947794814361","1816.5864086647923159","0","100","3500","0","24.614620091654838774","0","0","163733.0191016276367","0","0","74.211174769329360856","75.337300651516756034","882","56473.683816686447244","0.52885213260501251487","0.72115931366491647925","198574.0633601709269","5.0962042987365192559","19.56750921387805775","24.662699348483240414","53473110.189580455422","9938.0821164916069392","54682495.156452208757","9973.5155082112942182","41425.571963840615354","155.51321921418974625","0","0","34.449130838586334846","6654.5878171337772073","0","0","0","0","0","5.9055652866148005131","4.9213044055123331688","0","0","0","0","0","0","0","0","0","0","0","0","0","20.669478503151800908","73160.111292346351547","52950148.761189572513","9783.5531581585182721","9783.5531581585182721","0","0","0","0","0","0","0","0","0"
"05/14/2026 15:40:17.311","65.035277065014852838","2.0323524082817141512","2.0323524082817141512","0","1000000000","65.035277065014852838","0","1.0161762041408570756","44456","0","0","0","0","0","0","0","0","0","0","0","0","0","0","27.453133998828654683","0.27453133998828654905","0","0","27.453133998828654683","0.27453133998828654905","1.5120647614786646111e-005","0","1.5120647614786646111e-005","18170.246706242665823","0","18170.246706242665823","101013832.90181410313","0","101013832.90181410313","5559.2989206420224946","0","5559.2989206420224946","75.461714794450003296","0","0","100","24.961179710258011966","35.221391554827299331","122.00601995765192953","179830.48243867311976","126589.99208905463456","1779.9465853472195249","0","100","3500","0","25.443890616834639928","0","0","179765.46155884308973","0","0","71.119334995087072571","74.556109383165363624","828","76696.191564516149811","0.54564391060989403393","1.1409047428250518319","238836.93088443024317","5.5557440628334715527","19.841943081548112815","25.443890616834639928","80490711.488979622722","17341.046923663725465","83262340.215183436871","17558.508631349868665","72181.02813253334898","270.30287030146797633","0","0","216.44553148200253645","6338.9071614306658375","0","0","0","0","0","0","0","0","0","0","0","0","0","0","0","0","0","0","0","0","914.55858372677130319","69661.927322468167404","79578205.581185206771","17071.760229566396447","17071.760229566396447","0","0","0","0","0","0","0","0","0"
"05/14/2026 15:40:18.326","62.99928781273855094","1.9687277441480797169","1.9687277441480797169","0","1000000000","62.99928781273855094","0","0.98436387207403985844","44457","0","0","0","0","0","0","0","0","0","0","0","0","0","1","23.91406432162962048","0.23914064321629621701","0","0","23.91406432162962048","0.23914064321629621701","1.5480327764315774053e-005","0","1.5480327764315774053e-005","15436.794241865092772","0","15436.794241865092772","91045562.758364751935","0","91045562.758364751935","5897.9579135314370433","0","5897.9579135314370433","78.194766798408068098","0","0","100","25.270485954131373774","34.382695376433687784","121.98636973287135277","180246.82995183044113","127464.0129527595418","1758.457629835413627","0","100","3500","0","23.848335767068729041","0","0","180341.34951088094385","0","0","71.816103533673526726","76.151664232931267406","1712","69972.041902095850674","0.76920872962556841035","0.96151829643576491868","228668.41239041145309","4.9517842737995154678","18.941763736295655463","23.848335767068729041","68554360.264380440116","14387.462354234166924","70642377.160001948476","14514.445293731718266","59632.763370245331316","223.4505989608070422","0","0","126.9829394975511434","6633.6281339069546448","0","0","0","0","0","3.9374554882961594338","2.9530916162221196863","0","0","0","0","0","0","0","0","0","0","0","0","0","112.21748141644053476","72975.815656208942528","67793281.618136703968","14164.011755273359086","14164.011755273359086","0","0","0","0","0","0","0","0","0"
"05/14/2026 15:40:19.311","65.009295313459588783","2.0315404785456121495","2.0315404785456121495","0","1000000000","65.009295313459588783","0","1.0157702392728060747","44458","0","0","0","0","0","0","0","0","0","0","0","0","0","0","40.239475140902534633","0.4023947514090253641","0","0","40.239475140902534633","0.4023947514090253641","1.4918903242815713175e-005","0","1.4918903242815713175e-005","26969.715622932271799","0","26969.715622932271799","133600862.8358720541","0","133600862.8358720541","4953.7364317728142851","0","4953.7364317728142851","65.346158382366425599","0","0","100","30.293266527334012039","42.424623850586854701","122.00959543083624226","214826.89990675909212","97188.016628594938084","1846.736888041119073","0","100","3500","0","28.175418161633935199","0","0","214749.69858470675536","0","0","65.242784309936922682","71.824581838366057696","1016","98552.566634137139772","0.69444296297966823239","1.1904576872834753409","295884.22483422287041","6.4979381565830713896","21.676342240102737691","28.175418161633935199","107041502.1372821629","25654.293163073991309","111255705.32749143243","25996.607733708926389","106452.7210757900757","398.18193379493999373","0","0","340.28303015638999796","6632.9796624514237919","0","0","0","0","0","0","0","0","0","0","0","0","0","0","0","0","0","0","0","0","56.883133399277141962","72933.318950026747189","105691592.24626009166","25257.126999518321099","25257.126999518321099","0","0","0","0","0","0","0","0","0"
"05/14/2026 15:40:20.311","0","0","0","0","1000000000","0","0","0","44458","0","0","0","0","0","0","0","0","0","0","0","0","0","0","21.201561906879980768","0.21201561906879981545","0","0","21.201561906879980768","0.21201561906879981545","1.5540379681888146857e-005","0","1.5540379681888146857e-005","13645.457546904197443","0","13645.457546904197443","76039550.723085224628","0","76039550.723085224628","5572.5174814923402664","0","5572.5174814923402664","79.776289879165020125","0","0","100","26.221915344389469027","35.651270858269377584","122.0071252142767122","173932.70499272376765","130223.24043675002758","1820.0596979580932384","0","100","3500","0","24.512354096225596578","0","0","173901.70397589041386","0","0","70.772505510953706676","75.389996724027525943","907","64284.108518759421713","0.43944630865100731132","0.78124343755512459797","219481.19898332667071","4.8827689847405277845","19.726394298287893037","24.610003275972481163","59932525.847905211151","13027.346225055132891","61682228.969437398016","13110.361176047807021","54157.753811461443547","203.03656688569611788","0","0","82.01477086023193408","6474.1659972961133462","0","0","0","0","0","5.0009006622092639915","4.0007205297674115485","0","0","0","0","0","0","0","0","0","0","0","0","0","29.005223840813730618","71200.82326827061479","59251119.126554690301","12826.310018434320227","12826.310018434320227","0","0","0","0","0","0","0","0","0"
"05/14/2026 15:40:21.311","320.24373750861781218","10.007616797144306631","10.007616797144306631","0","1000000000","320.24373750861781218","0","5.0038083985721533153","44463","0","0","0","0","0","0","0","0","0","0","0","0","0","0","16.766135149202725074","0.16766135149202723853","0","0","16.766135149202725074","0.16766135149202723853","1.634283068525197607e-005","0","1.634283068525197607e-005","10266.814072190343722","0","10266.814072190343722","74936009.797056540847","0","74936009.797056540847","7298.857198557364427","0","7298.857198557364427","83.981355972033952639","0","0","100","24.353461780325879715","32.448835352418498701","122.01724438775202941","158511.76223235664656","148168.03026287560351","1764.9973525039713422","0","100","3500","0","23.193244789867183187","0","0","158450.76232385652838","0","0","73.362240043360060326","76.660264990397479323","703","53793.919309121039987","0.58594087891131840795","0.63477095215642820314","193162.710255934624","4.7363371045056572584","18.603547905321857314","23.339735009602513571","52087776.006318405271","9195.999074895902595","53210418.449481897056","9229.0242103264790785","38633.403883695878903","145.11044355859243637","0","0","33.02513543057621348","6522.9646283786587446","0","0","0","0","0","0","0","0","0","0","0","0","0","0","0","0","0","0","0","0","0","71713.581206656381255","51599720.547308556736","9050.8886313373095618","9050.8886313373095618","0","0","0","0","0","0","0","0","0"
"05/14/2026 15:40:22.311","191.90025024992010572","5.9968828203100033036","5.9968828203100033036","0","1000000000","191.90025024992010572","0","2.9984414101550016518","44466","0","0","0","0","0","0","0","0","0","0","0","0","0","0","21.204830191577041631","0.21204830191577042631","0","0","21.204830191577041631","0.21204830191577042631","1.5479671532846713472e-005","0","1.5479671532846713472e-005","13692.882439707840604","0","13692.882439707840604","84972407.342663288116","0","84972407.342663288116","6205.5894890510944606","0","6205.5894890510944606","80.522150876694084332","0","0","100","22.816772705239429797","32.372431357555029763","121.99389891000289765","164814.31542395500583","142647.49076438721386","1777.8092410684332663","0","100","3500","0","24.471152855877566168","0","0","164860.31048868456855","0","0","73.490710116313266553","75.528847144122437385","865","63656.169692991941702","0.58587590517597376572","0.58587590517597376572","208901.58485994453076","4.8822858779249553862","19.529113514981460753","24.471152855877566168","64241671.179320991039","12771.361446320202958","66039400.719506002963","12869.310532385266924","53048.425428462287528","198.89661354028177698","0","0","95.950125124960052858","6260.745664403642877","0","0","0","0","0","4.9974023502583362344","3.9979218802066687211","0","0","0","0","0","0","0","0","0","0","0","0","0","641.66646177317034017","68829.222570108060609","63569644.498789533973","12573.464313249973202","12573.464313249973202","0","0","0","0","0","0","0","0","0"
"05/14/2026 15:40:23.311","63.943282308592273466","1.9982275721435085458","1.9982275721435085458","0","1000000000","63.943282308592273466","0","0.99911378607175427291","44467","0","0","0","0","0","0","0","0","0","0","0","0","0","0","23.643922116962144742","0.23643922116962143298","0","0","23.643922116962144742","0.23643922116962143298","1.5355802324826288229e-005","0","1.5355802324826288229e-005","15385.3531917189448","0","15385.3531917189448","90515041.158492416143","0","90515041.158492416143","5883.195532177413952","0","5883.195532177413952","78.396174080956313901","0","0","100","24.85161811521172126","34.031364079921935684","121.98167830403926359","179027.11519119242439","128883.57540526805678","1818.8183000518249628","0","100","3500","0","23.44552290919911286","0","0","179156.10230537969619","0","0","72.122901519920716851","76.55447709080088714","1783","70046.002404359809589","0.58586860097061832509","0.68351836727510961733","228152.20759446133161","4.0523053184026309737","19.431553573185532002","23.44552290919911286","69320396.808031275868","14460.17382581649872","71437275.136953517795","14593.055959364042792","60258.550665559640038","225.79971565221646301","0","0","132.88213354754330453","6641.1093360189506711","0","0","0","0","0","4.9955689303587709205","3.9964551442870170916","0","0","0","0","0","0","0","0","0","0","0","0","0","5.9946827164305256375","73056.199151352746412","68559475.745014160872","14235.373223950355168","14235.373223950355168","0","0","0","0","0","0","0","0","0"
"05/14/2026 15:40:24.311","192.14626173443224388","6.0045706792010076214","6.0045706792010076214","0","1000000000","192.14626173443224388","0","3.0022853396005038107","44470","0","0","0","0","0","0","0","0","0","0","0","0","0","0","37.731070579895323647","0.37731070579895320538","0","0","37.731070579895323647","0.37731070579895320538","1.480408835877113686e-005","0","1.480408835877113686e-005","25506.415483466014848","0","25506.415483466014848","125355196.37548102438","0","125355196.37548102438","4914.6535881037389117","0","4914.6535881037389117","66.711526536573046542","0","0","100","29.043500801659000388","40.314856773458529915","122.0206400798283255","217530.27959293284221","98481.413215389155084","1829.9602898617099527","0","100","3500","0","27.099821410517911602","0","0","217379.28286956172087","0","0","66.942165867718983918","72.997838306268917563","852","98717.857822485253564","0.48828858396310653722","1.220696459980266102","291954.66458377853269","6.5917808838354368106","20.361270952314239224","27.00216169373108599","104574946.44923716784","24738.831198308151215","108689646.55896067619","25078.089441683008772","102465.99711700546322","383.29176168899766708","0","0","337.25671981512329012","6603.0262235613754456","0","0","0","0","0","3.0022853396005038107","2.0015235597336693552","0","0","0","0","0","0","0","0","0","0","0","0","0","16.012188477869354841","72553.227516785773332","103277334.70717909932","24357.540960178888781","24357.540960178888781","0","0","0","0","0","0","0","0","0"
"05/14/2026 15:40:25.326","126.01617772061543121","3.9380055537692322254","3.9380055537692322254","0","1000000000","126.01617772061543121","0","1.9690027768846161127","44472","0","0","0","0","0","0","0","0","0","0","0","0","0","1","19.419889189882606928","0.19419889189882605374","0","0","19.419889189882606928","0.19419889189882605374","1.6117214320745461726e-005","0","1.6117214320745461726e-005","12044.389986203197623","0","12044.389986203197623","77476762.321477904916","0","77476762.321477904916","6432.6016020925289922","0","6432.6016020925289922","81.662171458737248031","0","0","100","25.508476739587059967","35.211829459880654269","122.00018562092930097","164973.17697484340169","137989.67180430033477","1771.7871215993557144","0","100","3500","0","25.267523554905967131","0","0","165051.96684128473862","0","0","71.144271306029850166","74.684384204116753381","1109","58933.835224782567821","0.28853374803821968397","0.48090271194737133076","206178.30737699673045","5.097580565337440639","20.294147628307943165","25.315615795883250172","55192356.803780794144","10944.701935313138165","56522934.058293901384","10982.112988073946326","45657.236390400481469","171.3032415889616118","0","0","36.426551372365395309","6556.7792470257718378","0","0","0","0","0","11.81401666130769712","9.8450138844230803414","0","0","0","0","0","0","0","0","0","0","0","0","0","84.667119406038494844","72141.30824088701047","54616419.553536497056","10774.383195112619433","10774.383195112619433","0","0","0","0","0","0","0","0","0"
"05/14/2026 15:40:26.311","130.06664187948734934","4.064582558733979667","4.064582558733979667","0","1000000000","130.06664187948734934","0","2.0322912793669898335","44474","0","0","0","0","0","0","0","0","0","0","0","0","0","1","21.935401791103817715","0.21935401791103817382","0","0","21.935401791103817715","0.21935401791103817382","1.5923719318935653438e-005","0","1.5923719318935653438e-005","13786.047893585977363","0","13786.047893585977363","82693249.307572960854","0","82693249.307572960854","5998.3288862681511091","0","5998.3288862681511091","79.33064244358213557","0","0","100","27.144711028179568046","36.356354421820675782","122.00644172448400582","175381.26073929198901","128093.51886180367728","1790.0089866171938411","0","100","3500","0","24.900405833213710594","0","0","175332.49772490060423","0","0","70.19171350119502506","74.950778157682393044","684","63253.756834695210273","0.84326024190703108285","0.595243718849997272","219410.1991501825687","5.605189675141428296","19.444540106315724159","25.049221842317603404","59895420.323055051267","12620.528844869008026","61697355.450488351285","12726.207991396091529","52571.310814665295766","197.13225409859802539","0","0","104.66300088739998841","6407.8144038441196244","0","0","0","0","0","9.1453107571514546947","7.1130194777844648613","0","0","0","0","0","0","0","0","0","0","0","0","0","26.419786631770868723","70434.135014661456808","59227146.046243362129","12423.396590770409603","12424.412736410093203","0","0","0","0","0","0","0","0","0"
"05/14/2026 15:40:27.326","63.00285383239468473","1.9688391822623338978","1.9688391822623338978","0","1000000000","63.00285383239468473","0","0.98441959113116694891","44475","0","0","0","0","0","0","0","0","0","0","0","0","0","1","22.810825592761897695","0.22810825592761896363","0","0","22.810825592761897695","0.22810825592761896363","1.5506361749146185542e-005","0","1.5506361749146185542e-005","14700.337754361717089","0","14700.337754361717089","88183834.452126190066","0","88183834.452126190066","5998.7624723766157331","0","5998.7624723766157331","79.190018251103538205","0","0","100","25.082581785472928715","34.87403138936453928","121.99211457288647864","171006.25769535053405","133625.42382638229174","1743.7461200171912878","0","100","3500","0","24.711579218914849321","0","0","171054.50363543003914","0","0","71.423423299237768447","75.144194390550453022","956","66390.351993517324445","0.62500399999803080142","0.81730913609396382835","218224.26386787701631","5.2884552426066493425","19.567301136097903225","24.855805609449543425","66802615.012201875448","13743.481911782222596","68816694.181194230914","13868.503199855880666","57261.71877691771806","214.60347086659439242","0","0","125.02128807365821217","6359.3505587073386778","0","0","0","0","0","0","0","0","0","0","0","0","0","0","0","0","0","0","0","0","723.54839948140772776","69924.307977637916338","66075377.008092910051","13528.878440915628744","13528.878440915628744","0","0","0","0","0","0","0","0","0"
"05/14/2026 15:40:28.311","65.009414175790325885","2.0315441929934476839","2.0315441929934476839","0","1000000000","65.009414175790325885","0","1.015772096496723842","44476","0","0","0","0","0","0","0","0","0","0","0","0","0","0","25.164246315835669066","0.25164246315835669954","0","0","25.164246315835669066","0.25164246315835669954","1.5201632402577478132e-005","0","1.5201632402577478132e-005","16552.00631241411611","0","16552.00631241411611","92535960.363760173321","0","92535960.363760173321","5590.6189628720467226","0","5590.6189628720467226","76.877404063003623946","0","0","100","25.097411367747660904","34.327831656825409823","121.99898929811085679","182807.84239467381849","125794.08355697798834","1787.9312406343133262","0","100","3500","0","23.115088636934366662","0","0","182877.93742626687163","0","0","71.877806348636170242","76.884911363065640444","1693","73589.624472471390618","0.29762025699143984658","0.59524051398287969317","235420.76676040777238","4.2162683497105577501","18.898810128495718175","23.115088636934366662","70836821.494712695479","15625.622160409104254","73062731.646826609969","15753.609444567691753","64802.196668104996206","242.76953106271702154","0","0","125.9557399655937644","6546.65116192138521","0","0","0","0","0","6.0946325789803434958","5.0788604824836198759","0","0","0","0","0","0","0","0","0","0","0","0","0","16.252353543947581471","72031.446678872176562","70014618.992012783885","15383.868401442883624","15383.868401442883624","0","0","0","0","0","0","0","0","0"
"05/14/2026 15:40:29.311","672.31679567412163578","5.0023571106705482237","5.0023571106705482237","0","1000000000","672.31679567412163578","0","3.0014142664023286677","44478","0","0","0","0","0","0","0","0","0","0","0","0","0","0","36.668021899170696543","0.36668021899170699651","0","0","36.668021899170696543","0.36668021899170699651","1.4749125206129590232e-005","0","1.4749125206129590232e-005","24874.720968520367023","0","24874.720968520367023","122360120.08858574927","0","122360120.08858574927","4919.0549812975104942","0","4919.0549812975104942","67.53943506603108915","0","0","100","27.864010701091068256","38.591502488867696741","122.015320785266141","213083.66096282374929","102688.79318437853362","1844.8845102296597815","0","100","3500","0","27.349155222851418756","0","0","212926.67079040853423","0","0","68.351044682275642117","72.650844777148577691","857","97532.894440808013314","0.34176457271578991604","0.83000824738639444877","287711.98922947427491","6.884257811218845724","20.457457965127396449","27.349155222851418756","102036267.48924092948","24100.356087788564764","105924343.55068108439","24404.499400117336336","100023.13089927974215","374.17631187815698013","0","0","304.14331232876929789","6505.0651867159804169","0","0","0","0","0","4.0018856885364382237","3.0014142664023286677","0","0","0","0","0","0","0","0","0","0","0","0","0","20.009428442682192895","71517.69913983468723","100747632.2843323797","23722.177890221872076","23727.180247332544241","0","0","0","0","0","0","0","0","0"
"05/14/2026 15:40:30.326","314.9347160017148326","9.8417098750535885188","9.8417098750535885188","0","1000000000","314.9347160017148326","0","4.9208549375267942594","44483","0","0","0","0","0","0","0","0","0","0","0","0","0","0","19.177514574984339646","0.1917751457498433898","0","0","19.177514574984339646","0.1917751457498433898","1.5941360399443397589e-005","0","1.5941360399443397589e-005","12023.616954352968605","0","12023.616954352968605","76309941.426079511642","0","76309941.426079511642","6346.6710321682903668","0","6346.6710321682903668","81.906586969275693377","0","0","100","25.412327299651842338","32.364330387384406151","122.00682970863869059","167864.42766034288798","140053.92980315792374","1778.2290414144224542","0","100","3500","0","22.157058294226118278","0","0","167937.2897583853337","0","0","73.486989304424227498","77.842941705773881722","1027","59768.582099633596954","0.6731384855408159007","1.0577806084518071028","206537.46313079373795","5.7697007724155806585","16.39557973707423244","22.157058294226118278","55100096.094455219805","10918.392935384450539","56427782.123439453542","10955.791432909654759","45641.913716548522643","171.24575182593244449","0","0","35.43015555019292151","6585.0880773983562904","0","0","0","0","0","0","0","0","0","0","0","0","0","0","0","0","0","0","0","0","2.9525129625160766444","72424.158799531855038","54529560.362946517766","10749.115525533528853","10749.115525533528853","0","0","0","0","0","0","0","0","0"
"05/14/2026 15:40:31.311","260.19070962645662348","8.1309596758267694838","8.1309596758267694838","0","1000000000","260.19070962645662348","0","4.0654798379133847419","44487","0","0","0","0","0","0","0","0","0","0","0","0","0","0","23.20738911742338928","0.23207389117423390945","0","0","23.20738911742338928","0.23207389117423390945","1.599683495553532879e-005","0","1.599683495553532879e-005","14514.779391310261417","0","14514.779391310261417","95458767.547754392028","0","95458767.547754392028","6576.6598977662624748","0","6576.6598977662624748","78.8252236262076309","0","0","100","26.091146709579888352","35.915213875275320277","122.00276644266395465","175159.20493282587267","128913.85126708932512","1790.0237162903843","0","100","3500","0","26.340269011757754924","0","0","175097.23475876587327","0","0","70.548681912278098594","73.610126574048734938","691","64243.768314853186894","0.7936401513142883335","0.84324456550779447461","220905.38424301656778","6.1507137123342197071","20.188224523617819273","26.389873425951272168","61040939.68687877804","12701.575383600891655","62812639.210922889411","12797.114159791855855","52855.303372711910924","198.19214209827748618","0","0","94.522406231486186812","6569.8154180680294303","0","0","0","0","0","5.0818497973917304833","4.0654798379133847419","0","0","0","0","0","0","0","0","0","0","0","0","0","34.556578622263764089","72239.511239882922382","60372570.736045978963","12504.399611462091343","12504.399611462091343","0","0","0","0","0","0","0","0","0"
"05/14/2026 15:40:32.311","127.92981770200869107","3.997806803187771596","3.997806803187771596","0","1000000000","127.92981770200869107","0","1.998903401593885798","44489","0","0","0","0","0","0","0","0","0","0","0","0","0","0","21.45669466533348313","0.21456694665333483907","0","0","21.45669466533348313","0.21456694665333483907","1.5370308022922635422e-005","0","1.5370308022922635422e-005","13952.34574312532277","0","13952.34574312532277","74657794.733809038997","0","74657794.733809038997","5350.913467048711027","0","5350.913467048711027","80.037627552232123662","0","0","100","26.627787021630616948","35.707457122744145295","122.00164529423983595","168666.7975998428883","134200.36994658302865","1792.9978484025818943","0","100","3500","0","24.024344110305083433","0","0","168718.79753744293703","0","0","70.754108026114494123","75.97565588969492012","971","64276.922867692555883","0.43944477060722980655","1.0253777980042038109","216434.74027831165586","5.8593002743267357246","18.212673269188094594","24.024344110305083433","65675758.27900814265","13763.44937167470016","67611356.40987354517","13872.389607061568313","57332.547364515834488","214.88211567134271718","0","0","107.94078368606983531","6250.5709367840809136","0","0","0","0","0","0","0","0","0","0","0","0","0","0","0","0","0","0","0","0","978.46321508020707824","68725.297301900180173","64947409.85095576942","13548.567256003358125","13548.567256003358125","0","0","0","0","0","0","0","0","0"
"05/14/2026 15:40:33.326","189.09806330097063665","5.9093144781553323952","5.9093144781553323952","0","1000000000","189.09806330097063665","0","2.9546572390776661976","44492","0","0","0","0","0","0","0","0","0","0","0","0","0","0","21.680605661982482957","0.21680605661982482735","0","0","21.680605661982482957","0.21680605661982482735","1.5565651067439558803e-005","0","1.5565651067439558803e-005","13932.193767997556279","0","13932.193767997556279","85910023.595892712474","0","85910023.595892712474","6166.2954898911357304","0","6166.2954898911357304","79.466107268889032866","0","0","100","24.297610213897591791","33.687654688590498608","121.99965767883428214","182754.33050894850749","126731.72443888931593","1770.3276543690267317","0","100","3500","0","25.191647236750903005","0","0","182752.36129020061344","0","0","72.36469295481757058","74.712204218917392495","1146","66807.715241516794777","0.3846237160501607133","0.76923758585922241693","226540.89397805029876","4.7596631010145564744","20.480949492721659766","25.287795781082611057","60862649.606607086957","12885.260219617703115","62624945.0679975003","12972.915051043673884","53593.542773883433256","200.9166922572813121","0","0","86.669945679611544165","6911.9281679490204624","0","0","0","0","0","0","0","0","0","0","0","0","0","0","0","0","0","0","0","0","0","76015.451675497475662","60188652.894943617284","12686.313298853139713","12686.313298853139713","0","0","0","0","0","0","0","0","0"
"05/14/2026 15:40:34.311","130.05358512520248837","4.0641745351625777616","4.0641745351625777616","0","1000000000","130.05358512520248837","0","2.0320872675812888808","44494","0","0","0","0","0","0","0","0","0","0","0","0","0","0","21.96386453018464735","0.21963864530184645796","0","0","21.96386453018464735","0.21963864530184645796","1.5403882872613282068e-005","0","1.5403882872613282068e-005","14261.188443885484958","0","14261.188443885484958","83296720.200989693403","0","83296720.200989693403","5840.797948133371392","0","5840.797948133371392","79.245784625236922238","0","0","100","25.12197326181478374","33.355122109797228802","122.00541083713380885","180073.04712019758881","129120.47748261058587","1787.9305141123081739","0","100","3500","0","22.322179765916693839","0","0","180019.20603085216135","0","0","72.658064744206683372","77.677810075452214278","970","67266.8221150344325","0.44642104315731884201","0.79364305374139343385","224739.81801508626086","4.3650317162621199429","17.956172821070136791","22.322189924547785722","61393981.384251751006","13293.914904516792376","63199490.92149772495","13383.326744290368879","55289.030376351707673","207.27290129329145429","0","0","88.395796139786071421","6670.3264558355804184","0","0","0","0","0","6.0962618027438670865","5.080218168953222424","0","0","0","0","0","0","0","0","0","0","0","0","0","14.224610873069021721","73288.243348952979431","60686124.105462484062","13086.642003223500069","13086.642003223500069","0","0","0","0","0","0","0","0","0"
"05/14/2026 15:40:35.311","63.984931548620295416","1.9995291108943842318","1.9995291108943842318","0","1000000000","63.984931548620295416","0","0.99976455544719211588","44495","0","0","0","0","0","0","0","0","0","0","0","0","0","0","19.364456097294880266","0.19364456097294879822","0","0","19.364456097294880266","0.19364456097294879822","1.6054153540043108881e-005","0","1.6054153540043108881e-005","12059.160067804032224","0","12059.160067804032224","89652614.809212431312","0","89652614.809212431312","7434.3996020560434772","0","7434.3996020560434772","82.154328890714651834","0","0","100","23.104699610232515283","30.886106613246973041","122.00846900596621936","162684.10523742117221","146902.53730976322549","1770.9902595535722867","0","100","3500","0","22.705335072394262852","0","0","162714.1050724220986","0","0","74.693893510151426085","77.294664927605737148","930","58485.678328769186919","0.73241758302197601527","0.63476790526591264641","200004.89997305013821","4.7851442090241098626","17.919860864459145944","22.705335072394262852","53426150.141641639173","10082.625541684932614","54656920.295270457864","10116.617536570136508","42078.090609661419876","157.96279976065636674","0","0","34.99175944065172672","6611.4430051722811186","0","0","0","0","0","3.9990582217887684635","2.9992936663415763476","0","0","0","0","0","0","0","0","0","0","0","0","0","22.994584775285417777","72712.876117674284615","52891480.056446701288","9924.6627419242759061","9924.6627419242759061","0","0","0","0","0","0","0","0","0"
"05/14/2026 15:40:36.311","192.06511007231449639","6.0020346897598280123","6.0020346897598280123","0","1000000000","192.06511007231449639","0","3.0010173448799140061","44498","0","0","0","0","0","0","0","0","0","0","0","0","0","0","16.358478235978520132","0.16358478235978521353","0","0","16.358478235978520132","0.16358478235978521353","1.5727958850110564516e-005","0","1.5727958850110564516e-005","10404.527134698662849","0","10404.527134698662849","61464932.612155519426","0","61464932.612155519426","5907.5181232573786474","0","5907.5181232573786474","83.957238448996278635","0","0","100","25.94859048225522713","33.866416213734055418","122.00457692285522171","162206.37793622064055","142538.17434038119973","1817.981820181797957","0","100","3500","0","21.534023892749122098","0","0","162141.37858621412306","0","0","72.226541621312975394","78.465976107250881455","687","55980.440195598042919","0.58593384769459921912","0.53710436040421571935","199094.0090599093819","4.4921428325002583648","16.992011583878369407","21.534023892749122098","53958948.083400271833","10285.486780018425634","55309870.045945577323","10343.506448686104704","43174.636201672365132","162.05493662351537409","0","0","55.018651322798426406","6512.2076383894136598","0","0","0","0","0","14.004747609439599287","11.003730264559685281","0","0","0","0","0","0","0","0","0","0","0","0","0","86.029163886557540764","71644.287413433150505","53421757.97595384717","10125.43252162483077","10125.43252162483077","0","0","0","0","0","0","0","0","0"
"05/14/2026 15:40:37.311","127.86853835571648119","3.9958918236161400372","3.9958918236161400372","0","1000000000","127.86853835571648119","0","1.9979459118080700186","44500","0","0","0","0","0","0","0","0","0","0","0","0","0","0","25.437627316058758709","0.25437627316058758487","0","0","25.437627316058758709","0.25437627316058758487","1.5450998967632233991e-005","0","1.5450998967632233991e-005","16450.087664871742163","0","16450.087664871742163","89765759.822326660156","0","89765759.822326660156","5456.8560150604234877","0","5456.8560150604234877","76.574605023407400495","0","0","100","27.143581237784182747","36.874662115691585029","121.98914377618825711","182309.5164779793995","122445.5199706209678","1786.5640783648791512","0","100","3500","0","24.430506364865646418","0","0","182478.47525203850819","0","0","69.803987632689896259","75.569503632959836636","1159","70036.910993717538076","0.7322607332905093358","0.58580258793712369769","232284.32262527945568","5.7604670984060968308","18.7459227617993065","24.430496367040166916","68987246.212169259787","15622.938057383202249","71378935.316600993276","15792.763459886888086","64801.37770358294074","242.75042828468050971","0","0","169.82540250368595025","6208.6169209435774974","0","0","0","0","0","4.9948647795201752686","3.9958918236161400372","0","0","0","0","0","0","0","0","0","0","0","0","0","468.51831631899239028","68219.863158686552197","68161091.581744804978","15379.188656142618129","15380.187629098521938","0","0","0","0","0","0","0","0","0"
"05/14/2026 15:40:38.311","64.030901312973639961","2.0009656660304262488","2.0009656660304262488","0","1000000000","64.030901312973639961","0","1.0004828330152131244","44501","0","0","0","0","0","0","0","0","0","0","0","0","0","0","28.093406856044111919","0.28093406856044111919","0","0","28.093406856044111919","0.28093406856044111919","1.5282266224228907765e-005","0","1.5282266224228907765e-005","18391.875919318663364","0","18391.875919318663364","97298284.151931717992","0","97298284.151931717992","5290.2860251319152667","0","5290.2860251319152667","73.96248437749062532","0","0","100","27.634623169691646893","37.97714584703414431","122.01600571742942236","196778.24327197330422","112009.82483250816585","1808.0206114349703057","0","100","3500","0","26.171825703095418447","0","0","196705.24243976382422","0","0","68.862241317344782487","73.779334267600560793","905","76931.877023398061283","0.68359041015424615306","0.87891052734631636145","251227.86399764957605","5.9570335742201452334","20.166032099619261686","26.220665732399439207","75342836.452872157097","17473.432678610697621","77982146.183748275042","17652.519105720421067","72675.072990225089598","272.13133058013795562","0","0","177.08546144369273634","6568.1697987448742424","0","0","0","0","0","8.0038626641217049951","7.0033798311064918707","0","0","0","0","0","0","0","0","0","0","0","0","0","18.008690994273838015","72186.837367713655112","74431568.675042569637","17204.302796529605985","17204.302796529605985","0","0","0","0","0","0","0","0","0"
"05/14/2026 15:40:39.327","62.997129791706882429","1.9686603059908400759","1.9686603059908400759","0","1000000000","62.997129791706882429","0","0.98433015299542003795","44502","0","0","0","0","0","0","0","0","0","0","0","0","0","1","22.703851176374222121","0.22703851176374220677","0","0","22.703851176374222121","0.22703851176374220677","1.5760668398031710865e-005","0","1.5760668398031710865e-005","14402.718798628986406","0","14402.718798628986406","96146723.465141370893","0","96146723.465141370893","6675.5954073264074395","0","6675.5954073264074395","79.124014306147145703","0","0","100","25.190510318842953552","33.191817697815892529","121.99070305942284165","176447.35952157399151","132014.04747956595384","1779.0148510820831689","0","100","3500","0","21.065947368752681257","0","0","176491.6626030895859","0","0","72.798246228923559897","78.934062476371707362","1049","65861.94549401725817","0.52879147553998540054","0.38458009363107087397","219644.83302513157832","3.9899630925977267459","17.161666393628550509","21.065937523628296191","59154572.612214379013","12331.688156726622765","60840659.292524516582","12418.309210190218437","51189.1052763738262","191.94437983410691118","0","0","85.636723310601539083","6776.128773220471885","0","0","0","0","0","5.9059809179725206718","4.9216507649770999677","0","0","0","0","0","0","0","0","0","0","0","0","0","71.856101168665659884","74537.416505425193463","58505686.426077350974","12140.728107045510114","12140.728107045510114","0","0","0","0","0","0","0","0","0"
"05/14/2026 15:40:40.326","64.023541456193441945","2.0007356705060450608","2.0007356705060450608","0","1000000000","64.023541456193441945","0","1.0003678352530225304","44503","0","0","0","0","0","0","0","0","0","0","0","0","0","0","20.012520930742525138","0.20012520930742525027","0","0","20.012520930742525138","0.20012520930742525027","1.5104681365146482112e-005","0","1.5104681365146482112e-005","13248.871610091029652","0","13248.871610091029652","71157300.53940834105","0","71157300.53940834105","5370.8196919359706953","0","5370.8196919359706953","80.59698909430534286","0","0","100","25.446700141979292198","33.204429369704790531","122.01338729030891272","178749.51568665055675","130318.19637259293813","1760.6847302916105491","0","100","3500","0","21.599986074516142054","0","0","178701.49701218804694","0","0","72.780340898245725612","78.400013925483861499","924","66324.793712274709833","0.24423618020776582949","0.53732159724499506392","222548.54913075696095","4.8358943752049556863","16.803487213264585165","21.599986074516142054","61763834.561968430877","13121.824895013896821","63561563.586930915713","13210.857632351415305","54704.114702976279659","205.07540622686960319","0","0","89.032737337519009202","6770.4895089924566491","0","0","0","0","0","6.0022070115181351824","5.0018391762651122079","0","0","0","0","0","0","0","0","0","0","0","0","0","8.0029426820241802432","74438.370989012662903","61065141.652585655451","12916.749488787027076","12916.749488787027076","0","0","0","0","0","0","0","0","0"
"05/14/2026 15:40:41.311","0","0","0","0","1000000000","0","0","0","44503","0","0","0","0","0","0","0","0","0","0","0","0","0","0","17.236881870678484319","0.17236881870678485984","0","0","17.236881870678484319","0.17236881870678485984","1.596822887257670024e-005","0","1.596822887257670024e-005","10798.308610497711925","0","10798.308610497711925","74203456.556268379092","0","74203456.556268379092","6871.766610201392723","0","6871.766610201392723","83.541284133396104039","0","0","100","23.719403586736909517","30.462116249546902225","121.99240362959395156","161643.38251577730989","148542.53976633548154","1784.8631415297934382","0","100","3500","0","20.8346577555779362","0","0","161599.70060622363235","0","0","75.019948871968111348","79.264540581668981645","932","56616.834073352292762","0.34721957676391967951","0.44641791401083819046","196892.65180885771406","4.1169900390241078725","16.616783058366515036","20.735459418331014803","52667983.004807718098","9745.509088525603147","53846622.556128136814","9771.9306981503850693","40864.067931990779471","153.44857897469927366","0","0","24.38917811518399148","6651.1321151616339193","0","0","0","0","0","0","0","0","0","0","0","0","0","0","0","0","0","0","0","0","1.0162157547993329043","73158.388403758784989","52163444.077138908207","9594.0929410605021985","9594.0929410605021985","0","0","0","0","0","0","0","0","0"
"05/14/2026 15:40:42.311","319.75970058501036419","9.992490643281573881","9.992490643281573881","0","1000000000","319.75970058501036419","0","4.9962453216407869405","44508","0","0","0","0","0","0","0","0","0","0","0","0","0","0","29.979964124222430399","0.29979964124222430177","0","0","29.979964124222430399","0.29979964124222430177","1.5010338957592750966e-005","0","1.5010338957592750966e-005","19958.001561826287798","0","19958.001561826287798","101615028.30622786283","0","101615028.30622786283","5091.4430481149547632","0","5091.4430481149547632","73.172106332940728635","0","0","100","27.529613441398662843","37.569675580029887385","121.99483679278606019","185325.01702231785748","119478.64934560481925","1816.9805583080260476","0","100","3500","0","25.000464997117020971","0","0","185388.01634822506458","0","0","69.203380939038169117","74.901875608371227599","867","78462.160454883123748","0.73241545902415405855","0.83007485353590804156","245546.37265381260659","6.2499612502402479564","18.847543145232499739","25.098124391628772401","82197960.232884988189","19208.564763580168801","85287570.390851274133","19449.383788083254331","79548.219513035946875","297.77622116979091516","0","0","248.81301701771118928","6071.4373148578843029","0","0","0","0","0","3.9969962573126296412","2.9977471929844723419","0","0","0","0","0","0","0","0","0","0","0","0","0","662.50212964956836004","66701.873542033164995","81142221.620452225208","18901.795300831425266","18901.795300831425266","0","0","0","0","0","0","0","0","0"
"05/14/2026 15:40:43.311","192.1116937387396888","6.0034904293356152749","6.0034904293356152749","0","1000000000","192.1116937387396888","0","3.0017452146678076375","44511","0","0","0","0","0","0","0","0","0","0","0","0","0","0","23.716149122359652779","0.23716149122359653223","0","0","23.716149122359652779","0.23716149122359653223","1.6085465274009765876e-005","0","1.6085465274009765876e-005","14752.577148354052042","0","14752.577148354052042","99439061.870571538806","0","99439061.870571538806","6740.4536082474223804","0","6740.4536082474223804","78.414507440418162787","0","0","100","27.149324228106415546","36.135773589615176604","122.00823959110016403","173489.92922825267306","129824.86612675448123","1802.968087464852033","0","100","3500","0","23.97544627009102669","0","0","173467.92961764577194","0","0","70.390015709827196133","75.878075341171253854","979","64473.858812699021655","0.73241194346862181774","0.73241194346862181774","220366.09952003852231","5.5663487701635281368","18.505656437779183676","24.121924658828753252","58027096.954169154167","12425.224025248278849","59724131.610118120909","12508.272309520754789","51766.096808684567804","194.11285721518490277","0","0","74.043048628472590167","6527.7952601642591617","0","0","0","0","0","2.0011634764452050916","2.0011634764452050916","0","0","0","0","0","0","0","0","0","0","0","0","0","66.038394722691776906","71842.769386121086427","57414244.641834758222","12241.116985415319505","12241.116985415319505","0","0","0","0","0","0","0","0","0"
"05/14/2026 15:40:44.311","64.014268780511173418","2.0004458993909741693","2.0004458993909741693","0","1000000000","64.014268780511173418","0","1.0002229496954870847","44512","0","0","0","0","0","0","0","0","0","0","0","0","0","0","20.442766900631696103","0.20442766900631695326","0","0","20.442766900631696103","0.20442766900631695326","1.5132807757791101941e-005","0","1.5132807757791101941e-005","13512.011827436335807","0","13512.011827436335807","64952461.903758347034","0","64952461.903758347034","4807.0163594640607698","0","4807.0163594640607698","80.033409766131640595","0","0","100","27.250050401451563431","35.952441830324715966","122.00906830004669246","180583.56659944014973","124964.00671126073576","1779.9957280102526056","0","100","3500","0","23.584524908325644077","0","0","180557.56666183998459","0","0","70.521046352675526236","76.268996117027171522","879","66802.839673184775165","0.53710624025631814593","0.92772350593545838127","227306.45446450926829","5.8104993265047149009","17.919794561438070701","23.731003882972821373","62766698.697139590979","13662.045269890659256","64649114.287574701011","13761.067341910511459","57108.72953581353795","214.04771123483425299","0","0","97.021626120462258314","6777.5107071366210221","0","0","0","0","0","6.0013376981729225079","5.0011147484774358674","0","0","0","0","0","0","0","0","0","0","0","0","0","65.014491730206671605","74509.608191665931372","62043653.530371919274","13448.997781605519776","13448.997781605519776","0","0","0","0","0","0","0","0","0"
"05/14/2026 15:40:45.311","191.9639491703458134","5.9988734115733066687","5.9988734115733066687","0","1000000000","191.9639491703458134","0","2.9994367057866533344","44515","0","0","0","0","0","0","0","0","0","0","0","0","0","0","17.824864259891405993","0.17824864259891406992","0","0","17.824864259891405993","0.17824864259891406992","1.5919308743413415017e-005","0","1.5919308743413415017e-005","11194.897598231053053","0","11194.897598231053053","76629960.8933442384","0","76629960.8933442384","6845.0792176475843007","0","6845.0792176475843007","83.038166430533138396","0","0","100","22.564840073791174291","31.111736348552895493","122.00535192179793853","165075.58731103173341","144431.7467240972037","1745.9956350109125651","0","100","3500","0","23.974549179639346619","0","0","165070.58732353171217","0","0","74.508739606991682081","76.025450820360646276","878","57997.855005362493102","0.24414019531215622183","0.73242058593646874876","201699.49575126063428","4.052743242194593698","19.921895937516751474","23.974549179639346619","53720499.290233299136","10103.102637324711395","54970188.598581187427","10139.09587779415051","42080.097357716222177","157.97033317143041131","0","0","35.993240469439840012","6683.744792727926324","0","0","0","0","0","0","0","0","0","0","0","0","0","0","0","0","0","0","0","0","0.99981223526221774112","73484.199667302484158","53192954.363170601428","9946.132116388542272","9946.132116388542272","0","0","0","0","0","0","0","0","0"
"05/14/2026 15:40:46.326","125.989584204843311","3.9371745064013534687","3.9371745064013534687","0","1000000000","125.989584204843311","0","1.9685872532006767344","44517","0","0","0","0","0","0","0","0","0","0","0","0","0","2","17.485522852639757474","0.17485522852639756586","0","0","17.485522852639757474","0.17485522852639756586","1.5981470482361411671e-005","0","1.5981470482361411671e-005","10937.470778782961133","0","10937.470778782961133","76843567.198218032718","0","76843567.198218032718","7025.716342692584476","0","7025.716342692584476","83.399061792825818884","0","0","100","23.40712006023963454","30.89940894583788733","121.99731955172457276","163553.61956956257927","146070.4303340355109","1757.55057511781024","0","100","3500","0","22.018684389079790975","0","0","163654.05103099788539","0","0","74.672955252167184881","77.981315610920205472","878","57205.563509114654153","0.38462299650291709163","0.57692957164303615425","199598.6680031271826","4.1827147788553151742","17.884737951152693824","22.018684389079790975","53413953.543309412897","9929.5541051442141907","54642548.848031952977","9965.9729693284261884","41426.950156355043873","155.51839300285345757","0","0","35.434570557612182995","6713.8668270409079923","0","0","0","0","0","0","0","0","0","0","0","0","0","0","0","0","0","0","0","0","0","73789.540305347574758","52887403.699172310531","9774.0357121413599089","9774.0357121413599089","0","0","0","0","0","0","0","0","0"
"05/14/2026 15:40:47.311","130.07545799263894537","4.0648580622699670428","4.0648580622699670428","0","1000000000","130.07545799263894537","0","2.0324290311349835214","44519","0","0","0","0","0","0","0","0","0","0","0","0","0","0","30.636941614125529298","0.30636941614125529076","0","0","30.636941614125529298","0.30636941614125529076","1.5393498009594774634e-005","0","1.5393498009594774634e-005","19911.707218029434443","0","19911.707218029434443","129625917.20981638134","0","129625917.20981638134","6510.0353169337549843","0","6510.0353169337549843","73.316757040945930157","0","0","100","25.571433447320860211","35.599287794666423679","122.01370992451464303","181839.93701630062424","124669.6261734465952","1821.2129562694569813","0","100","3500","0","24.017459043102562077","0","0","181727.19042503129458","0","0","70.816509198999213481","75.982540956897437923","835","77871.328105074135237","0.29758301283171206819","1.0415354661825757532","240099.45265085011488","4.7613078903937271491","19.144419127547589454","24.017459043102562077","81289970.511487185955","17601.851624144524976","84067996.132694035769","17813.224243382563145","73273.131430478431867","274.37791920322274564","0","0","209.34019020690328716","6221.2652643041847114","0","0","0","0","0","5.0810725778374585815","4.0648580622699670428","0","0","0","0","0","0","0","0","0","0","0","0","0","812.97161245399342988","68436.966550892728264","80363739.758844166994","17328.489919456867938","17330.522348488004354","0","0","0","0","0","0","0","0","0"
"05/14/2026 15:40:48.326","63.011010681843124814","1.9690940838075976504","1.9690940838075976504","0","1000000000","63.011010681843124814","0","0.98454704190379882522","44520","0","0","0","0","0","0","0","0","0","0","0","0","0","0","16.970221648248990931","0.16970221648248992596","0","0","16.970221648248990931","0.16970221648248992596","1.56630703508453027e-005","0","1.56630703508453027e-005","10831.986555025594498","0","10831.986555025594498","54336662.907337874174","0","54336662.907337874174","5016.3155789856391493","0","5016.3155789856391493","83.267464718799189427","0","0","100","26.814635614262847696","36.5049345214837615","121.9948826214456119","170204.80393595411442","131748.37614254310029","1784.4147326479949243","0","100","3500","0","25.564519893431103981","0","0","170228.43856817460619","0","0","70.08670392152961881","74.339306545888064193","1051","57925.529243425888126","0.72127216172284402962","0.67319522917688778829","211997.72713620148716","6.395295590413684117","19.378233892602711563","25.66069345411193936","54915686.837246000767","11003.297740316855197","56353424.820726282895","11065.324203956795827","45923.212222560796363","172.29573233316480696","0","0","62.026463639939329653","6492.1031943136495101","0","0","0","0","0","14.768205628556982489","11.814564502845586347","0","0","0","0","0","0","0","0","0","0","0","0","0","112.23836277703307474","71408.212402240620577","54332630.202654235065","10831.002007983690419","10831.002007983690419","0","0","0","0","0","0","0","0","0"
"05/14/2026 15:40:49.311","65.027942201945691636","2.0321231938108028636","2.0321231938108028636","0","1000000000","65.027942201945691636","0","1.0160615969054014318","44521","0","0","0","0","0","0","0","0","0","0","0","0","0","0","21.742473041981156712","0.21742473041981155712","0","0","21.742473041981156712","0.21742473041981155712","1.5752638551556636531e-005","0","1.5752638551556636531e-005","13805.228917153690418","0","13805.228917153690418","78828432.207811415195","0","78828432.207811415195","5710.0416574666960514","0","5710.0416574666960514","79.481927773263421955","0","0","100","26.178336091127487606","36.435513128508873137","122.00857901842093156","176285.35606626869412","127320.257964866978","1800.0947995748852009","0","100","3500","0","27.034969921018227268","0","0","176265.03896920802072","0","0","70.136592984276475704","72.766623286238598212","848","63381.215990449345554","0.84324156735575883648","0.59522037822951978647","221031.73063267645193","6.1506918435009154678","21.031384153279635285","27.233376713761401788","59236643.082860939205","12849.114954465707342","61002436.210890896618","12938.528374993382386","53383.876301409793086","200.1641345903640854","0","0","87.38129733386452358","6424.557477232853671","0","0","0","0","0","8.1284927752432114545","6.096369581432409035","0","0","0","0","0","0","0","0","0","0","0","0","0","81.284927752432125203","70609.168553747062106","58564684.970609910786","12650.982943069153407","12650.982943069153407","0","0","0","0","0","0","0","0","0"
"05/14/2026 15:40:50.311","210.98626479416188317","4.9996745211886706173","4.9996745211886706173","0","1000000000","210.98626479416188317","0","2.9998047127132023704","44523","0","0","0","0","0","0","0","0","0","0","0","0","0","1","17.848099658230580644","0.17848099658230581754","0","0","17.848099658230580644","0.17848099658230581754","1.6036055705300988308e-005","0","1.6036055705300988308e-005","11129.275484165980743","0","11129.275484165980743","76213406.507236376405","0","76213406.507236376405","6848.0115004492363369","0","6848.0115004492363369","83.074368773573084468","0","0","100","25.051643778410319641","32.267375794608902595","122.00341212271541735","168432.09046671146643","139727.17266763633233","1791.9903232522542567","0","100","3500","0","22.509901733167048121","0","0","168475.09023451272515","0","0","73.548564967439560291","77.343618515848518769","798","57142.69142946627835","0.53710908691455228059","0.53710908691455228059","206214.88643961321213","5.4687407031408046265","17.236300698288811617","22.656381484151477679","52897320.384442970157","9902.3553566662812955","54100526.05575376749","9936.3531434103642823","41281.312586550615379","154.98991015684879358","0","0","32.997851839845225186","6595.5706283520939905","0","0","0","0","0","0","0","0","0","0","0","0","0","0","0","0","0","0","0","0","11.999218850852809481","72545.277302447604598","52376238.306886218488","9748.3653814136687288","9748.3653814136687288","0","0","0","0","0","0","0","0","0"
"05/14/2026 15:40:51.311","320.20896837276006863","10.006530261648752145","10.006530261648752145","0","1000000000","320.20896837276006863","0","5.0032651308243760724","44528","0","0","0","0","0","0","0","0","0","0","0","0","0","1","19.456269999999999953","0.19456270000000000508","0","0","19.456269999999999953","0.19456270000000000508","1.6509350869749681159e-005","0","1.6509350869749681159e-005","11792.695913353054493","0","11792.695913353054493","104643266.19551919401","0","104643266.19551919401","8873.566058549002264","0","8873.566058549002264","82.280270000000001573","0","0","100","22.987472778214250724","30.357941880987393546","122.01523541252660721","157673.75683403279982","152442.39852328304551","1737.0083376400207271","0","100","3500","0","22.412100000000002353","0","0","157594.75645483098924","0","0","75.087800000000001432","77.587890000000001578","1220","54771.262902061927889","0.39061999999999996724","0.83008000000000004004","193398.92831485590432","3.90625","18.505859999999998422","22.412109999999994869","50982387.105825260282","8858.7812406376397121","52017450.588253892958","8879.7949541871021211","37288.334367007912078","140.09142366308253713","0","0","20.01306052329750429","6482.2303034960614241","0","0","0","0","0","5.0032651308243760724","4.0026121046595006803","0","0","0","0","0","0","0","0","0","0","0","0","0","15.009795392473128217","71295.527461221194244","50516166.850486628711","8719.6904700007216888","8719.6904700007216888","0","0","0","0","0","0","0","0","0"
"05/14/2026 15:40:52.311","255.90270579125817108","7.9969595559768178461","7.9969595559768178461","0","1000000000","255.90270579125817108","0","3.9984797779884089231","44532","0","0","0","0","0","0","0","0","0","0","0","0","0","0","21.027438554575660135","0.21027438554575661467","0","0","21.027438554575660135","0.21027438554575661467","1.4889923523580230526e-005","0","1.4889923523580230526e-005","14116.632856188078222","0","14116.632856188078222","70088680.283756121993","0","70088680.283756121993","4964.9715337770858241","0","4964.9715337770858241","80.440803663740581442","0","0","100","23.780344471732679068","33.265024039423053637","121.99363356315095075","170286.19027786041261","136698.77797417363035","1763.970894480240986","0","100","3500","0","24.121502156038577169","0","0","170284.19031085984898","0","0","72.757634384537766437","75.878507843908423069","649","66529.902256612753263","0.63476663573683056452","0.58593689453445896298","219915.37139637194923","4.8827841212441578378","19.140528555198656591","24.121492156091573378","70843161.430024310946","14338.548483866434253","72959396.837322458625","14471.497936484549427","59485.383657133563247","222.91524762285379779","0","0","131.94983267361749313","6261.6193323298484756","0","0","0","0","0","4.9980997224855112648","3.9984797779884089231","0","0","0","0","0","0","0","0","0","0","0","0","0","537.79553013944098439","68877.812655628338689","70088680.283756121993","14116.632856188078222","14116.632856188078222","0","0","0","0","0","0","0","0","0"
"05/14/2026 15:40:53.326","125.96285316096891904","3.9363391612802787201","3.9363391612802787201","0","1000000000","125.96285316096891904","0","1.96816958064013936","44534","0","0","0","0","0","0","0","0","0","0","0","0","0","1","12.694670683417019319","0.12694670683417019763","0","0","12.694670683417019319","0.12694670683417019763","1.6811135741296128458e-005","0","1.6811135741296128458e-005","7546.9462569646138945","0","7546.9462569646138945","61421502.606939017773","0","61421502.606939017773","8138.5901682096755394","0","8138.5901682096755394","87.825662269017570338","0","0","100","22.790391919331945303","29.913402510085870034","121.99791215638911979","144093.07314827188384","167623.49762243113946","1721.1844624306688729","0","100","3500","0","22.544682573168739026","0","0","144141.32145414091065","0","0","75.505664002016587233","77.455317426831257421","866","45357.346154122620646","0.2884754088917619308","0.8173453507624457437","174131.08985931877396","4.4232731920315524476","18.221952863411612356","22.544682573168739026","48854476.099827922881","6836.4370383535242581","49639756.08080752939","6847.2619710470444261","28758.89391231371701","108.24932693520766236","0","0","9.8408479032006965781","6339.4742192418889317","0","0","0","0","0","4.920423951600348289","3.9363391612802787201","0","0","0","0","0","0","0","0","0","0","0","0","0","26.570289338641881471","69677.139493822207442","48494690.764147743583","6729.1717962086358966","6729.1717962086358966","0","0","0","0","0","0","0","0","0"
"05/14/2026 15:40:54.311","544.54555336902001272","10.159431965839925027","10.159431965839925027","0","1000000000","544.54555336902001272","0","7.1116023760879478743","44537","0","0","0","0","0","0","0","0","0","0","0","0","0","1","19.767512143853195994","0.19767512143853194218","0","0","19.767512143853195994","0.19767512143853194218","1.6100347509515143524e-005","0","1.6100347509515143524e-005","12278.689473914133487","0","12278.689473914133487","77608307.164329826832","0","77608307.164329826832","6320.5692536819460656","0","6320.5692536819460656","81.381030162022668151","0","0","100","26.456822751335650423","34.742613894022362331","121.99985160240861148","168833.31928065168904","135549.45281713444274","1798.0660123873542489","0","100","3500","0","23.959248137089183217","0","0","168886.14381886873161","0","0","71.520070004994977353","75.991137224601430944","1076","59310.781996178346162","1.041653439313343199","0.69443224000644465654","210827.81130668605329","5.7043018349797218747","18.303341907536559319","24.008862775398576161","55002010.551586039364","10951.867659175439258","56411196.91315818578","11005.712648594391794","45754.017801356691052","171.69440022269475321","0","0","53.844989418951605842","6529.4669244453198189","0","0","0","0","0","0","0","0","0","0","0","0","0","0","0","0","0","0","0","0","15.239147948759887541","71817.024566522435634","54417363.68836145103","10779.157315756161552","10779.157315756161552","0","0","0","0","0","0","0","0","0"
"05/14/2026 15:40:55.311","472.19874845322391366","8.0033686178512528642","8.0033686178512528642","0","1000000000","472.19874845322391366","0","6.0025264633884400922","44539","0","0","0","0","0","0","0","0","0","0","0","0","0","0","22.376172178708657157","0.22376172178708658711","0","0","22.376172178708657157","0.22376172178708658711","1.5834930295095889311e-005","0","1.5834930295095889311e-005","14136.950242357006573","0","14136.950242357006573","83868132.096799537539","0","83868132.096799537539","5932.5477319368765166","0","5932.5477319368765166","79.15948630385271656","0","0","100","27.416747731258080734","35.74450414069399784","122.016167265656577","176358.93135459444602","128300.16843991744099","1803.968610946169747","0","100","3500","0","25.342359932300507097","0","0","176272.93285096841282","0","0","70.686479851401117003","74.559990800069002148","758","63636.892718066708767","1.0742119434104242526","0.78124414066894498632","222597.12680999352597","7.1776761674287437032","18.261583038127213285","25.440009199931001405","60903138.130839265883","12745.364523928121343","62702711.57130035758","12844.40621057403041","53098.349095134137315","199.08379436904991167","0","0","97.040844491446449638","6524.7462657032338029","0","0","0","0","0","0","0","0","0","0","0","0","0","0","0","0","0","0","0","0","9.0037896950826592501","71702.179447329370305","60240651.290128014982","12549.281992790765798","12549.281992790765798","0","0","0","0","0","0","0","0","0"
"05/14/2026 15:40:56.311","408.14640211443844464","6.0021529722711539634","6.0021529722711539634","0","1000000000","408.14640211443844464","0","5.0017941435592945254","44540","0","0","0","0","0","0","0","0","0","0","0","0","0","0","12.73037597951853428","0.12730375979518535057","0","0","12.73037597951853428","0.12730375979518535057","1.7108533799220533572e-005","0","1.7108533799220533572e-005","7443.6700444449425049","0","7443.6700444449425049","77335644.295608833432","0","77335644.295608833432","10389.450880258029429","0","10389.450880258029429","88.185387976439358226","0","0","100","22.140040675449277785","27.897775331348096728","121.99142811159549638","135985.15689202726935","181509.55168989740196","1751.9891376673463128","0","100","3500","0","18.652876891012514449","0","0","135907.15737562425784","0","0","77.104011113526652821","81.347123108987489104","495","42708.735205841723655","0.48827677737326929952","0.34179774413488872575","163379.98704408030608","3.1738090528602511675","15.380758486993986622","18.652876891012514449","46153383.218560501933","5907.1188835435277724","46792224.370881840587","5908.1192423722395688","24944.947752758915158","94.033729898914742762","0","0","0","6219.2308381016273415","0","0","0","0","0","5.0017941435592945254","4.0014353148474359756","0","0","0","0","0","0","0","0","0","0","0","0","0","67.024041523694549483","68398.534554344645585","45842491.701773427427","5814.0855124733243429","5814.0855124733243429","0","0","0","0","0","0","0","0","0"
"05/14/2026 15:40:57.311","535.66140842373533815","9.9936829929801369587","9.9936829929801369587","0","1000000000","535.66140842373533815","0","6.9955780950860955159","44543","0","0","0","0","0","0","0","0","0","0","0","0","0","1","12.590018524953688228","0.12590018524953688894","0","0","12.590018524953688228","0.12590018524953688894","1.6222200747326376768e-005","0","1.6222200747326376768e-005","7756.0973708518840795","0","7756.0973708518840795","57717117.010337762535","0","57717117.010337762535","7441.5152686509472915","0","7441.5152686509472915","87.95950010124974483","0","0","100","20.404234451598039612","28.156499993600164089","121.99737323611765305","136674.53530657995725","180082.22357123004622","1753.9940364202761884","0","100","3500","0","23.047072382319043982","0","0","136776.53495978112915","0","0","76.957127607180979112","76.952927617680956018","1122","44153.849876910418971","0.63475841310396718953","0.78124804687988280705","167134.43174293206539","4.4433488916277710246","18.701123247191880239","23.047072382319043982","46146047.083638429642","7253.4151163049837123","47053841.266935169697","7283.3961652839234375","30276.86199553262486","113.92798611997356772","0","0","28.981680679642398246","5727.379723276916593","0","0","0","0","0","10.993051292278151365","8.9943146936821225523","0","0","0","0","0","0","0","0","0","0","0","0","0","577.63487699425195387","62998.178851148186368","45760258.9403238222","7139.4871301850098462","7139.4871301850098462","0","0","0","0","0","0","0","0","0"
"05/14/2026 15:40:58.326","464.78843559105632721","7.8777700947636661866","7.8777700947636661866","0","1000000000","464.78843559105632721","0","5.908327571072749862","44545","0","0","0","0","0","0","0","0","0","0","0","0","0","0","22.593368402997747069","0.22593368402997746069","0","0","22.593368402997747069","0.22593368402997746069","1.5493720459149223684e-005","0","1.5493720459149223684e-005","14583.721887931236779","0","14583.721887931236779","83632928.212441399693","0","83632928.212441399693","5734.6765698852123023","0","5734.6765698852123023","78.846180733950191666","0","0","100","25.288988455333736738","33.369703443234520535","122.00564542144799418","183885.1259010231297","126401.13189766873256","1759.5108107022367676","0","100","3500","0","22.883980037348738534","0","0","183947.15678019169718","0","0","72.643347893289657691","77.164099129533724408","938","67635.319870597668341","0.43270265570688781764","0.76923713141356686585","228796.4670362000179","5.0000364310705442961","17.836691523159426964","22.835900870466275592","61837895.579763509333","13366.606408290250329","63631632.319260813296","13451.292436808960701","55695.834569979117077","208.76090751123714995","0","0","83.701307256863955786","6671.4865490029797002","0","0","0","0","0","0","0","0","0","0","0","0","0","0","0","0","0","0","0","0","0","73345.978467297114548","61138554.417370960116","13159.814943302704705","13159.814943302704705","0","0","0","0","0","0","0","0","0"
"05/14/2026 15:40:59.311","617.7634423242129742","3.048174879889208988","3.048174879889208988","0","1000000000","617.7634423242129742","0","2.03211658659280614","44546","0","0","0","0","0","0","0","0","0","0","0","0","0","0","16.853598947566247546","0.16853598947566247879","0","0","16.853598947566247546","0.16853598947566247879","1.6452231257437523849e-005","0","1.6452231257437523849e-005","10245.931829600927813","0","10245.931829600927813","73243074.165651038289","0","73243074.165651038289","7148.502975009916554","0","7148.502975009916554","83.955413786272643506","0","0","100","24.190392375788839274","32.567962451020065373","122.00913258689656971","158096.77601554838475","148421.48150052377605","1770.6497583667517119","0","100","3500","0","24.802348674553144292","0","0","157969.79310115030967","0","0","73.301604555128335505","75.148046750001270766","666","53527.86980370675883","0.59522442946611342496","0.69443358035727897892","193394.97862826756318","5.505904701920488975","19.245833693118040486","24.851953249998725681","51344778.552635118365","9033.7742856983186357","52395508.819131970406","9053.0793932709511864","37862.396241397160338","142.24816106149643247","0","0","19.305107572631655444","6513.9497183232397219","0","0","0","0","0","6.096349759778417976","5.0802914664820146839","0","0","0","0","0","0","0","0","0","0","0","0","0","6.096349759778417976","71633.125735689711291","50865211.230898737907","8891.5261246368227148","8891.5261246368227148","0","0","0","0","0","0","0","0","0"
"05/14/2026 15:41:00.311","63.971379204943701779","1.9991056001544906806","1.9991056001544906806","0","1000000000","63.971379204943701779","0","0.9995528000772453403","44547","0","0","0","0","0","0","0","0","0","0","0","0","0","0","11.329027810006827792","0.11329027810006828125","0","0","11.329027810006827792","0.11329027810006828125","1.7032180970990531721e-005","0","1.7032180970990531721e-005","6650.0247789139129964","0","6650.0247789139129964","52814770.671601518989","0","52814770.671601518989","7942.0411844280779405","0","7942.0411844280779405","88.81390087431843483","0","0","100","23.66775241694090326","31.708650432673618269","122.00343490304709348","140740.99549762383685","168233.56083633986418","1773.5966841140325414","0","100","3500","0","22.429105782922963641","0","0","140786.98503960200469","0","0","74.018632517615387201","77.424446303814832504","676","44175.954387972175027","0.82989816931110393927","0.24408652064332705955","170699.18300578449271","4.2471094583176824955","18.306539037296928996","22.575553696185167496","48383989.003319911659","6518.0838093037173167","49105742.090988487005","6522.0820205040254223","27335.769976512507128","102.95393840795627227","0","0","1.9991056001544906806","6279.1906900852554827","0","0","0","0","0","7.9964224006179627224","5.9973168004634720418","0","0","0","0","0","0","0","0","0","0","0","0","0","27.987478402162871305","68969.143205329935881","48045064.638080917299","6417.1289764959146851","6417.1289764959146851","0","0","0","0","0","0","0","0","0"
"05/14/2026 15:41:01.311","64.015049938240480287","2.000470310570015009","2.000470310570015009","0","1000000000","64.015049938240480287","0","1.0002351552850075045","44548","0","0","0","0","0","0","0","0","0","0","0","0","0","1","11.468313622878667957","0.11468313622878667513","0","0","11.468313622878667957","0.11468313622878667513","1.666667635518093377e-005","0","1.666667635518093377e-005","6882.6181035161371256","0","6882.6181035161371256","48385135.34531968832","0","48385135.34531968832","7030.0479581456183951","0","7030.0479581456183951","88.514386416911236211","0","0","100","23.747518835728765652","32.23401423019508627","121.99723273486935682","143836.98561630141921","163707.08350427291589","1775.9998224000175924","0","100","3500","0","25.146652162700021904","0","0","143840.98561590141617","0","0","73.566030798129162349","74.706858174226198344","768","45499.995450000453275","0.43944898926732467448","0.73241831543787450087","174660.98253390172613","5.2734278711158966146","20.068313842878161779","25.293141825773801656","48761399.805094182491","6993.6442057527729048","49543471.670189663768","7001.6460869950524284","29498.935199665444088","111.02610223663583611","0","0","7.0016460869950529755","6340.4906493516627961","0","0","0","0","0","5.0011757764250379665","4.000940621140030018","0","0","0","0","0","0","0","0","0","0","0","0","0","12.002821863420090054","69715.390088209736859","48393329.271711781621","6883.6183386714219523","6883.6183386714219523","0","0","0","0","0","0","0","0","0"
"05/14/2026 15:41:02.327","0","0","0","0","1000000000","0","0","0","44548","0","0","0","0","0","0","0","0","0","0","0","0","0","1","31.663876066436074552","0.31663876066436075218","0","0","31.663876066436074552","0.31663876066436075218","1.4715405380673499822e-005","0","1.4715405380673499822e-005","21499.740696758435661","0","21499.740696758435661","94610443.113433167338","0","94610443.113433167338","4400.538799414348432","0","4400.538799414348432","71.654915035108203369","0","0","100","29.051939072351188997","42.204740147137343342","121.98382442629964828","204922.52765547388117","102147.26155708411534","1816.4272362877466094","0","100","3500","0","28.757457804047191985","0","0","205037.71572411651141","0","0","65.432560756963979998","71.242542195952808015","1657","87238.717525579137146","0.57686516109132401908","1.2498777974056720641","280828.5113507504575","6.8742786601141467884","21.920777670236212487","28.757457804047191985","95755390.871109366417","21836.165994996510562","99339725.020519971848","22127.341106921863684","90437.415844490460586","338.39269764297682741","0","0","290.19141222290164706","6157.9601373402174431","0","0","0","0","0","0","0","0","0","0","0","0","0","0","0","0","0","0","0","0","623.6656113536258772","67692.311324429669185","94602384.645470693707","21497.773297353534872","21497.773297353534872","0","0","0","0","0","0","0","0","0"
"05/14/2026 15:41:03.311","325.2255617128207632","10.16329880352564885","10.16329880352564885","0","1000000000","325.2255617128207632","0","5.0816494017628244251","44553","0","0","0","0","0","0","0","0","0","0","0","0","0","0","35.561612888280919265","0.35561612888280919043","0","0","35.561612888280919265","0.35561612888280919043","1.4410016467682172184e-005","0","1.4410016467682172184e-005","24686.6527937637984","0","24686.6527937637984","103239602.31011782587","0","103239602.31011782587","4182.0008233841090259","0","4182.0008233841090259","67.881282780919221409","0","0","100","28.857614774352970954","40.989849135128103796","122.02744162181001286","219252.57128134206869","96917.495967816692428","1856.1870565140379767","0","100","3500","0","28.414376828274111375","0","0","219169.26129851001315","0","0","66.38969761697499905","71.486411742569259786","1081","98989.531186279287795","0.49608762548493207101","1.0913866801265028617","296321.41722878889414","6.1515048438342008197","22.274393311696808695","28.513588257430743766","104554863.26551872492","25074.890808058480616","108807106.17852342129","25441.785894865755836","104059.98378953841166","389.25434417503231543","0","0","365.87875692692335861","6549.229748991928318","0","0","0","0","0","10.16329880352564885","8.1306390428205190801","0","0","0","0","0","0","0","0","0","0","0","0","0","27.440906769519251895","72014.08633214168367","103227113.64854805171","24684.620134003096609","24687.669123644151114","0","0","0","0","0","0","0","0","0"
"05/14/2026 15:41:04.326","189.14681487107725388","5.9108379647211641839","5.9108379647211641839","0","1000000000","189.14681487107725388","0","2.9554189823605820919","44556","0","0","0","0","0","0","0","0","0","0","0","0","0","1","21.921920738871786938","0.21921920738871786272","0","0","21.921920738871786938","0.21921920738871786272","1.5429266601968668672e-005","0","1.5429266601968668672e-005","14211.624746511251942","0","14211.624746511251942","87739911.307876348495","0","87739911.307876348495","6173.8128379315121492","0","6173.8128379315121492","79.599240689792779335","0","0","100","24.638391084272036835","32.524427796093064558","122.00160786910053901","178599.28739932269673","131390.88758505837177","1759.045789557452963","0","100","3500","0","21.516638817281975804","0","0","178565.80052538934979","0","0","73.333621577583755879","78.531453324227712187","810","66326.663273330108495","0.38472728318500570843","0.86562900049697510951","223011.74640744936187","3.7991314458784648522","17.745320643495109181","21.468546675772294918","60292734.250202819705","12878.730785466628731","61920977.022109985352","12938.824304774627308","53607.359781377810577","200.96849080051956093","0","0","59.108379647211641839","6622.1087998092771159","0","0","0","0","0","0","0","0","0","0","0","0","0","0","0","0","0","0","0","0","32.509608805966401235","72838.271099598117871","59611005.783262379467","12677.762294666110392","12677.762294666110392","0","0","0","0","0","0","0","0","0"
"05/14/2026 15:41:05.311","65.015503149899544155","2.0317344734343607549","2.0317344734343607549","0","1000000000","65.015503149899544155","0","1.0158672367171803774","44557","0","0","0","0","0","0","0","0","0","0","0","0","0","0","14.407623851731033326","0.14407623851731032882","0","0","14.407623851731033326","0.14407623851731032882","1.575340442074863923e-005","0","1.575340442074863923e-005","9145.852732164774352","0","9145.852732164774352","50489479.374136380851","0","50489479.374136380851","5520.4780628679327492","0","5520.4780628679327492","85.667620349071327723","0","0","100","24.805295697002399891","32.872106251990928172","122.00076004801573504","157507.50953605180257","148431.13407115029986","1761.3926500761897387","0","100","3500","0","23.166223551770080746","0","0","157505.47794129970134","0","0","73.064221793938770588","76.833766289704087171","756","53062.207532889231516","0.59522866232125559716","0.84323891186747435","193725.76497922744602","5.0594233126790184585","18.154392932591679966","23.166233710295912829","50978335.005789421499","9290.1058797786135983","52129625.472098901868","9323.629498590280491","38672.03396734962007","145.26901485055677199","0","0","32.507751574949772078","6422.3126705260137896","0","0","0","0","0","5.0793361835859016651","4.0634689468687215097","0","0","0","0","0","0","0","0","0","0","0","0","0","3.0476017101515409102","70579.40800539952761","50493640.36633797735","9146.8685994014904281","9146.8685994014904281","0","0","0","0","0","0","0","0","0"
"05/14/2026 15:41:06.311","191.9581147393638787","5.9986910856051212093","5.9986910856051212093","0","1000000000","191.9581147393638787","0","2.9993455428025606047","44560","0","0","0","0","0","0","0","0","0","0","0","0","0","0","12.389262036239543363","0.12389262036239542808","0","0","12.389262036239543363","0.12389262036239542808","1.6276077246452969239e-005","0","1.6276077246452969239e-005","7610.3394239376975747","0","7610.3394239376975747","48764527.580082029104","0","48764527.580082029104","6407.667892800840491","0","6407.667892800840491","87.653807657965629119","0","0","100","24.867909795802120243","31.934214105366233838","122.00413834417331316","148466.29595177012379","159111.24549648136599","1766.0392060703748029","0","100","3500","0","21.680246070252906065","0","0","148487.29641798048397","0","0","73.833945778984968911","78.124445316438254849","647","47954.064580233680317","0.53710618654607555911","0.53710618654607555911","181552.03045507610659","5.0780839456039856827","16.79676074299872468","21.875554683561748703","49171394.801654279232","7731.3130274974000713","50062996.254217334092","7746.3097552114131759","32432.923136171688384","121.9733854073041357","0","0","13.996945866411950377","6360.6121144366306908","0","0","0","0","0","0","0","0","0","0","0","0","0","0","0","0","0","0","0","0","16.996291409214510537","69961.734349564925651","48756337.36718647927","7609.3396420900962767","7609.3396420900962767","0","0","0","0","0","0","0","0","0"
"05/14/2026 15:41:07.311","127.99132218835562469","3.9997288183861132715","3.9997288183861132715","0","1000000000","127.99132218835562469","0","1.9998644091930566358","44562","0","0","0","0","0","0","0","0","0","0","0","0","0","1","26.852329532403533818","0.26852329532403534929","0","0","26.852329532403533818","0.26852329532403534929","1.4794815426997244128e-005","0","1.4794815426997244128e-005","18148.769513426988851","0","18148.769513426988851","80218817.164196267724","0","80218817.164196267724","4420.069201101928229","0","4420.069201101928229","75.47050793607301955","0","0","100","28.258635144735073652","38.399056646037465157","121.99053592485667252","185828.62486817594618","117994.232497564808","1805.986635698895725","0","100","3500","0","25.342524177515478812","0","0","185876.62451297859661","0","0","68.52201533645123277","74.510997243326741568","1019","75544.440971136806183","0.63475384288772396246","0.97655052745988357721","242773.20347829425009","6.3964279546488391759","19.091604811433331435","25.489002756673261985","81188863.395061805844","18434.750123941594211","84132087.844444140792","18662.734666589603876","76654.802804369857768","286.98054271920364044","0","0","226.98461044341192405","6172.5814989743694241","0","0","0","0","0","5.9995932275791696853","4.9996610229826412564","0","0","0","0","0","0","0","0","0","0","0","0","0","803.9454924956087325","67889.397098876695964","80227008.608816310763","18149.769445631583949","18149.769445631583949","0","0","0","0","0","0","0","0","0"
"05/14/2026 15:41:08.311","127.95847747405966288","3.9987024210643644651","3.9987024210643644651","0","1000000000","127.95847747405966288","0","1.9993512105321822325","44564","0","0","0","0","0","0","0","0","0","0","0","0","0","1","28.343365129549020764","0.28343365129549019654","0","0","28.343365129549020764","0.28343365129549019654","1.5053093632163150944e-005","0","1.5053093632163150944e-005","18822.891971555229247","0","18822.891971555229247","103455964.53950692713","0","103455964.53950692713","5496.2842423920546935","0","5496.2842423920546935","74.222455376915107195","0","0","100","26.589700515646175205","36.250330778300941859","121.99830930099827242","196205.72466278969659","114641.30283000117925","1806.9882545763452981","0","100","3500","0","25.097927137669596931","0","0","196241.72442879120354","0","0","70.291339922042283206","74.902062862367415619","1685","79554.482895861176075","0.63476765135968993281","1.1230458447303743874","254579.34523425597581","5.6640390430555411783","19.4335280959460448","25.097937137632587934","76287684.646332263947","17506.319199419787765","78857866.622281059623","17669.266323078161804","72616.435966528850258","271.91176463237678718","0","0","163.94679926363895106","6693.8278528617456686","0","0","0","0","0","0","0","0","0","0","0","0","0","0","0","0","0","0","0","0","50.983455868570644043","73590.120006058030413","75358330.221843004227","17233.407759182144218","17233.407759182144218","0","0","0","0","0","0","0","0","0"
"05/14/2026 15:41:09.326","63.065588704953064791","1.9707996470297832747","1.9707996470297832747","0","1000000000","63.065588704953064791","0","0.98539982351489163737","44565","0","0","0","0","0","0","0","0","0","0","0","0","0","0","33.807015804370927015","0.33807015804370926793","0","0","33.807015804370927015","0.33807015804370926793","1.4406587504720346296e-005","0","1.4406587504720346296e-005","23485.033993830413237","0","23485.033993830413237","100444815.39273355901","0","100444815.39273355901","4276.9712583392774832","0","4276.9712583392774832","69.409026430152650278","0","0","100","28.285475706189764367","38.825967490613805921","122.02460717168565907","212886.58271220818278","102476.19391281418211","1816.6064413221349696","0","100","3500","0","26.346086115916310888","0","0","212756.61412128430675","0","0","68.152193316405146106","73.653913884083692665","819","95718.913383811028325","0.62499501538019819336","0.96153685206957961729","287016.92545513622463","6.4423146319588120434","19.80771232191122877","26.298007304080318391","101691909.81817895174","23853.573527824981284","105714575.98491944373","24196.492666408164951","99044.507061128781061","370.51033364159923167","0","0","339.96293911263762766","6563.7482244326929504","0","0","0","0","0","0","0","0","0","0","0","0","0","0","0","0","0","0","0","0","0","72187.434871230419958","100444815.39273355901","23486.019393653925363","23486.019393653925363","0","0","0","0","0","0","0","0","0"
"05/14/2026 15:41:10.311","65.009361348034119032","2.0315425421260662198","2.0315425421260662198","0","1000000000","65.009361348034119032","0","1.0157712710630331099","44566","0","0","0","0","0","0","0","0","0","0","0","0","0","0","14.153008978411927288","0.14153008978411926733","0","0","14.153008978411927288","0.14153008978411926733","1.5574991615427614982e-005","0","1.5574991615427614982e-005","9086.0740196588321851","0","9086.0740196588321851","50534636.9877262339","0","50534636.9877262339","5561.7681386249305433","0","5561.7681386249305433","85.922714403889671075","0","0","100","23.452037161042017743","31.739090932731752304","122.00480429825383055","157269.25345053794445","150511.60972018624307","1768.6340222811315925","0","100","3500","0","22.420429750004146285","0","0","157325.12643803103128","0","0","73.9892619895947945","77.579580408753884058","776","53517.179165877249034","0.29762113379257015833","0.69444253967731517374","192194.9499962158734","3.8194593651202901619","18.601234512592441206","22.420419591246123048","51020382.87263365835","9230.3135401497820567","52139799.381110884249","9260.7866782816727209","38668.380746827548137","145.25529176201374071","0","0","29.457366860827960409","6474.5260817557727933","0","0","0","0","0","16.252340337008529758","13.205026523819430651","0","0","0","0","0","0","0","0","0","0","0","0","0","21.331196692323697306","71187.282218639491475","50534636.9877262339","9086.0740196588321851","9086.0740196588321851","0","0","0","0","0","0","0","0","0"
"05/14/2026 15:41:11.326","126.03284159847846979","3.938526299952452181","3.938526299952452181","0","1000000000","126.03284159847846979","0","1.9692631499762260905","44568","0","0","0","0","0","0","0","0","0","0","0","0","0","0","12.523775928032923943","0.1252377592803292361","0","0","12.523775928032923943","0.1252377592803292361","1.6274907229686500393e-005","0","1.6274907229686500393e-005","7694.8957585321031729","0","7694.8957585321031729","48311917.104261554778","0","48311917.104261554778","6278.4368522072936685","0","6278.4368522072936685","87.499235655054690142","0","0","100","23.704227016415551077","31.609273943876111446","121.99334123871203417","147219.16456531049334","161057.8053511705657","1734.9789178398864351","0","100","3500","0","23.31356949827955205","0","0","147172.8853319742484","0","0","74.097937573326660754","76.686430501720451502","701","48078.21544913060643","0.62503477092545067784","0.72119699618590638046","180105.97550568188308","4.9040765556081256094","18.414357179746854598","23.265498232283079005","48723284.360712684691","7816.9900738306296262","49593765.627949275076","7823.8824948555457013","32733.092078904828668","123.07894687351412699","0","0","5.9077894499286784935","6293.7650273240187744","0","0","0","0","0","3.938526299952452181","2.9538947249643392468","0","0","0","0","0","0","0","0","0","0","0","0","0","6.8924210249167909836","69183.168353389788535","48311917.104261554778","7694.8957585321031729","7694.8957585321031729","0","0","0","0","0","0","0","0","0"
"05/14/2026 15:41:12.311","260.02170368657959898","8.1256782402056124681","8.1256782402056124681","0","1000000000","260.02170368657959898","0","4.0628391201028062341","44572","0","0","0","0","0","0","0","0","0","0","0","0","0","0","30.472410292918922892","0.30472410292918922226","0","0","30.472410292918922892","0.30472410292918922226","1.5118431530668815293e-005","0","1.5118431530668815293e-005","20152.697745489942463","0","20152.697745489942463","108385366.79108434916","0","108385366.79108434916","5378.2063404062291738","0","5378.2063404062291738","72.921436158497883184","0","0","100","27.704397915630494253","38.818298696781447177","122.00005618608832947","188881.51601764181396","115517.88230485431268","1758.4501095907555737","0","100","3500","0","25.744538500110113688","0","0","188899.80146072246134","0","0","68.182166346871980522","74.20584659445077591","880","78622.325957121051033","0.69443597889273833701","0.84324006056187961189","250754.37611287238542","5.9027413759054416786","19.989951051502792723","25.893352740441311965","81804680.634436711669","18892.201908478047699","84816463.274168908596","19123.783738323909347","78408.732178864054731","293.54012642742776507","0","0","231.58182984585994291","6172.4683332161885119","0","0","0","0","0","0","0","0","0","0","0","0","0","0","0","0","0","0","0","0","768.89230347945601807","67863.633242637224612","80806424.811270967126","18598.661782050621696","18598.661782050621696","0","0","0","0","0","0","0","0","0"
"05/14/2026 15:41:13.311","255.8948272260101362","7.9967133508128167563","7.9967133508128167563","0","1000000000","255.8948272260101362","0","3.9983566754064083781","44576","0","0","0","0","0","0","0","0","0","0","0","0","0","0","18.192139185293832782","0.18192139185293831893","0","0","18.192139185293832782","0.18192139185293831893","1.5306847240915210604e-005","0","1.5306847240915210604e-005","11883.116039307844403","0","11883.116039307844403","56493389.217031806707","0","56493389.217031806707","4754.0888290713328388","0","4754.0888290713328388","82.192422712965921505","0","0","100","26.33131406523936846","35.31890252485827375","121.99724839075061311","172912.51250310544856","131490.68843701036531","1779.5524425606959085","0","100","3500","0","25.165580260475550745","0","0","172986.49389678495936","0","0","71.051544750934041872","74.590352001204493604","1149","61268.590949376230128","0.73223320730881558127","0.73224320475846615963","215640.76634726364864","6.0531458424955797426","19.33100865969091231","25.409647998795502843","57124361.887264341116","12069.039624714243473","58731749.251057818532","12142.009634040410674","50107.405856193108775","187.92276374410118933","0","0","70.970830988463745825","6554.3061801599542378","0","0","0","0","0","4.9979458442580106947","3.9983566754064083781","0","0","0","0","0","0","0","0","0","0","0","0","0","27.988496727844857759","72137.351548513572197","56485200.582560569048","11881.116860970141715","11882.116450138993969","0","0","0","0","0","0","0","0","0"
"05/14/2026 15:41:14.327","188.97167226052346223","5.9053647581413581946","5.9053647581413581946","0","1000000000","188.97167226052346223","0","2.9526823790706790973","44579","0","0","0","0","0","0","0","0","0","0","0","0","0","1","26.689219688863197177","0.26689219688863197177","0","0","26.689219688863197177","0.26689219688863197177","1.4878869374313938404e-005","0","1.4878869374313938404e-005","17932.624315555924113","0","17932.624315555924113","87142648.90844745934","0","87142648.90844745934","4859.4476399560926438","0","4859.4476399560926438","75.26850629152330896","0","0","100","27.501284403669725265","38.307047289049890537","121.99766782857285818","197040.33888717318769","111415.21941130627238","1827.1822300227502183","0","100","3500","0","26.210258395925645658","0","0","197076.76439499153639","0","0","68.616191727073385209","73.789741604074350789","1722","79301.283940082212212","0.48071371041222465958","1.1056375959313198276","254534.55732228021952","5.6243641948818190457","20.574592092836383017","26.210258395925645658","77570678.604164689779","17900.144809386147244","80252930.709501042962","18081.242661969146866","74395.785223064827733","278.53637109233403635","0","0","180.11362512331140806","6643.5353529090280063","0","0","0","0","0","8.8580471372120364038","6.8895922178315842643","0","0","0","0","0","0","0","0","0","0","0","0","0","111.21770294499557963","73000.150685224085464","76628768.988331303","17622.592665753501933","17622.592665753501933","0","0","0","0","0","0","0","0","0"
"05/14/2026 15:41:15.326","192.20652591209253046","6.0064539347528915769","6.0064539347528915769","0","1000000000","192.20652591209253046","0","3.0032269673764457885","44582","0","0","0","0","0","0","0","0","0","0","0","0","0","0","36.229779172148404598","0.36229779172148407484","0","0","36.229779172148404598","0.36229779172148407484","1.4709203525445758396e-005","0","1.4709203525445758396e-005","24647.48372125849346","0","24647.48372125849346","121449921.94112573564","0","121449921.94112573564","4927.4775191909347996","0","4927.4775191909347996","67.945973151240380616","0","0","100","28.605596013184793946","38.683841904142902024","122.020025252525258","214828.83932881307555","101712.51502137926582","1779.760847762418507","0","100","3500","0","24.579707198841305171","0","0","214779.81837235417333","0","0","68.267649666613877457","75.469132009619386281","903","97188.548104314599186","0.58617054087372566507","1.0257934445617460373","289057.57211207790533","5.6174393388919865444","18.903924913668546992","24.530867990380610166","101979865.36533504725","24053.845857373748004","105902127.83636017144","24367.18253763669054","99815.251487723551691","373.4012196104714576","0","0","312.33560460715040108","6486.9702495331230239","0","0","0","0","0","6.0064539347528915769","5.0053782789607428327","0","0","0","0","0","0","0","0","0","0","0","0","0","17.018286148466525987","71385.703938882332295","100714169.37499342859","23681.445713419067033","23681.445713419067033","0","0","0","0","0","0","0","0","0"
"05/14/2026 15:41:16.311","130.0187359029978893","4.0630854969686840406","4.0630854969686840406","0","1000000000","130.0187359029978893","0","2.0315427484843420203","44584","0","0","0","0","0","0","0","0","0","0","0","0","0","0","17.73425967604417508","0.17734259676044175635","0","0","17.73425967604417508","0.17734259676044175635","1.6442855797306206011e-005","0","1.6442855797306206011e-005","10784.444680329130279","0","10784.444680329130279","92057425.618871405721","0","92057425.618871405721","8536.1303569746633002","0","8536.1303569746633002","83.731037570273400661","0","0","100","23.810374307214718925","29.931111544525169421","122.00015235824059801","154705.66579927282874","156117.48791762973997","1807.1833863467550145","0","100","3500","0","19.445456072015552706","0","0","154639.63605216066935","0","0","75.474846130176615588","80.504949627042122984","656","54051.950986017138348","0.3472210582156027292","0.49602427824901845765","190958.02864837716334","4.0674133036864654756","15.475992020620338963","19.495050372957877016","50700192.539463989437","8838.2267272811295697","51716642.448984153569","8854.4790692690057767","37035.024304869555635","139.1606782711774315","0","0","16.252341987874736162","6462.337482928692225","0","0","0","0","0","0","0","0","0","0","0","0","0","0","0","0","0","0","0","0","36.567769472718161694","71024.76602976108552","50230918.353820592165","8700.0818203841954528","8700.0818203841954528","0","0","0","0","0","0","0","0","0"
"05/14/2026 15:41:17.311","63.979827160496292038","1.9993695987655091262","1.9993695987655091262","0","1000000000","63.979827160496292038","0","0.99968479938275456309","44585","0","0","0","0","0","0","0","0","0","0","0","0","0","1","18.324746378604960029","0.18324746378604958585","0","0","18.324746378604960029","0.18324746378604958585","1.5321386171724773361e-005","0","1.5321386171724773361e-005","11957.229885417127662","0","11957.229885417127662","58394644.168693609536","0","58394644.168693609536","4883.6264526377390212","0","4883.6264526377390212","82.335481696912253824","0","0","100","25.616311159248020601","34.46477108927174271","121.98765704709006741","165008.62435317350901","139133.84185685808188","1780.8664350173735329","0","100","3500","0","23.29588071157481366","0","0","165051.62112841536873","0","0","71.758263350277260884","76.704109289060141919","979","59186.561007924399746","0.48824899618874195717","0.87885419275875975575","208050.39622028346639","5.517229655916849218","17.772311458222404212","23.295890710939858081","59033802.6420269683","12146.170312500467844","60696158.501224562526","12229.144150849237121","50648.030675927875564","189.94011188272338586","0","0","80.974468750003126161","6192.0476473767821517","0","0","0","0","0","0","0","0","0","0","0","0","0","0","0","0","0","0","0","0","725.77116435187986099","68116.522860342127387","58398738.877631880343","11957.229885417127662","11957.229885417127662","0","0","0","0","0","0","0","0","0"
"05/14/2026 15:41:18.326","189.01684169593391971","5.9067763029979349909","5.9067763029979349909","0","1000000000","189.01684169593391971","0","2.9533881514989674955","44588","0","0","0","0","0","0","0","0","0","0","0","0","0","0","23.509385025316230866","0.23509385025316231754","0","0","23.509385025316230866","0.23509385025316231754","1.5688691023787619061e-005","0","1.5688691023787619061e-005","14981.553629837095286","0","14981.553629837095286","82118996.930937483907","0","82118996.930937483907","5481.3405178078592144","0","5481.3405178078592144","77.926442119276771336","0","0","100","28.064949387530031544","38.302274213241958023","122.00251432815746","183102.4456952806795","119921.64157833314675","1765.5428079141611306","0","100","3500","0","26.244847639810387818","0","0","183092.59883076359984","0","0","68.616272497572751377","73.610915815407153673","989","67574.10774852722534","0.62503815651358762828","0.91352109292071115298","232017.72987037486746","5.3849918369678029251","20.963001475056962875","26.389084184592846327","63615791.766446061432","14201.859157841368869","65700442.762107044458","14331.808236507322363","58847.243381334090373","220.51964864525623966","0","0","128.96461594878823576","6676.6261478219994387","0","0","0","0","0","7.8757017373305799879","5.9067763029979349909","0","0","0","0","0","0","0","0","0","0","0","0","0","42.331896838151870099","73336.565652588033117","62872546.042090699077","13983.308434630444026","13983.308434630444026","0","0","0","0","0","0","0","0","0"
"05/14/2026 15:41:19.311","130.07947652766657143","4.0649836414895803571","4.0649836414895803571","0","1000000000","130.07947652766657143","0","2.0324918207447901786","44590","0","0","0","0","0","0","0","0","0","0","0","0","0","0","21.882324377478706623","0.21882324377478706845","0","0","21.882324377478706623","0.21882324377478706845","1.5618191705336425081e-005","0","1.5618191705336425081e-005","14016.063595856074244","0","14016.063595856074244","81972964.200298815966","0","81972964.200298815966","5848.5011600928073676","0","5848.5011600928073676","79.26135532475132095","0","0","100","26.559325450038603122","34.994299646470800269","122.01646498710573496","179252.47553669431363","127294.58826863132708","1800.1132689782680245","0","100","3500","0","24.058233372342495926","0","0","179238.25342283106875","0","0","71.302530313373651438","75.892172160457704422","819","65853.466513271006988","0.64483981860737282776","0.64483981860737282776","224584.44761055786512","4.9602695695988563429","19.196258777062610079","24.107827839542295578","61275738.206110522151","13189.855670723316507","63134366.611525163054","13291.480261760556459","55027.683554844450555","206.29791980559622289","0","0","100.60834512686712117","6696.0443034437112146","0","0","0","0","0","0","0","0","0","0","0","0","0","0","0","0","0","0","0","0","5.0812295518619752244","73653.438600149704143","60581654.444277100265","12984.573996828092277","12984.573996828092277","0","0","0","0","0","0","0","0","0"
"05/14/2026 15:41:20.326","63.017320507470607538","1.9692912658584564856","1.9692912658584564856","0","1000000000","63.017320507470607538","0","0.98464563292922824278","44591","0","0","0","0","0","0","0","0","0","0","0","0","0","1","20.140289381310829242","0.20140289381310830241","0","0","20.140289381310829242","0.20140289381310830241","1.6101054785894205568e-005","0","1.6101054785894205568e-005","12508.938120732915195","0","12508.938120732915195","95979916.379954263568","0","95979916.379954263568","7672.9068010075570783","0","7672.9068010075570783","81.493430089157797624","0","0","100","23.58087288871243814","31.190456609998062021","122.00443075026960571","166426.22126963044866","143102.54438324883813","1768.3862943366739273","0","100","3500","0","21.922303234985697884","0","0","166440.00601802728488","0","0","74.432191332345425394","78.029607676137118233","931","59065.677630661688454","0.38462409476031761413","0.57693121901507959937","205312.0118722130137","4.1346573258567467235","17.836709776834723584","21.97039232386288532","52999043.515232175589","10268.869305818920111","54248034.991942644119","10303.331902971443924","43025.075576475559501","161.48188380039343315","0","0","33.477951519593759144","6610.9107794868377823","0","0","0","0","0","4.9232281646461411029","3.9385825317169129711","0","0","0","0","0","0","0","0","0","0","0","0","0","4.9232281646461411029","72659.955190746535663","52454609.313290409744","10107.387422018528014","10107.387422018528014","0","0","0","0","0","0","0","0","0"
"05/14/2026 15:41:21.311","65.015925854212753165","2.0317476829441485364","2.0317476829441485364","0","1000000000","65.015925854212753165","0","1.0158738414720742682","44592","0","0","0","0","0","0","0","0","0","0","0","0","0","0","15.927511806912161063","0.1592751180691216184","0","0","15.927511806912161063","0.1592751180691216184","1.5176401122834187396e-005","0","1.5176401122834187396e-005","10494.992656247999548","0","10494.992656247999548","53685470.423747390509","0","53685470.423747390509","5115.3413996708932245","0","5115.3413996708932245","84.217035883463822188","0","0","100","22.948731702084085526","31.344134101821421012","122.00324560293559273","167232.95800342000439","142217.52679417698528","1802.136212037680707","0","100","3500","0","24.752448493012359165","0","0","167224.83112084036111","0","0","74.307376920115274288","75.247561665655879892","746","58197.622013205575058","0.54562207112896321526","0.64483162515326886144","204194.01997567422222","4.0178345579607892546","20.734004414957215801","24.752438334344116555","54242230.241304576397","10659.564218566476484","55628698.923641033471","10716.453153688911698","44389.623376963761984","166.60331000142019775","0","0","55.873061280964087416","6546.2910344460469787","0","0","0","0","0","4.0634953658882970728","3.0476215244162232487","0","0","0","0","0","0","0","0","0","0","0","0","0","2.0317476829441485364","72039.677594150678487","53685470.423747390509","10494.992656247999548","10494.992656247999548","0","0","0","0","0","0","0","0","0"
"05/14/2026 15:41:22.311","63.987906285712000454","1.9996220714285000142","1.9996220714285000142","0","1000000000","63.987906285712000454","0","0.99981103571425000709","44593","0","0","0","0","0","0","0","0","0","0","0","0","0","0","27.50746220448055368","0.27507462204480553902","0","0","27.50746220448055368","0.27507462204480553902","1.5235463860426475002e-005","0","1.5235463860426475002e-005","18051.588249820782949","0","18051.588249820782949","97159236.904225096107","0","97159236.904225096107","5382.3096095264472751","0","5382.3096095264472751","75.070122072255358603","0","0","100","27.40553750357972973","36.014306124179462643","122.00225997886350626","189255.57752860765322","119165.78260547976242","1773.9772930906485726","0","100","3500","0","22.754381198274685971","0","0","189305.57688861584757","0","0","70.483170052662686089","77.245618801725314029","1210","76114.025740470533492","0.53710672364898570663","0.78124523440407012131","245214.86124977603322","5.6640254494447583866","17.089735752611908026","22.754381198274685971","78278145.430513635278","17315.727327535096265","81022974.657789677382","17521.688400892231584","71822.425561568859848","268.94916860713323103","0","0","205.96107335713548991","6459.7791017497693247","0","0","0","0","0","0","0","0","0","0","0","0","0","0","0","0","0","0","0","0","387.92668185712898321","70977.585236390325008","77354723.957172095776","17044.778536856534629","17044.778536856534629","0","0","0","0","0","0","0","0","0"
"05/14/2026 15:41:23.311","0","0","0","0","1000000000","0","0","0","44593","0","0","0","0","0","0","0","0","0","0","0","0","0","1","28.30897841752230093","0.28308978417522301374","0","0","28.30897841752230093","0.28308978417522301374","1.5300653983353151264e-005","0","1.5300653983353151264e-005","18496.726583251114789","0","18496.726583251114789","97502058.163217678666","0","97502058.163217678666","5271.314236298778269","0","5271.314236298778269","73.849109354173648967","0","0","100","29.691145036702355497","40.633963598430788977","121.99149387857043791","194537.35055732168257","109707.90960161594558","1812.9566703355790196","0","100","3500","0","26.123800924850471006","0","0","194530.35072461768868","0","0","66.707372914058979063","73.729710583980988758","1083","76541.170666021091165","0.63476346193634203274","0.48827497076780113083","254731.91190730541712","6.0057981402791549286","20.263461286348750434","26.270289416019011242","76146890.521512329578","17808.92267614503362","78983209.886861264706","18023.861397115684667","73958.914313529225183","276.92104980869953579","0","0","212.93929100813360833","6643.1060504650131406","0","0","0","0","0","13.996009737623804625","10.996864793847274555","0","0","0","0","0","0","0","0","0","0","0","0","0","29.991449437765293595","73005.18622140827938","75222074.186649397016","17536.000486261367769","17536.000486261367769","0","0","0","0","0","0","0","0","0"
"05/14/2026 15:41:24.311","256.05633239312646765","8.0017603872852021141","8.0017603872852021141","0","1000000000","256.05633239312646765","0","4.000880193642601057","44597","0","0","0","0","0","0","0","0","0","0","0","0","0","0","25.107490987715213038","0.25107490987715214148","0","0","25.107490987715213038","0.25107490987715214148","1.5994763997706857781e-005","0","1.5994763997706857781e-005","15702.454539998800101","0","15702.454539998800101","104487371.22166876495","0","104487371.22166876495","6654.2062551754888773","0","6654.2062551754888773","77.176104439214569197","0","0","100","27.859282404740877581","36.695228404305701986","122.01798341056976938","181568.17000570544042","123243.46815460290236","1796.8235519272006968","0","100","3500","0","23.787462362780942726","0","0","181503.17638807868934","0","0","69.913612252127805391","76.066073323547044538","794","67409.380398844834417","0.68351679535121789844","0.87881587881937839324","230832.33226497157011","5.3217000459250813904","18.60152777637514987","23.933926676452955462","61784520.594530798495","13452.959651123246658","63652579.56750485301","13552.981655964311358","56036.327992158272536","210.0462101662365626","0","0","99.02178479265438682","6663.4659625117528776","0","0","0","0","0","3.0006601452319512369","2.0004400968213005285","0","0","0","0","0","0","0","0","0","0","0","0","0","33.007261597551462273","73232.111064434182481","61076604.853067673743","13243.913661005421091","13243.913661005421091","0","0","0","0","0","0","0","0","0"
"05/14/2026 15:41:25.311","191.98431488147417667","5.999509840046068021","5.999509840046068021","0","1000000000","191.98431488147417667","0","2.9997549200230340105","44600","0","0","0","0","0","0","0","0","0","0","0","0","0","0","15.49539100238074063","0.15495391002380740075","0","0","15.49539100238074063","0.15495391002380740075","1.548778732760343861e-005","0","1.548778732760343861e-005","10005.182576583492846","0","10005.182576583492846","52883231.439991354942","0","52883231.439991354942","5285.5838496901860708","0","5285.5838496901860708","84.639314314739692691","0","0","100","25.060669713777429024","32.710792179473436647","122.0063252994074503","164845.32839581917506","142063.61645862899604","1793.775060607399837","0","100","3500","0","22.274092123958489253","0","0","164883.32363121665549","0","0","73.184612877196386194","77.628258519821329742","943","56247.94650750796427","0.63470081761088037453","0.29293806975039721197","201454.73757590798778","4.4916904057457740507","17.869142263493280609","22.371741480178663153","53413980.077827639878","10163.169669038039501","54640671.85710927844","10194.167136544943787","42620.517903687272337","159.98692906789514723","0","0","29.997549200230341881","6613.4596803441163502","0","0","0","0","0","0.99991830667434478119","0.99991830667434478119","0","0","0","0","0","0","0","0","0","0","0","0","0","17.998529520138205839","72764.055176692068926","52879135.774607218802","10004.182658276818984","10004.182658276818984","0","0","0","0","0","0","0","0","0"
"05/14/2026 15:41:26.327","126.02410585158474987","3.9382533078620234335","3.9382533078620234335","0","1000000000","126.02410585158474987","0","1.9691266539310117167","44602","0","0","0","0","0","0","0","0","0","0","0","0","0","0","18.851133888836983488","0.18851133888836982266","0","0","18.851133888836983488","0.18851133888836982266","1.5650044953003678657e-005","0","1.5650044953003678657e-005","12046.132305422965146","0","12046.132305422965146","75989511.249965161085","0","75989511.249965161085","6308.2082550061295478","0","6308.2082550061295478","81.985232622281174031","0","0","100","23.912461094519841254","32.168019695308657901","122.0009737331015458","171134.25445541317458","137699.22048485267442","1766.138111606539951","0","100","3500","0","22.22026743290032158","0","0","171100.78249566143495","0","0","73.640204190269770379","77.731669034237043547","812","60914.044401145292795","0.38456733319950631156","0.43264071111188118213","211217.91072752681794","3.6053655127316677209","18.651761786419719158","22.268330965762949347","55406147.633104838431","11187.593084309042752","56858799.933482900262","11244.697757273042953","46451.69776623256621","174.26770887289453071","0","0","56.120109637033834815","6657.61721694075095","0","0","0","0","0","4.9228166348275292918","3.9382533078620234335","0","0","0","0","0","0","0","0","0","0","0","0","0","45.289913040413267709","73204.252486539291567","54817461.466898925602","11014.309938763113678","11014.309938763113678","0","0","0","0","0","0","0","0","0"
"05/14/2026 15:41:27.327","127.96645999083639822","3.9989518747136374444","3.9989518747136374444","0","1000000000","127.96645999083639822","0","1.9994759373568187222","44604","0","0","0","0","0","0","0","0","0","0","0","0","0","0","30.884017795616014013","0.30884017795616014457","0","0","30.884017795616014013","0.30884017795616014457","1.4929177744477208076e-005","0","1.4929177744477208076e-005","20681.579358050254086","0","20681.579358050254086","106283823.00998908281","0","106283823.00998908281","5139.0573790303087662","0","5139.0573790303087662","72.540845286760756494","0","0","100","26.182066487029654667","36.580444633610895266","122.00794150611091027","196520.37627586736926","114007.66518075231579","1774.0936721458892862","0","100","3500","0","25.097582587824330602","0","0","196561.37844078167109","0","0","70.019143017228714143","74.9024074121666672","1281","84034.437018274562433","0.6347705712935142186","1.025390922851830533","257730.60817611168022","5.3222747900473112992","19.775407797867018189","25.097592587833329247","86711256.979545652866","19944.772475134264823","89975873.32360188663","20213.701988708759018","82802.297517820581561","309.91877029030689528","0","0","268.92951357449209127","6279.3541812690891675","0","0","0","0","0","4.9986898433920465834","3.9989518747136374444","0","0","0","0","0","0","0","0","0","0","0","0","0","796.79116103669230142","69015.910929745310568","85657677.122826099396","19634.853704843961168","19634.853704843961168","0","0","0","0","0","0","0","0","0"
"05/14/2026 15:41:28.327","127.97031088787400677","3.9990722152460627115","3.9990722152460627115","0","1000000000","127.97031088787400677","0","1.9995361076230313557","44606","0","0","0","0","0","0","0","0","0","0","0","0","0","2","27.432300526591735235","0.27432300526591735235","0","0","27.432300526591735235","0.27432300526591735235","1.5315845011445481603e-005","0","1.5315845011445481603e-005","17906.845611818058387","0","17906.845611818058387","94992873.653312429786","0","94992873.653312429786","5304.8356875663002938","0","5304.8356875663002938","74.692676485832393496","0","0","100","28.15028807400805988","37.234639919489673332","121.99254153781645016","195627.45224313371","113659.37504792184336","1811.9949264142057928","0","100","3500","0","24.511470887853924694","0","0","195619.45226553364773","0","0","69.490839319769762028","75.537359273285602512","914","76328.786279398409533","0.48828161132931741095","0.97657322269163493456","251203.29663076941506","5.5664183691806181642","18.896542358589783817","24.46264072671440104","73684541.186444744468","17009.053899495316728","76281246.750753819942","17188.0123811275771","70747.586559918097919","264.93853426005165375","0","0","176.95894552463829541","6592.4705468331349039","0","0","0","0","0","3.9990722152460627115","2.9993041614345470336","0","0","0","0","0","0","0","0","0","0","0","0","0","8.997912484303641989","72525.17415959497157","72789512.833022743464","16745.115133289076766","16745.115133289076766","0","0","0","0","0","0","0","0","0"
"05/14/2026 15:41:29.326","736.40119136905786945","7.0038156787818000026","7.0038156787818000026","0","1000000000","736.40119136905786945","0","4.0021803878753141603","44609","0","0","0","0","0","0","0","0","0","0","0","0","0","0","25.787665357329892402","0.25787665357329891958","0","0","25.787665357329892402","0.25787665357329891958","1.5397055309998804228e-005","0","1.5397055309998804228e-005","16751.126013452128973","0","16751.126013452128973","92997096.818346634507","0","92997096.818346634507","5551.6922709353721075","0","5551.6922709353721075","76.442131999753897276","0","0","100","28.434669526317051691","37.391661131429209775","121.99873098434881058","185815.30203651706688","119424.61204738861124","1777.5385941940407974","0","100","3500","0","24.091913340679493416","0","0","185841.30991690483643","0","0","69.350055096184476611","75.810399098453345346","1653","71723.732290884145186","0.73270172381280607166","0.83038928467995942739","239451.5538208077196","6.0081701414193755539","18.21989554983891324","24.189600901546647549","71666123.704194039106","15894.659410446811307","74023479.991899594665","16044.741174992135711","65975.943694124565809","247.13463895130067272","0","0","165.08994099985673643","6499.5409499095103456","0","0","0","0","0","1.0005450969688285401","1.0005450969688285401","0","0","0","0","0","0","0","0","0","0","0","0","0","53.028890139347915067","71498.952629392500967","70764184.327621683478","15632.516595040979155","15632.516595040979155","0","0","0","0","0","0","0","0","0"
"05/14/2026 15:41:30.311","65.04435211760018376","2.0326360036750057425","2.0326360036750057425","0","1000000000","65.04435211760018376","0","1.0163180018375028713","44610","0","0","0","0","0","0","0","0","0","0","0","0","0","0","38.912116549319492265","0.38912116549319492043","0","0","38.912116549319492265","0.38912116549319492043","1.4971495016611295484e-005","0","1.4971495016611295484e-005","26002.496077012510796","0","26002.496077012510796","125101623.66963973641","0","125101623.66963973641","4811.1390267735005182","0","4811.1390267735005182","66.063915735553919717","0","0","100","30.50620950411745369","43.297422243028940159","122.01103567698312702","212842.3034656503587","96988.169414819974918","1839.848268901901065","0","100","3500","0","29.613931191878151594","0","0","212770.17247333007981","0","0","64.497214356918888711","70.187661007610117281","1171","95052.393006625992712","0.64483804992489235364","1.0912581407286383595","291827.77191530034179","7.2915857152478791292","22.469970388669409544","29.812338992389886272","105068727.48855625093","25196.555901555373566","109329213.85769921541","25560.397746213198843","104603.51402112314827","391.28243070743860699","0","0","346.56443862658846911","6489.1904417324558381","0","0","0","0","0","6.0979080110250176716","5.0815900091875141342","0","0","0","0","0","0","0","0","0","0","0","0","0","38.620084069825111328","71273.365150862242444","103808704.56042213738","24822.550876879169664","24822.550876879169664","0","0","0","0","0","0","0","0","0"
"05/14/2026 15:41:31.311","63.982635112830379853","1.9994573472759493704","1.9994573472759493704","0","1000000000","63.982635112830379853","0","0.99972867363797468521","44611","0","0","0","0","0","0","0","0","0","0","0","0","0","0","22.860235124612763968","0.22860235124612765523","0","0","22.860235124612763968","0.22860235124612765523","1.5278953348482824368e-005","0","1.5278953348482824368e-005","14957.940414971377322","0","14957.940414971377322","85640501.167983010411","0","85640501.167983010411","5725.4206656864053002","0","5725.4206656864053002","78.326897871302563203","0","0","100","25.784096563663506885","34.471341462439021086","121.99487591794674302","188010.50762837060029","122104.81374718122242","1780.0048060129763599","0","100","3500","0","24.023878259118269796","0","0","188049.50773367087822","0","0","71.74630669679048367","75.976111740940737604","994","69668.188104107888648","0.53710683106969669964","0.78124539065219522627","236633.63891082507325","4.9316109034956694401","19.140517070949279343","24.023888259059265948","64071914.882300950587","14226.139025868380486","65997880.175320424139","14320.113521190349275","58955.99934177864634","220.94003687399242608","0","0","92.974766648331652164","6687.1850979644132167","0","0","0","0","0","0","0","0","0","0","0","0","0","0","0","0","0","0","0","0","0","73513.048558621201664","63323358.040627777576","14006.198717668026802","14006.198717668026802","0","0","0","0","0","0","0","0","0"
"05/14/2026 15:41:32.311","127.96143242426734332","3.9987947632583544788","3.9987947632583544788","0","1000000000","127.96143242426734332","0","1.9993973816291772394","44613","0","0","0","0","0","0","0","0","0","0","0","0","0","0","27.782491096028493871","0.27782491096028494315","0","0","27.782491096028493871","0.27782491096028494315","1.5534011741682974498e-005","0","1.5534011741682974498e-005","17879.611085218915832","0","17879.611085218915832","116148032.98285898566","0","116148032.98285898566","6496.1162985742239471","0","6496.1162985742239471","75.170259455169741614","0","0","100","24.982960872403332075","35.037778865722074784","121.99020219461928605","184459.11459624994313","123658.92997511696012","1767.9915136407346381","0","100","3500","0","23.926033436693007417","0","0","184466.11456265012384","0","0","71.273981923257849758","76.073976563274996465","1313","73605.646692895883461","0.3906187500199999052","0.87890718749700003087","237639.85932867522934","4.3456860938044998832","19.580007343976500778","23.926023436725007087","69993679.904876679182","15599.298371470840721","72144479.653832346201","15710.264926151259715","64580.535426622423984","241.92708317713044153","0","0","133.95962456915486882","6278.1077783156160876","0","0","0","0","0","10.996685598960475261","8.9972882173312971332","0","0","0","0","0","0","0","0","0","0","0","0","0","1003.6974855778469191","68978.209967515795142","69070510.148241326213","15334.378218404974177","15334.378218404974177","0","0","0","0","0","0","0","0","0"
"05/14/2026 15:41:33.311","256.07308325796179815","8.0022838518113061923","8.0022838518113061923","0","1000000000","256.07308325796179815","0","4.0011419259056530962","44617","0","0","0","0","0","0","0","0","0","0","0","0","0","0","20.728891594657739006","0.20728891594657739006","0","0","20.728891594657739006","0.20728891594657739006","1.4831825987406981922e-005","0","1.4831825987406981922e-005","13979.989889114352991","0","13979.989889114352991","63022658.666783496737","0","63022658.666783496737","4508.0618202633086185","0","4508.0618202633086185","79.7750667422797477","0","0","100","25.856935995366296055","33.921428640001536792","122.02030632155128842","184340.82477826761897","125320.07496040442493","1774.9790552471481533","0","100","3500","0","22.168216844884412353","0","0","184367.824459671363","0","0","72.202561731546282431","77.831773155148582077","1063","68854.187520587263862","0.43945854978678566827","0.48827838868131734351","231581.26734104537172","4.6386546924395153368","17.480412314639362847","22.16822684485141437","63769955.945426821709","14201.052980520640631","65919165.329785123467","14348.094946297673232","59256.911922662729921","222.06337688776375217","0","0","123.03511422159884603","6681.9070162624411751","0","0","0","0","0","1.000285481476413274","1.000285481476413274","0","0","0","0","0","0","0","0","0","0","0","0","0","114.03254488831112212","73505.978606294229394","63112796.392090305686","14001.996169706833825","14001.996169706833825","0","0","0","0","0","0","0","0","0"
"05/14/2026 15:41:34.311","255.98118538287434376","7.9994120432148232425","7.9994120432148232425","0","1000000000","255.98118538287434376","0","3.9997060216074116212","44621","0","0","0","0","0","0","0","0","0","0","0","0","0","0","21.95027610331576895","0.2195027610331576895","0","0","21.95027610331576895","0.2195027610331576895","1.5430868189806677383e-005","0","1.5430868189806677383e-005","14223.954539341357304","0","14223.954539341357304","77982108.315038844943","0","77982108.315038844943","5482.4492091388401604","0","5482.4492091388401604","79.069807674173191003","0","0","100","27.351450805718748427","36.070097211022797978","121.99876072862662113","181514.62382799680927","124186.53251712226484","1788.9667252189110513","0","100","3500","0","23.82859464557266449","0","0","181499.62410699159955","0","0","70.435050346192880966","76.17140535442733551","924","66885.755924939803663","0.68358583012643625576","0.78124523440407012131","230346.71555109074689","5.8593442580000258957","18.017470093432429223","23.82859464557266449","62375399.408143498003","13736.990331210654404","64283275.179274320602","13841.982614277849279","57091.803752424195409","213.9842721559965355","0","0","103.99235656179270393","6665.510085008751048","0","0","0","0","0","5.9995590324111169878","4.9996325270092647486","0","0","0","0","0","0","0","0","0","0","0","0","0","30.997721667457440731","73345.60909773131425","61660747.93502677232","13525.005912065462326","13525.005912065462326","0","0","0","0","0","0","0","0","0"
"05/14/2026 15:41:35.311","191.97711632773371093","5.9992848852416784666","5.9992848852416784666","0","1000000000","191.97711632773371093","0","2.9996424426208392333","44624","0","0","0","0","0","0","0","0","0","0","0","0","0","1","22.126057478850423621","0.22126057478850422178","0","0","22.126057478850423621","0.22126057478850422178","1.578097140004279273e-005","0","1.578097140004279273e-005","14019.328895995595303","0","14019.328895995595303","80788066.062525331974","0","80788066.062525331974","5762.6200698951570303","0","5762.6200698951570303","79.268334633307333092","0","0","100","26.960464323823632782","35.930439415051807828","122.01173326380288131","175890.93949765275465","128363.77269678123412","1769.9692025358758656","0","100","3500","0","24.366742665146702507","0","0","175872.93981084731058","0","0","70.565188696226073262","75.486770264594710511","1228","64758.873195606400259","0.58592828143437136745","0.781234375312493734","222805.12319085648051","5.5174696506069871305","18.993760124797503863","24.513229735405296594","60571055.930133119226","13045.444982958029868","62454539.418901257217","13159.431395777621219","54409.514385885195225","203.97568609821706787","0","0","112.98653200538494445","6507.2243388588076414","0","0","0","0","0","4.9994040710347320555","3.9995232568277856444","0","0","0","0","0","0","0","0","0","0","0","0","0","51.993802338761213377","71479.479646026185947","59884573.758807942271","12842.469177674020102","12842.469177674020102","0","0","0","0","0","0","0","0","0"
"05/14/2026 15:41:36.326","189.15253556018410563","5.9110167362557533011","5.9110167362557533011","0","1000000000","189.15253556018410563","0","2.9555083681278766505","44627","0","0","0","0","0","0","0","0","0","0","0","0","0","0","26.068219280055298981","0.26068219280055299203","0","0","26.068219280055298981","0.26068219280055299203","1.5537478725277305573e-005","0","1.5537478725277305573e-005","16786.302361510297487","0","16786.302361510297487","94989881.32451698184","0","94989881.32451698184","5658.7734021949645467","0","5658.7734021949645467","75.956460262037978737","0","0","100","28.456709625878264802","38.387794205469930375","122.00359123078541757","185900.90175692981575","117958.81530295485572","1808.811303761057161","0","100","3500","0","24.996533993450032796","0","0","185849.69969498339924","0","0","68.516056866139280146","74.907313864616995147","627","71190.559206273508607","0.57694239142636016826","0.62503323230711960168","239479.92096370941726","5.7694928405302201568","19.327821201325747325","25.0926861353830013","72587230.351731106639","15894.724003791719952","75006215.434098169208","16060.232472406880333","66018.175588328420417","247.2775334666989977","0","0","163.53812970307583896","6495.2222236890302156","0","0","0","0","0","9.8516945604262549097","7.8813556483410041054","0","0","0","0","0","0","0","0","0","0","0","0","0","50.243642258173899506","71423.800393634301145","71754888.263065457344","15649.416809237105554","15649.416809237105554","0","0","0","0","0","0","0","0","0"
"05/14/2026 15:41:37.311","129.97081241404029583","4.0615878879387592448","4.0615878879387592448","0","1000000000","129.97081241404029583","0","2.0307939439693796224","44629","0","0","0","0","0","0","0","0","0","0","0","0","0","0","25.063448147653389242","0.25063448147653388798","0","0","25.063448147653389242","0.25063448147653388798","1.526834581347855758e-005","0","1.526834581347855758e-005","16407.799670300602884","0","16407.799670300602884","99983946.573872923851","0","99983946.573872923851","6093.6840150999441903","0","6093.6840150999441903","77.332744811108227623","0","0","100","24.515441950877011834","34.979890194905664202","121.99325519180193567","176696.48670248134295","129168.49490675804554","1754.398618667593837","0","100","3500","0","24.653659919147607127","0","0","176805.18424283884815","0","0","71.336553274552215953","75.346350239463859566","1098","70867.748718511880725","0.39682584025685035956","0.54562918122099401952","229162.85928981498","4.4146277910150129031","20.188259387953817026","24.653649760536133329","69984116.145167246461","15007.567245933716549","72168876.762792602181","15140.584249263709353","62601.254116800097108","234.55670052846335238","0","0","132.00160635800966702","6355.3696476521736258","0","0","0","0","0","7.1077788038928284564","6.0923818319081393113","0","0","0","0","0","0","0","0","0","0","0","0","0","730.07042285699196782","69910.081521145897568","69194380.996236428618","14774.025942377236788","14774.025942377236788","0","0","0","0","0","0","0","0","0"
"05/14/2026 15:41:38.326","63.018722862562476905","1.9693350894550774033","1.9693350894550774033","0","1000000000","63.018722862562476905","0","0.98466754472753870164","44630","0","0","0","0","0","0","0","0","0","0","0","0","0","0","22.230541133119686492","0.22230541133119685604","0","0","22.230541133119686492","0.22230541133119685604","1.5187595856316426387e-005","0","1.5187595856316426387e-005","14638.067719919588853","0","14638.067719919588853","75412741.125388354063","0","75412741.125388354063","5151.8234898425935171","0","5151.8234898425935171","78.805324094222228837","0","0","100","25.672650967591511773","34.132986332100344384","122.01250147821532721","187050.78897497797152","123237.91142839092936","1791.0102705922120094","0","100","3500","0","23.557645917132351343","0","0","186990.72760801471304","0","0","72.022708394953880884","76.490423034342228448","1046","69451.617073536486714","0.3365417372800417195","0.67307362840042050944","233779.51708494816558","4.9038502816592428601","18.605775914796847559","23.509576965657775105","64143382.56145901233","14245.185369573302523","66111823.572783477604","14349.560129314420919","59123.378055620327359","221.55019756369620154","0","0","104.37475974111909238","6675.0612857079840978","0","0","0","0","0","0","0","0","0","0","0","0","0","0","0","0","0","0","0","0","12.800678081458002566","73395.149448901269352","63389777.102777242661","14023.635172009606322","14023.635172009606322","0","0","0","0","0","0","0","0","0"
"05/14/2026 15:41:39.311","195.06999202753004852","6.0959372508603140162","6.0959372508603140162","0","1000000000","195.06999202753004852","0","3.0479686254301570081","44633","0","0","0","0","0","0","0","0","0","0","0","0","0","0","22.189864353289546983","0.22189864353289548426","0","0","22.189864353289546983","0.22189864353289548426","1.5379222699429697627e-005","0","1.5379222699429697627e-005","14430.099462328174923","0","14430.099462328174923","82347626.714469656348","0","82347626.714469656348","5706.6569034710973938","0","5706.6569034710973938","79.022805677480278064","0","0","100","24.542934464599181155","33.580007801833431813","122.00507884013464377","181444.71697547778604","127803.57490735246392","1780.7919292437425156","0","100","3500","0","23.412561068041970458","0","0","181434.55843623509281","0","0","72.476762626536100242","76.537833766925615464","890","67645.712817079751403","0.4960313328287144774","0.94245750062501698618","227992.15963941247901","4.3154868178565992665","19.19645727896114451","23.462166233074388089","61547569.493938654661","13505.548979281025822","63423187.787074193358","13604.09996483660143","56375.227695956185926","211.32582469649091195","0","0","96.519006471954980952","6655.7474883976528872","0","0","0","0","0","6.0959372508603140162","5.0799477090502618282","0","0","0","0","0","0","0","0","0","0","0","0","0","15.239843127150786373","73139.055135822054581","60836868.553609855473","13295.239144126346218","13295.239144126346218","0","0","0","0","0","0","0","0","0"
"05/14/2026 15:41:40.311","127.9443569991410925","3.9982611562231591407","3.9982611562231591407","0","1000000000","127.9443569991410925","0","1.9991305781115795703","44635","0","0","0","0","0","0","0","0","0","0","0","0","0","0","20.676726007338753988","0.20676726007338752655","0","0","20.676726007338753988","0.20676726007338752655","1.5892853300545608988e-005","0","1.5892853300545608988e-005","13007.343106482991061","0","13007.343106482991061","77638682.936790794134","0","77638682.936790794134","5968.8348574502424526","0","5968.8348574502424526","80.52224470383951882","0","0","100","26.477264838042465556","35.074497746879465865","121.98919712739268562","172425.35981230062316","132220.94324308654177","1796.6494736876834395","0","100","3500","0","23.649968217138429338","0","0","172525.34030610628542","0","0","71.260174964702926559","76.350041780616066944","988","61804.941855843921076","0.6346174649173795812","0.68344649791656797433","216247.81005225880654","5.0281706728668735806","18.599342587654813741","23.64995821938392595","57225508.626298427582","11993.783903380421179","58850070.104511551559","12071.749995926773408","49838.325312321678211","186.9187090534326785","0","0","76.966527257295808795","6534.1582945576974453","0","0","0","0","0","4.9978264452789487038","3.9982611562231591407","0","0","0","0","0","0","0","0","0","0","0","0","0","13.99391404678105566","71910.726025251628016","56598489.316996045411","11808.864324905100148","11808.864324905100148","0","0","0","0","0","0","0","0","0"
"05/14/2026 15:41:41.326","63.018456037980435269","1.9693267511868886022","1.9693267511868886022","0","1000000000","63.018456037980435269","0","0.98466337559344430108","44636","0","0","0","0","0","0","0","0","0","0","0","0","0","1","23.25145640990699647","0.2325145640990699536","0","0","23.25145640990699647","0.2325145640990699536","1.5744049603306885113e-005","0","1.5744049603306885113e-005","14768.965970526071033","0","14768.965970526071033","92896262.267059415579","0","92896262.267059415579","6289.9638642576173879","0","6289.9638642576173879","78.463624657325453882","0","0","100","25.870922513178083335","36.730488085373195872","122.01592626708816169","177961.32216549557052","125696.91880315868184","1800.8512542156065592","0","100","3500","0","27.787659049138557776","0","0","177853.99970146632404","0","0","69.894530775379379861","71.971944453688990961","920","66067.315012502571335","1.0577052025090638576","0.57692205442659405534","226202.27744176326087","5.9135273664064031962","22.115630961296510293","28.028055546311001933","61020377.116226218641","13381.575274314907801","62891048.474485650659","13483.980265376627358","55692.560523565211042","208.74863562581020915","0","0","101.42032768612476445","6482.0390015316443169","0","0","0","0","0","4.9233168779672213944","3.9386535023737772043","0","0","0","0","0","0","0","0","0","0","0","0","0","30.524564643396775665","71238.425897434513899","60316224.643071837723","13173.811302064692427","13173.811302064692427","0","0","0","0","0","0","0","0","0"
"05/14/2026 15:41:42.310","65.041998838187296883","2.0325624636933530276","2.0325624636933530276","0","1000000000","65.041998838187296883","0","1.0162812318466765138","44637","0","0","0","0","0","0","0","0","0","0","0","0","0","1","26.637148107420987486","0.26637148107420988152","0","0","26.637148107420987486","0.26637148107420988152","1.488392259236138716e-005","0","1.488392259236138716e-005","17907.89158637028595","0","17907.89158637028595","83141365.938887357712","0","83141365.938887357712","4642.7222064582028906","0","4642.7222064582028906","75.195188222964247871","0","0","100","26.401654789834537951","37.209919959418790825","122.00057570217008163","188297.79710041248472","118109.87733603881497","1803.7063472578786332","0","100","3500","0","26.566239803042922318","0","0","188307.95882631253335","0","0","69.488724943160846692","73.136064634567915732","1089","76879.553469375809073","0.69465007662896760543","0.79387854354356490738","248769.21175898663932","5.8548555288394608098","21.03777632308179335","26.863935365432077162","76099163.031428709626","17898.74505528366717","78930335.547606885433","18112.164113971470215","74367.395421612396603","278.46105752598936078","0","0","213.41905868780207811","6250.1295758570604448","0","0","0","0","0","0","0","0","0","0","0","0","0","0","0","0","0","0","0","0","898.39260895246206928","68698.578710371642956","75153167.809576541185","17620.283997757676843","17620.283997757676843","0","0","0","0","0","0","0","0","0"
"05/14/2026 15:41:43.326","62.990489223508362215","1.9684527882346363192","1.9684527882346363192","0","1000000000","62.990489223508362215","0","0.98422639411731815962","44638","0","0","0","0","0","0","0","0","0","0","0","0","0","0","25.315718251819436801","0.25315718251819435691","0","0","25.315718251819436801","0.25315718251819435691","1.527607442192236765e-005","0","1.527607442192236765e-005","16557.640628235643817","0","16557.640628235643817","92407551.614800557494","0","92407551.614800557494","5580.9613029780657598","0","5580.9613029780657598","76.459420234318955067","0","0","100","26.323857281042538858","35.112948556772813902","121.99482789760878632","192327.10021526229684","118485.07058546521876","1771.2887193720403047","0","100","3500","0","23.463116085722781179","0","0","192423.59065133702825","0","0","71.229030587429093657","76.53687406832695217","1355","74144.038756860551075","0.38460250914196481009","0.76921486423419183076","245559.29844363880693","4.326832380573546466","19.134225901544436255","23.463125931673044278","68840821.458969950676","15567.508875753621396","71157914.794339984655","15723.016646024156216","64636.1157544725138","242.11969295286024817","0","0","154.52354387641895528","6710.455555091874885","0","0","0","0","0","0","0","0","0","0","0","0","0","0","0","0","0","0","0","0","107.28067695878768006","73858.317067351788864","68021665.578768417239","15326.37340919487724","15326.37340919487724","0","0","0","0","0","0","0","0","0"
"05/14/2026 15:41:44.311","0","0","0","0","1000000000","0","0","0","44638","0","0","0","0","0","0","0","0","0","0","0","0","0","0","27.627976650637052103","0.27627976650637053879","0","0","27.627976650637052103","0.27627976650637053879","1.5052363294221827891e-005","0","1.5052363294221827891e-005","18359.553379578381282","0","18359.553379578381282","93767835.989073693752","0","93767835.989073693752","5107.3048483506754565","0","5107.3048483506754565","74.304069153318422991","0","0","100","27.365442527997764444","36.812439766819380793","122.00751462523837176","197265.42718951264396","113304.01026000246929","1805.1427164929398259","0","100","3500","0","24.653667573288785775","0","0","197192.28691062267171","0","0","69.831568207043858365","75.346332426711214225","942","79296.252363218271057","0.49602463097323756802","0.69444261025089126793","255371.31541877330164","4.8610474787039965605","19.791431537162328169","24.653667573288785775","75455219.984396204352","17491.772851232137327","78116635.799828439951","17674.677412241882848","72722.853457475401228","272.3245686145122022","0","0","180.87228810963867431","6673.9842039556569944","0","0","0","0","0","10.161364500541498757","8.1290916004331990052","0","0","0","0","0","0","0","0","0","0","0","0","0","80.274779554277841953","73405.697151911794208","74538957.553744986653","17221.480555517733592","17221.480555517733592","0","0","0","0","0","0","0","0","0"
"05/14/2026 15:41:45.311","191.96431383405825954","5.9988848073143206108","5.9988848073143206108","0","1000000000","191.96431383405825954","0","2.9994424036571603054","44641","0","0","0","0","0","0","0","0","0","0","0","0","0","1","21.486823146191031952","0.21486823146191033618","0","0","21.486823146191031952","0.21486823146191033618","1.5694237090059162806e-005","0","1.5694237090059162806e-005","13688.455316156727349","0","13688.455316156727349","92736680.251141309738","0","92736680.251141309738","6774.8097290190635249","0","6774.8097290190635249","80.07327546508909677","0","0","100","25.008750610014640614","33.768754450106804654","121.99443394427008514","173676.49905841355212","133233.44387064830516","1773.9744547678512845","0","100","3500","0","24.414611773334048195","0","0","173723.49838162329979","0","0","72.322572045224063686","75.585388226665955358","1018","63764.081797222119349","0.48827643558202027396","1.0253825147076427449","217482.86824669726775","5.1757422170818152551","19.189309918037597669","24.414611773334048195","57610278.249273464084","12110.74861183305984","59192420.129098005593","12176.73634471351761","50654.583312962124182","189.96468556495347002","0","0","64.987918745905133733","6666.760649195314727","0","0","0","0","0","8.998327210971480028","6.9986989418667073792","0","0","0","0","0","0","0","0","0","0","0","0","0","14.997212018285800639","73272.37866480620869","56972960.726600930095","11921.783740402659532","11921.783740402659532","0","0","0","0","0","0","0","0","0"
"05/14/2026 15:41:46.311","191.96959201662457417","5.9990497505195179428","5.9990497505195179428","0","1000000000","191.96959201662457417","0","2.9995248752597589714","44644","0","0","0","0","0","0","0","0","0","0","0","0","0","1","21.76322594961208523","0.21763225949612086119","0","0","21.76322594961208523","0.21763225949612086119","1.5243643622609792673e-005","0","1.5243643622609792673e-005","14274.738881361194217","0","14274.738881361194217","70575188.890079826117","0","70575188.890079826117","4944.0616375989357039","0","4944.0616375989357039","79.159188792623879749","0","0","100","27.785999644815344567","36.574104798672699701","122.01499396825057886","182810.14079233826487","122579.08229682868114","1799.9915400397617304","0","100","3500","0","24.560980002413991485","0","0","182766.14099913727841","0","0","70.036260793313473982","75.43901999758601562","1071","67400.683216788878781","0.53710693849045054726","1.0742138769809010945","231352.9126413105696","6.1034852101343028963","18.456924795528664163","24.560980002413991485","63339858.966339737177","14186.752818353574185","65466542.09973140806","14331.729853991129858","58962.660314606175234","220.9649991441355894","0","0","143.97719401246843063","6637.9485489498474635","0","0","0","0","0","0","0","0","0","0","0","0","0","0","0","0","0","0","0","0","0","72982.439581570288283","62589253.862188234925","13965.787819209439476","13965.787819209439476","0","0","0","0","0","0","0","0","0"
"05/14/2026 15:41:47.311","128.02970289107074109","4.000928215345960659","4.000928215345960659","0","1000000000","128.02970289107074109","0","2.0004641076729803295","44646","0","0","0","0","0","0","0","0","0","0","0","0","0","0","28.093498762600493279","0.28093498762600493945","0","0","28.093498762600493279","0.28093498762600493945","1.522683468834688381e-005","0","1.522683468834688381e-005","18454.281393283243233","0","18454.281393283243233","99838586.552080079913","0","99838586.552080079913","5410.0500813008129626","0","5410.0500813008129626","74.835990065603979815","0","0","100","27.206353904987437886","38.177320511384543522","122.00187147181543423","179911.17240860691527","122204.3359348942613","1812.9916602383627833","0","100","3500","0","26.416049433580223393","0","0","179899.1724638066662","0","0","68.707462517014988634","73.437470625011741276","950","74270.658354971572408","0.97656960937215631091","1.0253895898441640622","238580.90252784837503","6.0546875781249687165","20.556631777347288192","26.562529374988251618","80369833.801441937685","17673.100159236943","83273239.391538843513","17909.154923942354799","73461.042961967177689","275.06381480503478087","0","0","235.0545326515751583","6170.4315401173071223","0","0","0","0","0","0","0","0","0","0","0","0","0","0","0","0","0","0","0","0","800.18564306919211049","67876.74740539805498","79443967.000344082713","17400.036808539582125","17400.036808539582125","0","0","0","0","0","0","0","0","0"
"05/14/2026 15:41:48.311","128.01052246494663223","4.0003288270295822571","4.0003288270295822571","0","1000000000","128.01052246494663223","0","2.0001644135147911285","44648","0","0","0","0","0","0","0","0","0","0","0","0","0","0","20.438305292860128759","0.2043830529286012887","0","0","20.438305292860128759","0.2043830529286012887","1.5746390878976966815e-005","0","1.5746390878976966815e-005","12982.067125917750673","0","12982.067125917750673","77588713.79227373004","0","77588713.79227373004","5976.6070410600104879","0","5976.6070410600104879","80.628995842424075136","0","0","100","23.771175051357698038","33.990411629558998641","122.00391663651660679","172412.98283859385992","133894.04282714860165","1758.8264038339418676","0","100","3500","0","25.788819540406883846","0","0","172404.98362811593688","0","0","72.118363926879453629","74.113540418877278171","1067","62805.801067434651486","0.43940518067157147142","0.78117032062729596653","216281.65300084883347","4.7846619644796231086","20.945133596373167961","25.886459581122721829","57437201.337949983776","12034.989276118496491","59028500.142711736262","12105.995112798273112","50132.1208603347186","188.0154548703903572","0","0","71.005836679775086395","6589.541660324478471","0","0","0","0","0","5.0004110337869773772","4.0003288270295822571","0","0","0","0","0","0","0","0","0","0","0","0","0","64.005261232473316113","72448.955304126007832","56795708.607247516513","11845.9737390413502","11846.973821248106105","0","0","0","0","0","0","0","0","0"
"05/14/2026 15:41:49.311","127.97865316065281149","3.9993329112704003592","3.9993329112704003592","0","1000000000","127.97865316065281149","0","1.9996664556352001796","44650","0","0","0","0","0","0","0","0","0","0","0","0","0","0","24.750229600367358529","0.24750229600367359972","0","0","24.750229600367358529","0.24750229600367359972","1.5436067107396780418e-005","0","1.5436067107396780418e-005","16031.325974827399477","0","16031.325974827399477","99614488.303351014853","0","99614488.303351014853","6213.7398029187979773","0","6213.7398029187979773","77.247693596309758846","0","0","100","25.795828933474130196","34.508612524399218557","122.00155556184066086","187612.15008972008945","122308.75905406053062","1818.001454401163528","0","100","3500","0","23.339717343547750517","0","0","187613.15009052006644","0","0","71.717314747703596822","76.611452578324119145","1079","71527.057221645780373","0.43945070312112505251","0.87890140624225010502","236951.18956095166504","5.0781381250209998157","18.408229453167123779","23.388547421675877303","64374350.358360230923","14399.598147029077154","66484590.37032623589","14529.576466645365144","59766.031026024866151","223.96264303114242011","0","0","127.97865316065281149","6790.8672833371401794","0","0","0","0","0","5.9989993669056005388","4.999166139088000449","0","0","0","0","0","0","0","0","0","0","0","0","0","11.997998733811201078","74630.551623989129439","63620748.059223726392","14177.635170453570026","14177.635170453570026","0","0","0","0","0","0","0","0","0"
"05/14/2026 15:41:50.311","274.90614704140006097","6.9976110155992747863","6.9976110155992747863","0","1000000000","274.90614704140006097","0","3.9986348660567285762","44653","0","0","0","0","0","0","0","0","0","0","0","0","0","2","23.01976544951909176","0.2301976544951909176","0","0","23.01976544951909176","0.2301976544951909176","1.4923361638685422547e-005","0","1.4923361638685422547e-005","15421.735019664287393","0","15421.735019664287393","75140043.189255192876","0","75140043.189255192876","4872.3469242237633807","0","4872.3469242237633807","78.040169229587817767","0","0","100","26.349168969086512959","35.004153154781803892","121.99171061286834572","191328.74337661085883","119263.91716483424534","1799.8000422153097588","0","100","3500","0","23.006426900753197629","0","0","191380.73760005264194","0","0","71.312441206396755433","76.993573099246802371","1269","72832.908263891877141","0.73234032137303461951","1.0741031375786314062","241620.15600066832849","4.5405159918600856983","18.503846781470176808","23.006426900753197629","68116425.05248709023","15458.722392175312052","70392048.154759973288","15600.673929920325463","64310.044550790364156","240.91775067991790138","0","0","141.95153774501386579","6721.7052098413605563","0","0","0","0","0","4.9982935825709109423","3.9986348660567285762","0","0","0","0","0","0","0","0","0","0","0","0","0","17.993856897255277261","73925.761744940275094","67298880.162312597036","15217.804641495395117","15217.804641495395117","0","0","0","0","0","0","0","0","0"
"05/14/2026 15:41:51.326","126.10467200076293182","3.9407710000238416193","3.9407710000238416193","0","1000000000","126.10467200076293182","0","1.9703855000119208096","44655","0","0","0","0","0","0","0","0","0","0","0","0","0","0","26.461516280301022874","0.26461516280301022874","0","0","26.461516280301022874","0.26461516280301022874","1.5197579185520363856e-005","0","1.5197579185520363856e-005","17418.207820105380961","0","17418.207820105380961","93055159.562802985311","0","93055159.562802985311","5342.4072398190046442","0","5342.4072398190046442","75.469760428090609139","0","0","100","26.145035112901727103","35.449098503624732359","122.02262890120738348","193395.14498702419223","117404.90379816458153","1785.4526087895083037","0","100","3500","0","24.839946614731054808","0","0","193305.52767461389885","0","0","70.947828820481788625","75.160053385268938086","910","75374.068570834308048","0.52895812061163005602","0.96174830452923887325","246711.53703735800809","5.8185393267279303942","18.994383753104159496","24.839946614731054808","72331838.927290603518","16530.549152350009535","74774080.52453237772","16688.179992350964312","68660.053133415392949","257.13530775155567198","0","0","155.6604545009417393","6523.9463905394695757","0","0","0","0","0","0","0","0","0","0","0","0","0","0","0","0","0","0","0","0","3.9407710000238416193","71782.128958184286603","71466039.716272369027","16275.384230098467015","16275.384230098467015","0","0","0","0","0","0","0","0","0"
"05/14/2026 15:41:52.310","65.009823593812129161","2.0315569873066290363","2.0315569873066290363","0","1000000000","65.009823593812129161","0","1.0157784936533145181","44656","0","0","0","0","0","0","0","0","0","0","0","0","0","0","26.171558274377787257","0.26171558274377787479","0","0","26.171558274377787257","0.26171558274377787479","1.5392602772466540786e-005","0","1.5392602772466540786e-005","17000.06886978186958","0","17000.06886978186958","92736253.317278623581","0","92736253.317278623581","5455.0516252390061709","0","5455.0516252390061709","76.243105485225200368","0","0","100","26.876129556630228734","38.352733774942088019","121.99293666265066349","176773.88273572415346","124075.52045325258223","1766.7228855024386576","0","100","3500","0","27.426136203742068176","0","0","176894.77981644571992","0","0","68.558239124849350787","72.474647600143498494","1051","70523.635734860712546","1.0417294218081181167","0.6448747966987401492","232920.92528326745378","6.3495927269631433632","21.231453220620107203","27.525352399856505059","73933214.189287886024","16265.661018870523549","76384657.437845021486","16433.264470323319983","67797.119780396824353","253.94462341332859978","0","0","166.58767295914356055","6124.1285382358328206","0","0","0","0","0","10.157784936533143849","8.1262279492265161451","0","0","0","0","0","0","0","0","0","0","0","0","0","683.61892622868060698","67350.177243189362343","73077282.662509828806","16012.732173950847937","16012.732173950847937","0","0","0","0","0","0","0","0","0"
"05/14/2026 15:41:53.310","64.00810342589372226","2.0002532320591788206","2.0002532320591788206","0","1000000000","64.00810342589372226","0","1.0001266160295894103","44657","0","0","0","0","0","0","0","0","0","0","0","0","0","0","24.638569554023622032","0.24638569554023620478","0","0","24.638569554023622032","0.24638569554023620478","1.563380710659898303e-005","0","1.563380710659898303e-005","15761.995468626328147","0","15761.995468626328147","101110272.56050616503","0","101110272.56050616503","6414.8142131979693659","0","6414.8142131979693659","77.274236344622053707","0","0","100","26.508650109356324265","36.824162708133009403","122.00483447745766341","182426.58862279274035","122484.41841086758359","1816.9660227353747359","0","100","3500","0","26.90522099421547253","0","0","182355.58995046792552","0","0","69.808580411886808292","72.948300851409271672","1074","68364.721579706456396","0.97655769537303827033","0.7812401563740296595","231975.66205511955195","5.6639886337432141517","21.386450530723312369","27.051699148590724775","63170565.393578827381","14133.789337730157058","65230642.199302427471","14257.805038117825461","58711.432867401010299","220.02785552650965428","0","0","124.01570038766907089","6603.8360456433783838","0","0","0","0","0","5.0006330801479466075","4.0005064641183576413","0","0","0","0","0","0","0","0","0","0","0","0","0","52.006584033538644007","72612.192703596272622","62422750.720241181552","13913.761482203646665","13913.761482203646665","0","0","0","0","0","0","0","0","0"
"05/14/2026 15:41:54.326","527.43114268350666407","9.8401332590206465056","9.8401332590206465056","0","1000000000","527.43114268350666407","0","6.8880932813144530868","44660","0","0","0","0","0","0","0","0","0","0","0","0","0","0","22.73678512197402668","0.22736785121974026347","0","0","22.73678512197402668","0.22736785121974026347","1.4820337460704434261e-005","0","1.4820337460704434261e-005","15337.815710835482605","0","15337.815710835482605","70828303.057211324573","0","70828303.057211324573","4617.8872137037278662","0","4617.8872137037278662","78.098110719048818851","0","0","100","26.770817487650209188","34.896688508120078609","122.00989957274369146","192344.7333514628117","118790.65850001791841","1798.1846307476580478","0","100","3500","0","23.969999852361478787","0","0","192370.32328052655794","0","0","71.408363230134014543","76.029990305070398904","1345","73095.663914469798328","0.48059291630372197313","0.72088937445558298744","242186.04134328622604","5.7190734206369127079","18.21451877223805127","23.970009694929604649","68267199.765726104379","15515.922122823756581","70594611.700469493866","15671.396228316281849","64622.123138640396064","242.06727817190792962","0","0","154.49009216662415156","6744.4273357327510894","0","0","0","0","0","0","0","0","0","0","0","0","0","0","0","0","0","0","0","0","0","74144.420093394670403","67450728.484745427966","15274.838857977751104","15274.838857977751104","0","0","0","0","0","0","0","0","0"
"05/14/2026 15:41:55.326","600.4171097661545673","12.008342195323091772","12.008342195323091772","0","1000000000","600.4171097661545673","0","8.0055614635487284403","44664","0","0","0","0","0","0","0","0","0","0","0","0","0","0","27.813720792271361404","0.27813720792271362514","0","0","27.813720792271361404","0.27813720792271362514","1.5157992585323301534e-005","0","1.5157992585323301534e-005","18354.75104555134385","0","18354.75104555134385","95703989.561548411846","0","95703989.561548411846","5214.1262675825973929","0","5214.1262675825973929","74.342106447833998573","0","0","100","26.116584706801386773","36.363111017198768593","121.9969548708639735","198439.2176039511105","113174.96193827447132","1816.7710376283694131","0","100","3500","0","27.461732460857113836","0","0","198445.22015143226599","0","0","70.18559293802464083","72.538277543074428877","950","78681.392382927311701","0.53732116721871703291","1.1234915321721434811","253526.5966876342427","6.3501456072236397432","21.150882296742619104","27.461722456925574676","74679471.829079657793","17263.993296142831241","77266268.876988843083","17435.112172426186589","71617.75285290692409","268.18630902888236278","0","0","169.11748591746686543","6654.6229665748796833","0","0","0","0","0","10.006951829435909218","8.0055614635487284403","0","0","0","0","0","0","0","0","0","0","0","0","0","38.026416951856454318","73179.838033481864841","73762859.05818772316","16994.806291931006854","16997.808377479836054","0","0","0","0","0","0","0","0","0"
"05/14/2026 15:41:56.310","544.43808250938820947","10.157426912488586979","10.157426912488586979","0","1000000000","544.43808250938820947","0","7.1101988387420105298","44667","0","0","0","0","0","0","0","0","0","0","0","0","0","0","19.470919121785232875","0.1947091912178523232","0","0","19.470919121785232875","0.1947091912178523232","1.5577665799739922323e-005","0","1.5577665799739922323e-005","12497.698073125957308","0","12497.698073125957308","77959112.90315207839","0","77959112.90315207839","6237.8777633289982987","0","6237.8777633289982987","81.414420952584507063","0","0","100","24.798216642502811879","32.901591888746580139","122.01084945180130603","173794.8507223505294","134479.06941399970674","1818.3840660794676296","0","100","3500","0","24.355451377051196005","0","0","173775.54943896757322","0","0","73.035603773669237171","75.644548622948803995","994","62553.427730153838638","0.49602856136275991217","0.6448432249861537624","216074.81990124855656","5.2083202116908653423","19.146755293795436614","24.355451377051196005","56783213.998803250492","11641.426984403169627","58288825.012216843665","11701.355803186852427","48194.959214375849115","180.80219904229684857","0","0","58.913076092433804831","6688.6656218737343806","0","0","0","0","0","5.0787134562442934893","4.0629707649954349691","0","0","0","0","0","0","0","0","0","0","0","0","0","12.188912294986304019","73528.597676813631551","56170668.337360240519","11461.640528052121226","11461.640528052121226","0","0","0","0","0","0","0","0","0"
"05/14/2026 15:41:57.310","535.84406937581161401","9.9970908465636494356","9.9970908465636494356","0","1000000000","535.84406937581161401","0","6.9979635925945551378","44670","0","0","0","0","0","0","0","0","0","0","0","0","0","1","26.298699480520209448","0.26298699480520210114","0","0","26.298699480520209448","0.26298699480520210114","1.5232383434694467801e-005","0","1.5232383434694467801e-005","17259.977346592142567","0","17259.977346592142567","93459907.16701439023","0","93459907.16701439023","5414.8337098175497886","0","5414.8337098175497886","76.141219543512178802","0","0","100","26.703838043154785709","35.868564461781168973","121.99127283806870992","181463.69151172440615","124503.76866699730454","1797.9969434051961343","0","100","3500","0","23.876980449207817259","0","0","181542.69137742463499","0","0","70.607721756911303146","76.123009550796183476","1191","73338.875323911939631","0.68358972656410943447","0.8300696679721327742","236349.5982056830253","5.3222578710968511118","18.554682578126968195","23.876990449203816524","73441680.470982939005","16444.214733512548264","76071079.315919071436","16646.155968613133155","68332.115354431851301","255.92552567202943692","0","0","200.94152601592935525","6153.2094160599262977","0","0","0","0","0","0","0","0","0","0","0","0","0","0","0","0","0","0","0","0","928.72973964576306116","67666.309104050713358","72576384.272176787257","16189.288916925173908","16189.288916925173908","0","0","0","0","0","0","0","0","0"
"05/14/2026 15:41:58.310","471.90712867707628675","7.9984259097809538019","7.9984259097809538019","0","1000000000","471.90712867707628675","0","5.9988194323357157955","44672","0","0","0","0","0","0","0","0","0","0","0","0","0","0","27.487658394396785155","0.27487658394396785599","0","0","27.487658394396785155","0.27487658394396785599","1.5214468367742293832e-005","0","1.5214468367742293832e-005","18063.445114001562615","0","18063.445114001562615","93440042.999537676573","0","93440042.999537676573","5172.8805003597717587","0","5172.8805003597717587","74.575557465977652782","0","0","100","28.333265602275762518","38.677345241199894588","121.99838990536277095","193963.14013351133326","112692.34635748273286","1813.9639021183477325","0","100","3500","0","27.539907783078941605","0","0","193911.14116829074919","0","0","68.314240723383534259","72.264784502021328194","948","76092.485759533374221","1.1230368604687326339","0.63476257327789264995","251515.99483170281746","6.982338306641812764","20.751707205025702763","27.735215497978671806","74462101.858354270458","17495.556874407113355","77231040.931144744158","17704.515751300143165","72625.707260811061133","271.94648093255244703","0","0","207.9590736543048024","6413.7377764056027445","0","0","0","0","0","5.9988194323357157955","4.9990161936130963483","0","0","0","0","0","0","0","0","0","0","0","0","0","26.994687445510720636","70546.116524268014473","73541495.033777341247","17224.610196713285404","17224.610196713285404","0","0","0","0","0","0","0","0","0"
"05/14/2026 15:41:59.310","736.44068610656620422","7.004191308078754119","7.004191308078754119","0","1000000000","736.44068610656620422","0","4.0023950331878594966","44675","0","0","0","0","0","0","0","0","0","0","0","0","0","0","22.317450301672437263","0.22317450301672436819","0","0","22.317450301672437263","0.22317450301672436819","1.5593655673560646787e-005","0","1.5593655673560646787e-005","14320.569428746161066","0","14320.569428746161066","83903519.866287991405","0","83903519.866287991405","5858.9513694801562451","0","5858.9513694801562451","78.953568894664400091","0","0","100","26.73118129890078265","35.697567961087379729","122.01593117818528356","180098.78478494714363","125689.97895157751918","1793.9779340714108002","0","100","3500","0","25.977189193891845775","0","0","180059.78526464122115","0","0","70.712558943248978949","73.87632205126256224","984","65932.189034074879601","0.78124335943144485039","0.73241377448291689056","226530.2136783717433","6.4452652152456701984","19.677572740631703141","26.123677948737434207","61519513.276744805276","13429.035935103565862","63317473.175948485732","13515.08742831710515","56057.544834829161118","210.12573924236264133","0","0","86.051493213538975624","6625.9649774425015494","0","0","0","0","0","5.0029937914848243707","4.0023950331878594966","0","0","0","0","0","0","0","0","0","0","0","0","0","4.0023950331878594966","72879.611159317733836","60808739.949986070395","13218.910195861202737","13218.910195861202737","0","0","0","0","0","0","0","0","0"
"05/14/2026 15:42:00.326","126.0423977084704461","3.9388249283897014408","3.9388249283897014408","0","1000000000","126.0423977084704461","0","1.9694124641948507204","44677","0","0","0","0","0","0","0","0","0","0","0","0","0","0","19.83157842500049739","0.19831578425000498389","0","0","19.83157842500049739","0.19831578425000498389","1.5601324554608830288e-005","0","1.5601324554608830288e-005","12712.5574563777609","0","12712.5574563777609","78928757.784225866199","0","78928757.784225866199","6208.723780015491684","0","6208.723780015491684","81.072117560724848317","0","0","100","24.795846317202354214","32.70666013403448602","122.00699921251512592","176974.21181432978483","132322.7039837113407","1789.0206121364913088","0","100","3500","0","23.893715560996795944","0","0","176954.51978777901968","0","0","73.188140305888609305","76.106284439003204056","931","63070.607238099735696","0.43269217041326851758","0.86539418704727688603","218371.77463066374185","4.9038708546056835047","18.942435153528673908","23.845636465124041337","57460078.286114871502","11819.428903865396933","58982075.687869004905","11881.465396487534235","49625.255272781847452","186.10947786641338553","0","0","60.067080157942946528","6756.0694584204356943","0","0","0","0","0","0","0","0","0","0","0","0","0","0","0","0","0","0","0","0","0","74240.941662753291894","56842096.348975166678","11635.288838463176944","11635.288838463176944","0","0","0","0","0","0","0","0","0"
"05/14/2026 15:42:01.310","130.02496987331605283","4.0632803085411266508","4.0632803085411266508","0","1000000000","130.02496987331605283","0","2.0316401542705633254","44679","0","0","0","0","0","0","0","0","0","0","0","0","0","0","21.399464534149281292","0.21399464534149281736","0","0","21.399464534149281292","0.21399464534149281736","1.5943937329700272765e-005","0","1.5943937329700272765e-005","13421.014859111342957","0","13421.014859111342957","105896496.26386454701","0","105896496.26386454701","7890.3493793521038242","0","7890.3493793521038242","80.320751257267929191","0","0","100","24.285560111887473767","32.590516870076278622","122.00397899770629806","173867.01028225768823","134891.906562041695","1778.828346417017201","0","100","3500","0","23.412820196337481349","0","0","173857.86724678211613","0","0","73.296975293497965254","76.587189962377195229","867","62400.201228051890212","0.64484473166517075615","0.69443957672699418993","215096.00492017215583","4.5138826455121590087","18.948380015166961243","23.462415041399296456","56137358.378174170852","11305.06163843855029","57567775.26159144938","11356.868462372449358","46837.432116553572996","175.7368733444037332","0","0","51.806823933899366352","6674.953726855936111","0","0","0","0","0","4.0632803085411266508","3.0474602314058452102","0","0","0","0","0","0","0","0","0","0","0","0","0","53.838464088169935451","73414.332794643953093","55538345.53180873394","11129.324765094146642","11129.324765094146642","0","0","0","0","0","0","0","0","0"
"05/14/2026 15:42:02.310","63.995462721693023411","1.9998582100529069816","1.9998582100529069816","0","1000000000","63.995462721693023411","0","0.9999291050264534908","44680","0","0","0","0","0","0","0","0","0","0","0","0","0","0","24.862957129984248894","0.24862957129984250559","0","0","24.862957129984248894","0.24862957129984250559","1.4615772147434014357e-005","0","1.4615772147434014357e-005","17009.794005604999256","0","17009.794005604999256","77601410.060026735067","0","77601410.060026735067","4562.160484392451508","0","4562.160484392451508","77.11454820928015863","0","0","100","25.217996700583558578","34.678311697247337975","121.99468052170290377","179365.45286016815226","127691.17886450808146","1780.0144181167866009","0","100","3500","0","24.755656840273466912","0","0","179390.45306266981061","0","0","71.570973241627754646","75.244343159726540193","753","74704.605107301365933","0.58593158201527140161","0.83008224122205120921","235008.90357211892842","5.6640852930302907353","19.091851547999180383","24.755656840273466912","78510573.60033172369","17277.775005752089783","81239008.154321849346","17482.760472282512637","71830.907188680313993","268.98092925211602733","0","0","203.98553742539652944","6044.5714398849113422","0","0","0","0","0","5.9995746301587216109","4.999645525132267565","0","0","0","0","0","0","0","0","0","0","0","0","0","714.94931009391427779","66437.289596167625859","77601410.060026735067","17009.794005604999256","17009.794005604999256","0","0","0","0","0","0","0","0","0"
"05/14/2026 15:42:03.326","63.027473478728524015","1.9696085462102663755","1.9696085462102663755","0","1000000000","63.027473478728524015","0","0.98480427310513318773","44681","0","0","0","0","0","0","0","0","0","0","0","0","0","1","19.037564167902694123","0.19037564167902695789","0","0","19.037564167902694123","0.19037564167902695789","1.5745008143322475206e-005","0","1.5745008143322475206e-005","12093.396473731036167","0","12093.396473731036167","70042179.167017102242","0","70042179.167017102242","5791.7706840390883372","0","5791.7706840390883372","81.711300955242165855","0","0","100","25.774990035651100584","35.886148058409204964","122.01139315767765936","169520.04602507455274","133264.08228951221099","1853.0547292132700932","0","100","3500","0","28.076337453259924359","0","0","169473.76888784125913","0","0","70.581364940004931441","71.923652700506721658","881","59772.338146450994827","0.76923697993180106813","1.057702078185394301","212325.41334591284976","6.2500443080500440729","21.779021378929535047","28.076347299493274789","55563732.494857847691","11550.76931925010831","57123185.818188197911","11625.614444006097983","48046.630876253242604","180.21918197823939067","0","0","72.875516209779860333","6478.0425084855660316","0","0","0","0","0","12.802455550366731885","10.832847004156464621","0","0","0","0","0","0","0","0","0","0","0","0","0","379.14964514547631325","71249.604354883282213","54955923.115148633718","11371.534941544972753","11371.534941544972753","0","0","0","0","0","0","0","0","0"
"05/14/2026 15:42:04.310","64.965135039168899311","2.0301604699740281035","2.0301604699740281035","0","1000000000","64.965135039168899311","0","1.0150802349870140517","44682","0","0","0","0","0","0","0","0","0","0","0","0","0","0","21.126592588815100271","0.2112659258881509905","0","0","21.126592588815100271","0.2112659258881509905","1.5955777198097283702e-005","0","1.5955777198097283702e-005","13230.555782820742024","0","13230.555782820742024","79783422.481063172221","0","79783422.481063172221","6030.2396808347402839","0","6030.2396808347402839","80.198880969471588287","0","0","100","26.101789011103310401","35.955695647086358235","121.98165800195162944","174137.77567971189274","129595.04642157319176","1807.194584877042189","0","100","3500","0","28.026728896883934539","0","0","174249.5190211039444","0","0","70.553170203856652165","71.824467958664257594","927","62704.268097875385138","1.1408613556567848146","0.79364047380514057828","218593.34027970579336","6.2003206459893140945","22.023525687742168344","28.175532041335738853","58148578.918123424053","12130.208808094817869","59801413.763148076832","12210.400146658792437","50611.900516452522425","189.82000394257161702","0","0","79.176258328987103141","6657.9112612798253394","0","0","0","0","0","0","0","0","0","0","0","0","0","0","0","0","0","0","0","0","0","73223.827831023241743","57514413.631796695292","11942.418964622220301","11942.418964622220301","0","0","0","0","0","0","0","0","0"
"05/14/2026 15:42:05.310","64.061261784644656814","2.0019144307701455254","2.0019144307701455254","0","1000000000","64.061261784644656814","0","1.0009572153850727627","44683","0","0","0","0","0","0","0","0","0","0","0","0","0","0","24.457476686215031236","0.2445747668621502946","0","0","24.457476686215031236","0.2445747668621502946","1.5946691008671838293e-005","0","1.5946691008671838293e-005","15351.680812360860727","0","15351.680812360860727","111394846.89208289981","0","111394846.89208289981","7256.1987350850886287","0","7256.1987350850886287","77.729546594319884889","0","0","100","25.728638865774819067","34.451512193560773767","122.02891739749091471","180174.39638367202133","127446.74612382659689","1811.0039842087651323","0","100","3500","0","23.876845815268723072","0","0","180062.39613727148389","0","0","71.733497600246394654","75.976673965010945722","841","66842.147052723506931","0.78125117187675774399","0.87890131835197760068","225293.49564569041831","5.3222679834019750444","18.652367978551968264","23.974495961743947703","61111540.966626383364","13131.557708636770258","62910961.752724133432","13222.644815236812065","54736.344366117322352","205.19622915393992457","0","0","90.086149384656550865","6612.3233648337909472","0","0","0","0","0","5.0047860769253640356","4.0038288615402910509","0","0","0","0","0","0","0","0","0","0","0","0","0","82.078491661575966987","72712.534997217837372","60420532.154899731278","12927.362436698214879","12927.362436698214879","0","0","0","0","0","0","0","0","0"
"05/14/2026 15:42:06.326","126.01765408882492636","3.9380516902757789488","3.9380516902757789488","0","1000000000","126.01765408882492636","0","1.9690258451378894744","44685","0","0","0","0","0","0","0","0","0","0","0","0","0","0","13.073556663996052762","0.13073556663996052651","0","0","13.073556663996052762","0.13073556663996052651","1.5630111830488521593e-005","0","1.5630111830488521593e-005","8363.4372772231854469","0","8363.4372772231854469","49628776.603877387941","0","49628776.603877387941","5934.0167157151263382","0","5934.0167157151263382","86.988878037291655687","0","0","100","22.56030020133149705","29.461378380336938676","121.99887142018395991","153185.22474452393362","158454.47404788687709","1755.5550566877886922","0","100","3500","0","21.105459506502967315","0","0","153188.17856682906859","0","0","75.850846344173035618","78.94260960115933301","583","50591.099227555780089","0.38462178463996071764","0.33654283078600871759","185095.36710694374051","3.173092800060967722","17.932760554108220674","21.105469352694615992","50083928.742136083543","8496.3465217699922505","51074151.839655928314","8515.0522672988026898","35367.6422303667714","132.90924454680754252","0","0","18.705745528809949008","6417.05522930438201","0","0","0","0","0","3.9380516902757789488","2.9535387677068341006","0","0","0","0","0","0","0","0","0","0","0","0","0","173.27427437213427197","70555.118595903419191","49628776.603877387941","8363.4372772231854469","8363.4372772231854469","0","0","0","0","0","0","0","0","0"
"05/14/2026 15:42:07.310","194.88978678042275305","6.0903058368882110329","6.0903058368882110329","0","1000000000","194.88978678042275305","0","3.0451529184441055165","44688","0","0","0","0","0","0","0","0","0","0","0","0","0","1","28.091613832589541033","0.28091613832589540367","0","0","28.091613832589541033","0.28091613832589540367","1.4908653224067283874e-005","0","1.4908653224067283874e-005","18827.165443767087709","0","18827.165443767087709","96644545.999166429043","0","96644545.999166429043","5133.2499460858316525","0","5133.2499460858316525","74.620229567916979363","0","0","100","25.872815920559723679","37.345275920072161568","121.98735325960048215","188184.70594438107219","117995.96090431703487","1801.1459676933536684","0","100","3500","0","26.388597388586209291","0","0","188316.76966451649787","0","0","69.416043341382476228","73.512202208313738083","1637","79603.946998562430963","0.34721664900733567594","0.74404873772185486924","249116.87466533275438","5.2083513228244227022","21.279852819719394574","26.487797791686261917","83822868.732999160886","18577.462904454670934","86786500.877714574337","18802.80422041953716","77269.740254546355573","289.28952725218999831","0","0","223.31121401923439862","6383.6555680316596408","0","0","0","0","0","8.1204077825176135264","6.0903058368882110329","0","0","0","0","0","0","0","0","0","0","0","0","0","588.72956423252708191","70142.05232344151591","82849467.331700995564","18289.188428175297304","18289.188428175297304","0","0","0","0","0","0","0","0","0"
"05/14/2026 15:42:08.311","192.06434155442073575","6.0020106735756479921","6.0020106735756479921","0","1000000000","192.06434155442073575","0","3.001005336787823996","44691","0","0","0","0","0","0","0","0","0","0","0","0","0","0","38.924969588156749012","0.38924969588156749234","0","0","38.924969588156749012","0.38924969588156749234","1.4767652972193770808e-005","0","1.4767652972193770808e-005","26369.833894354607764","0","26369.833894354607764","124863333.21662756801","0","124863333.21662756801","4735.0822806418573236","0","4735.0822806418573236","65.781931835475475623","0","0","100","29.675109637017872188","41.117759996928086252","122.01183828138356091","216153.12530371925095","98141.001027026533848","1847.813001324265997","0","100","3500","0","28.376574511565699765","0","0","216035.13724411089788","0","0","66.281290002097776437","71.623425488434293129","1029","101125.76607247345964","0.82999384663871889067","1.7088126252494992841","298487.79303534480277","7.3722847568422400499","20.945085900083569186","28.376574511565699765","107187503.81377761066","25779.63617811966833","111640087.42928880453","26173.768212351136754","106711.74843572596728","399.13370979278056438","0","0","394.13203423146751447","6452.161474093821198","0","0","0","0","0","5.0016755613130401414","4.0013404490504314026","0","0","0","0","0","0","0","0","0","0","0","0","0","12.004021347151295984","70939.764821215110715","105831037.39752817154","25381.502803439150739","25381.502803439150739","0","0","0","0","0","0","0","0","0"
"05/14/2026 15:42:09.326","125.99747178198028053","3.9374209931868837664","3.9374209931868837664","0","1000000000","125.99747178198028053","0","1.9687104965934418832","44693","0","0","0","0","0","0","0","0","0","0","0","0","0","0","25.774107813741416351","0.25774107813741414796","0","0","25.774107813741416351","0.25774107813741414796","1.6025602888970500522e-005","0","1.6025602888970500522e-005","16082.396046671827207","0","16082.396046671827207","116449887.36022894084","0","116449887.36022894084","7240.8294772922026823","0","7240.8294772922026823","76.638531610126335636","0","0","100","26.708568278469051904","36.010486690817451461","122.00082702394101375","172712.16502939682687","130609.30656726285815","1803.4020115807545608","0","100","3500","0","25.160818510526304692","0","0","172745.63428070346708","0","0","70.497084166256414051","74.694986986761136905","921","67853.00068572589953","0.57679769879433984148","0.96132293534252744038","227517.07965425867587","5.7679572999992814175","19.562974891669547617","25.305013013238863095","61487085.160706825554","13644.148096640848962","63383059.679293125868","13751.442818705190803","56994.168876380143047","213.60508888038845043","0","0","105.32601156774914841","6520.3691647174791797","0","0","0","0","0","0","0","0","0","0","0","0","0","0","0","0","0","0","0","0","113.20085355412291506","71682.717891463806154","60769084.630336217582","13431.527363008757675","13431.527363008757675","0","0","0","0","0","0","0","0","0"
"05/14/2026 15:42:10.326","127.99340833947050555","3.9997940106084532985","3.9997940106084532985","0","1000000000","127.99340833947050555","0","1.9998970053042266493","44695","0","0","0","0","0","0","0","0","0","0","0","0","0","0","17.138617436626869761","0.17138617436626871204","0","0","17.138617436626869761","0.17138617436626871204","1.552976621964479993e-005","0","1.552976621964479993e-005","11035.431675268722756","0","11035.431675268722756","54912244.019432991743","0","54912244.019432991743","4975.9942007973904765","0","4975.9942007973904765","83.10807209466301515","0","0","100","27.398469032707026827","35.007155712331723407","122.00281573914546129","162803.41390770990984","140198.76774514562567","1792.9935452232371063","0","100","3500","0","22.461077323953084317","0","0","162757.41407330930815","0","0","71.31703449763445235","77.39243295437738368","853","58901.787953563361953","0.63475879395829148955","0.87890833007417279443","208009.25116669578711","6.1523283105762098799","16.455048735407402205","22.607567045622612767","55502093.642177425325","11209.422714730189909","56944507.357871063054","11266.419779381360058","46641.597957705176668","174.99098796411982448","0","0","56.997064651170461502","6542.6630528527775823","0","0","0","0","0","0","0","0","0","0","0","0","0","0","0","0","0","0","0","0","10.999433529173247237","71961.293993359329761","54912244.019432991743","11035.431675268722756","11035.431675268722756","0","0","0","0","0","0","0","0","0"
"05/14/2026 15:42:11.326","128.10318711722291596","4.0032245974132161237","4.0032245974132161237","0","1000000000","128.10318711722291596","0","2.0016122987066080618","44697","0","0","0","0","0","0","0","0","0","0","0","0","0","0","13.808006546572803686","0.1380800654657280413","0","0","13.808006546572803686","0.1380800654657280413","1.5704380475594492136e-005","0","1.5704380475594492136e-005","8796.0852466661890503","0","8796.0852466661890503","50700166.98450601846","0","50700166.98450601846","5763.9467516213444469","0","5763.9467516213444469","86.204198249912209917","0","0","100","23.95131498059707198","31.736315492885594836","122.0146380799369723","156254.83003624534467","151474.53082079949672","1771.7010621102770074","0","100","3500","0","21.795435606193237277","0","0","156235.82251496918616","0","0","73.962447241766014372","78.106865998337354995","622","52172.644715513932169","0.29308518247671333512","0.48847196948400717353","188126.44163295417093","3.858936562068893128","18.073502886634447151","21.893134001662652111","51170361.726370595396","8935.1973014262985089","52238830.37786937505","8960.2174551601310668","37294.040349501527089","140.11286090946256877","0","0","23.018541435125992933","6495.2319093029436772","0","0","0","0","0","12.009673792239649259","10.008061493533041642","0","0","0","0","0","0","0","0","0","0","0","0","0","77.062073500204419929","71459.560676124616293","50704266.286493770778","8797.0860528155426437","8797.0860528155426437","0","0","0","0","0","0","0","0","0"
"05/14/2026 15:42:12.310","129.94100678292056728","4.0606564619662677273","4.0606564619662677273","0","1000000000","129.94100678292056728","0","2.0303282309831338637","44699","0","0","0","0","0","0","0","0","0","0","0","0","0","0","31.47337143887581945","0.31473371438875819006","0","0","31.47337143887581945","0.31473371438875819006","1.4487497663114599626e-005","0","1.4487497663114599626e-005","21720.451415057563281","0","21720.451415057563281","91245614.491021081805","0","91245614.491021081805","4200.9078332398576094","0","4200.9078332398576094","70.878999706156676552","0","0","100","27.507592243770915275","39.226619903494075459","121.99682106486746136","205098.22912377785542","105866.27710043876141","1807.2342398050502652","0","100","3500","0","27.430201303351253728","0","0","205222.16536731706583","0","0","67.868965138213766863","72.56980885542947135","1284","89946.220813141626422","0.64484892420035910821","1.091276543243237418","272176.18126224185107","5.9028103352590655106","21.428678095769061684","27.430191144570525097","92402341.212089717388","22061.546557862729969","95864871.098521277308","22320.413407313080825","91685.562254736345494","342.11030692065804715","0","0","257.85168533485796161","6391.4732711349042802","0","0","0","0","0","5.075820577457833771","4.0606564619662677273","0","0","0","0","0","0","0","0","0","0","0","0","0","822.28293354816912597","70245.29613555445394","91237298.266586974263","21718.421086826579995","21718.421086826579995","0","0","0","0","0","0","0","0","0"
"05/14/2026 15:42:13.326","63.016675196892641964","1.9692710999028950614","1.9692710999028950614","0","1000000000","63.016675196892641964","0","0.98463554995144753068","44700","0","0","0","0","0","0","0","0","0","0","0","0","0","0","33.983781276268686611","0.33983781276268687499","0","0","33.983781276268686611","0.33983781276268687499","1.4979938338616525934e-005","0","1.4979938338616525934e-005","22675.17207983188564","0","22675.17207983188564","122246300.28115282953","0","122246300.28115282953","5391.1961439923570651","0","5391.1961439923570651","69.952025921901920924","0","0","100","26.709800202286913873","38.6696594836957388","122.00483159024933855","208034.33722507455968","105054.55750181031181","1798.8997468346453843","0","100","3500","0","28.172665502975913654","0","0","208071.75276441758615","0","0","68.293962934139102572","71.827334497024082793","1859","90829.175613575454918","0.33654346038357685345","0.8173043597442820607","276431.91238304693252","5.769258793059446333","22.452056833899948884","28.172665502975913654","89278374.390338271856","21353.791171797041898","92648533.749663501978","21607.827143684517068","88424.210927839798387","331.82218033363784571","0","0","254.03597188747346536","6659.0902243216396528","0","0","0","0","0","0","0","0","0","0","0","0","0","0","0","0","0","0","0","0","89.601835045581722738","73240.146112038521096","88150750.06582288444","21022.953627013357618","21022.953627013357618","0","0","0","0","0","0","0","0","0"
"05/14/2026 15:42:14.310","65.035567850439335302","2.0323614953262292282","2.0323614953262292282","0","1000000000","65.035567850439335302","0","1.0161807476631146141","44701","0","0","0","0","0","0","0","0","0","0","0","0","0","0","35.843063594971894759","0.35843063594971891206","0","0","35.843063594971894759","0.35843063594971891206","1.4466342763427633158e-005","0","1.4466342763427633158e-005","24784.648435503364453","0","24784.648435503364453","104011123.52093622088","0","104011123.52093622088","4196.5946699466994687","0","4196.5946699466994687","67.752842888866766202","0","0","100","29.446495502553482027","40.877996807739442886","121.99417930646436048","214849.59908394550439","99046.219500662002247","1812.279534772402485","0","100","3500","0","27.828189348487274657","0","0","214716.52250375761651","0","0","66.490665247169303598","72.171810651512728896","886","97124.570650254827342","0.54562945836287790602","1.3888759084342929828","289098.20401472738013","7.2419863752633624188","20.634690050447691334","27.828189348487274657","105344161.61988966167","25175.878023353663593","109529895.47869683802","25528.492742792761419","104304.85666313272668","389.19722635497288366","0","0","350.58235794377452521","6343.0002269131609864","0","0","0","0","0","5.0809037383155724044","4.0647229906524584564","0","0","0","0","0","0","0","0","0","0","0","0","0","0","69703.902205203674384","104027772.62630592287","24788.713158494014351","24788.713158494014351","0","0","0","0","0","0","0","0","0"
"05/14/2026 15:42:15.310","192.00504973280797572","6.0001578041502492411","6.0001578041502492411","0","1000000000","192.00504973280797572","0","3.0000789020751246206","44704","0","0","0","0","0","0","0","0","0","0","0","0","0","0","17.163140084913159455","0.17163140084913158789","0","0","17.163140084913159455","0.17163140084913158789","1.5452696497704150114e-005","0","1.5452696497704150114e-005","11107.292121782802496","0","11107.292121782802496","54310292.360689088702","0","54310292.360689088702","4889.6069145583869613","0","4889.6069145583869613","83.069107615834596459","0","0","100","26.295648876458429299","35.79756571326169734","122.01738148737973688","166787.41624404312461","135572.37283155540354","1783.9937560218538692","0","100","3500","0","25.53784717531296522","0","0","166804.41618454334093","0","0","70.669660370362336721","74.315664274923676658","843","58458.795394216118439","0.87889129897614004516","0.53710468266364164158","207944.27219504732057","6.2499381256125561279","19.384568092775879222","25.684335725076323342","54904063.976882591844","11283.296750704543228","56418075.795393422246","11354.298618053655446","47181.240866634791018","177.00465522243234773","0","0","70.001841048419578328","6431.1691397483755281","0","0","0","0","0","11.000289307608790423","9.0002367062253743057","0","0","0","0","0","0","0","0","0","0","0","0","0","126.00331388715522962","70771.861299952186528","54306196.252961456776","11106.292095482111108","11106.292095482111108","0","0","0","0","0","0","0","0","0"
"05/14/2026 15:42:16.310","256.0699839266071649","8.0021869977064739032","8.0021869977064739032","0","1000000000","256.0699839266071649","0","4.0010934988532369516","44708","0","0","0","0","0","0","0","0","0","0","0","0","0","0","14.538574866930201068","0.14538574866930201179","0","0","14.538574866930201068","0.14538574866930201179","1.5815152833677798417e-005","0","1.5815152833677798417e-005","9195.5131337394504953","0","9195.5131337394504953","51435241.251434020698","0","51435241.251434020698","5593.5150658109432698","0","5593.5150658109432698","85.518143981677170018","0","0","100","25.391949427119083538","32.928463885542214484","122.00617785340345733","157398.86040997121017","148436.27237957279431","1802.952582347084217","0","100","3500","0","22.853126081540541037","0","0","157332.86214572555036","0","0","72.991198278674943367","77.049225900714219506","723","53068.604295707023994","0.48827008811721123172","0.6835861232016989808","192814.92896736814873","5.3221519603152058764","17.675421188949862028","22.950774099285787599","51926843.606357619166","9341.5530464475941699","53039199.61325430125","9366.5598808154263679","39150.699886278918711","147.04018608285645087","0","0","24.00656099311942171","6493.7747486388034304","0","0","0","0","0","0","0","0","0","0","0","0","0","0","0","0","0","0","0","0","9.0024603724197831411","71335.495991054354818","51439338.371176846325","9196.5134071141637833","9196.5134071141637833","0","0","0","0","0","0","0","0","0"
"05/14/2026 15:42:17.310","255.95216254082109231","7.9985050794006591346","7.9985050794006591346","0","1000000000","255.95216254082109231","0","3.9992525397003295673","44712","0","0","0","0","0","0","0","0","0","0","0","0","0","2","28.419626002710597135","0.28419626002710596246","0","0","28.419626002710597135","0.28419626002710596246","1.483591564000835312e-005","0","1.483591564000835312e-005","19152.420412624876917","0","19152.420412624876917","103158959.59045253694","0","103158959.59045253694","5386.2100647316765389","0","5386.2100647316765389","74.395178649160570217","0","0","100","25.885160972394217538","36.152830176604041412","121.99212407151493665","186322.75778041486046","120832.52911188623693","1774.9976925029995982","0","100","3500","0","24.756002963594369248","0","0","186444.75762181507889","0","0","70.36222631177000153","75.292816943647807193","1444","79755.896317334772903","0.58593888671611515928","0.9277282373163491247","244917.68160701388842","5.3710897949293894271","19.33590326178380181","24.707183056352189254","84209265.288317605853","18737.497961630968348","87236047.582706779242","18976.453300878063601","77449.524683836585609","289.9458091282738792","0","0","237.95552611216962191","6209.839381019686698","0","0","0","0","0","3.9992525397003295673","2.9994394047752472865","0","0","0","0","0","0","0","0","0","0","0","0","0","834.84396766244378796","68302.234312407003017","83219262.319872409105","18447.552152502696117","18447.552152502696117","0","0","0","0","0","0","0","0","0"
"05/14/2026 15:42:18.310","191.85848518133028051","5.995577661916571266","5.995577661916571266","0","1000000000","191.85848518133028051","0","2.997788830958285633","44715","0","0","0","0","0","0","0","0","0","0","0","0","0","1","32.251250628126570064","0.32251250628126570952","0","0","32.251250628126570064","0.32251250628126570952","1.4762287728292214982e-005","0","1.4762287728292214982e-005","21830.897529981888511","0","21830.897529981888511","101510022.20761966705","0","101510022.20761966705","4649.8327459147712943","0","4649.8327459147712943","70.547366368415922011","0","0","100","27.45965322654191354","38.625904172513152446","121.99947953248879173","209731.62248307955451","104271.98165513755521","1801.996756405838596","0","100","3500","0","28.564271410678522045","0","0","209844.62227967989747","0","0","68.37037092592731824","71.386898467246169275","1713","89706.838527690648334","0.73242183105457758785","1.1718729296823242603","275588.50394069292815","6.6894667236668095001","21.92388480971202469","28.61310153275383783","88733442.213023677468","21189.370720156814059","92101457.96460531652","21447.180559619228006","88119.003423075148021","329.75677140541142762","0","0","257.80983946241252625","6742.0270808251843846","0","0","0","0","0","4.9963147182638092403","3.9970517746110472146","0","0","0","0","0","0","0","0","0","0","0","0","0","7.9941035492220944292","74159.300100246065995","87618444.635237053037","20860.613211695057544","20860.613211695057544","0","0","0","0","0","0","0","0","0"
"05/14/2026 15:42:19.326","126.11671175503326481","3.9411472423447895252","3.9411472423447895252","0","1000000000","126.11671175503326481","0","1.9705736211723947626","44717","0","0","0","0","0","0","0","0","0","0","0","0","0","0","34.26680483037333147","0.34266804830373331914","0","0","34.26680483037333147","0.34266804830373331914","1.4407021029971849423e-005","0","1.4407021029971849423e-005","23800.588196520184283","0","23800.588196520184283","100957941.16044518352","0","100957941.16044518352","4241.8254677926806835","0","4241.8254677926806835","68.740963530374159518","0","0","100","27.847812695456816812","38.543053671555348672","122.01827178722321321","211090.97541919408832","103710.86888572694443","1772.3347408625065782","0","100","3500","0","26.777538315025061877","0","0","210956.0810528061993","0","0","68.388937529760525535","73.222471531305217241","837","96653.290462525212206","0.6730951387879640091","1.0577124926694070339","284947.11796216951916","6.7308923098978858945","20.000358406422645174","26.777528468694779207","102238100.66655637324","24175.982471353523579","106143876.11240112782","24480.436095824657968","100089.37536658826866","374.40898802275501112","0","0","303.46833766054879788","6519.6428256488679835","0","0","0","0","0","0","0","0","0","0","0","0","0","0","0","0","0","0","0","0","0","71685.527191009372473","100966012.62999750674","23802.558770141356945","23802.558770141356945","0","0","0","0","0","0","0","0","0"
"05/14/2026 15:42:20.310","130.03804730398110223","4.0636889782494094447","4.0636889782494094447","0","1000000000","130.03804730398110223","0","2.0318444891247047224","44719","0","0","0","0","0","0","0","0","0","0","0","0","0","0","15.55754754376273219","0.15557547543762731412","0","0","15.55754754376273219","0.15557547543762731412","1.5503806438550314303e-005","0","1.5503806438550314303e-005","10035.279931786915768","0","10035.279931786915768","52252408.31987490505","0","52252408.31987490505","5206.8710265235877159","0","5206.8710265235877159","84.542230206428797601","0","0","100","25.390499269437118102","33.581576813120548763","121.99629795826788836","156512.45511834940407","148185.32828807309852","1768.5998855133791494","0","100","3500","0","22.868060737851479303","0","0","156492.13806050320272","0","0","72.486066974824353792","77.131929103550447735","901","56409.295257135228894","0.89283918390699268386","0.59523289500337162039","198426.54545509957825","5.0098548559825717419","17.807311305564738291","22.868070896449555818","52788916.857228279114","10194.779724183206781","54047014.646449409425","10232.36884723201365","42758.135429140289489","160.51571464085168373","0","0","35.557278559682330865","6572.00100007385754","0","0","0","0","0","5.0796112228117618059","4.0636889782494094447","0","0","0","0","0","0","0","0","0","0","0","0","0","24.382133869496456668","72249.342266540814308","52252408.31987490505","10035.279931786915768","10035.279931786915768","0","0","0","0","0","0","0","0","0"
"05/14/2026 15:42:21.326","126.0193786299488039","3.938105582185900122","3.938105582185900122","0","1000000000","126.0193786299488039","0","1.969052791092950061","44721","0","0","0","0","0","0","0","0","0","0","0","0","0","1","19.894908030495912499","0.19894908030495911389","0","0","19.894908030495912499","0.19894908030495911389","1.5043001786777844892e-005","0","1.5043001786777844892e-005","13224.158544980253282","0","13224.158544980253282","61166781.921890035272","0","61166781.921890035272","4625.3817748659912468","0","4625.3817748659912468","80.525050247399448722","0","0","100","27.158496932805277879","36.536628322794278745","122.00570268194395851","168099.08239862081246","133358.18645110272337","1801.8633630273193376","0","100","3500","0","24.615362347922420838","0","0","168110.89789608327555","0","0","70.053514846576689479","75.240411147936839598","1212","65081.729272885109822","0.24038407100575634456","0.96153628402302537825","220642.59961424366338","5.817306333727409573","18.942312056806024145","24.759588852063163955","61869556.553559020162","13431.893614440559759","63715555.359525404871","13523.454569226381864","55948.666006115083292","209.70412225139918405","0","0","90.57642839027570858","6601.249482139115571","0","0","0","0","0","5.9071583732788504051","4.9226319777323750415","0","0","0","0","0","0","0","0","0","0","0","0","0","8.8607375599182756076","72636.388410627841949","61166781.921890035272","13224.158544980253282","13224.158544980253282","0","0","0","0","0","0","0","0","0"
"05/14/2026 15:42:22.311","129.97615749860884193","4.0617549218315263104","4.0617549218315263104","0","1000000000","129.97615749860884193","0","2.0308774609157631552","44723","0","0","0","0","0","0","0","0","0","0","0","0","0","0","31.206221910360593341","0.31206221910360593119","0","0","31.206221910360593341","0.31206221910360593119","1.5077527483313701105e-005","0","1.5077527483313701105e-005","20690.579571809794288","0","20690.579571809794288","116466955.59283344448","0","116466955.59283344448","5628.9846878680800728","0","5628.9846878680800728","72.554496160519704517","0","0","100","26.494245587687945687","37.253754873900277289","121.98880368669479424","174825.33464554333477","127128.16241178009659","1800.9198403773541486","0","100","3500","0","25.702536825957842836","0","0","174904.56292955315439","0","0","69.463287401234879326","74.14866414039786946","1242","80053.070761319817393","0.44638694330887851436","1.5375392262043945379","245342.57040321812383","6.4477143416102391527","19.491921743227045738","25.85133585960213054","85140345.817814037204","19222.255167567698663","88026791.335464403033","19411.126771432864189","79748.496135240187868","298.53898675461721268","0","0","187.85616513470810673","6075.3699243295059205","0","0","0","0","0","0","0","0","0","0","0","0","0","0","0","0","0","0","0","0","862.10748215874150446","66789.467057136702351","84124728.370139598846","18923.716180813080427","18923.716180813080427","0","0","0","0","0","0","0","0","0"
"05/14/2026 15:42:23.326","126.05211664153831919","3.9391286450480724746","3.9391286450480724746","0","1000000000","126.05211664153831919","0","1.9695643225240362373","44725","0","0","0","0","0","0","0","0","0","0","0","0","0","0","25.106504960846869778","0.25106504960846870445","0","0","25.106504960846869778","0.25106504960846870445","1.4543143068939956371e-005","0","1.4543143068939956371e-005","17270.124762052011647","0","17270.124762052011647","74336462.642781108618","0","74336462.642781108618","4304.3384843473795627","0","4304.3384843473795627","75.841996320894324413","0","0","100","26.709577278003617806","36.517641110773354285","122.01652622880932597","186224.88682477679686","120414.59215667612443","1799.5025379581338711","0","100","3500","0","25.064283940251886662","0","0","186140.2275150041678","0","0","70.05703726169954848","74.935716059748116891","975","78641.607904738208163","0.67292766305715823183","1.0574549436542810543","249457.51594031442073","5.2392457232882154727","19.755342524305142149","25.064283940251886662","75263599.595451489091","17542.909420721589413","77961311.848012670875","17732.972377845158917","72854.18429016409209","272.78465866957901653","0","0","189.07817496230748588","6693.5643500979367673","0","0","0","0","0","10.83260377388219986","8.8630394513581620686","0","0","0","0","0","0","0","0","0","0","0","0","0","83.706483707271544858","73599.664386239441228","74344529.978246167302","17272.09432637453574","17272.09432637453574","0","0","0","0","0","0","0","0","0"
"05/14/2026 15:42:24.310","65.044424834002057878","2.0326382760625643087","2.0326382760625643087","0","1000000000","65.044424834002057878","0","1.0163191380312821543","44726","0","0","0","0","0","0","0","0","0","0","0","0","0","0","17.032424973918686817","0.17032424973918686151","0","0","17.032424973918686817","0.17032424973918686151","1.4974135620477082369e-005","0","1.4974135620477082369e-005","11375.660111984141622","0","11375.660111984141622","55711330.403420768678","0","55711330.403420768678","4897.4151701956579927","0","4897.4151701956579927","83.072835210192124578","0","0","100","24.456288862294144337","32.327548976246845314","121.99568619028626415","164219.71854058487224","143215.74974166043103","1729.612748648346269","0","100","3500","0","22.046714059155046783","0","0","164203.45896127913147","0","0","73.504666182538926478","77.953296103056203492","878","61783.352690701241954","0.49620045083633979033","0.59544460588810710355","209901.00660006812541","4.8131586002082444864","17.3174445128022505","22.046703896943796508","56323630.161872200668","11556.564918553709504","57798654.779662519693","11612.462471145428935","48222.31046130827599","180.90480656956822259","0","0","55.897552591720518933","6708.7226301444934506","0","0","0","0","0","7.1142339662189746363","6.0979148281876929261","0","0","0","0","0","0","0","0","0","0","0","0","0","13.212148794406667562","73764.443038310462725","55711330.403420768678","11375.660111984141622","11375.660111984141622","0","0","0","0","0","0","0","0","0"
"05/14/2026 15:42:25.326","63.003139131407223772","1.9688480978564757429","1.9688480978564757429","0","1000000000","63.003139131407223772","0","0.98442404892823787144","44727","0","0","0","0","0","0","0","0","0","0","0","0","0","0","17.618505255800886999","0.17618505255800886999","0","0","17.618505255800886999","0.17618505255800886999","1.4981897345725529966e-005","0","1.4981897345725529966e-005","11756.976416349943975","0","11756.976416349943975","58124176.037071049213","0","58124176.037071049213","4943.8030645566441308","0","4943.8030645566441308","82.693486072051342717","0","0","100","23.177526500430843726","32.498233304610423033","121.99684251605350482","163499.56236860351055","143608.61830139363883","1788.1395343570434306","0","100","3500","0","23.794180842324397673","0","0","163528.11746028653579","0","0","73.366988550602613373","76.205809311018583685","1319","62189.051052269904176","0.2403962846199845238","0.67311747426157708674","210763.16239566192962","3.6059541159567936042","20.097174688853023383","23.794190688981419868","58748482.018116548657","11941.063713499524965","60295547.725665427744","12003.082428582003558","49611.034369787470496","186.0561452474369446","0","0","61.034291033550744032","6636.0025138252512988","0","0","0","0","0","3.9376961957129514857","2.9532721467847133923","0","0","0","0","0","0","0","0","0","0","0","0","0","32.485993614631851756","72971.417050854564877","58120143.836166635156","11755.99199230101658","11755.99199230101658","0","0","0","0","0","0","0","0","0"
"05/14/2026 15:42:26.310","65.030981674167747997","2.0322181773177421249","2.0322181773177421249","0","1000000000","65.030981674167747997","0","1.0161090886588710624","44728","0","0","0","0","0","0","0","0","0","0","0","0","0","0","28.923174470057901431","0.28923174470057899654","0","0","28.923174470057901431","0.28923174470057899654","1.5328995962314939205e-005","0","1.5328995962314939205e-005","18874.226321838530566","0","18874.226321838530566","106455196.75275921822","0","106455196.75275921822","5640.2416150740245939","0","5640.2416150740245939","73.67652367813877845","0","0","100","28.0298030037058723","38.687486184253302213","122.01073471814956406","183632.10032947731088","118977.8735314290825","1800.9719763478442474","0","100","3500","0","26.593391724937387011","0","0","183612.80057338558254","0","0","68.277616301216326633","73.406618432950722308","941","77395.069257682625903","0.84318597691355812174","1.1903724349046975739","248793.15577828601818","6.6462757220582400208","19.988428133855773439","26.593381567049277692","74788222.035687178373","17430.335306854274677","77439543.287415698171","17616.283270078849455","72448.578021377514233","271.30112667191860965","0","0","183.91574504725568318","6606.7412944599800539","0","0","0","0","0","0","0","0","0","0","0","0","0","0","0","0","0","0","0","0","67.063199851485492786","72648.751511843307526","73875195.181854560971","17161.066398359675077","17161.066398359675077","0","0","0","0","0","0","0","0","0"
"05/14/2026 15:42:27.326","125.9921264764087141","3.9372539523877723155","3.9372539523877723155","0","1000000000","125.9921264764087141","0","1.9686269761938861578","44730","0","0","0","0","0","0","0","0","0","0","0","0","0","1","25.430663874413188097","0.25430663874413189651","0","0","25.430663874413188097","0.25430663874413189651","1.476230923120891752e-005","0","1.476230923120891752e-005","17220.564474256018002","0","17220.564474256018002","74857465.993199378252","0","74857465.993199378252","4346.980965990283039","0","4346.980965990283039","76.129472308993285878","0","0","100","27.698111394335445112","38.567659282178610169","122.00095682811479492","176030.43164538216661","124334.7234342485026","1787.1659624346577857","0","100","3500","0","26.294197277671017332","0","0","176065.87956529820804","0","0","68.396851585845837462","73.561558830514755414","1246","74821.69696282222867","1.0096678560133032221","0.62503717118517299056","239826.84084986781818","6.6349630099935845706","19.76065498483809435","26.438441169485237481","75773846.101601824164","17491.250683482678141","78503804.125553116202","17692.050635054452869","72819.511849411850562","272.65483620285323241","0","0","199.81563808367943125","6203.1436019869352094","0","0","0","0","0","3.9372539523877723155","2.9529404642908292367","0","0","0","0","0","0","0","0","0","0","0","0","0","753.98413188225833892","68217.846292558635469","74845370.749057635665","17217.611533791729016","17217.611533791729016","0","0","0","0","0","0","0","0","0"
"05/14/2026 15:42:28.310","195.13392895254952464","6.0979352797671726449","6.0979352797671726449","0","1000000000","195.13392895254952464","0","3.0489676398835863225","44733","0","0","0","0","0","0","0","0","0","0","0","0","0","0","27.390215354878264975","0.27390215354878266751","0","0","27.390215354878264975","0.27390215354878266751","1.4880207413945278558e-005","0","1.4880207413945278558e-005","18423.895125269882556","0","18423.895125269882556","96611588.760123074055","0","96611588.760123074055","5243.8199470432482485","0","5243.8199470432482485","74.106959450766822783","0","0","100","26.004940025586048336","37.236124770188837374","122.009039578117509","186746.88391154565034","119052.92709466812084","1752.4664059809392711","0","100","3500","0","26.782049884504687043","0","0","186648.33942378906067","0","0","69.472279348187299775","73.118745147058533007","985","80024.21959369193064","0.6944754160132159404","1.0417182036393035638","254498.75905060005607","5.2581985820343817295","21.628064775713973233","26.831657448342561167","77057347.829074054956","18092.573975069200969","79862349.274284720421","18296.854806941402785","74915.167557032968034","280.5050228692899168","0","0","203.26450932557241913","6626.4230040136608295","0","0","0","0","0","5.0816127331393108335","4.0652901865114481339","0","0","0","0","0","0","0","0","0","0","0","0","0","26.424386212324414203","72833.738981539107044","76113680.148659527302","17815.117919839794922","17815.117919839794922","0","0","0","0","0","0","0","0","0"
"05/14/2026 15:42:29.326","724.47697634809071587","6.890406025049776062","6.890406025049776062","0","1000000000","724.47697634809071587","0","3.9373748714570147023","44736","0","0","0","0","0","0","0","0","0","0","0","0","0","0","20.534592613620581858","0.20534592613620580859","0","0","20.534592613620581858","0.20534592613620580859","1.497323852617970254e-005","0","1.497323852617970254e-005","13705.01758382400476","0","13705.01758382400476","81254313.763300567865","0","81254313.763300567865","5928.8004022121667731","0","5928.8004022121667731","80.161459711311394472","0","0","100","23.796029335786382575","33.2677331552352058","121.99563379305564581","168645.3319723487075","137997.19245406365371","1722.8899815621236939","0","100","3500","0","24.575445199956757136","0","0","168776.27161094744224","0","0","72.738173928504551213","75.376481218617541913","1275","67588.481722401673323","0.5768632869255413409","0.67300060468551525794","223765.01277104506153","4.9994654115356507162","19.56518956821988553","24.671582517716739602","62771764.257948055863","13706.001927541869009","64672831.217634163797","13805.420643046158148","57257.305380727906595","214.58693049440731215","0","0","98.43437178642537333","6603.9620031512777132","0","0","0","0","0","8.859093460778282747","6.890406025049776062","0","0","0","0","0","0","0","0","0","0","0","0","0","40.358092432434403918","72622.910816588904709","62050508.054244816303","13492.399340765325178","13492.399340765325178","0","0","0","0","0","0","0","0","0"
"05/14/2026 15:42:30.311","130.02606616295111053","4.063314567592222204","4.063314567592222204","0","1000000000","130.02606616295111053","0","2.031657283796111102","44738","0","0","0","0","0","0","0","0","0","0","0","0","0","0","31.207678359800418377","0.31207678359800417045","0","0","31.207678359800418377","0.31207678359800417045","1.5037106641217637751e-005","0","1.5037106641217637751e-005","20756.426639902969328","0","20756.426639902969328","122861109.81310784817","0","122861109.81310784817","5919.1840649929035862","0","5919.1840649929035862","71.541981482587473806","0","0","100","26.551018749807010266","35.61683240887158064","122.00530573386706124","187523.15777841335512","120811.24319640391332","1794.7278270365843582","0","100","3500","0","23.57459842306628417","0","0","187490.65563327178825","0","0","70.804035494212740787","76.425401576933722936","1301","85466.422033854236361","0.34716593556648989161","1.0910842343599613802","263000.24864141031867","5.653787196422789485","17.953283125297854639","23.57459842306628417","80691661.46901011467","19226.588705204496364","83648710.202373385429","19435.84940543549601","79779.118220105679939","298.65362071802832133","0","0","209.26070023099941864","6650.6301185065694881","0","0","0","0","0","0","0","0","0","0","0","0","0","0","0","0","0","0","0","0","0","73072.617526294721756","79675812.510539218783","18927.935084486467531","18927.935084486467531","0","0","0","0","0","0","0","0","0"
"05/14/2026 15:42:31.326","126.06259441152701584","3.9394560753602192449","3.9394560753602192449","0","1000000000","126.06259441152701584","0","1.9697280376801096224","44740","0","0","0","0","0","0","0","0","0","0","0","0","0","1","24.122696322377645828","0.24122696322377645828","0","0","24.122696322377645828","0.24122696322377645828","1.4643367804411500411e-005","0","1.4643367804411500411e-005","16475.790171175274736","0","16475.790171175274736","72632224.396145403385","0","72632224.396145403385","4408.4213043218360326","0","4408.4213043218360326","76.832161822591771738","0","0","100","25.318486400640303202","34.857663238795083771","122.01080434159148069","175836.20250601766747","130017.36059375437617","1749.8638119498070864","0","100","3500","0","22.876044509957093709","0","0","175764.31727345022955","0","0","71.424555157934605631","77.123955490042902738","753","75895.049923801649129","0.43273733518290918854","0.86548451761431499651","242380.26382077296148","4.9043925719841254818","18.078927863094882866","22.876044509957093709","73512795.25484636426","16734.809408130211523","76064719.748079672456","16912.084931521421822","69428.973872148504597","260.00410097377448437","0","0","175.30579535352975995","6581.8462379080856408","0","0","0","0","0","0","0","0","0","0","0","0","0","0","0","0","0","0","0","0","10.833504207240602923","72377.656744555628393","72636258.399166569114","16476.775035194117663","16476.775035194117663","0","0","0","0","0","0","0","0","0"
"05/14/2026 15:42:32.310","129.93658789971615874","4.0605183718661299608","4.0605183718661299608","0","1000000000","129.93658789971615874","0","2.0302591859330649804","44742","0","0","0","0","0","0","0","0","0","0","0","0","0","0","28.560707497998137683","0.28560707497998139015","0","0","28.560707497998137683","0.28560707497998139015","1.4916728545666700845e-005","0","1.4916728545666700845e-005","19139.253345791003085","0","19139.253345791003085","101055322.63407044113","0","101055322.63407044113","5280.0033945051445698","0","5280.0033945051445698","74.240971575881005151","0","0","100","28.129981973136885642","37.650639717942176787","121.99007930239170605","171568.57764655441861","128944.59916286283988","1785.1300797974483885","0","100","3500","0","23.299927890738569403","0","0","171685.41882992192404","0","0","69.165716064677440045","76.650458255016843623","1225","78319.153216383783729","0.79379118633197753852","0.89300873429398408554","243295.85610043059569","6.3999433449004161645","16.967287877911918059","23.34954174498315993","83941204.100027218461","18887.501206735301821","87072732.715667575598","19146.359252941769228","78363.944058644439792","293.3724523673278668","0","0","257.84291661349925562","6007.5369311759395714","0","0","0","0","0","5.075647964832662673","4.0605183718661299608","0","0","0","0","0","0","0","0","0","0","0","0","0","908.54098570504652344","66017.937948985476396","82947359.744366005063","18595.14388396094364","18595.14388396094364","0","0","0","0","0","0","0","0","0"
"05/14/2026 15:42:33.326","126.08514490433780963","3.9401607782605565511","3.9401607782605565511","0","1000000000","126.08514490433780963","0","1.9700803891302782755","44744","0","0","0","0","0","0","0","0","0","0","0","0","0","0","29.15916794477394447","0.29159167944773944914","0","0","29.15916794477394447","0.29159167944773944914","1.5030007616146230689e-005","0","1.5030007616146230689e-005","19400.366631960416271","0","19400.366631960416271","101671026.12622107565","0","101671026.12622107565","5240.6755013962938392","0","5240.6755013962938392","72.835270441589756274","0","0","100","28.682147425597207757","39.860756662066705758","122.00342830691785423","187348.30821476707933","115011.8210677907191","1800.7822818776617169","0","100","3500","0","26.542550342548299369","0","0","187289.23389168744325","0","0","67.317031242861929741","73.313221387489932113","1231","81014.526671416911995","0.72111181299336335471","0.9614824173244842509","260455.73674197430955","6.4900260081505862786","20.143103901852708049","26.686778612510064335","80322234.228767693043","19149.181382346305327","83404267.391130894423","19392.486310403895914","79473.04289751543547","297.48213875867202205","0","0","242.31988786302423478","6495.3550429625274774","0","0","0","0","0","3.9401607782605565511","2.9551205836954173023","0","0","0","0","0","0","0","0","0","0","0","0","0","182.23243599455074104","71446.935392198676709","79314616.912943124771","18852.684283782196871","18852.684283782196871","0","0","0","0","0","0","0","0","0"
"05/14/2026 15:42:34.310","65.027393805693677109","2.0321060564279274097","2.0321060564279274097","0","1000000000","65.027393805693677109","0","1.0160530282139637048","44745","0","0","0","0","0","0","0","0","0","0","0","0","0","0","29.401374683554593048","0.29401374683554593048","0","0","29.401374683554593048","0.29401374683554593048","1.5195783891630786666e-005","0","1.5195783891630786666e-005","19351.745975363151956","0","19351.745975363151956","119950050.83313299716","0","119950050.83313299716","6198.4097448283100675","0","6198.4097448283100675","73.176888412104375448","0","0","100","25.843264427679947914","36.09239111882689599","122.00772714282574327","178452.08043235176592","126244.42553336823767","1780.8433070209416655","0","100","3500","0","24.503744519348380493","0","0","178425.66746830011834","0","0","70.405456473772105142","75.496265639412740711","987","78260.596601809636923","0.49603198790701080734","0.89286367348929074339","247357.40834371311939","5.4067567951953128258","19.047677097682583991","24.503734360587259289","75632711.461464256048","17659.001630358688999","78321220.287815317512","17845.95538755006055","73533.789757900987752","275.3503706459841851","0","0","185.93770416315535954","6592.1520470521963944","0","0","0","0","0","3.0481590846418913365","3.0481590846418913365","0","0","0","0","0","0","0","0","0","0","0","0","0","96.525037680326548184","72509.608305461311829","74699308.250777333975","17383.651259712703904","17383.651259712703904","0","0","0","0","0","0","0","0","0"
"05/14/2026 15:42:35.326","63.005893019931512811","1.9689341568728597753","1.9689341568728597753","0","1000000000","63.005893019931512811","0","0.98446707843642988767","44746","0","0","0","0","0","0","0","0","0","0","0","0","0","0","20.014051243219928011","0.20014051243219929677","0","0","20.014051243219928011","0.20014051243219929677","1.4799504878403961494e-005","0","1.4799504878403961494e-005","13520.670855245929488","0","13520.670855245929488","62126834.800517432392","0","62126834.800517432392","4594.9520897043830701","0","4594.9520897043830701","80.417007813850077014","0","0","100","24.097077329770844045","32.784831165066592007","122.00024619857673258","164061.07761093828594","142685.58341137765092","1739.9149184558889374","0","100","3500","0","22.832236328716383866","0","0","164095.54112092466676","0","0","73.137676089796016754","77.215835268620480747","1262","66520.482304021526943","0.3365602615677820153","0.72119212047242498009","219375.99581081265933","4.663722831103958022","18.174096577434216471","22.784164731379519253","62845389.445331551135","13732.331277109760777","64699113.388949155807","13819.948847090603522","57000.643841469296603","213.62935602070530194","0","0","86.633102902405838108","6768.2111642504560223","0","0","0","0","0","0","0","0","0","0","0","0","0","0","0","0","0","0","0","0","0","74389.285847891951562","62122802.423364154994","13519.686388167492623","13519.686388167492623","0","0","0","0","0","0","0","0","0"
"05/14/2026 15:42:36.310","195.05328611960180751","6.0954151912375564848","6.0954151912375564848","0","1000000000","195.05328611960180751","0","3.0477075956187782424","44749","0","0","0","0","0","0","0","0","0","0","0","0","0","0","26.954094957657005693","0.26954094957657004361","0","0","26.954094957657005693","0.26954094957657004361","1.4712770322723744444e-005","0","1.4712770322723744444e-005","18320.78625979635035","0","18320.78625979635035","99813187.715218961239","0","99813187.715218961239","5448.0842852389932887","0","5448.0842852389932887","74.396910860536564769","0","0","100","25.231393487253253483","34.911462726836838044","121.9981256815703432","179670.78675072960323","127106.975692481632","1814.3228497099673859","0","100","3500","0","23.809732788542447679","0","0","179641.32686123263557","0","0","71.378770567435651628","76.140662268151743319","947","78942.34526929538697","0.6944488888766985335","0.84325356009182250716","247370.62867302598897","5.4067356462869895495","18.452327800599302776","23.859337731848249575","77573850.018651977181","18303.515916754509817","80375802.66459043324","18503.648715533476206","76245.516822126854095","285.46861145629225121","0","0","199.1168962470935071","6555.6190381759915908","0","0","0","0","0","5.0795126593646307001","4.0636101274917040271","0","0","0","0","0","0","0","0","0","0","0","0","0","0","72108.761712340288796","76614850.219394311309","18020.079110361963103","18020.079110361963103","0","0","0","0","0","0","0","0","0"
"05/14/2026 15:42:37.310","255.96559822359873237","7.9989249444874603867","7.9989249444874603867","0","1000000000","255.96559822359873237","0","3.9994624722437301934","44753","0","0","0","0","0","0","0","0","0","0","0","0","0","0","27.843142823485976578","0.2784314282348597791","0","0","27.843142823485976578","0.2784314282348597791","1.4831598572417833642e-005","0","1.4831598572417833642e-005","18770.477247857885231","0","18770.477247857885231","99568569.984194114804","0","99568569.984194114804","5304.5305491929902928","0","5304.5305491929902928","74.583568248167665615","0","0","100","26.460930312189486102","36.835109676738035489","122.00716549538377365","172145.55553311141557","129762.6112414898962","1796.9744829623418809","0","100","3500","0","24.707627280507217904","0","0","172160.5553201144503","0","0","69.830565321590484018","75.341212338543755322","902","78196.889604167619837","0.63475504891061851342","1.464828574337120104","241578.56958431188832","5.4198777249537455347","19.286959561715420364","24.658787661456237572","83821342.411579877138","18753.479532350851514","86794542.813445866108","18979.449162032622553","77721.554223112412728","290.9608948557313397","0","0","224.96976406370981749","6334.1486904160074118","0","0","0","0","0","8.9987905625483932681","6.9990593264265275053","0","0","0","0","0","0","0","0","0","0","0","0","0","265.96425440420807718","69622.642716818852932","82830467.585156545043","18462.518637495119037","18462.518637495119037","0","0","0","0","0","0","0","0","0"
"05/14/2026 15:42:38.310","256.01664108167028644","8.0005200338021964512","8.0005200338021964512","0","1000000000","256.01664108167028644","0","4.0002600169010982256","44757","0","0","0","0","0","0","0","0","0","0","0","0","0","1","23.791419744679114245","0.23791419744679115356","0","0","23.791419744679114245","0.23791419744679115356","1.5810546251993619441e-005","0","1.5810546251993619441e-005","15048.978183581932171","0","15048.978183581932171","106068718.46670033038","0","106068718.46670033038","7048.2339181286552048","0","7048.2339181286552048","78.067677574333600887","0","0","100","26.738754939762891638","36.873468473513270283","121.99261596116895134","160360.00576796423411","139218.99420790444128","1805.9888028694219884","0","100","3500","0","26.172770692197556031","0","0","160397.00553856565966","0","0","69.756498970712556229","73.72957049923989814","1178","64759.598490489355754","1.0253774903946171193","0.97655808599135096593","216271.65911571346805","6.8358566025494491569","19.43335291309445978","26.270429500760094754","60681252.281398288906","13217.859160845455335","62511055.21858920902","13314.865466255307183","54955.572112187292078","206.0133908704065675","0","0","96.006240405626357415","6505.4228524854115676","0","0","0","0","0","9.0005850380274718958","7.000455029576922783","0","0","0","0","0","0","0","0","0","0","0","0","0","78.005070329571424281","71566.651832369097974","59989819.338256984949","13013.845899983498384","13013.845899983498384","0","0","0","0","0","0","0","0","0"
"05/14/2026 15:42:39.326","189.05910992152669792","5.9080971850477093099","5.9080971850477093099","0","1000000000","189.05910992152669792","0","2.954048592523854655","44760","0","0","0","0","0","0","0","0","0","0","0","0","0","0","26.004303457880496353","0.26004303457880495465","0","0","26.004303457880496353","0.26004303457880495465","1.4677941421663981414e-005","0","1.4677941421663981414e-005","17717.398775093904987","0","17717.398775093904987","75575244.836470767856","0","75575244.836470767856","4265.5948424387261184","0","4265.5948424387261184","75.093213197021384531","0","0","100","27.353310101236068874","37.777296401440558782","122.00335789002402009","180873.15917464226368","122142.5070092821843","1783.1511027081251086","0","100","3500","0","26.296406101642777031","0","0","180866.26681808845024","0","0","69.034047691324715856","73.559364156368744148","998","75454.565684059489286","0.76924826548670299786","0.96155787026392913752","243469.54139637961634","6.6347650590255877745","19.808145297877054247","26.440635843631255852","76526361.831171393394","17998.033391383669368","79252507.544147759676","18184.138452712672006","74957.998352428636281","280.63461628976619977","0","0","186.1050613290028366","6632.8237730802275109","0","0","0","0","0","5.9080971850477093099","4.9234143208730909436","0","0","0","0","0","0","0","0","0","0","0","0","0","9.8468286417461818871","72874.409411835134961","75575244.836470767856","17717.398775093904987","17717.398775093904987","0","0","0","0","0","0","0","0","0"
"05/14/2026 15:42:40.310","129.99202377066643521","4.0622507428333261004","4.0622507428333261004","0","1000000000","129.99202377066643521","0","2.0311253714166630502","44762","0","0","0","0","0","0","0","0","0","0","0","0","0","0","23.898057401758979523","0.2389805740175897919","0","0","23.898057401758979523","0.2389805740175897919","1.4879639468690701408e-005","0","1.4879639468690701408e-005","16056.046061048722549","0","16056.046061048722549","87279764.568195953965","0","87279764.568195953965","5435.9438330170778499","0","5435.9438330170778499","77.151021838674694209","0","0","100","26.188456443472819757","34.942677188391428444","121.99674851186253477","179392.88363157649292","127286.55466467350197","1811.2899950456189799","0","100","3500","0","23.115268278683732461","0","0","179433.51829214958707","0","0","71.372100642284081573","76.934326515996147577","1218","73050.961045277887024","0.6448440765864721369","0.59523912320222682748","236778.1671594127256","5.3571317914113238956","17.708287724983556188","23.065673484003845317","69246348.899810478091","15793.015325450265664","71429999.599868297577","15907.77390893530719","65605.349496758222813","245.76616994141625128","0","0","112.72745811362480595","6830.6746240742386362","0","0","0","0","0","0","0","0","0","0","0","0","0","0","0","0","0","0","0","0","0","75133.358614073789795","68419481.823357492685","15549.280280880266218","15549.280280880266218","0","0","0","0","0","0","0","0","0"
"05/14/2026 15:42:41.326","126.12543548994362652","3.9414198590607383288","3.9414198590607383288","0","1000000000","126.12543548994362652","0","1.9707099295303691644","44764","0","0","0","0","0","0","0","0","0","0","0","0","0","1","25.844598719361520978","0.2584459871936152231","0","0","25.844598719361520978","0.2584459871936152231","1.4907849150905889464e-005","0","1.4907849150905889464e-005","17349.144864620604494","0","17349.144864620604494","96856262.428405344486","0","96856262.428405344486","5582.7686715510872091","0","5582.7686715510872091","75.44036224629250853","0","0","100","25.874711486500324042","35.725514755348427798","122.01218908417733644","179720.17905358236749","125935.97880118161265","1766.4320023127065724","0","100","3500","0","23.797579878426777356","0","0","179553.77603887175792","0","0","70.690133223265746665","76.202420121573226197","802","75466.228754322786699","0.24038556213632991665","0.91346316687448747551","239203.84132990078069","4.6154146084789324789","19.086656956983055977","23.797579878426777356","75048019.796175390482","16996.387787234667485","77632948.772282212973","17175.722390821931185","70519.884118314730586","264.07513055706948535","0","0","179.33460358726358663","6703.3698252975509604","0","0","0","0","0","9.853549647651846044","7.8828397181214766576","0","0","0","0","0","0","0","0","0","0","0","0","0","30.546003907720724158","73697.653879682446131","74145612.012344136834","16732.312656677600899","16732.312656677600899","0","0","0","0","0","0","0","0","0"
"05/14/2026 15:42:42.310","129.92470457355261715","4.0601470179235192859","4.0601470179235192859","0","1000000000","129.92470457355261715","0","2.0300735089617596429","44766","0","0","0","0","0","0","0","0","0","0","0","0","0","1","22.764392244601161508","0.22764392244601161508","0","0","22.764392244601161508","0.22764392244601161508","1.5650921916468781735e-005","0","1.5650921916468781735e-005","14533.296250657236669","0","14533.296250657236669","108001729.62262962759","0","108001729.62262962759","7431.3306327699401663","0","7431.3306327699401663","79.27334125839429646","0","0","100","22.980482437606859492","32.386096357501806153","121.98583557266766775","159799.54149973898893","147092.70955809918814","1776.7469236830816044","0","100","3500","0","23.215291778301192949","0","0","159905.19140257663094","0","0","73.481894025911330459","76.735113945946906711","1103","63889.747012164880289","0.2976164475016858102","0.74403603945518215212","209262.99745231354609","4.3650175266292414733","18.948172661221523327","23.215291778301192949","61511665.817419245839","12643.297813813838729","63302937.71937482059","12746.831562770887103","52785.971380023671372","197.93216712377156341","0","0","101.50367544808797504","6447.5134644625477449","0","0","0","0","0","0","0","0","0","0","0","0","0","0","0","0","0","0","0","0","827.2549549019170172","70872.91130811846233","60854652.826978862286","12447.395720199028801","12447.395720199028801","0","0","0","0","0","0","0","0","0"
"05/14/2026 15:42:43.326","126.01127741865110465","3.9378524193328470204","3.9378524193328470204","0","1000000000","126.01127741865110465","0","1.9689262096664235102","44768","0","0","0","0","0","0","0","0","0","0","0","0","0","0","22.746848391464375538","0.22746848391464374872","0","0","22.746848391464375538","0.22746848391464374872","1.4868110438923928251e-005","0","1.4868110438923928251e-005","15296.587722898444554","0","15296.587722898444554","66719443.07740803808","0","66719443.07740803808","4361.7206847728148205","0","4361.7206847728148205","77.962051219540299485","0","0","100","27.011801682578692407","37.174132715757636447","122.00247638644036385","173650.10926731574","128102.70901606814004","1822.5167962498096585","0","100","3500","0","25.624362271460199736","0","0","173727.89361464354442","0","0","69.513457001428591298","74.375637728539800264","898","69029.17749944984098","0.38461375619906845724","0.72115817755189626226","231201.66478195521631","5.7212059318071206704","19.904012962375652762","25.624362271460199736","67536732.533483311534","15533.843331163248877","69782714.225816741586","15670.683702735064799","63860.15268432078301","239.2245344744704596","0","0","136.84037157181643352","6600.8251179066846817","0","0","0","0","0","5.9067786289992705306","4.9223155241660583314","0","0","0","0","0","0","0","0","0","0","0","0","0","33.471745564329197009","72592.340424191366765","66715410.716530643404","15294.618796688777365","15294.618796688777365","0","0","0","0","0","0","0","0","0"
"05/14/2026 15:42:44.310","130.05017599954481966","4.0640679999857756144","4.0640679999857756144","0","1000000000","130.05017599954481966","0","2.0320339999928878072","44770","0","0","0","0","0","0","0","0","0","0","0","0","0","1","29.331932955790790629","0.29331932955790790407","0","0","29.331932955790790629","0.29331932955790790407","1.4942242806872283332e-005","0","1.4942242806872283332e-005","19633.512507931282016","0","19633.512507931282016","95271637.733042538166","0","95271637.733042538166","4852.5009314841645391","0","4852.5009314841645391","72.466469971796058758","0","0","100","29.157712792324833373","40.216549132675531553","122.01013936697998474","189276.71999859408243","113358.2095640925254","1837.6775088285219226","0","100","3500","0","28.027708621241011144","0","0","189183.26155148947146","0","0","67.054509888854269661","71.724272583170360917","1198","79950.653939928772161","0.94244094785743870446","1.3888544629974040046","256355.50455523582059","7.6882880679137732827","20.634371433110811012","28.325321017487581798","81493711.616782769561","19396.780546932110155","84690023.88147957623","19657.896915931196418","81155.373891715949867","303.78908299893674894","0","0","260.10035199908963932","6657.9594009766969975","0","0","0","0","0","0","0","0","0","0","0","0","0","0","0","0","0","0","0","0","9.1441529999679946883","73196.912730743802967","80468806.500070363283","19092.991463933172781","19092.991463933172781","0","0","0","0","0","0","0","0","0"
"05/14/2026 15:42:45.310","63.990644567764185524","1.9997076427426307976","1.9997076427426307976","0","1000000000","63.990644567764185524","0","0.99985382137131539881","44771","0","0","0","0","0","0","0","0","0","0","0","0","0","1","29.804996241390142586","0.29804996241390141476","0","0","29.804996241390142586","0.29804996241390141476","1.497367257748530524e-005","0","1.497367257748530524e-005","19904.090022038777533","0","19904.090022038777533","103036200.10754427314","0","103036200.10754427314","5176.6345506605712217","0","5176.6345506605712217","72.247100750942053082","0","0","100","27.399205856567842687","38.6295074518938506","121.98679524548012409","187258.96714704090846","116794.31892818429333","1826.7753066372833928","0","100","3500","0","27.107176275102638385","0","0","187263.96653211652301","0","0","68.339516358202018864","72.697533995971213017","1322","80290.124314709290047","0.8299838476766111528","1.0252835755648563865","253502.81915324411239","6.1517014533891387629","21.140385627971816973","27.302466004028779878","81138153.601943388581","19303.177875394616422","84192523.053129628301","19536.143815774132236","80132.284659982702578","299.95614641139462719","0","0","230.96623273677386123","6697.0208955450707435","0","0","0","0","0","3.9994152854852615953","2.9995614641139463075","0","0","0","0","0","0","0","0","0","0","0","0","0","56.991667818164977177","73647.232774568357854","80122430.10071927309","19004.22158280459189","19004.22158280459189","0","0","0","0","0","0","0","0","0"
"05/14/2026 15:42:46.311","64.01741913974792908","2.0005443481171227837","2.0005443481171227837","0","1000000000","64.01741913974792908","0","1.0002721740585613919","44772","0","0","0","0","0","0","0","0","0","0","0","0","0","0","30.76118167153462224","0.30761181671534620907","0","0","30.76118167153462224","0.30761181671534620907","1.5314166957041165109e-005","0","1.5314166957041165109e-005","20094.467704662438337","0","20094.467704662438337","126748344.22446347773","0","126748344.22446347773","6307.6238737617604784","0","6307.6238737617604784","72.321442766265903401","0","0","100","26.304299621633298045","35.636611178216320184","122.01029239381689706","185784.3407813051017","121915.2103246361803","1765.8036426349387966","0","100","3500","0","23.787833383877664772","0","0","185769.34244911963469","0","0","70.77495612741812181","76.212166616122331675","930","80081.09498223796254","0.68352337702943499753","0.87881148523250540716","250173.1807423014252","5.2728489136367819867","18.503785725620158331","23.787833383877664772","76762615.107570767403","17890.868105211429793","79386881.170366451144","18053.912469582974154","74268.208379500065348","278.07566438828007449","0","0","162.04409219748694682","6823.8567714275050093","0","0","0","0","0","0","0","0","0","0","0","0","0","0","0","0","0","0","0","0","0","75081.429657009677612","75825304.065236151218","17614.792985171265173","17614.792985171265173","0","0","0","0","0","0","0","0","0"
"05/14/2026 15:42:47.326","63.022855829505836311","1.9694642446720573847","1.9694642446720573847","0","1000000000","63.022855829505836311","0","0.98473212233602869237","44773","0","0","0","0","0","0","0","0","0","0","0","0","0","0","28.142253025364073693","0.28142253025364072361","0","0","28.142253025364073693","0.28142253025364072361","1.4454281956598716787e-005","0","1.4454281956598716787e-005","19467.169326460953016","0","19467.169326460953016","84174334.611581265926","0","84174334.611581265926","4323.9123880823508443","0","4323.9123880823508443","73.613341561569853866","0","0","100","26.480379180375397397","37.691718980448513321","121.99869445039421123","179541.05729471106315","123197.41000010972493","1756.0352014639206573","0","100","3500","0","26.423502317490822122","0","0","179490.82858171348926","0","0","69.111464700294106933","73.576497682509184983","1270","82187.962738173970138","0.336617733871963698","1.1060550221624647627","249855.34623095061397","5.5302554134698702626","20.918804205855352052","26.423502317490822122","85218887.240884974599","19774.405748629793379","88346636.736062049866","20009.756725868104695","82087.269717931354535","307.23642216884098843","0","0","235.35097723831086114","6391.8962060831627241","0","0","0","0","0","5.9083927340161723762","4.9236606116801437949","0","0","0","0","0","0","0","0","0","0","0","0","0","796.64828696984727685","70269.499517776668654","84178368.074354350567","19468.154058583288133","19468.154058583288133","0","0","0","0","0","0","0","0","0"
"05/14/2026 15:42:48.310","130.04172002525655216","4.0638037507892672551","4.0638037507892672551","0","1000000000","130.04172002525655216","0","2.0319018753946336275","44775","0","0","0","0","0","0","0","0","0","0","0","0","0","0","26.75232664657136894","0.26752326646571367164","0","0","26.75232664657136894","0.26752326646571367164","1.4984995732574680379e-005","0","1.4984995732574680379e-005","17855.337730030340026","0","17855.337730030340026","88058010.798542514443","0","88058010.798542514443","4931.7471408250357854","0","4931.7471408250357854","74.67276405958051555","0","0","100","28.065058212203513932","39.994229978431498296","121.99885460414425609","192372.40953241082025","111779.46868829782761","1776.6079546326043328","0","100","3500","0","27.435545759600408644","0","0","192441.48291200774838","0","0","67.214462275403363378","72.564454240399584251","996","76522.130958455105429","0.44640489958480056298","0.4959964146208220015","259734.19141432113247","6.2495771718940238415","21.179101757685010909","27.435545759600408644","75952232.0188113451","17705.992942188837333","78619631.524754405022","17885.816258161259611","73526.401263030202244","275.3227041159728401","0","0","177.79141409703044019","6713.4037963038690577","0","0","0","0","0","0","0","0","0","0","0","0","0","0","0","0","0","0","0","0","0","73835.250348090194166","75024709.45073120296","17432.702139948258264","17432.702139948258264","0","0","0","0","0","0","0","0","0"
"05/14/2026 15:42:49.326","188.97803337056791406","5.9055635428302473144","5.9055635428302473144","0","1000000000","188.97803337056791406","0","2.9527817714151236572","44778","0","0","0","0","0","0","0","0","0","0","0","0","0","0","20.662625682552427264","0.2066262568255242682","0","0","20.662625682552427264","0.2066262568255242682","1.5557399169632264528e-005","0","1.5557399169632264528e-005","13275.70684428239656","0","13275.70684428239656","76304794.402234435081","0","76304794.402234435081","5747.7010676156587579","0","5747.7010676156587579","80.273600955231216858","0","0","100","26.654729028263737689","37.293411324713950705","121.99086913282526723","164918.14355597441318","134702.42907970771194","1773.419251770686742","0","100","3500","0","26.099924503569361889","0","0","164955.56161903231987","0","0","69.435624054756033274","73.900075496430645217","1019","62443.854442553085391","0.43272344388188921371","0.91352945862451950809","214174.1001423560374","6.3466531803080652452","19.761178409970529657","26.099924503569361889","59101785.438868515193","12632.000418113899286","60840816.420537546277","12721.568131846825054","52768.17877636920457","197.83637868481329747","0","0","88.583453142453720375","6678.2081063505384009","0","0","0","0","0","17.716690628490741943","13.7796482666039104","0","0","0","0","0","0","0","0","0","0","0","0","0","94.489016685283957031","73425.840049189413548","58433015.801024243236","12434.164039429086188","12434.164039429086188","0","0","0","0","0","0","0","0","0"
"05/14/2026 15:42:50.310","279.43988054199144244","7.113015141068872893","7.113015141068872893","0","1000000000","279.43988054199144244","0","4.0645800806107841296","44781","0","0","0","0","0","0","0","0","0","0","0","0","0","1","28.798918760231224212","0.28798918760231223546","0","0","28.798918760231224212","0.28798918760231223546","1.5751966885209465493e-005","0","1.5751966885209465493e-005","18288.578072708223772","0","18288.578072708223772","120006694.36339275539","0","120006694.36339275539","6561.8384264918322515","0","6561.8384264918322515","74.020532787905239047","0","0","100","26.508120302707201432","37.866866694406155602","122.01438215899985096","174452.65780815266771","126500.67255956956069","1819.3102873819507295","0","100","3500","0","28.128680128663873461","0","0","174456.72103604185395","0","0","68.961998647942380103","71.821717336659801845","1151","71641.818335112693603","0.79361008019398115998","0.89281514954661378436","233143.95305346496752","6.5472806220480874728","21.625882303942756124","28.17828266334019105","68080253.101401612163","15587.664609142357222","70431921.586121082306","15745.167087266025192","64825.98770566139865","242.85865981649436662","0","0","157.5024781236678848","6660.8306071009228617","0","0","0","0","0","5.0807251007634803841","4.0645800806107841296","0","0","0","0","0","0","0","0","0","0","0","0","0","27.435915544122792653","73215.280992042055004","67264182.971136912704","15346.838239366168636","15346.838239366168636","0","0","0","0","0","0","0","0","0"
"05/14/2026 15:42:51.310","128.03641355601533292","4.0011379236254791536","4.0011379236254791536","0","1000000000","128.03641355601533292","0","2.0005689618127395768","44783","0","0","0","0","0","0","0","0","0","0","0","0","0","1","24.868430263139472913","0.24868430263139473801","0","0","24.868430263139472913","0.24868430263139473801","1.4660425632258445929e-005","0","1.4660425632258445929e-005","16967.825649614751455","0","16967.825649614751455","73884180.660979986191","0","73884180.660979986191","4354.3693922065676816","0","4354.3693922065676816","75.988658022683949866","0","0","100","26.701794080749635896","37.646342712307024669","121.99919617482937895","180480.15840277203824","122605.66218650407973","1783.0312030460534061","0","100","3500","0","26.562646874706253186","0","0","180433.15758025765535","0","0","69.131301737396526619","73.388523222953551794","848","74201.298522724144277","0.63476873046253912136","0.87889824220351553397","240918.21606878121383","5.7617084765830464121","20.849558300883398232","26.611476777046448206","74791078.582748934627","17234.901606016748701","77476402.288810938597","17428.956795312587928","71588.359729507064912","268.07624088290708642","0","0","194.0551892958357314","6625.8844015237928033","0","0","0","0","0","4.0011379236254791536","3.0008534427191091432","0","0","0","0","0","0","0","0","0","0","0","0","0","5.00142240453184872","72849.718459929994424","73875986.330512389541","16966.825365133841842","16966.825365133841842","0","0","0","0","0","0","0","0","0"
"05/14/2026 15:42:52.311","127.88696071542362631","3.9964675223569883222","3.9964675223569883222","0","1000000000","127.88696071542362631","0","1.9982337611784941611","44785","0","0","0","0","0","0","0","0","0","0","0","0","0","1","33.415010363931358484","0.33415010363931357817","0","0","33.415010363931358484","0.33415010363931357817","1.4672145397076253215e-005","0","1.4672145397076253215e-005","22758.883422942461038","0","22758.883422942461038","109135662.98748534918","0","109135662.98748534918","4795.2995302691078905","0","4795.2995302691078905","69.703957090164806232","0","0","100","26.35259719903008957","39.376910551940781602","121.98622739658162573","184725.07486179360421","117311.88730595879315","1815.5584561834559736","0","100","3500","0","28.383434666440578553","0","0","184793.05832821456715","0","0","67.73819945538870968","71.616565333559421447","1732","90612.962927416039747","0.3905420478072577084","1.2204663949075764684","265675.3877457001945","6.7369353077125815332","21.626543341948949006","28.383434666440578553","96494064.896038383245","22395.20487840797432","99617516.07753905654","22562.057397466378461","92658.09950584678154","346.69355756446873329","0","0","188.83309043136770811","6425.3206590694480838","0","0","0","0","0","4.9955844029462355138","3.9964675223569883222","0","0","0","0","0","0","0","0","0","0","0","0","0","805.28820575493318756","70647.554626465658657","95221561.661647260189","22025.531632589951187","22025.531632589951187","0","0","0","0","0","0","0","0","0"
"05/14/2026 15:42:53.326","126.1106605282302553","3.940958141507195478","3.940958141507195478","0","1000000000","126.1106605282302553","0","1.970479070753597739","44787","0","0","0","0","0","0","0","0","0","0","0","0","0","1","40.691068585066140884","0.40691068585066142438","0","0","40.691068585066140884","0.40691068585066142438","1.4615653742747983251e-005","0","1.4615653742747983251e-005","27850.751186031349789","0","27850.751186031349789","129637723.48188380897","0","129637723.48188380897","4654.7298712324891312","0","4654.7298712324891312","63.519218662714514778","0","0","100","29.276954692949345826","41.205220499356222774","122.01192820675558437","207879.20095025538467","101939.72186685619818","1782.7137828398531383","0","100","3500","0","26.325951419141290444","0","0","207869.35170283637126","0","0","66.213028381249984022","73.625966468192530101","1248","104511.34928780091286","0.57708384054939276808","1.3465158294745518397","300287.79500958329299","6.2517186252888672371","20.149763666862856581","26.374033531807473452","112021171.61532780528","27122.659169387898146","116519456.11624880135","27498.035432366457826","112494.65014932290069","420.69728160589312438","0","0","349.76003505876360578","6698.6436010268562313","0","0","0","0","0","5.911437212260793217","4.9261976768839943475","0","0","0","0","0","0","0","0","0","0","0","0","0","21.675269778289575129","73608.230927536016679","110690857.84412248433","26726.592876166425413","26727.578115701799106","0","0","0","0","0","0","0","0","0"
"05/14/2026 15:42:54.310","479.38604460504330973","8.1251871966956485949","8.1251871966956485949","0","1000000000","479.38604460504330973","0","6.0938903975217364462","44789","0","0","0","0","0","0","0","0","0","0","0","0","0","0","33.399807718329292072","0.33399807718329294071","0","0","33.399807718329292072","0.33399807718329294071","1.5309373253864778897e-005","0","1.5309373253864778897e-005","21812.06502952946903","0","21812.06502952946903","130627009.5238366127","0","130627009.5238366127","5988.7502328180298719","0","5988.7502328180298719","70.092083497055838848","0","0","100","25.355956610636699367","38.071921737914983908","121.99826567016484091","189096.19659121165751","116429.47648338660656","1804.1184489091635896","0","100","3500","0","28.671657511073867397","0","0","189073.84827709227102","0","0","68.800998629403892437","71.328332330342519185","1148","83562.378157245388138","0.29761602423106631177","0.94245243649564625077","258679.70426679094089","5.208255027584617558","23.461959964615623164","28.671667669657484367","81927050.647440314293","19413.103509705080796","84998802.042712688446","19641.624399612144771","80581.544023229100276","301.64757467732596297","0","0","228.52088990706513982","6816.0164096280623198","0","0","0","0","0","0","0","0","0","0","0","0","0","0","0","0","0","0","0","0","38.594639184304334378","75009.696903095056769","80905543.987884536386","19112.471583427341102","19112.471583427341102","0","0","0","0","0","0","0","0","0"
"05/14/2026 15:42:55.310","408.19499474899157576","6.002867569838111983","6.002867569838111983","0","1000000000","408.19499474899157576","0","5.0023896415317601338","44790","0","0","0","0","0","0","0","0","0","0","0","0","0","1","26.260373972502605966","0.2626037397250260419","0","0","26.260373972502605966","0.2626037397250260419","1.4705319744652256125e-005","0","1.4705319744652256125e-005","17866.534843694833398","0","17866.534843694833398","75885978.732040300965","0","75885978.732040300965","4247.3808937171015714","0","4247.3808937171015714","74.773420830713789087","0","0","100","27.727568302732109373","37.965070602824113166","122.01467789880787507","180265.11670092816348","122283.33915899621206","1820.9910771437221229","0","100","3500","0","26.270613821976816382","0","0","180150.11726442541112","0","0","68.883367414499005577","73.534079049037984532","1038","75700.629066917579621","0.83006779800336938369","0.97654564477902172648","243896.80490565596847","6.8358395131591560556","19.579792177054997637","26.46592095096201902","76840902.89931499958","18147.66914154891856","79565560.46823567152","18327.755168644060177","75355.997560034433263","282.13477578239127297","0","0","179.08554916683701208","6655.1791790938532358","0","0","0","0","0","0","0","0","0","0","0","0","0","0","0","0","0","0","0","0","18.008602709514335061","73148.943250190612162","75885978.732040300965","17866.534843694833398","17866.534843694833398","0","0","0","0","0","0","0","0","0"
"05/14/2026 15:42:56.310","408.0076297426762153","6.0001122020981796368","6.0001122020981796368","0","1000000000","408.0076297426762153","0","5.0000935017484833267","44791","0","0","0","0","0","0","0","0","0","0","0","0","0","0","20.880402797149095306","0.2088040279714909464","0","0","20.880402797149095306","0.2088040279714909464","1.5427691171038049523e-005","0","1.5427691171038049523e-005","13535.253109233142823","0","13535.253109233142823","80074201.38756595552","0","80074201.38756595552","5915.9736978204655315","0","5915.9736978204655315","79.960207862272042689","0","0","100","26.482656448735692578","36.178550344375203451","122.00519020874135379","164604.62582035580999","136746.11618342963629","1804.8752831179367604","0","100","3500","0","25.540594700168028908","0","0","164617.62492211788776","0","0","70.334998322078519095","74.312922155243128941","758","63126.637949317708262","0.63473029462221175478","0.87886886893693372258","214688.16504779522074","5.8102780789859034272","19.872119984784710311","25.687077844756867506","62292244.864978976548","13138.24568519431341","64155871.714801065624","13244.247667431382069","54685.022609922809352","205.00383357168780663","0","0","105.00196353671813654","6681.12493703632299","0","0","0","0","0","11.000205703846662075","9.0001683031472694552","0","0","0","0","0","0","0","0","0","0","0","0","0","13.000243104546054695","73485.374176497105509","61600895.936754018068","12934.241870322975956","12934.241870322975956","0","0","0","0","0","0","0","0","0"
"05/14/2026 15:42:57.326","527.2915688242401302","9.8375292691089573083","9.8375292691089573083","0","1000000000","527.2915688242401302","0","6.8862704883762697605","44794","0","0","0","0","0","0","0","0","0","0","0","0","0","1","28.89997405339174108","0.28899974053391741524","0","0","28.89997405339174108","0.28899974053391741524","1.4915123190246380058e-005","0","1.4915123190246380058e-005","19365.176366240983043","0","19365.176366240983043","100563033.28016476333","0","100563033.28016476333","5192.9830835661668971","0","5192.9830835661668971","73.722887467709469433","0","0","100","24.840029795885584463","36.3823007400151468","121.98959334311872738","174862.18740544180037","128420.51023739037919","1772.7972772353734854","0","100","3500","0","26.656822835850103814","0","0","175005.90112141979625","0","0","70.192071834700811905","73.295122785728665349","1331","78900.798752958682599","0.38450392959216578292","0.91318083762266066827","240868.12534119703923","5.623297376872712583","21.099376297084333487","26.704877214271338204","83733405.317814171314","18787.713398144285748","86778765.968523442745","19029.716618164366082","78050.957221110467799","292.17461929253602193","0","0","241.01946709316945316","6281.2624383260690593","0","0","0","0","0","0.98375292691089577524","0.98375292691089577524","0","0","0","0","0","0","0","0","0","0","0","0","0","930.63026885770739227","69079.130527683097171","82724649.326512902975","18491.603767144108133","18496.522531778660777","0","0","0","0","0","0","0","0","0"
"05/14/2026 15:42:58.310","609.60759863679550108","12.192151972735908672","12.192151972735908672","0","1000000000","609.60759863679550108","0","8.1281013151572736319","44798","0","0","0","0","0","0","0","0","0","0","0","0","0","1","31.56419619146647193","0.31564196191466470376","0","0","31.56419619146647193","0.31564196191466470376","1.5217539562000883174e-005","0","1.5217539562000883174e-005","20737.834492959387717","0","20737.834492959387717","128817791.03200164437","0","128817791.03200164437","6211.7281857821762969","0","6211.7281857821762969","71.466200453882706256","0","0","100","26.273134966641681132","35.38234830216475757","122.0008465738986132","185991.9245817353949","122167.20250031417527","1793.6115114698154684","0","100","3500","0","24.428856143249056743","0","0","185999.03805515199201","0","0","71.011057649118512813","75.571143856750950363","1214","80901.533166925481055","0.44657610421010141","1.0916395099887932219","250657.46278052873095","6.1528624567955780833","18.260130555296985477","24.428856143249056743","77854307.238368853927","18335.980554330413725","80658725.714884281158","18530.038973229791736","75981.491094090190018","284.4835460305045558","0","0","193.04240623498523632","6697.5554836895926201","0","0","0","0","0","0","0","0","0","0","0","0","0","0","0","0","0","0","0","0","95.505190453097952741","73653.806079962028889","76885335.960335671902","18051.497008299909794","18051.497008299909794","0","0","0","0","0","0","0","0","0"
"05/14/2026 15:42:59.310","800.21669868200308429","9.0024378601725345561","9.0024378601725345561","0","1000000000","800.21669868200308429","0","5.0013543667625190992","44802","0","0","0","0","0","0","0","0","0","0","0","0","0","0","25.332794453510764754","0.25332794453510765198","0","0","25.332794453510764754","0.25332794453510765198","1.4578956151455864192e-005","0","1.4578956151455864192e-005","17382.707237119811907","0","17382.707237119811907","75181959.274571552873","0","75181959.274571552873","4325.1007020370579994","0","4325.1007020370579994","75.800822978278262099","0","0","100","24.912977538875022532","35.650647917066613957","122.00293473499780816","179672.99676572406315","126045.23295416601468","1816.8179548409248127","0","100","3500","0","26.130385252744403601","0","0","179632.00087351244292","0","0","70.76206332711161906","73.869614747255596399","1733","76674.317233413210488","0.39058121528532219191","0.53705667027264192281","241242.82746868761024","4.9311503367715587842","21.238131053586378982","26.130385252744403601","76102684.606991574168","17653.780643798341771","78620634.467813879251","17798.819920434452797","73195.821428442824981","274.07421929858605836","0","0","173.0468610899831674","6677.8083505013155445","0","0","0","0","0","5.0013543667625190992","4.001083493410015457","0","0","0","0","0","0","0","0","0","0","0","0","0","14.003792226935054543","73368.868289532809285","75054948.880156740546","17351.698840045883117","17351.698840045883117","0","0","0","0","0","0","0","0","0"
"05/14/2026 15:43:00.326","189.02248008913983313","5.9069525027856197852","5.9069525027856197852","0","1000000000","189.02248008913983313","0","2.9534762513928098926","44805","0","0","0","0","0","0","0","0","0","0","0","0","0","0","39.279245087552439486","0.39279245087552439042","0","0","39.279245087552439486","0.39279245087552439042","1.4455983618440127459e-005","0","1.4455983618440127459e-005","27164.105576143469079","0","27164.105576143469079","124357637.62067164481","0","124357637.62067164481","4578.0133371991878448","0","4578.0133371991878448","64.188238093165409737","0","0","100","28.635402945755000559","41.519907795473592671","121.99647699864357264","202733.64266482004314","104138.34950984678289","1824.7524668624753303","0","100","3500","0","29.989411814059952377","0","0","202740.53595530468738","0","0","65.977633638918831593","70.010588185940051176","1219","102132.96133198853931","0.67318488733409920233","1.4906082042290900169","296201.73785761650652","8.7513247541979026778","21.253213039776401416","29.989411814059952377","112244742.36925107241","27218.252640752336447","116709394.27943152189","27579.561235506058438","112936.99388492586149","422.3471039491718102","0","0","331.77383223979228433","6567.5466910138111416","0","0","0","0","0","0","0","0","0","0","0","0","0","0","0","0","0","0","0","0","3.9379683351904133382","72258.765474492684007","110929480.63513915241","26825.440299317095196","26825.440299317095196","0","0","0","0","0","0","0","0","0"
"05/14/2026 15:43:01.311","130.05836877339208968","4.0643240241685028025","4.0643240241685028025","0","1000000000","130.05836877339208968","0","2.0321620120842514012","44807","0","0","0","0","0","0","0","0","0","0","0","0","0","0","26.63873556676509935","0.26638735566765098239","0","0","26.63873556676509935","0.26638735566765098239","1.5258574752763234079e-005","0","1.5258574752763234079e-005","17466.43249386414027","0","17466.43249386414027","93504683.879417598248","0","93504683.879417598248","5353.3933682373472038","0","5353.3933682373472038","75.038542114801259686","0","0","100","26.54271005651774118","37.864856300639274878","122.0182398039338949","175051.13778720161645","126061.56805180037918","1808.7761085558156537","0","100","3500","0","27.995367227644862851","0","0","174950.59380362663069","0","0","68.955550328588032016","71.955040902375017708","707","72783.688150343106827","0.59508212771160784449","1.2893378393584966624","234049.12863404295058","6.0995664189815297362","21.918763581144403929","28.044959097624989397","74467975.412871807814","16840.526594142189424","77007885.296647384763","17015.292527181434707","69995.788344229949871","262.14889955886843609","0","0","173.74985203320349569","6510.0310057118995246","0","0","0","0","0","7.1125670422948799043","6.0964860362527542037","0","0","0","0","0","0","0","0","0","0","0","0","0","24.385944145011016815","71574.77822761941934","73585984.585035055876","16580.409856595408201","16580.409856595408201","0","0","0","0","0","0","0","0","0"
"05/14/2026 15:43:02.326","126.06730004322729144","3.9396031263508528575","3.9396031263508528575","0","1000000000","126.06730004322729144","0","1.9698015631754264287","44809","0","0","0","0","0","0","0","0","0","0","0","0","0","0","27.067268416270874098","0.2706726841627087321","0","0","27.067268416270874098","0.2706726841627087321","1.5126512191094721791e-005","0","1.5126512191094721791e-005","17894.662300667161617","0","17894.662300667161617","94225725.667509108782","0","94225725.667509108782","5265.5771919203034486","0","5265.5771919203034486","75.012067000041867004","0","0","100","24.906922986015363364","38.508616899743941531","121.99996006250218272","165239.37786603081622","132546.37433244325803","1777.6888331496716091","0","100","3500","0","30.078774045978196483","0","0","165247.25681930792052","0","0","68.43995676463563882","69.776963626649333605","1136","72282.502233437044197","0.91368438676446339652","0.96178496069176577787","227021.20511938928394","6.9247985345279694513","23.275014834457305568","30.223036373350666395","74722495.833131015301","17132.34909571827302","77304704.762694552541","17305.691633277707297","71279.239365065979655","266.90811181027027033","0","0","172.35763677784981951","6077.8227231777782436","0","0","0","0","0","14.773511723815698105","10.833908597464844803","0","0","0","0","0","0","0","0","0","0","0","0","0","1110.96808163094056","66779.227693991721026","73816942.598111137748","16865.440983907999907","16865.440983907999907","0","0","0","0","0","0","0","0","0"
"05/14/2026 15:43:03.310","129.96472879102543629","4.0613977747195448842","4.0613977747195448842","0","1000000000","129.96472879102543629","0","2.0306988873597724421","44811","0","0","0","0","0","0","0","0","0","0","0","0","0","0","34.513572266887507567","0.34513572266887504458","0","0","34.513572266887507567","0.34513572266887504458","1.4817764305652476506e-005","0","1.4817764305652476506e-005","23279.9320446924321","0","23279.9320446924321","119550915.00245815516","0","119550915.00245815516","5135.3635729239358625","0","5135.3635729239358625","68.689477232828707542","0","0","100","27.226305037145145604","38.47609009749889708","121.99379675617748831","194832.68165961492923","112426.56821759574814","1813.2616778369342683","0","100","3500","0","25.79336679157550094","0","0","194947.47077423430164","0","0","68.466126552043931497","74.206633208424506165","1737","90640.735568646487081","0.94245941546650136011","1.1904755857875986003","272168.03826114197727","6.2500298413820072341","19.593328249208401104","25.79336679157550094","91382461.219235673547","21965.054515126979823","94863887.330327481031","22225.999322152711102","90898.143595998131786","340.14206363276190359","0","0","260.94480702573076769","6713.4905216114075301","0","0","0","0","0","6.0920966620793173263","5.0767472183994311052","0","0","0","0","0","0","0","0","0","0","0","0","0","192.91639429917839266","73839.257592732363264","90226713.315881505609","21625.9278009378977","21625.9278009378977","0","0","0","0","0","0","0","0","0"
"05/14/2026 15:43:04.310","128.01277567501236376","4.0003992398441363676","4.0003992398441363676","0","1000000000","128.01277567501236376","0","2.0001996199220681838","44813","0","0","0","0","0","0","0","0","0","0","0","0","0","1","39.925696044582373645","0.39925696044582370536","0","0","39.925696044582373645","0.39925696044582370536","1.4387128391769664999e-005","0","1.4387128391769664999e-005","27753.769826228657621","0","27753.769826228657621","125493484.24972811341","0","125493484.24972811341","4521.6734532088930791","0","4521.6734532088930791","63.812551712468966514","0","0","100","28.057394309853744829","40.130846161231481517","121.99766483583309196","205921.47618107622839","104275.78955547892838","1818.9865394996074883","0","100","3500","0","27.39262356442586821","0","0","205934.47608487695106","0","0","67.095769742538152514","72.607376435574138895","1279","105841.21677499586076","0.78124953125028129275","1.2695292382824570065","298717.78948835778283","6.3964761621143022552","20.996087402347558992","27.39262356442586821","114106879.86661069095","27663.760843332165678","118699670.22708866","28045.798970737279888","114727.44979948998662","429.042818473283603","0","0","380.0379277851929487","6649.6636364309160854","0","0","0","0","0","4.0003992398441363676","3.0002994298831024977","0","0","0","0","0","0","0","0","0","0","0","0","0","0","73136.299002640458639","112647146.18518927693","27234.718024858881108","27234.718024858881108","0","0","0","0","0","0","0","0","0"
"05/14/2026 15:43:05.310","128.0206369266725801","4.0006449039585181282","4.0006449039585181282","0","1000000000","128.0206369266725801","0","2.0003224519792590641","44815","0","0","0","0","0","0","0","0","0","0","0","0","0","1","30.035566007113200016","0.30035566007113201348","0","0","30.035566007113200016","0.30035566007113201348","1.4844837641476795912e-005","0","1.4844837641476795912e-005","20236.262085448172002","0","20236.262085448172002","105448038.22376166284","0","105448038.22376166284","5210.8456481984876518","0","5210.8456481984876518","71.834634366926877647","0","0","100","25.11432580718970442","36.742286516143792596","122.02205335317249535","188286.06072727727587","118761.1191655912553","1835.0688150805656278","0","100","3500","0","26.611315322263063621","0","0","188246.05922722103423","0","0","69.891203978240795891","73.388684677736932827","1268","83147.118016925640404","0.58594011718802341271","1.0253902050780410171","254472.54272035200847","5.0293010058602014567","21.48437429687485789","26.611315322263063621","82288472.901831775904","19597.159062040798744","85334635.943314060569","19811.193564402579796","81497.137338538974291","305.04917392683699973","0","0","214.03450236178071009","6706.0810202604661754","0","0","0","0","0","6.0009673559377771923","5.0008061299481472162","0","0","0","0","0","0","0","0","0","0","0","0","0","18.002902067813330689","73728.885096277517732","81265451.990860924125","19295.110371791932266","19295.110371791932266","0","0","0","0","0","0","0","0","0"
"05/14/2026 15:43:06.310","64.020313645519721035","2.0006348014224912824","2.0006348014224912824","0","1000000000","64.020313645519721035","0","1.0003174007112456412","44816","0","0","0","0","0","0","0","0","0","0","0","0","0","0","26.177316135305716216","0.26177316135305717104","0","0","26.177316135305716216","0.26177316135305717104","1.5076703334677185502e-005","0","1.5076703334677185502e-005","17368.511028549357434","0","17368.511028549357434","92742387.159445688128","0","92742387.159445688128","5339.6855382134426691","0","5339.6855382134426691","75.355842553788505711","0","0","100","25.891577946950569356","35.967041705466542112","122.00010311964049947","172696.34047635665047","130703.35538204901968","1791.9724036249840537","0","100","3500","0","26.465862124516469578","0","0","172618.34167753814836","0","0","70.520889759632339633","73.534137875483523317","656","72488.883671191462781","0.73240981950350891871","0.87889778332081192058","232160.42472945913323","6.2987424474799800223","20.214559017629653681","26.465862124516469578","74601915.187689051032","16786.326301335411699","77107986.364073321223","16955.379942055613355","69714.120290368126007","261.08284158563509436","0","0","167.05300591877801253","6571.085005272172566","0","0","0","0","0","0","0","0","0","0","0","0","0","0","0","0","0","0","0","0","14.004443609957439421","72228.918235756209469","73718622.91905221343","16526.243777150488313","16526.243777150488313","0","0","0","0","0","0","0","0","0"
"05/14/2026 15:43:07.326","62.984283944961582336","1.968258873280049448","1.968258873280049448","0","1000000000","62.984283944961582336","0","0.98412943664002472399","44817","0","0","0","0","0","0","0","0","0","0","0","0","0","0","32.237095320610947624","0.32237095320610947846","0","0","32.237095320610947624","0.32237095320610947846","1.532302148172415385e-005","0","1.532302148172415385e-005","21027.89367268740898","0","21027.89367268740898","117834021.64986348152","0","117834021.64986348152","5603.7006598961015698","0","5603.7006598961015698","71.821580452331730271","0","0","100","27.079435490857996172","38.197439577074966621","121.99094037043371941","172903.52360689803027","127095.55000199245114","1814.6579463310235951","0","100","3500","0","26.345926569720479193","0","0","173009.86275947740069","0","0","68.690090278675555169","73.509836682332277746","1186","78133.67697946394037","0.91346986511417294086","1.0096178508951016983","240711.47194655000931","6.5865554888093686969","19.951991976541663121","26.490163317667725806","86319658.034703359008","19380.460995752007875","89446501.001597747207","19627.477484348652069","80454.549704195305821","301.1436076118475853","0","0","247.01648859664621227","6338.7777013983995857","0","0","0","0","0","0","0","0","0","0","0","0","0","0","0","0","0","0","0","0","274.57211282256690765","69666.522819747347967","85295836.689624771476","19079.317388140159892","19079.317388140159892","0","0","0","0","0","0","0","0","0"
"05/14/2026 15:43:08.310","65.020470272742585394","2.0318896960232057936","2.0318896960232057936","0","1000000000","65.020470272742585394","0","1.0159448480116028968","44818","0","0","0","0","0","0","0","0","0","0","0","0","0","0","28.806665246635880351","0.28806665246635881905","0","0","28.806665246635880351","0.28806665246635881905","1.4736930991477863555e-005","0","1.4736930991477863555e-005","19550.842655135285895","0","19550.842655135285895","89755297.492018222809","0","89755297.492018222809","4590.8659322386201893","0","4590.8659322386201893","72.606021600923199344","0","0","100","26.583621547122955775","39.148251864179790971","122.01232923203168923","185121.13661417990807","117414.42150438495446","1813.1106488102184358","0","100","3500","0","29.125034523101756889","0","0","185081.52243193698814","0","0","67.911468901986083324","70.775766473804551993","1256","80472.656107557180803","0.99194940058550362671","1.1407479052260482977","252066.05735991385882","6.5964797660341840668","22.616499152806383677","29.224233526195455113","82277752.413021400571","19618.910959952063422","85303264.616855710745","19834.291267730524851","81421.883899041902623","304.78345440348084594","0","0","214.364362930448209","6657.4865890200335343","0","0","0","0","0","6.0956690880696173807","5.079724240058014928","0","0","0","0","0","0","0","0","0","0","0","0","0","10.159448480116029856","73204.921968324066256","81241257.032624229789","19314.127505548582121","19314.127505548582121","0","0","0","0","0","0","0","0","0"
"05/14/2026 15:43:09.326","126.07815289202105191","3.9399422778756578722","3.9399422778756578722","0","1000000000","126.07815289202105191","0","1.9699711389378289361","44820","0","0","0","0","0","0","0","0","0","0","0","0","0","1","30.488434387807089365","0.30488434387807089587","0","0","30.488434387807089365","0.30488434387807089587","1.486083325333589463e-005","0","1.486083325333589463e-005","20521.189354315363744","0","20521.189354315363744","105586922.85878664255","0","105586922.85878664255","5145.263319573773515","0","5145.263319573773515","71.416220040181116246","0","0","100","26.850766986191729302","37.370875952430466782","121.99790134252353369","190020.83616651955526","116828.67701174445392","1752.8416468085133602","0","100","3500","0","25.327488341231894964","0","0","189967.66007161638117","0","0","69.359236980180639875","74.624436904001541393","1293","84010.352007038149168","0.48082632645259715254","1.2020658161314927703","257748.4709657044441","5.9622641732392800407","19.425430855957124265","25.375563095998455054","82656395.762473881245","19735.170869879169913","85658332.342602014542","19941.032853898173926","81844.420938311042846","306.33051210483239402","0","0","203.89201288006529467","6686.0820455549910548","0","0","0","0","0","5.9099134168134863643","4.9249278473445725623","0","0","0","0","0","0","0","0","0","0","0","0","0","8.8648701252202304346","73489.773338075712672","81626022.057963833213","19431.795314482744288","19431.795314482744288","0","0","0","0","0","0","0","0","0"
"05/14/2026 15:43:10.310","194.98225356832756461","6.093195424010236394","6.093195424010236394","0","1000000000","194.98225356832756461","0","3.046597712005118197","44823","0","0","0","0","0","0","0","0","0","0","0","0","0","0","33.545330447195290446","0.33545330447195287338","0","0","33.545330447195290446","0.33545330447195287338","1.4750254623425355674e-005","0","1.4750254623425355674e-005","22733.712126982190966","0","22733.712126982190966","114614208.31619621813","0","114614208.31619621813","5041.5967122308584294","0","5041.5967122308584294","69.332331508721651403","0","0","100","26.318322643147173068","37.249683845736221599","122.00030346913133883","195887.14408710296266","113461.83762257125636","1793.0568571726084883","0","100","3500","0","26.187649294606639927","0","0","195980.60654084791895","0","0","69.468311319707183316","73.81235070539335652","1882","90798.773813242718461","0.54565645333159684682","0.79368119038057383108","270189.79481435765047","5.2085296371477536326","20.982949645411181905","26.187649294606639927","91607281.368531689048","21975.109296692917269","95233264.784884810448","22272.660339898749953","91186.700585454527754","341.21894374457320964","0","0","298.56657577650156554","6757.3537252273517879","0","0","0","0","0","0","0","0","0","0","0","0","0","0","0","0","0","0","0","0","0","74344.09290091956791","90438488.684428319335","21631.859287807008513","21631.859287807008513","0","0","0","0","0","0","0","0","0"
"05/14/2026 15:43:11.310","192.10748413737488249","6.0033588792929650779","6.0033588792929650779","0","1000000000","192.10748413737488249","0","3.001679439646482539","44826","0","0","0","0","0","0","0","0","0","0","0","0","0","0","39.593897411261750108","0.39593897411261746999","0","0","39.593897411261750108","0.39593897411261746999","1.4860467647500376579e-005","0","1.4860467647500376579e-005","26658.915663313626283","0","26658.915663313626283","138878854.71921539307","0","138878854.71921539307","5209.4712505629786392","0","5209.4712505629786392","65.443790272161720623","0","0","100","26.653837968955755855","39.491694920949342418","122.01606771180952649","192768.80483341001673","112288.61902933576494","1807.9887904694990084","0","100","3500","0","28.613879643410999876","0","0","192619.80575720430352","0","0","67.631901892024103518","71.386120356589003677","669","99502.383085224864772","0.83007302738656996155","1.4160081055319135857","282210.25029644812457","5.9569799613683240835","22.558400509435720949","28.613879643410999876","107501282.96782049537","25060.021081795264763","111400536.60022783279","25347.181748188111669","103786.0683052167733","388.2172075276117198","0","0","285.159546766415815","6590.6874896504596109","0","0","0","0","0","6.0033588792929650779","5.0027990660774701581","0","0","0","0","0","0","0","0","0","0","0","0","0","73.04086636473107319","72438.529357175342739","106186771.49865350127","24674.805553707301442","24674.805553707301442","0","0","0","0","0","0","0","0","0"
"05/14/2026 15:43:12.310","63.941678794771284799","1.99817746233660265","1.99817746233660265","0","1000000000","63.941678794771284799","0","0.99908873116830132499","44827","0","0","0","0","0","0","0","0","0","0","0","0","0","0","28.885904910075137053","0.28885904910075138607","0","0","28.885904910075137053","0.28885904910075138607","1.4785335517223728197e-005","0","1.4785335517223728197e-005","19519.196540835102496","0","19519.196540835102496","93827507.930017024279","0","93827507.930017024279","4806.9349439525003618","0","4806.9349439525003618","73.328889364885512236","0","0","100","26.217958603831178266","38.856863579498366335","121.96169776934314655","173524.8244957117131","125671.60691550343472","1763.9677193907350556","0","100","3500","0","28.174329962257271376","0","0","173670.82182396060671","0","0","68.167856008222344144","71.825660037813733538","1130","78751.558846473111771","0.83007410647384405333","1.1230320264726119106","240424.60022981578368","6.7870618118611361069","21.484227461985021534","28.174339962186266462","85671774.774228423834","19523.192895759777457","88582691.726875916123","19714.018843412923161","81141.99039056476613","303.72297427516360813","0","0","189.82685892197724797","6286.2662965109520883","0","0","0","0","0","3.9963549246732053","2.997266193504903864","0","0","0","0","0","0","0","0","0","0","0","0","0","952.13156080339115306","69111.962978567244136","84644459.788227155805","19219.469921484611405","19219.469921484611405","0","0","0","0","0","0","0","0","0"
"05/14/2026 15:43:13.310","192.08951371339043135","6.0027973035434509796","6.0027973035434509796","0","1000000000","192.08951371339043135","0","3.0013986517717254898","44830","0","0","0","0","0","0","0","0","0","0","0","0","0","1","30.531210525852642945","0.30531210525852642279","0","0","30.531210525852642945","0.30531210525852642279","1.5012228341036482792e-005","0","1.5012228341036482792e-005","20347.481926577784179","0","20347.481926577784179","100890534.98930501938","0","100890534.98930501938","4958.3793883371026823","0","4958.3793883371026823","71.412237495670098042","0","0","100","28.001964837724884205","40.188048410529482624","122.03090288912859762","188113.04662516797544","114078.60522734040569","1840.9710967537807846","0","100","3500","0","27.882417739776819587","0","0","188061.047441555158","0","0","67.051891679139728808","72.068763314712398937","1200","79653.749436133846757","0.92770996146483242217","0.8300620706592737319","251870.04564028343884","6.5916576201954040215","21.288600166236410161","27.93123668528759751","82731656.952139690518","19761.208723265041044","85873585.090652242303","19999.319682972265582","82058.239139438970597","307.14312869797322492","0","0","237.11049348996630215","6768.1539597452410817","0","0","0","0","0","0","0","0","0","0","0","0","0","0","0","0","0","0","0","0","21.009790562402077541","74427.683300417993451","81700024.211282461882","19457.066993218839343","19457.066993218839343","0","0","0","0","0","0","0","0","0"
"05/14/2026 15:43:14.310","127.98273512903109861","3.9994604727822218315","3.9994604727822218315","0","1000000000","127.98273512903109861","0","1.9997302363911109158","44832","0","0","0","0","0","0","0","0","0","0","0","0","0","0","30.124023002389350268","0.30124023002389349601","0","0","30.124023002389350268","0.30124023002389349601","1.4929226957383546251e-005","0","1.4929226957383546251e-005","20177.278085186309909","0","20177.278085186309909","104085798.82573841512","0","104085798.82573841512","5158.5649157581765394","0","5158.5649157581765394","71.93228149689912243","0","0","100","26.349309019700697831","39.056796692765743728","122.01041520900385251","184664.64714497921523","117807.06090026478341","1833.8078169407847327","0","100","3500","0","30.18310681040626875","0","0","184667.64683061218238","0","0","67.987594900054475033","69.670428539089101605","1341","80999.511251220872509","0.73234325042735526345","1.0741074335409650509","252041.58604178283713","7.5187420358346441773","22.80035052326516265","30.329571460910898395","81760850.461272776127","19445.376818667162297","84643317.616453543305","19634.35132600612269","80669.117736017418792","301.95926569505775205","0","0","187.97464222076442297","6694.0969663192436201","0","0","0","0","0","9.9986511819555552449","7.998920945564443663","0","0","0","0","0","0","0","0","0","0","0","0","0","59.99190709173333147","73652.064336521012592","80733557.043154880404","19143.417552972106932","19143.417552972106932","0","0","0","0","0","0","0","0","0"
"05/14/2026 15:43:15.311","375.00307502521519609","6.0000492004034438054","6.0000492004034438054","0","1000000000","375.00307502521519609","0","3.0000246002017219027","44835","0","0","0","0","0","0","0","0","0","0","0","0","0","1","35.248515039088182732","0.35248515039088179623","0","0","35.248515039088182732","0.35248515039088179623","1.4901471023375744654e-005","0","1.4901471023375744654e-005","23657.193988990711659","0","23657.193988990711659","124474364.68979045749","0","124474364.68979045749","5261.5861689986049896","0","5261.5861689986049896","68.012634603876279016","0","0","100","25.89011029447055634","38.303639365558815655","122.0007133830663264","193668.25812955433503","113352.90965410429635","1776.8097036807359927","0","100","3500","0","27.400592234558086346","0","0","193648.26027132495074","0","0","68.601539529881947033","72.59939776654678667","1719","91362.215106762072537","0.73234907542716531914","1.1717405226722445999","271146.96016056684311","5.6146095856407871594","21.774933869807387765","27.400602233453209777","91692707.880204617977","22009.1804752798962","95171692.407877743244","22273.18264009764971","91132.747288527767523","341.00279622292902104","0","0","264.00216481775152033","6781.0556046559586321","0","0","0","0","0","6.0000492004034438054","5.000041000336202579","0","0","0","0","0","0","0","0","0","0","0","0","0","49.000401803294785452","74538.611216611971031","90530534.350381672382","21668.177679056967463","21668.177679056967463","0","0","0","0","0","0","0","0","0"
"05/14/2026 15:43:16.326","63.04138637464846795","1.9700433242077646234","1.9700433242077646234","0","1000000000","63.04138637464846795","0","0.98502166210388231171","44836","0","0","0","0","0","0","0","0","0","0","0","0","0","0","36.11661085293182083","0.3611661085293182416","0","0","36.11661085293182083","0.3611661085293182416","1.4450076835178690785e-005","0","1.4450076835178690785e-005","24998.864762534427427","0","24998.864762534427427","113769024.83150959015","0","113769024.83150959015","4550.9676504196386304","0","4550.9676504196386304","67.048906383013928689","0","0","100","27.32217943101704094","39.827634784417419667","122.00488530161428002","195749.32835409327527","110111.25093715878029","1789.414387797710333","0","100","3500","0","28.349602108014050117","0","0","195695.16336161727668","0","0","67.349152236574070685","71.650407740309944415","725","98599.982667202391895","0.62513221374959959675","1.0579266599251604397","282197.64116381853819","6.5399075754489945922","21.783645715604826876","28.349592259690059137","106205930.00770977139","25032.355499045959732","110325893.43188542128","25367.26286416127914","103758.24179937454755","388.09853486892961882","0","0","331.95230012900833572","6603.5852227444265736","0","0","0","0","0","8.8651949589349410275","6.8951516347271759599","0","0","0","0","0","0","0","0","0","0","0","0","0","33.490736511531999042","72618.751995284517761","104892797.62995909154","24646.227007501238404","24646.227007501238404","0","0","0","0","0","0","0","0","0"
"05/14/2026 15:43:17.310","64.970918915176511632","2.0303412160992659885","2.0303412160992659885","0","1000000000","64.970918915176511632","0","1.0151706080496329943","44837","0","0","0","0","0","0","0","0","0","0","0","0","0","0","34.152879561153227428","0.3415287956115322654","0","0","34.152879561153227428","0.3415287956115322654","1.4836837459729025604e-005","0","1.4836837459729025604e-005","23002.750807796634035","0","23002.750807796634035","115833272.84608460963","0","115833272.84608460963","5035.6269914824133593","0","5035.6269914824133593","68.956952616405871481","0","0","100","27.006993416144830178","39.443596790472184921","121.99303890673139961","188767.43548402335728","114709.44318004508386","1751.3834049514373419","0","100","3500","0","27.92561637397956531","0","0","188859.88089576963102","0","0","67.691594696177773471","72.07437346715404658","1291","89712.684739710806753","0.69446010603012020557","1.1408914892877801694","265504.23841895186342","6.9941356927910032226","21.032033140660271187","27.925626532845949868","93762391.806923478842","22374.360201413910545","97465068.233169659972","22676.881042612698366","92514.527852779152454","346.17317734492485215","0","0","301.50567059074097642","6386.438295240241132","0","0","0","0","0","4.060682432198531977","3.0455118241488987607","0","0","0","0","0","0","0","0","0","0","0","0","0","1046.6408968991715938","70158.440722310129786","92568486.20093819499","22025.141512244834303","22025.141512244834303","0","0","0","0","0","0","0","0","0"
"05/14/2026 15:43:18.310","128.0304456399731805","4.0009514262491618908","4.0009514262491618908","0","1000000000","128.0304456399731805","0","2.0004757131245809454","44839","0","0","0","0","0","0","0","0","0","0","0","0","0","0","29.573293810741756005","0.29573293810741757559","0","0","29.573293810741756005","0.29573293810741757559","1.5021765632143038198e-005","0","1.5021765632143038198e-005","19691.682682141810801","0","19691.682682141810801","97921781.799711972475","0","97921781.799711972475","4972.7483110682178449","0","4972.7483110682178449","72.347102540505176194","0","0","100","28.250567960015615654","39.267901139759757712","122.00694482419204689","188716.94358471792657","115002.146252537088","1809.0090450452253208","0","100","3500","0","26.953268788789298327","0","0","188725.94362971815281","0","0","67.806851166982781365","72.851431582279985832","1183","78802.394011970056454","1.0253880517627016467","0.87890833007417279443","250235.25117625590065","6.93358682618502975","20.214801591876973674","27.148568417720010615","80165507.357649639249","19075.536162499440252","83115380.837563171983","19292.587777373457357","79358.871539652129286","297.07064339900028926","0","0","218.05185273057932704","6618.5738968726764142","0","0","0","0","0","0","0","0","0","0","0","0","0","0","0","0","0","0","0","0","23.005470700932679762","72759.302162054140354","79169930.609498932958","18781.466232670129102","18781.466232670129102","0","0","0","0","0","0","0","0","0"
"05/14/2026 15:43:19.311","319.94749661580539168","9.9983592692439184901","9.9983592692439184901","0","1000000000","319.94749661580539168","0","4.9991796346219592451","44844","0","0","0","0","0","0","0","0","0","0","0","0","0","0","60.691691037591546376","0.60691691037591544156","0","0","60.691691037591546376","0.60691691037591544156","1.8502282840597378754e-005","0","1.8502282840597378754e-005","32804.616762389297946","0","32804.616762389297946","325197707.05627208948","0","325197707.05627208948","9913.1689119170987397","0","9913.1689119170987397","65.662110006882386415","0","0","100","28.544826835948498456","42.108073949880974851","121.99991657087767294","186445.08537893218454","112371.57800486827909","1866.550348021161426","0","100","3500","0","31.461457680570457995","0","0","186465.08056209256756","0","0","65.478453276408075112","68.29444982762062466","1223","91451.9692206147447","1.2204124708218744289","1.3668579682626773586","263987.40543403092306","7.8594783069108915541","23.822507417252495543","31.705550172379382445","80491823.291797831655","19189.850945459853392","83563343.255371809006","19427.81189606785847","79594.938470596986008","297.95110622346874152","0","0","235.96127875415646713","6579.9202350894229312","0","0","0","0","0","0","0","0","0","0","0","0","0","0","0","0","0","0","0","0","252.95848951187113585","72374.123406349026482","79494410.96716029942","18894.899347017155378","18894.899347017155378","0","0","0","0","0","0","0","0","0"
"05/14/2026 15:43:20.326","251.99777139470924681","7.8749303560846639627","7.8749303560846639627","0","1000000000","251.99777139470924681","0","3.9374651780423319813","44848","0","0","0","0","0","0","0","0","0","0","0","0","0","0","34.701400368618060099","0.34701400368618062764","0","0","34.701400368618060099","0.34701400368618062764","1.5289142881929383911e-005","0","1.5289142881929383911e-005","22693.580553646981571","0","22693.580553646981571","112822426.22666805983","0","112822426.22666805983","4971.5568664873771922","0","4971.5568664873771922","69.495905299359677088","0","0","100","27.832540791365886435","41.159895538820904903","121.99938838777148931","194443.02514270873507","109062.99934677922283","1828.1919004896542447","0","100","3500","0","30.584764974727285392","0","0","194420.38194738765014","0","0","66.263541732197722922","69.415244870314708692","1749","89383.521286621806212","1.2017842760305617045","1.2017941210725544554","271160.13986406405456","6.6819284507635172687","23.891534415756321863","30.584755129685291308","90710551.028564348817","21749.573277211329696","94173614.652095422149","22017.320909318208578","90234.889485196123132","337.6376390171299704","0","0","272.66946357943146495","6782.2837691779168381","0","0","0","0","0","4.9218314725529150877","3.9374651780423319813","0","0","0","0","0","0","0","0","0","0","0","0","0","5.90619776706349775","74579.527937299804762","89537832.149796932936","21407.998173016159853","21407.998173016159853","0","0","0","0","0","0","0","0","0"
"05/14/2026 15:43:21.310","130.13453165547898038","4.066704114233718137","4.066704114233718137","0","1000000000","130.13453165547898038","0","2.0333520571168590685","44850","0","0","0","0","0","0","0","0","0","0","0","0","0","0","38.856167127311834975","0.38856167127311835863","0","0","38.856167127311834975","0.38856167127311835863","1.5085847865540912631e-005","0","1.5085847865540912631e-005","25768.670619841956068","0","25768.670619841956068","127340282.99177254736","0","127340282.99177254736","4941.6706383650280259","0","4941.6706383650280259","66.166785867369554808","0","0","100","27.905685596975487783","41.790570348388143884","122.01392087133639563","193788.4212096662377","108569.68276194820646","1762.1471285131665354","0","100","3500","0","28.895500310653499554","0","0","193697.97651852571289","0","0","65.746006369971738081","71.104489527308743391","730","99537.939413845233503","0.2977172201623771719","1.6374294678364389455","283723.97987534484128","5.6566068590096527657","23.22185171432560935","28.895510472691256609","106258362.79575741291","24966.51323330935702","110062760.42791894078","25232.882352791664744","103550.48686073317367","387.35356688076166165","0","0","258.23571125384114566","6638.8944664865457526","0","0","0","0","0","6.1000561713505776495","5.0833801427921478933","0","0","0","0","0","0","0","0","0","0","0","0","0","19.316844542610162705","72957.688485381469945","104969636.46206909418","24585.259722599945235","24585.259722599945235","0","0","0","0","0","0","0","0","0"
"05/14/2026 15:43:22.326","188.96795251156615336","5.9052485159864422926","5.9052485159864422926","0","1000000000","188.96795251156615336","0","2.9526242579932211463","44853","0","0","0","0","0","0","0","0","0","0","0","0","0","0","32.491417199670920013","0.32491417199670918903","0","0","32.491417199670920013","0.32491417199670918903","1.525149526230644675e-005","0","1.525149526230644675e-005","21293.341940561113006","0","21293.341940561113006","111441708.35690100491","0","111441708.35690100491","5233.6410446036516078","0","5233.6410446036516078","72.201445819672812831","0","0","100","25.131963622099590339","37.327008842419665768","121.99233980777447073","177352.2610173113062","125217.84027133998461","1742.8987951842818802","0","100","3500","0","28.359994623595031982","0","0","177497.99492786909104","0","0","69.407024873750486904","71.640015223300508751","1575","84706.85082312580198","0.81737110536818280426","1.1539379950834449673","249493.5008091678319","5.9139076075637948549","22.501692435171733564","28.359984776699487696","91206409.792949184775","20492.196558558953257","94395869.947924569249","20730.374915370404779","84945.031486292980844","317.89921177727018176","0","0","238.17835681145317039","6281.2160048375790211","0","0","0","0","0","0","0","0","0","0","0","0","0","0","0","0","0","0","0","0","1100.3446401454737043","69086.486596611386631","90124107.655436232686","20174.29734678168461","20174.29734678168461","0","0","0","0","0","0","0","0","0"
"05/14/2026 15:43:23.310","130.06668152949475825","4.0645837977967111954","4.0645837977967111954","0","1000000000","130.06668152949475825","0","2.0322918988983555977","44855","0","0","0","0","0","0","0","0","0","0","0","0","0","0","43.585854286563510129","0.4358585428656351346","0","0","43.585854286563510129","0.4358585428656351346","1.5113917362358659504e-005","0","1.5113917362358659504e-005","28847.367358912710188","0","28847.367358912710188","164783039.62989526987","0","164783039.62989526987","5712.2384021980342368","0","5712.2384021980342368","62.40635881378586447","0","0","100","28.697068260950132412","43.267309061472893461","122.01168067920306726","206117.91618860128801","100186.55563660738699","1885.3425284413976897","0","100","3500","0","32.542944463079173545","0","0","205998.05066146978061","0","0","64.527856227599812655","67.457055536920833561","1154","104259.64498471967818","0.99201298304203899825","1.0416156638419313829","300112.80565074534388","8.2833327881745084653","24.205173672363880399","32.542944463079173545","112210643.80365377665","27201.210920805042406","116458552.52448251843","27511.13543538704107","112755.61913467856357","421.70056902140879629","0","0","308.90836863255003664","6603.9325254702062011","0","0","0","0","0","0","0","0","0","0","0","0","0","0","0","0","0","0","0","0","387.15160674013674225","72589.40204485146387","110779353.45884904265","26780.52649773308076","26780.52649773308076","0","0","0","0","0","0","0","0","0"
"05/14/2026 15:43:24.310","63.957621679874911536","1.9986756774960909855","1.9986756774960909855","0","1000000000","63.957621679874911536","0","0.99933783874804549274","44856","0","0","0","0","0","0","0","0","0","0","0","0","0","1","30.465186728546260753","0.30465186728546261863","0","0","30.465186728546260753","0.30465186728546261863","1.4635200038422744407e-005","0","1.4635200038422744407e-005","20807.213140573054261","0","20807.213140573054261","87305735.219843327999","0","87305735.219843327999","4195.9360261274678123","0","4195.9360261274678123","71.242734113026912723","0","0","100","28.100435249272585736","41.234378774039882387","121.99491823756530096","194268.17310014858958","109045.86062642467732","1822.5888239613143469","0","100","3500","0","30.923534975235501321","0","0","194362.15189853167976","0","0","66.210031373035178603","69.076455026984007191","1563","82790.32250324326742","0.8787149252865863458","1.3180673890396332748","260849.15243121149251","7.5666801969962671492","23.383478867691373182","30.923544973015992809","88409483.875983759761","21131.997938166168751","91664303.232678025961","21360.846303239472036","87589.962890588692972","327.78281110935893139","0","0","226.84968939580633673","6595.6297357371004182","0","0","0","0","0","8.9940405487324088796","6.9953648712363181161","0","0","0","0","0","0","0","0","0","0","0","0","0","58.96093248613468063","72586.903917464282131","87301641.932055816054","20806.213802734306228","20806.213802734306228","0","0","0","0","0","0","0","0","0"
"05/14/2026 15:43:25.326","189.1097971482242599","5.9096811608820081219","5.9096811608820081219","0","1000000000","189.1097971482242599","0","2.9548405804410040609","44859","0","0","0","0","0","0","0","0","0","0","0","0","0","1","38.468461780951898277","0.38468461780951901385","0","0","38.468461780951898277","0.38468461780951901385","1.4510022652159382375e-005","0","1.4510022652159382375e-005","26523.633996898599435","0","26523.633996898599435","118541080.951600492","0","118541080.951600492","4469.2624308366448531","0","4469.2624308366448531","64.919454956188687333","0","0","100","28.793976996720566319","42.267007525997613016","122.00982732824913057","205407.29991395419347","101839.23502087657107","1832.1653812301990456","0","100","3500","0","31.017575128807294504","0","0","205324.60142280784203","0","0","65.362874556161983719","68.6939953858370842","1294","97986.88244409483741","1.0094982762358402084","1.1056447196936387556","288495.65537569724256","7.8837031679888855962","23.410763085357682911","31.306004614162919353","109991123.65889635682","26659.556663598883461","114291358.31263631582","26996.408489769157313","110349.50642342944047","412.69273440159355459","0","0","335.86687931012744457","6516.4084267325606561","0","0","0","0","0","0","0","0","0","0","0","0","0","0","0","0","0","0","0","0","24.623671503675033989","71651.929235113901086","108592392.74322670698","26248.833822917586076","26248.833822917586076","0","0","0","0","0","0","0","0","0"
"05/14/2026 15:43:26.326","128.04614783167855308","4.0014421197399547836","4.0014421197399547836","0","1000000000","128.04614783167855308","0","2.0007210598699773918","44861","0","0","0","0","0","0","0","0","0","0","0","0","0","1","28.541213737125399774","0.2854121373712539822","0","0","28.541213737125399774","0.2854121373712539822","1.4944162170656331728e-005","0","1.4944162170656331728e-005","19097.882876988867793","0","19097.882876988867793","99638341.658333674073","0","99638341.658333674073","5217.2454035933160412","0","5217.2454035933160412","73.204028076729613872","0","0","100","26.641359153058381537","36.947954515624047644","121.9975003302946277","192962.94339991084416","115609.74660183100787","1776.6808240917919193","0","100","3500","0","25.26334438971608165","0","0","192971.94685003292398","0","0","69.710883394177443506","74.541268158698102297","1031","80576.877059289123281","0.48847363094730755773","1.0257966257824602252","250947.16295284352964","5.7151554876352985701","19.734382709305968717","25.458731841301897703","78467391.647949919105","18468.656103659759538","81354808.272901549935","18680.732536005976726","76687.638224816226284","287.10347209134175728","0","0","211.07607181628259241","6796.4494403783128291","0","0","0","0","0","10.003605299349885627","8.0028842394799095672","0","0","0","0","0","0","0","0","0","0","0","0","0","27.009734308244691903","74737.935551972928806","77495577.40609715879","18182.55299209835357","18182.55299209835357","0","0","0","0","0","0","0","0","0"
"05/14/2026 15:43:27.310","65.022253866385767651","2.0319454333245552391","2.0319454333245552391","0","1000000000","65.022253866385767651","0","1.0159727166622776195","44862","0","0","0","0","0","0","0","0","0","0","0","0","0","0","64.614560679793115128","0.64614560679793120457","0","0","64.614560679793115128","0.64614560679793120457","1.6733619215490254308e-005","0","1.6733619215490254308e-005","38618.138933049835032","0","38618.138933049835032","341781934.86720830202","0","341781934.86720830202","8850.2953355607587582","0","8850.2953355607587582","51.851810088972541735","0","0","100","26.217281201492113496","38.756996919876144148","122.01042903344659862","200716.26476074493257","108760.23614674907003","1820.4266909498583118","0","100","3500","0","27.729538265994413848","0","0","200756.89928509647143","0","0","68.216869756162580529","72.270461734005593257","2510","105983.98227684585436","0.89284408187944330759","1.4384591691778572109","287544.11639515688876","6.7458992012950913519","21.031353718675131148","27.729538265994413848","97143133.487436071038","23070.708449967001798","100858017.40645736456","23362.292619649073458","95854.993871652579401","358.63836898178402635","0","0","290.56819696541140274","6439.2350782055154923","0","0","0","0","0","0","0","0","0","0","0","0","0","0","0","0","0","0","0","0","932.66295389597087251","70788.915006160852499","95920828.903692290187","22711.054108268555865","22711.054108268555865","0","0","0","0","0","0","0","0","0"
"05/14/2026 15:43:28.310","63.992698433108785139","1.9997718260346495356","1.9997718260346495356","0","1000000000","63.992698433108785139","0","0.99988591301732476779","44863","0","0","0","0","0","0","0","0","0","0","0","0","0","1","42.720272126612151453","0.42720272126612152119","0","0","42.720272126612151453","0.42720272126612152119","1.4696742121921012008e-005","0","1.4696742121921012008e-005","29064.683719587595988","0","29064.683719587595988","137220823.10408383608","0","137220823.10408383608","4721.2219622953080034","0","4721.2219622953080034","62.072923428090518883","0","0","100","28.829388527021642119","42.709085934537498019","122.00035194368901159","215985.20085475684027","96304.517927253866219","1818.9932697249021203","0","100","3500","0","31.055041619287738541","0","0","215943.20101015627733","0","0","65.006678465939828016","68.944958380712265011","1304","107614.60182597325183","0.63475676274051007208","1.2207037744107505084","306397.86632789461873","7.5195016505415823715","23.535039971296146888","31.055041619287738541","115416071.02629590034","27940.811953356122103","119825431.91821813583","28271.774190564858145","115774.79009645000042","432.95060033650162268","0","0","329.96235129571715561","6874.2156519941072474","0","0","0","0","0","4.999429565086623839","3.9995436520692990712","0","0","0","0","0","0","0","0","0","0","0","0","0","7.9990873041385981423","75615.372286022160552","113917242.04268293083","27502.861923454533098","27511.860896671689261","0","0","0","0","0","0","0","0","0"
"05/14/2026 15:43:29.310","64.001881655320659092","2.0000588017287705966","2.0000588017287705966","0","1000000000","64.001881655320659092","0","1.0000294008643852983","44864","0","0","0","0","0","0","0","0","0","0","0","0","0","0","28.631321030695399799","0.28631321030695400243","0","0","28.631321030695399799","0.28631321030695400243","1.5194247811090475869e-005","0","1.5194247811090475869e-005","18845.554059289341239","0","18845.554059289341239","97565492.425477311015","0","97565492.425477311015","5177.1092597505967206","0","5177.1092597505967206","73.390570857358952139","0","0","100","26.99087297841671429","38.512029910393607679","122.00893020049871041","186804.12404120201245","117223.82922690703708","1833.8048831604319275","0","100","3500","0","28.277088731661180532","0","0","186785.12606258696178","0","0","68.431698641166263997","71.722911268338819468","966","76574.852435700842761","0.68354654666005110197","0.92765745718684811116","243734.06669530362706","6.3471536525843683663","21.87328950876041489","28.277088731661180532","76567995.099055916071","17888.525922662123776","79299083.393051758409","18080.531567628087942","74250.182955378884799","278.00817344029911737","0","0","191.00561556509759953","6635.1950747351966129","0","0","0","0","0","9.0002646077794690171","7.0002058060506975323","0","0","0","0","0","0","0","0","0","0","0","0","0","79.002322668286439011","72905.143411216282402","75626671.424139872193","17610.517749221828126","17610.517749221828126","0","0","0","0","0","0","0","0","0"
"05/14/2026 15:43:30.326","535.60519202283023787","0.98456836768902611379","0.98456836768902611379","0","1000000000","535.60519202283023787","0","0.98456836768902611379","44864","0","0","0","0","0","0","0","0","0","0","0","0","0","0","20.949200408251886785","0.2094920040825188623","0","0","20.949200408251886785","0.2094920040825188623","1.5595183990617211671e-005","0","1.5595183990617211671e-005","13431.481672013695061","0","13431.481672013695061","79087084.579837918282","0","79087084.579837918282","5888.1876557689483889","0","5888.1876557689483889","80.101757718358385318","0","0","100","25.488479778166407641","35.35174489136770859","121.99261204253376434","167457.53986295338836","135714.71158934556297","1783.3173858871352877","0","100","3500","0","26.052201295948652415","0","0","167483.14243171818089","0","0","71.027399452217736098","73.803561520142551444","1025","62173.86881696733326","0.72120561331574684072","0.76928795691396634204","210141.94556480299798","6.538952557211636929","19.664920321461433872","26.196438479857452108","57525289.376950375736","12521.740500269033873","59256538.641600877047","12611.336221728735836","51993.086360922090535","194.94453680242716587","0","0","90.580289827390402024","6550.3333502350906201","0","0","0","0","0","4.922841838445131124","3.9382734707561044551","0","0","0","0","0","0","0","0","0","0","0","0","0","17.72223061840247027","72053.666852586000459","56854302.09609682858","12325.811395098919093","12325.811395098919093","0","0","0","0","0","0","0","0","0"
"05/14/2026 15:43:31.310","260.02487300425832473","8.1257772813830726477","8.1257772813830726477","0","1000000000","260.02487300425832473","0","4.0628886406915363239","44868","0","0","0","0","0","0","0","0","0","0","0","0","0","0","27.578189195693248337","0.27578189195693247893","0","0","27.578189195693248337","0.27578189195693247893","1.5461262030867361107e-005","0","1.5461262030867361107e-005","17835.065410475672252","0","17835.065410475672252","108145384.78196305037","0","108145384.78196305037","6063.6382481918108169","0","6063.6382481918108169","74.896575809817122149","0","0","100","24.811941986961208784","35.465445248284815705","121.99955270029242627","180293.39541844313499","125891.54251842503436","1823.4233406923788152","0","100","3500","0","26.590406278154365083","0","0","180342.15548549231607","0","0","70.929109593528835376","73.359990743757180098","1316","71913.988054393077618","0.74401419642718380487","0.74401419642718380487","231106.46445731417043","5.6049231996978514658","21.030850045514263513","26.640009256242812796","67452138.156090497971","15488.747220476308939","69637228.736161291599","15609.618157536882791","64526.79739146297652","241.74187412114639528","0","0","117.82377058005455694","6619.4613178466852332","0","0","0","0","0","0","0","0","0","0","0","0","0","0","0","0","0","0","0","0","80.242050653657841508","72763.288388304892578","66649575.44845148921","15250.052512835680318","15250.052512835680318","0","0","0","0","0","0","0","0","0"
"05/14/2026 15:43:32.326","189.00910108354392491","5.9065344088607476536","5.9065344088607476536","0","1000000000","189.00910108354392491","0","2.9532672044303738268","44871","0","0","0","0","0","0","0","0","0","0","0","0","0","1","35.125292207344621431","0.35125292207344621653","0","0","35.125292207344621431","0.35125292207344621653","1.4309752086007703582e-005","0","1.4309752086007703582e-005","24539.681624013450346","0","24539.681624013450346","103901579.02337619662","0","103901579.02337619662","4234.0231065468551606","0","4234.0231065468551606","67.65389258586021981","0","0","100","25.935496626353042871","39.046567828184251425","122.00057585825027218","200846.98581326333806","108356.18552657384134","1789.170878324367095","0","100","3500","0","28.744458645890979653","0","0","200864.71012576189241","0","0","68.002227373255379916","71.255541354109013241","1685","96232.185342741926434","0.62504308027405952597","1.1058583264569008531","277652.33997358288616","6.0100773377079921289","22.790233037203634581","28.744458645890979653","102757550.24910317361","24849.774680478640221","106630712.93543833494","25131.319487301003392","102903.64247117194463","384.90915897742536345","0","0","280.560384420885498","6421.3873248331092327","0","0","0","0","0","0","0","0","0","0","0","0","0","0","0","0","0","0","0","0","926.34147978966052506","70577.179651477068546","101445972.78209879994","24464.865521501214971","24464.865521501214971","0","0","0","0","0","0","0","0","0"
"05/14/2026 15:43:33.310","571.04176103589009017","8.1287083421479007228","8.1287083421479007228","0","1000000000","571.04176103589009017","0","7.1126197993794137986","44872","0","0","0","0","0","0","0","0","0","0","0","0","0","1","43.600914877692602545","0.43600914877692603655","0","0","43.600914877692602545","0.43600914877692603655","1.45420720964900387e-005","0","1.45420720964900387e-005","29990.869428354682896","0","29990.869428354682896","141209060.01445689797","0","141209060.01445689797","4708.4016804445045636","0","4708.4016804445045636","60.95298472955522584","0","0","100","28.718468472128993341","43.385601050576887872","122.00427338708203706","216038.04595370660536","95462.199273931109929","1848.745027180615125","0","100","3500","0","30.460772729525974256","0","0","215931.38758675387362","0","0","64.437532658240598948","69.539227270474029297","1675","111633.72582257979957","0.99200802569914037221","1.3888031095114610203","311895.47561302152462","6.9440053894731370576","23.510418537447165477","30.460772729525974256","121176411.05740067363","29476.728625713829388","125458858.47329445183","29739.895558290867484","121735.53613200697873","455.20766716028248311","0","0","264.18302111980682412","6709.232647900324082","0","0","0","0","0","9.1447968849163885352","7.1126197993794137986","0","0","0","0","0","0","0","0","0","0","0","0","0","54.868781309498338317","73777.173001877119532","119612967.80970531702","29019.488781468007801","29021.520958553544915","0","0","0","0","0","0","0","0","0"
"05/14/2026 15:43:34.311","604.7174155517127474","10.994862100940231642","10.994862100940231642","0","1000000000","604.7174155517127474","0","7.9962633461383498812","44875","0","0","0","0","0","0","0","0","0","0","0","0","0","1","42.318044182461314051","0.42318044182461317382","0","0","42.318044182461314051","0.42318044182461317382","1.46321534739025233e-005","0","1.46321534739025233e-005","28916.487325472808152","0","28916.487325472808152","137831527.32727995515","0","137831527.32727995515","4766.5377117179396009","0","4766.5377117179396009","62.104810557692637474","0","0","100","28.055400217544310237","41.768481668692814424","122.01307433868986152","217045.25380895630224","96951.81024755325052","1870.4506486444929578","0","100","3500","0","29.903971990855961138","0","0","217093.23971549555426","0","0","65.764645653477217024","70.096028009144035309","1213","108364.17344225999841","0.68338368646505620596","1.0250805281885397857","308632.35467743122717","6.5409952735269225599","23.332795828939243421","29.903971990855961138","115738751.28152614832","28067.883877863874659","120195192.78641091287","28405.726004238222231","116269.66718452467467","434.7968194462727638","0","0","334.84352761954340849","6786.8285150349247488","0","0","0","0","0","0","0","0","0","0","0","0","0","0","0","0","0","0","0","0","8.9957962644056443935","74648.116934956298792","114270057.60208255053","27636.085657172403444","27636.085657172403444","0","0","0","0","0","0","0","0","0"
"05/14/2026 15:43:35.326","126.09073410419429706","3.9403354407560717831","3.9403354407560717831","0","1000000000","126.09073410419429706","0","1.9701677203780358916","44877","0","0","0","0","0","0","0","0","0","0","0","0","0","0","32.992421706061456632","0.32992421706061453301","0","0","32.992421706061456632","0.32992421706061453301","1.5353003711680336674e-005","0","1.5353003711680336674e-005","21497.485080904938513","0","21497.485080904938513","122644926.52259486914","0","122644926.52259486914","5705.0825276084860889","0","5705.0825276084860889","70.371165064222495289","0","0","100","29.324055415418694537","39.650614387652687753","122.00175992320335183","192996.05714709419408","111894.42755257170938","1836.4727827348319806","0","100","3500","0","27.252957070776695048","0","0","192966.51602994563291","0","0","67.4965239893966924","72.747042929223297847","1274","80580.289950003629201","1.394362757648208051","1.4424360827625322123","254998.92322627993417","7.6449289633413810563","19.521019524741710427","27.252957070776695048","80792358.113446205854","19198.299351223769918","83707493.13889092207","19399.256458702329837","79740.568314580625156","298.48040963727243025","0","0","200.9571074785596636","6702.5105847260774681","0","0","0","0","0","0","0","0","0","0","0","0","0","0","0","0","0","0","0","0","48.269109149261879566","73671.466651956085116","79774076.927168816328","18898.833857726309361","18898.833857726309361","0","0","0","0","0","0","0","0","0"
"05/14/2026 15:43:36.310","130.05026849284337231","4.0640708904013553848","4.0640708904013553848","0","1000000000","130.05026849284337231","0","2.0320354452006776924","44879","0","0","0","0","0","0","0","0","0","0","0","0","0","0","26.722165797259322062","0.2672216579725932295","0","0","26.722165797259322062","0.2672216579725932295","1.4784544892337099918e-005","0","1.4784544892337099918e-005","18071.907231892226264","0","18071.907231892226264","77892828.012177586555","0","77892828.012177586555","4310.1609040310340788","0","4310.1609040310340788","74.471798837414297623","0","0","100","27.836189194066832897","39.772425376107022998","122.00279293387728785","189156.58463591389591","114023.79066918810713","1836.1757306546642212","0","100","3500","0","28.352966341310004594","0","0","189181.9882846501423","0","0","67.397138195883641743","71.547805887514428491","1049","76231.269127677325741","0.59539711177579102142","0.74425401090032061724","247293.34284174971981","6.3013648518264675502","22.278062330079428932","28.452194112485575062","77507326.50379768014","18298.479184032104968","80372561.506664872169","18507.778834887772973","75969.677154272547341","283.46894460549452788","0","0","208.28363313306948612","6718.9251995560407522","0","0","0","0","0","5.0800886130016946751","4.0640708904013553848","0","0","0","0","0","0","0","0","0","0","0","0","0","1.0160177226003388462","73910.209230561653385","76548628.437035560608","18016.026257149209414","18016.026257149209414","0","0","0","0","0","0","0","0","0"
"05/14/2026 15:43:37.310","127.98149387598552096","3.9994216836245475299","3.9994216836245475299","0","1000000000","127.98149387598552096","0","1.999710841812273765","44881","0","0","0","0","0","0","0","0","0","0","0","0","0","1","29.908342123423970804","0.29908342123423969916","0","0","29.908342123423970804","0.29908342123423969916","1.4915016452288364207e-005","0","1.4915016452288364207e-005","20055.100032535294304","0","20055.100032535294304","102291000.72129569948","0","102291000.72129569948","5100.4981553494862965","0","5100.4981553494862965","72.940576987847620671","0","0","100","25.942598051996871078","37.268190347003056218","122.00337781222506806","182497.98478020433686","121791.30696790239017","1769.5344354900225881","0","100","3500","0","26.680246944312568047","0","0","182473.99109294344089","0","0","69.452143167557764514","73.31974305842769013","1037","79678.036708541985718","0.68341267658534798901","0.92748577614875771236","243111.03748603744316","6.7364335435657087814","19.867594292404451295","26.68025694157230987","82946997.864108845592","19353.201527059187356","86052964.741298407316","19594.166683497565828","80400.374105904280441","300.95648169274721795","0","0","238.96544559656672391","6248.0965252424493883","0","0","0","0","0","5.999132525436821517","4.9992771045306847455","0","0","0","0","0","0","0","0","0","0","0","0","0","1396.7980230058733468","68742.059898138730205","81924537.711846858263","19052.245045366438717","19054.244756208252511","0","0","0","0","0","0","0","0","0"
"05/14/2026 15:43:38.326","63.018635989194663694","1.9693323746623332404","1.9693323746623332404","0","1000000000","63.018635989194663694","0","0.98466618733116662021","44882","0","0","0","0","0","0","0","0","0","0","0","0","0","1","27.049279784870115861","0.27049279784870117194","0","0","27.049279784870115861","0.27049279784870117194","1.4927153649654873244e-005","0","1.4927153649654873244e-005","18116.873180706134008","0","18116.873180706134008","96405405.187182083726","0","96405405.187182083726","5321.3048535246480242","0","5321.3048535246480242","74.916486876340300682","0","0","100","24.873189193618021164","35.936796278964237672","121.99766268913765543","186755.54685365597834","120880.65781771583715","1750.1192188696929861","0","100","3500","0","26.278077280589318576","0","0","186821.53334080523928","0","0","70.548099009070170951","73.673840748810221157","1668","76883.12138539319858","0.33662303833537499109","0.9617969932320833415","240843.78398427198408","5.2418113410024176346","21.111501124637488402","26.326159251189785948","75068504.211318805814","17374.434875458435272","77685861.15852278471","17553.644121552708384","72053.932924145454308","269.7985353287396606","0","0","178.22457990694115892","6614.0027803034463432","0","0","0","0","0","8.8619956859804993599","6.8926633113181665635","0","0","0","0","0","0","0","0","0","0","0","0","0","202.84123459022032421","72707.751272533350857","74150247.850326016545","17104.636340129694872","17104.636340129694872","0","0","0","0","0","0","0","0","0"
"05/14/2026 15:43:39.310","65.009559452562626802","2.0315487328925820876","2.0315487328925820876","0","1000000000","65.009559452562626802","0","1.0157743664462910438","44883","0","0","0","0","0","0","0","0","0","0","0","0","0","0","43.866918544491298348","0.43866918544491295684","0","0","43.866918544491298348","0.43866918544491295684","1.4928531425015556872e-005","0","1.4928531425015556872e-005","29382.289323825414613","0","29382.289323825414613","156472288.76108643413","0","156472288.76108643413","5325.3947313835305977","0","5325.3947313835305977","61.490049803300031783","0","0","100","28.041208273189507594","41.119390369185552458","122.00532964197346075","208422.87667861074442","101765.3247696228791","1831.5857418313357812","0","100","3500","0","29.21752967261232925","0","0","208416.78155135008274","0","0","66.300447605965345588","70.782460168839151038","846","106277.68648067250615","0.79363660393221158174","1.2896582115712775796","301800.22631207515951","6.9939168579690669247","22.221824910101926065","29.167935638687247035","111782263.48252554238","26867.231992504399386","115734259.6112062633","27117.112486650185019","111353.24914730820456","416.46749024297935193","0","0","249.88049414578759411","6801.6251577243647262","0","0","0","0","0","0","0","0","0","0","0","0","0","0","0","0","0","0","0","0","5.078871832231455663","74787.403503974623163","110364388.73847527802","26450.764502261419693","26450.764502261419693","0","0","0","0","0","0","0","0","0"
"05/14/2026 15:43:40.310","255.89764094362254809","7.9968012794882046279","7.9968012794882046279","0","1000000000","255.89764094362254809","0","3.998400639744102314","44887","0","0","0","0","0","0","0","0","0","0","0","0","0","0","21.860338280414225665","0.21860338280414226553","0","0","21.860338280414225665","0.21860338280414226553","1.4729849740583518032e-005","0","1.4729849740583518032e-005","14835.065973610557194","0","14835.065973610557194","67524222.311075568199","0","67524222.311075568199","4551.6630954787415249","0","4551.6630954787415249","78.935073288223151167","0","0","100","25.088599433995163679","34.535327308533425139","121.99116929196139836","174513.12580860703019","131485.62522204522975","1797.960085286106505","0","100","3500","0","23.975415860591876793","0","0","174538.12525361936423","0","0","71.69798000141199168","76.024584139408119654","1419","68092.488346758691478","0.34179637695840425771","0.39062585936589067082","223719.03343745766324","4.8827682426566276774","19.140427111472618549","24.024245342999360986","68308412.634946018457","15061.975209916034146","69852139.144342273474","15043.982407037185112","61359.456217512997682","229.90803678528590126","0","0","109.95601759296282296","6651.3394642143148303","0","0","0","0","0","5.997600959616153915","4.9980007996801285586","0","0","0","0","0","0","0","0","0","0","0","0","0","66.97321071571371931","73104.758096761303023","66987860.855657741427","14706.117552978808817","14706.117552978808817","0","0","0","0","0","0","0","0","0"
"05/14/2026 15:43:41.310","256.03177354309667635","8.0009929232217711359","8.0009929232217711359","0","1000000000","256.03177354309667635","0","4.0004964616108855679","44891","0","0","0","0","0","0","0","0","0","0","0","0","0","2","40.475818336198813086","0.40475818336198809977","0","0","40.475818336198813086","0.40475818336198809977","1.4852535593717891273e-005","0","1.4852535593717891273e-005","27255.382392954965326","0","27255.382392954965326","133345444.16962143779","0","133345444.16962143779","4892.4444444444443434","0","4892.4444444444443434","63.752599104986899192","0","0","100","30.808649096672304779","44.920965426974547086","122.0051243045897138","204598.44505181760178","98828.759383797310875","1843.9859857065086999","0","100","3500","0","30.957561626775476071","0","0","204587.44513541695778","0","0","63.194773400244820039","68.798300253088058298","1123","97892.256018854255672","1.0253821045577948823","1.0742017286466893911","289869.79698954289779","8.4471949565988335706","22.753724796319069412","31.201699746911948807","110382898.51770603657","26591.299980327556113","114927702.52788370848","26988.34925414243844","111513.83886740343587","417.0517561229348189","0","0","267.03313881252660167","6565.8148176188660727","0","0","0","0","0","17.002109961846265662","14.00173761563810082","0","0","0","0","0","0","0","0","0","0","0","0","0","107.01328034809120027","72225.963242038327735","109516054.94241835177","26303.264235091573937","26303.264235091573937","0","0","0","0","0","0","0","0","0"
"05/14/2026 15:43:42.310","128.0333783017232463","4.0010430719288514467","4.0010430719288514467","0","1000000000","128.0333783017232463","0","2.0005215359644257234","44893","0","0","0","0","0","0","0","0","0","0","0","0","0","0","24.709943712720477293","0.2470994371272047796","0","0","24.709943712720477293","0.2470994371272047796","1.5217551422588988561e-005","0","1.5217551422588988561e-005","16242.234350495175022","0","16242.234350495175022","88472088.673517182469","0","88472088.673517182469","5447.0392905530234202","0","5447.0392905530234202","77.046573803855309848","0","0","100","25.189998640032637667","36.357749814004463929","122.01073888927668065","171968.73775662464323","130611.79296307066397","1817.9443709022502844","0","100","3500","0","26.856406238000150921","0","0","171928.73898058716441","0","0","70.183521650922870094","72.997115636919858161","1012","69292.879637883073883","0.390625","1.1230356251439981286","224178.14014891142142","5.7128168759439876823","21.191138753423956587","27.002884363080148944","68371484.445995077491","15409.017130765991169","70625804.147141158581","15551.054159819464985","64080.705840012487897","240.06258431573110101","0","0","140.0365075175098184","6235.6256276011154114","0","0","0","0","0","0","0","0","0","0","0","0","0","0","0","0","0","0","0","0","1011.2636364300173","68544.869647517101839","67564750.130358979106","15170.955067986224094","15170.955067986224094","0","0","0","0","0","0","0","0","0"
"05/14/2026 15:43:43.326","126.04732525606316074","3.938978914251973773","3.938978914251973773","0","1000000000","126.04732525606316074","0","1.9694894571259868865","44895","0","0","0","0","0","0","0","0","0","0","0","0","0","2","30.754151620780856291","0.30754151620780856291","0","0","30.754151620780856291","0.30754151620780856291","1.5305723526240995117e-005","0","1.5305723526240995117e-005","20095.685675785007334","0","20095.685675785007334","114217027.49683010578","0","114217027.49683010578","5683.6591365707845398","0","5683.6591365707845398","72.353481445830766461","0","0","100","25.750954733651369111","37.118702066383924887","122.00221111772778215","195510.63439487735741","113855.85579687886639","1830.4690283951138099","0","100","3500","0","26.249306578060949136","0","0","195571.68285090773134","0","0","69.561026742997398742","73.750693421939047312","2116","83185.413909024209715","0.14422782482423956996","0.67308943917156038861","258600.27509222007939","4.4231211933178649076","21.875200001890480195","26.249306578060949136","78476655.050617843866","18178.387689272858552","81117771.924455106258","18340.87056948575264","75490.530891639078618","282.62173709757911411","0","0","161.49813548433093047","6937.526612726289386","0","0","0","0","0","0","0","0","0","0","0","0","0","0","0","0","0","0","0","0","0","76260.601269375343691","77512046.382264509797","17894.781207446718327","17894.781207446718327","0","0","0","0","0","0","0","0","0"
"05/14/2026 15:43:44.310","195.05790324335575292","6.0955594763548672788","6.0955594763548672788","0","1000000000","195.05790324335575292","0","3.0477797381774336394","44898","0","0","0","0","0","0","0","0","0","0","0","0","0","1","38.943962449903253287","0.38943962449903252176","0","0","38.943962449903253287","0.38943962449903252176","1.4445973546369220619e-005","0","1.4445973546369220619e-005","26959.643637338187546","0","26959.643637338187546","123963198.66921745241","0","123963198.66921745241","4598.1022722990537659","0","4598.1022722990537659","65.250912182133077977","0","0","100","28.821898035646075442","39.900681875441918578","122.00260432198166427","210584.54111678531626","102266.96530230224016","1809.2624893460749718","0","100","3500","0","27.331005415340136722","0","0","210543.90636126938625","0","0","67.297570843004919539","72.718599900870643182","1129","104931.12916874497023","0.74404926682570571295","1.438493217440631966","302867.08676231408026","7.5397134594572801092","19.791769418480019027","27.28140009912936037","109933683.36067700386","26533.970400572739891","114459132.37228710949","26925.102133638843952","110008.59372293508204","411.45026465395358173","0","0","390.11580648671150584","6604.5386926304990993","0","0","0","0","0","0","0","0","0","0","0","0","0","0","0","0","0","0","0","0","77.210420033828327746","72638.750426562168286","108541660.76159341633","26124.551989077568578","26124.551989077568578","0","0","0","0","0","0","0","0","0"
"05/14/2026 15:43:45.310","192.00737308312639584","6.00023040884769987","6.00023040884769987","0","1000000000","192.00737308312639584","0","3.000115204423849935","44901","0","0","0","0","0","0","0","0","0","0","0","0","0","0","22.811014032290177767","0.22811014032290177767","0","0","22.811014032290177767","0.22811014032290177767","1.5067725741462446799e-005","0","1.5067725741462446799e-005","15139.581359924221033","0","15139.581359924221033","79490028.417091220617","0","79490028.417091220617","5250.4773102582730644","0","5250.4773102582730644","78.250285224800336437","0","0","100","24.700543358261253246","34.563796595850895699","122.0036768235858915","176773.2298051987309","129732.4576884785929","1771.00230230299303","0","100","3500","0","23.046923867153289223","0","0","176761.22978959872853","0","0","71.666639833352121514","76.953076132846703672","1092","71104.092435320169898","0.19531986327609571208","0.5371096240232632324","231787.30132349173073","3.8574272998008902746","19.189436567394402289","23.046923867153289223","64934053.467653155327","14590.560277514656264","66958763.216507516801","14696.564348070965934","60582.326361332277884","227.00871713473796376","0","0","105.00403215483474639","6773.2600931875786046","0","0","0","0","0","4.00015360589846658","3.000115204423849935","0","0","0","0","0","0","0","0","0","0","0","0","0","38.001459256035431622","74426.857991346871131","64162207.82878062129","14363.551560379917646","14363.551560379917646","0","0","0","0","0","0","0","0","0"
"05/14/2026 15:43:46.310","64.003360176409259452","2.0001050055127893579","2.0001050055127893579","0","1000000000","64.003360176409259452","0","1.0000525027563946789","44902","0","0","0","0","0","0","0","0","0","0","0","0","0","1","22.317423153613983544","0.22317423153613982767","0","0","22.317423153613983544","0.22317423153613982767","1.5528085432030052856e-005","0","1.5528085432030052856e-005","14374.754674620417063","0","14374.754674620417063","84447569.497398614883","0","84447569.497398614883","5874.7137887853068605","0","5874.7137887853068605","78.989141887772106543","0","0","100","25.351627817684420307","34.176722607068008131","122.01095480429282247","169801.08050688155345","135682.48250842187554","1769.7819628621753054","0","100","3500","0","22.518959251432779212","0","0","169747.08715886203572","0","0","71.98696234626574153","77.432216539118456922","674","66779.772731999415555","0.48822209685931244882","0.48822209685931244882","221796.67464968314744","4.3940088705479531939","18.161905997948643687","22.567783460881539526","62234871.330744862556","13175.691723815500154","64089332.689966224134","13276.697026593896226","54954.885131469403859","206.01081556781730342","0","0","100.00525027563946878","6624.3477782583586304","0","0","0","0","0","0","0","0","0","0","0","0","0","0","0","0","0","0","0","0","25.001312568909867196","72827.823460731684463","61549727.360686436296","12972.681065755952659","12972.681065755952659","0","0","0","0","0","0","0","0","0"
"05/14/2026 15:43:47.326","188.89046625545606162","5.9028270704830019255","5.9028270704830019255","0","1000000000","188.89046625545606162","0","2.9514135352415009628","44905","0","0","0","0","0","0","0","0","0","0","0","0","0","0","25.952067135317651747","0.25952067135317652413","0","0","25.952067135317651747","0.25952067135317652413","1.5411181286549708311e-005","0","1.5411181286549708311e-005","16823.057150876553351","0","16823.057150876553351","94854243.950659841299","0","94854243.950659841299","5638.3476023391813214","0","5638.3476023391813214","76.507218055064257101","0","0","100","26.147480603363398188","37.85739041392619697","121.97767988550664597","167898.46699772684951","131510.06076460168697","1763.7241818993447851","0","100","3500","0","26.526056926677888725","0","0","167963.46185870136833","0","0","69.013138561919518565","73.425856188800750601","1029","69967.952609686457436","0.62509995533030748849","0.81744749341575040358","223618.75826530292397","6.2029717556764776276","20.388061059609221104","26.574143811199245846","72851633.130246564746","15763.499691724855438","75364368.2337000072","15954.357767003806657","65663.048332052916521","245.95112793679172114","0","0","190.8580752789503947","6162.551461584253957","0","0","0","0","0","8.8542406057245024442","6.886631582230168469","0","0","0","0","0","0","0","0","0","0","0","0","0","1005.4482110056045485","67750.681505980392103","72018142.142240226269","15518.532368299811424","15518.532368299811424","0","0","0","0","0","0","0","0","0"
"05/14/2026 15:43:48.310","65.062999282273793256","2.0332187275710560392","2.0332187275710560392","0","1000000000","65.062999282273793256","0","1.0166093637855280196","44906","0","0","0","0","0","0","0","0","0","0","0","0","0","0","25.039285515106268321","0.25039285515106268765","0","0","25.039285515106268321","0.25039285515106268765","1.5361192820640656958e-005","0","1.5361192820640656958e-005","16312.513851302581315","0","16312.513851302581315","98941563.260550871491","0","98941563.260550871491","6065.378038140346689","0","6065.378038140346689","76.640201366137333139","0","0","100","25.426796994632343996","36.007698734975598143","122.02046550061974983","172671.26023526428617","130578.23326959846599","1787.9078105971734658","0","100","3500","0","25.299201266482317152","0","0","172650.94310105295153","0","0","70.448353147346509218","74.551986654962703938","1162","70699.563628591407905","0.69443604956095406067","0.54562397100597437305","229204.70203500479693","6.200259468776739169","19.196016562035662645","25.448013345037303168","63665206.137880690396","14664.590072606240938","65705707.854933910072","14774.383883895077815","60768.841329643713834","227.72049748795825508","0","0","107.76059256126596608","6537.8148185047302832","0","0","0","0","0","0","0","0","0","0","0","0","0","0","0","0","0","0","0","0","96.577889559625148763","71945.444675101811299","62893538.634205646813","14436.869575118282228","14436.869575118282228","0","0","0","0","0","0","0","0","0"
"05/14/2026 15:43:49.310","64.018802322242038372","2.0005875725700636991","2.0005875725700636991","0","1000000000","64.018802322242038372","0","1.0002937862850318496","44907","0","0","0","0","0","0","0","0","0","0","0","0","0","1","22.947616399528840248","0.22947616399528841802","0","0","22.947616399528840248","0.22947616399528841802","1.4894307782176931969e-005","0","1.4894307782176931969e-005","15411.526365293486379","0","15411.526365293486379","76757007.533112466335","0","76757007.533112466335","4980.4935418965405916","0","4980.4935418965405916","77.780512217026782196","0","0","100","24.589438784408919503","35.225182295458651538","122.01420193128527103","178910.12523708766093","127212.54583463758172","1796.0012572008799907","0","100","3500","0","25.244292035845127486","0","0","178872.12521048763301","0","0","71.123674865017761704","74.755717964135868669","1196","73351.051345735933864","0.48827907226976269284","0.63475879395829148955","236055.16523861564929","4.1503821142739827366","21.14253982917432495","25.244282035864131331","67035620.361700229347","15207.466432891338627","69158359.810276269913","15327.501687245543508","63278.584920391112973","237.06962734955254746","0","0","119.03496056791878743","6853.0127298387533301","0","0","0","0","0","6.0017627177101910974","5.0014689314251592478","0","0","0","0","0","0","0","0","0","0","0","0","0","4.0011751451401273982","75354.131508424019557","66239486.537195973098","14972.397393114357328","14972.397393114357328","0","0","0","0","0","0","0","0","0"
"05/14/2026 15:43:50.310","1512.2735038087701014","16.991837121446856429","16.991837121446856429","0","1000000000","1512.2735038087701014","0","15.992317290773511829","44908","0","0","0","0","0","0","0","0","0","0","0","0","0","0","28.515461758775622059","0.28515461758775623169","0","0","28.515461758775622059","0.28515461758775623169","1.501454823083403335e-005","0","1.501454823083403335e-005","18982.880624148157949","0","18982.880624148157949","100131864.65222106874","0","100131864.65222106874","5274.850884582981962","0","5274.850884582981962","73.725725018222391327","0","0","100","26.255347161565065761","36.487160413247202939","121.98973703491761","187269.03745380748296","119779.73356826312374","1788.0003576000715384","0","100","3500","0","24.268016818700765214","0","0","187337.03746740749921","0","0","70.103406389902303886","75.731973181358227976","1830","81899.016379803273594","0.73241567874749546885","1.0253939501756939023","253740.05074801013689","5.2245791749828676132","19.042857647139882715","24.268026818641775577","77521398.720054879785","17989.357912458854116","80240508.459735944867","18170.271001810728194","74748.091017075392301","279.86555258853644546","0","0","179.91356952120199253","6865.7017168952033899","0","0","0","0","0","3.9980793226933779572","2.9985594920200333569","0","0","0","0","0","0","0","0","0","0","0","0","0","12.993757798753478028","75481.738572789632599","76570703.434070274234","17709.492359870317159","17708.492840039645671","0","0","0","0","0","0","0","0","0"
"05/14/2026 15:43:51.310","158.05084495682260126","3.000965410572581149","3.000965410572581149","0","1000000000","158.05084495682260126","0","2.0006436070483872847","44909","0","0","0","0","0","0","0","0","0","0","0","0","0","0","39.704501911350575938","0.39704501911350575938","0","0","39.704501911350575938","0.39704501911350575938","1.4672218321569786113e-005","0","1.4672218321569786113e-005","27069.708325168205192","0","27069.708325168205192","130130823.08578670025","0","130130823.08578670025","4807.2488082480322191","0","4807.2488082480322191","64.821809446542829392","0","0","100","27.84970878136200767","40.353584229390683902","122.01063407742846323","206461.25139121798566","103727.06950835554744","1822.9580719643445264","0","100","3500","0","28.124978437493531658","0","0","206404.25270218783407","0","0","66.919720075916018232","71.875021562506475448","991","104291.60129317024257","0.63477019043105720186","1.6113204833961451978","297765.15140151773812","6.1035218310565495514","22.021486606445979106","28.124978437493531658","109178494.72175198793","26189.425138066915679","113739582.02353696525","26599.557077511835814","108586.93241615827719","406.13065223082264765","0","0","409.13161764139522347","6597.1222942420572508","0","0","0","0","0","4.0012872140967745693","3.000965410572581149","0","0","0","0","0","0","0","0","0","0","0","0","0","7.0022526246693557184","72531.333329932240304","107800439.40135541558","25784.29480763961692","25785.295129443140468","0","0","0","0","0","0","0","0","0"
"05/14/2026 15:43:52.310","273.98517740190254699","4.9997295146332580984","4.9997295146332580984","0","1000000000","273.98517740190254699","0","3.9997836117066065675","44910","0","0","0","0","0","0","0","0","0","0","0","0","0","0","30.661138058050390498","0.30661138058050391164","0","0","30.661138058050390498","0.30661138058050391164","1.5224916828045086898e-005","0","1.5224916828045086898e-005","20137.910539039836294","0","20137.910539039836294","112908323.65969000757","0","112908323.65969000757","5606.7546551467303289","0","5606.7546551467303289","73.44265885208204736","0","0","100","25.334607975526868273","36.753764727717225469","121.99794477990026564","172027.46895552627393","129983.38012776915275","1785.9841047414677178","0","100","3500","0","26.856238009500899011","0","0","172009.46911572484532","0","0","69.879036270119172514","73.143761990499100989","987","79168.295402170915622","0.63475333508998155185","1.0253792335180480499","241283.85257371206535","6.4452423249555881313","20.361116208279813833","26.856238009500899011","81823325.358098119497","18484.999961502082442","84733319.927391916513","18701.98822243716495","76655.852918357108138","286.98447413994898625","0","0","216.98826093508338886","6073.6714143764820619","0","0","0","0","0","0","0","0","0","0","0","0","0","0","0","0","0","0","0","0","1086.9411964812702536","66766.387938412532094","80850665.978970527649","18199.015433265059983","18199.015433265059983","0","0","0","0","0","0","0","0","0"
"05/14/2026 15:43:53.310","465.82787659959649318","10.995937001278027978","10.995937001278027978","0","1000000000","465.82787659959649318","0","6.9974144553587453998","44914","0","0","0","0","0","0","0","0","0","0","0","0","0","0","22.719799445720028075","0.22719799445720029185","0","0","22.719799445720028075","0.22719799445720029185","1.5160301574593008112e-005","0","1.5160301574593008112e-005","14982.463979559553991","0","14982.463979559553991","74515570.496701478958","0","74515570.496701478958","4973.5190819322124298","0","4973.5190819322124298","78.118849728574389246","0","0","100","26.157053404876862146","37.666593075379871891","122.00404719831271905","173137.4139614799933","127738.68883319667657","1814.7842221559858444","0","100","3500","0","27.10750425728893731","0","0","173198.4067094422644","0","0","69.133762813487294352","72.746031604777201096","1024","69494.737075761702727","0.63470126185334130309","1.0252789622883842213","228865.78785782371415","6.4446120485151459079","20.847352231753301766","27.253968395222795351","64116444.973582267761","14722.560014074801074","66232982.912813723087","14852.511996817176623","61361.326989677319943","229.91504639035878199","0","0","128.95235210589689245","6512.5935966660326812","0","0","0","0","0","8.9966757283183866889","6.9974144553587453998","0","0","0","0","0","0","0","0","0","0","0","0","0","131.95124401533635705","71613.538797414366854","63341715.236220225692","14493.644598320921432","14493.644598320921432","0","0","0","0","0","0","0","0","0"
"05/14/2026 15:43:54.310","536.11993002834731215","10.002237500528869063","10.002237500528869063","0","1000000000","536.11993002834731215","0","7.0015662503702085218","44917","0","0","0","0","0","0","0","0","0","0","0","0","0","0","23.760701673202099471","0.23760701673202100359","0","0","23.760701673202099471","0.23760701673202100359","1.5334174356327030331e-005","0","1.5334174356327030331e-005","15500.467454569588881","0","15500.467454569588881","87387228.523020610213","0","87387228.523020610213","5637.7156869071432084","0","5637.7156869071432084","77.435973940126530124","0","0","100","24.471103111751059345","36.298756899448044067","122.00645296594447586","174561.80066489829915","128807.53484694841609","1800.8328827084847035","0","100","3500","0","27.400732897695590395","0","0","174495.80678912997246","0","0","70.238292239781472404","72.452803550161320345","997","70663.442432542258757","0.78116227547646399643","0.58587420632662956521","230909.57159175627748","5.6634239974850819621","21.8725437133409919","27.547196449838683208","64619843.458981774747","14544.253549519027729","66695703.82894653827","14667.281070775532498","60325.49481318971084","226.05056751195243692","0","0","121.02707375639931797","6713.5018103549764419","0","0","0","0","0","4.0008950002115470923","3.0006712501586605413","0","0","0","0","0","0","0","0","0","0","0","0","0","72.016110003807852991","73845.51924265458365","63858637.177136525512","14320.203429507180772","14320.203429507180772","0","0","0","0","0","0","0","0","0"
"05/14/2026 15:43:55.326","464.46393334234045369","7.8722700566498389207","7.8722700566498389207","0","1000000000","464.46393334234045369","0","5.9042025424873791906","44919","0","0","0","0","0","0","0","0","0","0","0","0","0","1","25.540963374079556303","0.25540963374079556081","0","0","25.540963374079556303","0.25540963374079556081","1.5096205993599069576e-005","0","1.5096205993599069576e-005","16910.620115440935479","0","16910.620115440935479","95331804.866499572992","0","95331804.866499572992","5637.3926098341580655","0","5637.3926098341580655","76.361355165554130053","0","0","100","24.502899861071295362","34.574882887196821457","121.99268105632863524","178499.05050240331911","128436.90723013808019","1778.9850767075329259","0","100","3500","0","24.767700053813289429","0","0","178579.77921092021279","0","0","71.66103100594624209","75.232290101091408019","1797","75609.327001183468383","0.52878991373924399966","1.0095062271212291716","237808.06985829258338","5.2878991373924399966","19.469059917446905672","24.767709898908595534","70709473.578349202871","15790.78969988249446","73075102.538777559996","15949.219134772572943","65678.349082629603799","246.00843927030746272","0","0","159.41346864715922038","6774.0883837471856168","0","0","0","0","0","4.9201687854061493255","3.9361350283249194604","0","0","0","0","0","0","0","0","0","0","0","0","0","13.776472599137218111","74506.115917405317305","69866459.730927765369","15542.813193098025295","15542.813193098025295","0","0","0","0","0","0","0","0","0"
"05/14/2026 15:43:56.326","472.32746463122884961","8.0055502479869300458","8.0055502479869300458","0","1000000000","472.32746463122884961","0","6.0041626859901970903","44921","0","0","0","0","0","0","0","0","0","0","0","0","0","0","40.75869920986255579","0.40758699209862558899","0","0","40.75869920986255579","0.40758699209862558899","1.4735737278020905749e-005","0","1.4735737278020905749e-005","27668.18235082382671","0","27668.18235082382671","138126867.35713869333","0","138126867.35713869333","4992.2638793446421914","0","4992.2638793446421914","64.817660551720678086","0","0","100","26.995506880539366534","39.985142452855860995","122.00738052440310355","205036.43111341333133","104937.02868742466671","1796.6960400459138327","0","100","3500","0","29.464744732175283559","0","0","204954.39933430211386","0","0","67.228588643841320049","70.535265271717236146","880","104076.31916604492289","0.43962105655310484975","1.1723361559982987679","296311.79118790623033","6.1547348073135257351","23.300086063487302823","29.464734728282770959","108852331.32130506635","26006.029980585539306","113229125.75288447738","26382.290842240927304","107822.75351501196565","403.27959374234154666","0","0","374.25947409338897387","6531.5283085763358031","0","0","0","0","0","5.0034689049918306125","4.0027751239934650229","0","0","0","0","0","0","0","0","0","0","0","0","0","43.029832582929742557","71805.782949318760075","107488025.44804312289","25605.752468186194164","25605.752468186194164","0","0","0","0","0","0","0","0","0"
"05/14/2026 15:43:57.310","479.3253374013701773","8.1241582610401721354","8.1241582610401721354","0","1000000000","479.3253374013701773","0","6.0931186957801299897","44923","0","0","0","0","0","0","0","0","0","0","0","0","0","0","30.466167047253328803","0.30466167047253328581","0","0","30.466167047253328803","0.30466167047253328581","1.4626180843285400024e-005","0","1.4626180843285400024e-005","20833.38834065489209","0","20833.38834065489209","100703166.20788867772","0","100703166.20788867772","4833.7392152083839392","0","4833.7392152083839392","72.087242850165949903","0","0","100","25.501274241468760096","36.756748278798831109","122.00966736078892438","185184.71487049819552","120746.19034558421117","1807.250028825587151","0","100","3500","0","27.331234265371250558","0","0","185215.19126221531769","0","0","69.892918683093213872","72.668765734628749442","952","86895.303943594291923","0.54563644243129694189","1.1904730461022210442","258871.55064388996107","7.0932635928601879272","20.28772821370426982","27.331234265371250558","87828906.039438322186","20624.191265433109947","91178728.028975620866","20889.241928699542768","85742.366287017983268","320.90425131108685264","0","0","263.01962370117558976","6354.107279916045627","0","0","0","0","0","0","0","0","0","0","0","0","0","0","0","0","0","0","0","0","1020.597381543171764","69855.574807553930441","86751971.682433962822","20305.318053687282372","20305.318053687282372","0","0","0","0","0","0","0","0","0"
"05/14/2026 15:43:58.326","527.38957411815988507","9.8393577260850726418","9.8393577260850726418","0","1000000000","527.38957411815988507","0","6.8875504082595506716","44926","0","0","0","0","0","0","0","0","0","0","0","0","0","0","20.824208830489443045","0.20824208830489443489","0","0","20.824208830489443045","0.20824208830489443489","1.5557219605534295428e-005","0","1.5557219605534295428e-005","13369.719278204396687","0","13369.719278204396687","79608558.863711625338","0","79608558.863711625338","5954.3926994406829181","0","5954.3926994406829181","80.249394211819293332","0","0","100","25.18967192946806577","35.026510909168237617","121.98676379434238015","164614.56814361963188","138616.61463939718669","1729.9658240673002183","0","100","3500","0","24.519851355814015648","0","0","164694.32183272007387","0","0","71.320123973866941469","75.480148644185987905","1090","64242.088877117283118","0.48076402371170545713","0.96153789349582241552","215575.20625190151623","5.6730312335139823077","18.845993052217462349","24.519851355814015648","58262843.68261577934","12527.470256851514932","59990186.224604010582","12616.024476386281094","51959.680279910055106","194.81928297648443049","0","0","87.570283762157146157","6652.3897586061175389","0","0","0","0","0","0","0","0","0","0","0","0","0","0","0","0","0","0","0","0","123.97590734867192452","73089.700996677740477","57595601.413522139192","12331.667038102421429","12331.667038102421429","0","0","0","0","0","0","0","0","0"
"05/14/2026 15:43:59.310","65.063382917730805843","2.0332307161790876826","2.0332307161790876826","0","1000000000","65.063382917730805843","0","1.0166153580895438413","44927","0","0","0","0","0","0","0","0","0","0","0","0","0","0","28.176254987850370526","0.28176254987850368749","0","0","28.176254987850370526","0.28176254987850368749","1.5369025322768328231e-005","0","1.5369025322768328231e-005","18346.857367442000395","0","18346.857367442000395","95989830.593249961734","0","95989830.593249961734","5231.9494652850889906","0","5231.9494652850889906","74.097056863525907033","0","0","100","26.96529378301503499","38.662735473384799434","122.01748373725143892","179834.40971892073867","121503.95855577965267","1823.4353807008005788","0","100","3500","0","27.580618290274607318","0","0","179813.07704872870818","0","0","68.26400458353990075","72.32017326430934645","1655","76690.94934039383952","0.94243959723362236147","0.99204381994164925196","243332.6263076926989","6.4979093694381910851","21.180190411949713081","27.679826735690660655","74285690.467868760228","17230.613704259678343","76949942.469736889005","17422.754006938605016","71667.316283880485571","268.38645453563958654","0","0","198.23999482746106082","6585.6342897040658499","0","0","0","0","0","8.1329228647163507304","6.0996921485372634919","0","0","0","0","0","0","0","0","0","0","0","0","0","78.27938257289487467","72457.226417116064113","73358183.47914648056","16958.160788291683275","16958.160788291683275","0","0","0","0","0","0","0","0","0"
"05/14/2026 15:44:00.310","544.15481204402658477","1.0002845809632840979","1.0002845809632840979","0","1000000000","544.15481204402658477","0","1.0002845809632840979","44927","0","0","0","0","0","0","0","0","0","0","0","0","0","1","42.248007364745497227","0.42248007364745499004","0","0","42.248007364745497227","0.42248007364745499004","1.4822411675963934353e-005","0","1.4822411675963934353e-005","28511.111411196485278","0","28511.111411196485278","144724182.02978748083","0","144724182.02978748083","5076.0624495667125302","0","5076.0624495667125302","63.096633084915175971","0","0","100","28.750522874457324463","42.123102329771761276","121.99963849055903609","204615.14323060025345","102377.59820547155687","1838.0012866009005847","0","100","3500","0","29.44388211527234489","0","0","204612.14322850026656","0","0","65.466725546230946975","70.507288246066977422","1142","104654.07325785128342","0.63476530273675979554","1.3671798828688666028","297992.20859454601305","7.4218150785684180448","22.070156680840561592","29.492711753933022578","110603862.79896630347","26724.603149596059666","114984297.03250575066","27078.703891257064242","110727.50197431170091","414.11781651879960009","0","0","346.09846501329627699","6551.8640053095105031","0","0","0","0","0","1.0002845809632840979","1.0002845809632840979","0","0","0","0","0","0","0","0","0","0","0","0","0","103.0293118392182663","72021.490113937412389","109222241.72777155042","26317.487325144003989","26318.487609724968934","0","0","0","0","0","0","0","0","0"
"05/14/2026 15:44:01.310","256.08686466449421459","8.0027145207654442061","8.0027145207654442061","0","1000000000","256.08686466449421459","0","4.001357260382722103","44931","0","0","0","0","0","0","0","0","0","0","0","0","0","0","21.726800948473929509","0.21726800948473928843","0","0","21.726800948473929509","0.21726800948473928843","1.4926449574058808206e-005","0","1.4926449574058808206e-005","14560.939070532724145","0","14560.939070532724145","75043694.821283385158","0","75043694.821283385158","5153.7675185490516014","0","5153.7675185490516014","78.848945366749660479","0","0","100","24.39843903750245957","33.7877180603488938","122.01675199648664716","176705.16549790868885","130979.26667723381252","1768.9616135329863482","0","100","3500","0","24.805171246904023974","0","0","176564.16855754228891","0","0","72.300077279505416072","75.24366844052198644","919","71161.455796409223694","0.68358562505199971238","0.63475593756199955031","231691.97228420141619","5.3222359376899985861","19.384635938329992655","24.756331559478017112","65015937.405968099833","14377.876975870214665","67090485.092543385923","14502.91939025717511","59796.2828991593924","224.07600658143240935","0","0","124.04207507186437454","6887.3361844337596267","0","0","0","0","0","0","0","0","0","0","0","0","0","0","0","0","0","0","0","0","0","75736.689885209067143","64259364.776532195508","14154.801308603879079","14154.801308603879079","0","0","0","0","0","0","0","0","0"
"05/14/2026 15:44:02.326","252.02878247454853522","7.8758994523296417256","7.8758994523296417256","0","1000000000","252.02878247454853522","0","3.9379497261648208628","44935","0","0","0","0","0","0","0","0","0","0","0","0","0","1","28.035657142407028886","0.28035657142407027775","0","0","28.035657142407028886","0.28035657142407027775","1.4977376255851876179e-005","0","1.4977376255851876179e-005","18716.090561029850505","0","18716.090561029850505","98646081.690798088908","0","98646081.690798088908","5270.6563568460369424","0","5270.6563568460369424","74.182944948735595858","0","0","100","23.176243176608664953","35.09741557899380382","121.99135424594679478","176625.82465656416025","129030.20400200657605","1775.2971973541671105","0","100","3500","0","27.210966338688702848","0","0","176732.16525407621521","0","0","71.233319253222433076","72.740954513364783907","1124","78921.462151707455632","0.43270248528726867887","0.91347427228965250023","240990.44057106474065","4.9519553138633956024","22.355947172999272254","27.259045486635212541","76480410.176843479276","17640.045798355313309","79205148.47547198832","17833.989822368930618","73360.065448724446469","274.67199339999626773","0","0","193.9440240136174225","6334.1921345361142812","0","0","0","0","0","3.9379497261648208628","2.9534622946236157581","0","0","0","0","0","0","0","0","0","0","0","0","0","810.23315615841192994","69616.059746573242592","75548147.834570661187","17365.37380495531761","17365.37380495531761","0","0","0","0","0","0","0","0","0"
"05/14/2026 15:44:03.310","195.00524533640384561","6.0939139167626201754","6.0939139167626201754","0","1000000000","195.00524533640384561","0","3.0469569583813100877","44938","0","0","0","0","0","0","0","0","0","0","0","0","0","1","23.32049759301932923","0.2332049759301932923","0","0","23.32049759301932923","0.2332049759301932923","1.5281846624950072485e-005","0","1.5281846624950072485e-005","15257.129142934680203","0","15257.129142934680203","85881350.074127390981","0","85881350.074127390981","5628.9324990014647483","0","5628.9324990014647483","77.88188545396992879","0","0","100","24.837970321972466792","34.511308856274482082","122.00118929974949822","172316.88664246490225","133164.21006100255181","1794.9675691923428076","0","100","3500","0","24.604078396825311614","0","0","172288.44346649580984","0","0","71.735328023496464311","75.395921603174684833","959","70417.177077766391449","0.8432356061661939739","1.0912478712636131117","228700.4038626239344","5.7043024144574063783","18.799378455704605528","24.604078396825311614","63743623.353868804872","14276.009002335898913","65792754.722300849855","14393.824671393309472","59350.658939990084036","222.42785796183565594","0","0","115.78436441848978689","6696.1957422026598579","0","0","0","0","0","6.0939139167626201754","5.0782615973021840716","0","0","0","0","0","0","0","0","0","0","0","0","0","95.471318029281050599","73634.793160881657968","62996574.509422153234","14055.612449012984143","14055.612449012984143","0","0","0","0","0","0","0","0","0"
"05/14/2026 15:44:04.310","127.97668264842145902","3.9992713327631705944","3.9992713327631705944","0","1000000000","127.97668264842145902","0","1.9996356663815852972","44940","0","0","0","0","0","0","0","0","0","0","0","0","0","0","21.377633970799095664","0.21377633970799095331","0","0","21.377633970799095664","0.21377633970799095331","1.5924251452405777715e-005","0","1.5924251452405777715e-005","13423.554228419581705","0","13423.554228419581705","91774638.66083599627","0","91774638.66083599627","6836.8359898704011357","0","6836.8359898704011357","80.352382647439370089","0","0","100","25.337370715514136776","34.934892612886450536","122.00267605240370017","160355.35955567256315","142430.03142889213632","1779.8375008361736036","0","100","3500","0","24.812649859114934259","0","0","160379.35736467261449","0","0","71.35864598352574717","75.138515317376359803","776","61252.407655181079463","0.63470272151151985174","0.58587789694292402576","208207.9906104572583","6.0052234463146909604","18.894477185418345755","24.861484682623647302","54542714.317451357841","11324.936596552108313","56022704.663210362196","11385.925484376746681","47171.405369941596291","176.96775647477028315","0","0","59.989069991447557584","6453.8241132465664123","0","0","0","0","0","8.9983604987171332823","6.9987248323355482071","0","0","0","0","0","0","0","0","0","0","0","0","0","95.982511986316097818","71017.06069154200668","53942683.643040239811","11147.968840077337518","11147.968840077337518","0","0","0","0","0","0","0","0","0"
"05/14/2026 15:44:05.310","191.98489078909489081","5.9995278371592153377","5.9995278371592153377","0","1000000000","191.98489078909489081","0","2.9997639185796076688","44943","0","0","0","0","0","0","0","0","0","0","0","0","0","1","17.23677567835294866","0.17236775678352950214","0","0","17.23677567835294866","0.17236775678352950214","1.5547141053391052591e-005","0","1.5547141053391052591e-005","11087.127443070230584","0","11087.127443070230584","61480217.506882205606","0","61480217.506882205606","5545.1890331890335801","0","5545.1890331890335801","83.083669104765391467","0","0","100","25.637575519096312604","34.640593883613014725","122.01020879579027678","161642.86367069615517","141783.30312347275321","1757.8027745286979098","0","100","3500","0","25.252354766211194459","0","0","161610.86726069333963","0","0","71.60575052801696927","74.601181330171812078","1127","58948.385991091796313","0.82998878423261279735","0.63470024644291589411","207057.76811841712333","6.2004885663065625323","19.187351310091020906","25.398818669828180816","55278845.55485483259","11042.130984291536151","56715568.484760247171","11100.126420050743036","46104.371585956185299","172.98638597142405615","0","0","56.995514453012546596","6616.4792830804217374","0","0","0","0","0","0","0","0","0","0","0","0","0","0","0","0","0","0","0","0","21.998268736250455646","72752.274396005028393","54701870.962755233049","10871.144440932499492","10871.144440932499492","0","0","0","0","0","0","0","0","0"
"05/14/2026 15:44:06.326","126.07051596722482145","3.9397036239757756704","3.9397036239757756704","0","1000000000","126.07051596722482145","0","1.9698518119878878352","44945","0","0","0","0","0","0","0","0","0","0","0","0","0","0","24.055171231932305886","0.2405517123193230411","0","0","24.055171231932305886","0.2405517123193230411","1.5206306811106961449e-005","0","1.5206306811106961449e-005","15819.879902074726488","0","15819.879902074726488","86982604.632618695498","0","86982604.632618695498","5498.3100485618233506","0","5498.3100485618233506","77.193720773567292781","0","0","100","25.500816460344932324","36.028837757665741037","122.00612275401155671","181230.96808912768029","124403.66982946950884","1748.1928610303878031","0","100","3500","0","25.700892698857924046","0","0","181249.68113947109669","0","0","70.460393874809426507","74.25101541540438177","1183","72285.558784486915101","0.43280727395927304224","0.91370643365624393262","235811.0265565761365","5.3860843769820787585","20.438263531321279487","25.748984584595625336","65767194.245511300862","14887.155069098462263","67884339.756888762116","15007.316029629722834","62042.452670370512351","232.44251381457075922","0","0","120.16096053126115351","6842.2802689399277369","0","0","0","0","0","11.819110871927327011","9.8492590599394382878","0","0","0","0","0","0","0","0","0","0","0","0","0","32.502554897800145284","75230.610551629419206","64975735.365379929543","14653.727629377897756","14653.727629377897756","0","0","0","0","0","0","0","0","0"
"05/14/2026 15:44:07.310","130.01840573056122707","4.0630751790800383461","4.0630751790800383461","0","1000000000","130.01840573056122707","0","2.031537589540019173","44947","0","0","0","0","0","0","0","0","0","0","0","0","0","0","25.085871100499158359","0.25085871100499157471","0","0","25.085871100499158359","0.25085871100499157471","1.5116362634671889827e-005","0","1.5116362634671889827e-005","16593.599031362875394","0","16593.599031362875394","90858942.219007879496","0","90858942.219007879496","5475.541625857003055","0","5475.541625857003055","76.515935270683428371","0","0","100","23.445429737465278919","35.426720908347704153","121.99583072170487696","177452.29652723492472","127956.49538354102697","1753.3727791415685715","0","100","3500","0","27.778320701385961655","0","0","177480.74058158948901","0","0","70.965165569802962864","72.221679298614034792","1317","74006.350135134649463","0.59523616025642067662","0.94245894684829800703","236480.82032652758062","5.3571051250002037492","22.42046383600519377","27.778320701385961655","69000134.081480905414","15673.312503301247489","71158130.822894617915","15786.062839520718626","65074.212068145898229","243.78451074480230432","0","0","111.73456742470105496","6627.8913858743126184","0","0","0","0","0","5.0788439738500477105","4.0630751790800383461","0","0","0","0","0","0","0","0","0","0","0","0","0","865.43501314404818459","72877.347949569113553","68179571.670614615083","15431.559530145985264","15431.559530145985264","0","0","0","0","0","0","0","0","0"
"05/14/2026 15:44:08.310","192.0697213088351134","6.0021787909010972939","6.0021787909010972939","0","1000000000","192.0697213088351134","0","3.0010893954505486469","44950","0","0","0","0","0","0","0","0","0","0","0","0","0","0","31.62554008852616505","0.3162554008852616616","0","0","31.62554008852616505","0.3162554008852616616","1.5180473287572600992e-005","0","1.5180473287572600992e-005","20840.565125140426971","0","20840.565125140426971","122453410.58804346621","0","122453410.58804346621","5875.7240915854654304","0","5875.7240915854654304","71.423405704470837918","0","0","100","25.452259079279386356","37.155654618563858094","122.0071724326369349","193472.34337271028198","115038.21777878870489","1793.9660940408227816","0","100","3500","0","27.929553066150823781","0","0","193403.34467678560759","0","0","69.53868212349603084","72.119277026626349425","1096","84606.400939022263628","0.53711102051093895238","1.1718722265572305563","261733.05324529367499","5.5664105761800950489","22.216842212000205592","27.880722973373650575","79351768.692035213113","18685.782939206932497","82152029.186594739556","18872.85084485668267","77492.129643060427043","290.10530822688633634","0","0","185.067179386117175","6800.4685700909431034","0","0","0","0","0","5.0018156590842473008","4.0014525272673981959","0","0","0","0","0","0","0","0","0","0","0","0","0","103.03740257713549511","74771.141924518597079","78372641.268780574203","18397.678357243679784","18397.678357243679784","0","0","0","0","0","0","0","0","0"
"05/14/2026 15:44:09.310","63.973048154812381938","1.9991577548378869356","1.9991577548378869356","0","1000000000","63.973048154812381938","0","0.99957887741894346778","44951","0","0","0","0","0","0","0","0","0","0","0","0","0","2","21.553041189248066445","0.21553041189248065002","0","0","21.553041189248066445","0.21553041189248065002","1.4920962270681896767e-005","0","1.4920962270681896767e-005","14438.916884316637152","0","14438.916884316637152","66740778.110182181001","0","66740778.110182181001","4622.2842506057459104","0","4622.2842506057459104","79.104450000369993745","0","0","100","26.591805846430016658","35.149795770129799166","121.98684846028723427","176784.93696016588365","128840.40564004819316","1793.009502950365686","0","100","3500","0","23.731491998007225419","0","0","176850.93730996773229","0","0","71.188696071472648441","76.219688656171996399","994","69530.368510953107034","0.39061476576213877143","0.97654691427134876491","231584.22739640518557","6.5428823253768406687","17.333747727780448145","23.780311343827996495","64294532.71336786449","14434.918568806962867","66259828.734154306352","14531.877719916599744","60018.714115743037837","224.90524741926228103","0","0","96.959151109637517152","6692.1805843198262664","0","0","0","0","0","0","0","0","0","0","0","0","0","0","0","0","0","0","0","0","88.962520090285963192","73579.001166808433481","63526772.170884408057","14210.013321387699762","14210.013321387699762","0","0","0","0","0","0","0","0","0"
"05/14/2026 15:44:10.310","63.989883199466170538","1.9996838499833178293","1.9996838499833178293","0","1000000000","63.989883199466170538","0","0.99984192499165891466","44952","0","0","0","0","0","0","0","0","0","0","0","0","0","0","23.493348866394839547","0.23493348866394839214","0","0","23.493348866394839547","0.23493348866394839214","1.5443213041477682522e-005","0","1.5443213041477682522e-005","15210.595204898107113","0","15210.595204898107113","86133454.300875037909","0","86133454.300875037909","5662.7274041937816946","0","5662.7274041937816946","77.922216361213685332","0","0","100","27.348427852083208478","36.342603600475541725","122.01372107641145703","175267.26680721700541","128205.78457219159463","1794.961767314356166","0","100","3500","0","24.561860167447068903","0","0","175276.26661552107544","0","0","70.227631016457209512","75.389300687237977172","1029","68460.541790459858021","0.92772376483411544967","1.025372055989020037","229464.11241440556478","6.2987197724039827307","18.310229570982507141","24.610699312762029933","62746507.777120441198","14116.768138957231713","64745811.687172263861","14230.750118406280308","58962.678000608109869","220.96506542315660226","0","0","111.98229559906579311","6535.9666636704741904","0","0","0","0","0","0","0","0","0","0","0","0","0","0","0","0","0","0","0","0","3.9993676999666356586","71883.635197275318205","62011827.930004268885","13897.802757384059078","13897.802757384059078","0","0","0","0","0","0","0","0","0"
"05/14/2026 15:44:11.310","64.043216362401352626","2.0013505113250422696","2.0013505113250422696","0","1000000000","64.043216362401352626","0","1.0006752556625211348","44953","0","0","0","0","0","0","0","0","0","0","0","0","0","0","19.576304660648734313","0.19576304660648732869","0","0","19.576304660648734313","0.19576304660648732869","1.5871996108318470517e-005","0","1.5871996108318470517e-005","12342.328603341535199","0","12342.328603341535199","77991316.54040145874","0","77991316.54040145874","6319.0115128911947977","0","6319.0115128911947977","81.420184377971835943","0","0","100","26.029602205365900858","34.501173560568368259","122.01109658727598628","161054.69691783408052","142509.10468242585193","1790.9743890662364265","0","100","3500","0","23.926616807215118854","0","0","160968.69814761649468","0","0","71.704751247736282949","75.975724267033058368","756","60131.140124696219573","0.53710409185498952933","0.63476301760680631237","206974.0402712241339","5.8104860846530685947","18.212689660413737158","24.024275732966938079","55477684.341393567622","11077.475080184107355","56905695.963636256754","11133.512894501209303","46139.134688087520772","173.11681922961614077","0","0","56.037814317101179995","6601.4546616056513813","0","0","0","0","0","0","0","0","0","0","0","0","0","0","0","0","0","0","0","0","16.010804090600338156","72573.972916924336459","54886573.459770649672","10904.358260954491925","10904.358260954491925","0","0","0","0","0","0","0","0","0"
"05/14/2026 15:44:12.310","63.938152624965880477","1.9980672695301837649","1.9980672695301837649","0","1000000000","63.938152624965880477","0","0.99903363476509188246","44954","0","0","0","0","0","0","0","0","0","0","0","0","0","0","29.716721188223342409","0.29716721188223343963","0","0","29.716721188223342409","0.29716721188223343963","1.5353654630921017904e-005","0","1.5353654630921017904e-005","19340.292135417414102","0","19340.292135417414102","117777146.16651314497","0","117777146.16651314497","6089.7294281729427894","0","6089.7294281729427894","74.017012325337731227","0","0","100","23.311365312118638826","35.474011838900111115","121.98820896096968625","175120.05693068960682","129589.38347564038122","1772.5855694938525176","0","100","3500","0","27.798805458021071502","0","0","175240.02888124756282","0","0","70.931868716357271865","72.201204539819400452","1238","76962.00628293104819","0.58580346645124659055","1.0251685635902645366","237406.4943616182718","5.2723011829444841325","22.504908939669032719","27.798795460180603101","77588144.987353742123","17088.470322656896315","80325724.926278814673","17303.262554131390061","70963.357144634006545","265.74294684751441764","0","0","212.79416420496457363","6119.0810129361871077","0","0","0","0","0","9.9903363476509188246","7.9922690781207350597","0","0","0","0","0","0","0","0","0","0","0","0","0","967.06455845260893511","67261.937527829344617","76676678.648743078113","16819.730274905086844","16822.727375809379737","0","0","0","0","0","0","0","0","0"
"05/14/2026 15:44:13.326","63.057305888429169727","1.970540809013411554","1.970540809013411554","0","1000000000","63.057305888429169727","0","0.98527040450670577698","44955","0","0","0","0","0","0","0","0","0","0","0","0","0","0","27.486512243338818706","0.27486512243338817596","0","0","27.486512243338818706","0.27486512243338817596","1.4540409353679496703e-005","0","1.4540409353679496703e-005","18918.177036933255295","0","18918.177036933255295","84611806.416435584426","0","84611806.416435584426","4472.5137232435808983","0","4472.5137232435808983","73.599173407263307922","0","0","100","27.023019288815511629","36.84079165432627434","122.01050291921674784","198017.60874128254363","112798.40293557544646","1765.2453996306865065","0","100","3500","0","25.873484842518134741","0","0","197908.32695692169364","0","0","69.782148117227322359","74.126515157481861706","1087","83533.617636622904683","0.67300952215930121003","1.2979356840753897284","264027.74457755597541","6.3935313900462320547","19.469025416052989641","25.873484842518134741","80264635.748487278819","19005.866102934352966","83125892.531827688217","19200.94964302668086","78963.511298785422696","295.58112135201173487","0","0","194.09826968782104473","6790.4836278602160746","0","0","0","0","0","0","0","0","0","0","0","0","0","0","0","0","0","0","0","0","0","74690.393554439840955","79268582.544673651457","18712.255522391355044","18712.255522391355044","0","0","0","0","0","0","0","0","0"
"05/14/2026 15:44:14.310","260.01119266930942331","8.1253497709159194784","8.1253497709159194784","0","1000000000","260.01119266930942331","0","4.0626748854579597392","44959","0","0","0","0","0","0","0","0","0","0","0","0","0","0","24.551273543517794451","0.24551273543517793119","0","0","24.551273543517794451","0.24551273543517793119","1.5227797037503939151e-005","0","1.5227797037503939151e-005","16113.584264447632449","0","16113.584264447632449","89069434.160798639059","0","89069434.160798639059","5527.5991175543649661","0","5527.5991175543649661","76.942591102481642906","0","0","100","26.334912172016995413","35.596617285275499398","121.99959880086035469","183675.69681340586976","123405.2458599149104","1733.7003710484639214","0","100","3500","0","24.278107864265109583","0","0","183729.55737592966761","0","0","70.851911072376509537","75.82112810515090473","1013","73012.56556761309912","0.59545646615072767016","0.89318469922609156075","239367.51846299433964","5.3094648046143859688","18.905656419769471199","24.17887189484909527","65606974.800243355334","14802.355945166076708","67679239.629768431187","14916.110841958899982","61529.211140260798857","230.55679974973921276","0","0","112.73922807145838476","6830.3721511761950751","0","0","0","0","0","5.078343606822449452","4.0626748854579597392","0","0","0","0","0","0","0","0","0","0","0","0","0","20.313374427289797808","75055.887171393085737","64828070.645853579044","14572.814814137702342","14572.814814137702342","0","0","0","0","0","0","0","0","0"
"05/14/2026 15:44:15.310","191.88956755387272324","5.9965489860585226012","5.9965489860585226012","0","1000000000","191.88956755387272324","0","2.9982744930292613006","44962","0","0","0","0","0","0","0","0","0","0","0","0","0","0","24.806907124021634559","0.24806907124021634892","0","0","24.806907124021634559","0.24806907124021634892","1.5337690119945591126e-005","0","1.5337690119945591126e-005","16164.697216751757878","0","16164.697216751757878","90940303.855131372809","0","90940303.855131372809","5625.8587857054535561","0","5625.8587857054535561","77.137271490013617381","0","0","100","26.039713114622962564","37.370464820864626176","121.98993069518940047","178388.99135593653773","124437.48864999384386","1793.9094075749176227","0","100","3500","0","28.369927930792758985","0","0","178532.98408430375275","0","0","69.378706834224828981","71.532423143345425842","1618","70909.419074336750782","0.43944516610317280181","1.074198183819977892","234117.1770825573476","6.4452391023698734074","22.021247766274569813","28.467576856654574158","67991478.903890803456","15173.267784390081943","70244758.141689449549","15318.184384886497355","62955.76895496641373","235.86426011830189964","0","0","143.91717566540455664","6558.2257410860047457","0","0","0","0","0","8.99482347908778479","6.995973817068276368","0","0","0","0","0","0","0","0","0","0","0","0","0","41.975842902409659985","72168.467047214318882","67193074.385691031814","14938.402949102790444","14938.402949102790444","0","0","0","0","0","0","0","0","0"
"05/14/2026 15:44:16.310","128.10389225662012791","4.0032466330193789972","4.0032466330193789972","0","1000000000","128.10389225662012791","0","2.0016233165096894986","44964","0","0","0","0","0","0","0","0","0","0","0","0","0","0","39.39191910121258644","0.39391919101212585774","0","0","39.39191910121258644","0.39391919101212585774","1.5166565279328534142e-005","0","1.5166565279328534142e-005","25994.081199853080761","0","25994.081199853080761","149518763.71737480164","0","149518763.71737480164","5752.0311092288147847","0","5752.0311092288147847","66.352111604230827879","0","0","100","30.283743673686213782","41.048388000044802482","122.01673936724336045","198503.93037782149622","106982.15074029652169","1844.0365119229361426","0","100","3500","0","27.637089050845840887","0","0","198253.92542772347224","0","0","66.340951661146533525","72.265251447217622172","620","93170.844782726693666","0.73241626467705012171","1.1230442724742102367","280413.55218833335675","7.9589394094090115672","19.726459395057087676","27.734748552782384934","102045498.89960758388","23780.285811793364701","106198350.86254952848","24158.592618613696686","98716.058723624853883","369.2995018960376683","0","0","377.30599516207644228","6318.1239985628344584","0","0","0","0","0","0","0","0","0","0","0","0","0","0","0","0","0","0","0","0","166.13473527030421906","69398.282006707435357","100798291.41433702409","23412.987933213837096","23412.987933213837096","0","0","0","0","0","0","0","0","0"
"05/14/2026 15:44:17.310","127.98000952251258866","3.9993752975785183956","3.9993752975785183956","0","1000000000","127.98000952251258866","0","1.9996876487892591978","44966","0","0","0","0","0","0","0","0","0","0","0","0","0","0","26.471621357461355473","0.26471621357461355695","0","0","26.471621357461355473","0.26471621357461355695","1.4613888275557518665e-005","0","1.4613888275557518665e-005","18113.170722733109869","0","18113.170722733109869","78049376.687361434102","0","78049376.687361434102","4308.9847648487520928","0","4308.9847648487520928","75.228262505255671044","0","0","100","27.200739152694229261","37.152094265966979947","122.00357773294666686","184574.05940142620238","120547.17103766533546","1773.827583958839341","0","100","3500","0","23.689995945443975245","0","0","184695.04764136928134","0","0","69.532266216849265561","76.212364746060302423","1097","77323.484157339917147","0.78116446249135718105","0.82998911619177695442","246449.04515281115891","5.272862621542941497","18.503833830195592469","23.787635253939697577","79017477.470019191504","18398.126212685579958","81888409.030509442091","18609.093259632845729","76380.069433154552826","285.95533377686405174","0","0","210.96704694726685148","6247.0242148176457704","0","0","0","0","0","0","0","0","0","0","0","0","0","0","0","0","0","0","0","0","872.86365869651160665","68718.266206818501814","78041185.966751992702","18111.171035084320465","18111.171035084320465","0","0","0","0","0","0","0","0","0"
"05/14/2026 15:44:18.326","125.93402709864137989","3.9354383468325431217","3.9354383468325431217","0","1000000000","125.93402709864137989","0","1.9677191734162715608","44968","0","0","0","0","0","0","0","0","0","0","0","0","0","0","24.013936382204878583","0.24013936382204878472","0","0","24.013936382204878583","0.24013936382204878472","1.5042504778935685686e-005","0","1.5042504778935685686e-005","15955.250917645838854","0","15955.250917645838854","84885579.097785025835","0","84885579.097785025835","5320.2284022938893031","0","5320.2284022938893031","77.287502705876192977","0","0","100","25.684245838563512621","35.938571858310353946","122.00600966679498072","185807.01456130764564","121488.86434662851389","1779.7908489809074126","0","100","3500","0","24.102955894734702014","0","0","185867.06281450888491","0","0","70.566751000423593609","75.897044105265294434","1390","72990.128362492992892","0.43259565167785979378","0.91325967443645661437","238629.78942652640399","4.1337224085531971696","19.995674535684440087","24.102955894734702014","67659917.521083131433","15357.064288927291273","69891621.96336658299","15499.723928999970667","63821.003670583355415","239.07787957007698765","0","0","140.69192089926340827","6679.4227341615342084","0","0","0","0","0","12.790174627205765034","9.8385958670813575822","0","0","0","0","0","0","0","0","0","0","0","0","0","62.967013549320689947","73494.31112709773879","66859886.194993890822","15120.937988117339046","15120.937988117339046","0","0","0","0","0","0","0","0","0"
"05/14/2026 15:44:19.326","192.09291534315147487","6.0029036044734835897","6.0029036044734835897","0","1000000000","192.09291534315147487","0","3.0014518022367417949","44971","0","0","0","0","0","0","0","0","0","0","0","0","0","0","30.912185025815574591","0.30912185025815575035","0","0","30.912185025815574591","0.30912185025815575035","1.5042410670820755575e-005","0","1.5042410670820755575e-005","20551.940973849050351","0","20551.940973849050351","103002782.44586905837","0","103002782.44586905837","5011.8274754162202953","0","5011.8274754162202953","71.584199312991856345","0","0","100","27.411278679288166416","37.826035527583655949","121.99562234462679555","209796.58286747938837","105227.49524340873177","1767.6789654906449414","0","100","3500","0","25.459186720577044127","0","0","209859.60707507753978","0","0","68.990396951930350156","74.540803275518427995","1276","85425.812054410096607","0.83040410672285380755","1.1234884975605978763","267875.89112978294725","5.9593559366220638651","19.538876023311900099","25.459196724481568452","81349576.790293470025","19324.347186734223214","84406587.466357469559","19556.459459440531646","80182.784412820474245","300.14518022367417416","0","0","231.11178877222911865","6790.2844605935888467","0","0","0","0","0","0","0","0","0","0","0","0","0","0","0","0","0","0","0","0","0","74655.110677034477703","80328646.966537714005","19024.202006510549836","19024.202006510549836","0","0","0","0","0","0","0","0","0"
"05/14/2026 15:44:20.310","65.041450204824670323","2.0325453189007709476","2.0325453189007709476","0","1000000000","65.041450204824670323","0","1.0162726594503854738","44972","0","0","0","0","0","0","0","0","0","0","0","0","0","0","31.317465133924311971","0.31317465133924310416","0","0","31.317465133924311971","0.31317465133924310416","1.5350565154608374269e-005","0","1.5350565154608374269e-005","20409.803819742090127","0","20409.803819742090127","127768465.44556085765","0","127768465.44556085765","6260.151570980431643","0","6260.151570980431643","71.826630167512178105","0","0","100","26.178391012346320821","36.655679697810953144","122.0093432157541713","201990.04469727750984","110838.05217601232289","1787.8911011783827689","0","100","3500","0","26.439470367429272812","0","0","201853.92117025598418","0","0","69.9517598800716911","73.560529632570720082","933","81420.154408776914352","0.49602387513623946713","0.89284907040221228591","256827.50914262494189","5.6050860427914557249","20.833053548696899071","26.439470367429272812","76485066.533846601844","17728.876544111975818","79323658.349863857031","17947.375165893809026","73822.045982476003701","276.42616337050486663","0","0","217.48234912238248739","6762.2782759828651251","0","0","0","0","0","6.0976359567023132868","5.081363297251927591","0","0","0","0","0","0","0","0","0","0","0","0","0","46.748542334717733127","74390.142399108764948","75552148.557924345136","17453.466653400919313","17453.466653400919313","0","0","0","0","0","0","0","0","0"
"05/14/2026 15:44:21.310","0","0","0","0","1000000000","0","0","0","44972","0","0","0","0","0","0","0","0","0","0","0","0","0","0","16.263208193092086873","0.16263208193092085208","0","0","16.263208193092086873","0.16263208193092085208","1.5407104964001513704e-005","0","1.5407104964001513704e-005","10558.243626770688934","0","10558.243626770688934","54213888.451295897365","0","54213888.451295897365","5134.7449791587723666","0","5134.7449791587723666","83.916055944970608493","0","0","100","24.970338264422878183","34.650039839107606099","122.01507648102763426","164964.77690171130234","138895.11482406576397","1768.9547147593020782","0","100","3500","0","25.686030066816812223","0","0","164908.77833527460461","0","0","71.588579053464954427","74.313979932856199184","663","57314.532747961646237","0.53709243707730758288","0.83005285727156719044","202289.82138057265547","4.9803071439563924017","20.653624626474716308","25.686020067143800816","54782433.267069250345","10726.279334358550841","56108771.113861694932","10768.288261255516773","44777.515221984671371","168.03570758786241868","0","0","42.008926896965604669","6560.3940837427953738","0","0","0","0","0","4.0008501806633907094","3.0006376354975432541","0","0","0","0","0","0","0","0","0","0","0","0","0","24.005101083980346033","72100.321318280126434","54213888.451295897365","10559.24383931585362","10559.24383931585362","0","0","0","0","0","0","0","0","0"
"05/14/2026 15:44:22.310","255.79252668160856388","7.9935164588002676211","7.9935164588002676211","0","1000000000","255.79252668160856388","0","3.9967582294001338106","44976","0","0","0","0","0","0","0","0","0","0","0","0","0","1","22.218221152322133349","0.22218221152322131795","0","0","22.218221152322133349","0.22218221152322131795","1.5259924450549450546e-005","0","1.5259924450549450546e-005","14548.199955016487365","0","14548.199955016487365","80138775.439241230488","0","80138775.439241230488","5508.5010989010988851","0","5508.5010989010988851","79.152324731055273332","0","0","100","25.737718870233649682","36.047164785589160374","121.9838730633059356","173412.76297535761842","130023.87275704597414","1764.9772317937099615","0","100","3500","0","26.416767907290548578","0","0","173491.76195627075504","0","0","70.4760140970548008","73.583222092812434312","1186","65604.153706417186186","0.63476346193634203274","1.0253794385917824883","219341.17049890058115","5.8593096491106138046","20.605257765845010454","26.416777907187562136","66567730.913456097245","14083.576810848720925","68635417.812612190843","14214.47064286157547","58388.640973306552041","218.82251305965732513","0","0","128.89545289815430351","6276.9087992729100733","0","0","0","0","0","0","0","0","0","0","0","0","0","0","0","0","0","0","0","0","907.26411807383033192","69026.013000855004066","65830764.66677878052","13865.753487346413749","13865.753487346413749","0","0","0","0","0","0","0","0","0"
"05/14/2026 15:44:23.310","256.09378154280096851","8.0029306732125302659","8.0029306732125302659","0","1000000000","256.09378154280096851","0","4.001465336606265133","44980","0","0","0","0","0","0","0","0","0","0","0","0","0","1","30.69739114505966171","0.30697391145059660378","0","0","30.69739114505966171","0.30697391145059660378","1.5082539916482435628e-005","0","1.5082539916482435628e-005","20362.456731655132899","0","20362.456731655132899","103990465.30839593709","0","103990465.30839593709","5106.9704740849911104","0","5106.9704740849911104","71.676987618058007001","0","0","100","28.707401991059114721","38.861944274665034982","122.00974019450249841","208720.1089736148424","104474.40447672524897","1809.82752343701668","0","100","3500","0","26.618785531390010135","0","0","208730.10802070563659","0","0","68.129728019633205349","73.18592431009010113","1327","84167.978791621164419","0.97646079158357512728","1.2694010288554682386","267792.47937671543332","6.8352455390532318447","19.968671183007806746","26.81407568990989887","81689382.651927128434","19342.083070820535795","84702153.928768709302","19567.165496004636225","80441.457661795750028","301.11026657962145237","0","0","226.0827915182539698","6814.4954682404695632","0","0","0","0","0","0","0","0","0","0","0","0","0","0","0","0","0","0","0","0","58.021247380790846648","74921.436229947401443","80667492.435729965568","19040.972804240911501","19040.972804240911501","0","0","0","0","0","0","0","0","0"
"05/14/2026 15:44:24.326","189.10193717206325914","5.9094355366269768481","5.9094355366269768481","0","1000000000","189.10193717206325914","0","2.9547177683134884241","44983","0","0","0","0","0","0","0","0","0","0","0","0","0","0","30.787953807566982078","0.3078795380756698119","0","0","30.787953807566982078","0.3078795380756698119","1.5377183749754082248e-005","0","1.5377183749754082248e-005","20025.107221783280693","0","20025.107221783280693","122796242.46571591496","0","122796242.46571591496","6132.1141058430057456","0","6132.1141058430057456","72.35866196746204082","0","0","100","26.79035147565573638","36.488851634006493896","121.99954693681875995","201153.78021415532567","111496.50082975567784","1758.7452524464138151","0","100","3500","0","25.086268612917294263","0","0","201113.40588305212441","0","0","70.095914193232630396","74.913731387082705737","1171","81277.467469859824632","0.38467106060024164327","1.1539934868945171953","255797.9755128697434","5.1449101961514180914","19.954554003925196071","25.086268612917294263","75335209.776097387075","17576.631097774170485","77999916.086015373468","17762.778317177919234","72863.340166610621964","272.81894060761209175","0","0","184.1774075582074488","6786.0018078933117067","0","0","0","0","0","4.9245296138558138921","3.939623691084650936","0","0","0","0","0","0","0","0","0","0","0","0","0","34.471707296990693692","74614.502897297745221","74410351.597625747323","17305.78196901209958","17305.78196901209958","0","0","0","0","0","0","0","0","0"
"05/14/2026 15:44:25.310","130.01680771966670136","4.0630252412395844175","4.0630252412395844175","0","1000000000","130.01680771966670136","0","2.0315126206197922087","44985","0","0","0","0","0","0","0","0","0","0","0","0","0","0","19.492719114290622429","0.19492719114290624205","0","0","19.492719114290622429","0.19492719114290624205","1.4907465817277813235e-005","0","1.4907465817277813235e-005","13074.815226308983256","0","13074.815226308983256","60951879.458979748189","0","60951879.458979748189","4661.7775015537599756","0","4661.7775015537599756","80.89886441994073607","0","0","100","24.285741915770586274","33.957672379045362732","122.00335766423357597","182389.21068866236601","126615.44673788332148","1756.3796758529692852","0","100","3500","0","25.102111592977415455","0","0","182373.97315532644279","0","0","72.163111994028525942","74.897888407022577439","1261","66375.711046795171569","0.24800561390277983675","0.84322315060383168372","224550.44959357942571","4.612910513593275752","20.435717440603191619","25.102111592977415455","61646526.758423998952","13279.998000991581648","63441246.267984345555","13364.305774747303076","55545.618072986355401","208.23004361352869296","0","0","82.276261135101577793","6770.0158082154575823","0","0","0","0","0","6.0945378618593766262","5.0787815515494800778","0","0","0","0","0","0","0","0","0","0","0","0","0","20.315126206197920311","74437.66968844011717","60951879.458979748189","13073.799469998672066","13073.799469998672066","0","0","0","0","0","0","0","0","0"
"05/14/2026 15:44:26.326","188.95595731878583479","5.9048736662120573371","5.9048736662120573371","0","1000000000","188.95595731878583479","0","2.9524368331060286685","44988","0","0","0","0","0","0","0","0","0","0","0","0","0","0","29.198062088373415435","0.29198062088373416545","0","0","29.198062088373415435","0.29198062088373416545","1.5199554211928675219e-005","0","1.5199554211928675219e-005","19206.585744965752383","0","19206.585744965752383","97156618.310344025493","0","97156618.310344025493","5058.5054314408689606","0","5058.5054314408689606","72.942489657351472943","0","0","100","28.32530308327585189","39.055654247260520151","122.00989339145066026","207412.08830959445913","104890.96676536461746","1801.2724070166943875","0","100","3500","0","27.137918713623555789","0","0","207411.10400773270521","0","0","68.004201039629350589","72.862091129487112084","1094","81215.73091549424862","0.43255549791867425879","0.81705692959911957463","263857.86287395475665","6.3441997993974039716","20.762811546756250181","27.137908870512895021","77723871.967379912734","18250.98035665043426","80535737.377988085151","18451.746061301644659","75708.35356572685123","283.43393597817873797","0","0","200.76570465120994413","6732.5401250927807268","0","0","0","0","0","4.9207280551767142995","3.9365824441413717061","0","0","0","0","0","0","0","0","0","0","0","0","0","14.762184165530143787","74013.654823523989762","76755421.510549351573","17965.578129450183042","17967.546420672253589","0","0","0","0","0","0","0","0","0"
"05/14/2026 15:44:27.310","130.05316227820222252","4.0641613211938194539","4.0641613211938194539","0","1000000000","130.05316227820222252","0","2.0320806605969097269","44990","0","0","0","0","0","0","0","0","0","0","0","0","0","0","29.590000217478479527","0.29590000217478479305","0","0","29.590000217478479527","0.29590000217478479305","1.5277149902932998945e-005","0","1.5277149902932998945e-005","19364.712655158251437","0","19364.712655158251437","98574054.455087929964","0","98574054.455087929964","5090.3959284327611385","0","5090.3959284327611385","73.072393708408512225","0","0","100","27.512079478382464259","39.752525975187396057","122.00325874321302422","187754.48979784717085","114902.49702284290106","1792.6772791671082814","0","100","3500","0","28.842321393764713378","0","0","187860.18052178900689","0","0","67.411499977540785267","71.05842102086025136","1208","77808.697960402758326","0.89319631782508512874","0.84357260641049325312","247266.49743278246024","6.8974316604360099703","22.131321637056057483","28.94157897913974864","78936725.986826628447","18382.201655759643472","81759676.183882579207","18582.361600828440714","76255.858869559626328","285.5073328138657871","0","0","198.12786440819868972","6337.0435400714623029","0","0","0","0","0","5.0802016514922740953","4.0641613211938194539","0","0","0","0","0","0","0","0","0","0","0","0","0","811.81622390846541748","69697.31853748310823","77973633.550220698118","18098.726403606375243","18098.726403606375243","0","0","0","0","0","0","0","0","0"
"05/14/2026 15:44:28.310","128.03843713882906741","4.0012011605884083565","4.0012011605884083565","0","1000000000","128.03843713882906741","0","2.0006005802942041782","44992","0","0","0","0","0","0","0","0","0","0","0","0","0","0","27.435230093931561868","0.27435230093931561868","0","0","27.435230093931561868","0.27435230093931561868","1.5095830124326107646e-005","0","1.5095830124326107646e-005","18183.458674294022785","0","18183.458674294022785","97309212.22551009059","0","97309212.22551009059","5351.5238200022004094","0","5351.5238200022004094","74.302021880038907398","0","0","100","29.064447235176015027","39.476573585992305482","121.99594597266992935","196454.2889207151311","110182.9813222046796","1807.5978094873889859","0","100","3500","0","27.896549710782934994","0","0","196337.31494742419454","0","0","67.629903732947710182","72.005821533234367848","959","77311.798124917200767","1.0251669236774076932","1.2204344334672774242","252999.70756506678299","8.006067879629393147","19.966365318906607484","27.994178466765628599","75807425.389101803303","17684.308829510617215","78674145.97862277925","17912.377295664158737","73466.054509563764441","275.08257979045311004","0","0","227.06816586339218134","6676.0041364417593286","0","0","0","0","0","4.0012011605884083565","3.0009008704413062674","0","0","0","0","0","0","0","0","0","0","0","0","0","77.023122341326867968","73477.057812755389023","74876878.03878724575","17410.226550010313076","17410.226550010313076","0","0","0","0","0","0","0","0","0"
