"(PDH-CSV 4.0) (","\\PDB01\Network Interface(Broadcom BCM5719 4x1GbT OCP Ethernet NIC)\Bytes Total/sec","\\PDB01\Network Interface(Broadcom BCM5719 4x1GbT OCP Ethernet NIC)\Packets/sec","\\PDB01\Network Interface(Broadcom BCM5719 4x1GbT OCP Ethernet NIC)\Packets Received/sec","\\PDB01\Network Interface(Broadcom BCM5719 4x1GbT OCP Ethernet NIC)\Packets Sent/sec","\\PDB01\Network Interface(Broadcom BCM5719 4x1GbT OCP Ethernet NIC)\Current Bandwidth","\\PDB01\Network Interface(Broadcom BCM5719 4x1GbT OCP Ethernet NIC)\Bytes Received/sec","\\PDB01\Network Interface(Broadcom BCM5719 4x1GbT OCP Ethernet NIC)\Packets Received Unicast/sec","\\PDB01\Network Interface(Broadcom BCM5719 4x1GbT OCP Ethernet NIC)\Packets Received Non-Unicast/sec","\\PDB01\Network Interface(Broadcom BCM5719 4x1GbT OCP Ethernet NIC)\Packets Received Discarded","\\PDB01\Network Interface(Broadcom BCM5719 4x1GbT OCP Ethernet NIC)\Packets Received Errors","\\PDB01\Network Interface(Broadcom BCM5719 4x1GbT OCP Ethernet NIC)\Packets Received Unknown","\\PDB01\Network Interface(Broadcom BCM5719 4x1GbT OCP Ethernet NIC)\Bytes Sent/sec","\\PDB01\Network Interface(Broadcom BCM5719 4x1GbT OCP Ethernet NIC)\Packets Sent Unicast/sec","\\PDB01\Network Interface(Broadcom BCM5719 4x1GbT OCP Ethernet NIC)\Packets Sent Non-Unicast/sec","\\PDB01\Network Interface(Broadcom BCM5719 4x1GbT OCP Ethernet NIC)\Packets Outbound Discarded","\\PDB01\Network Interface(Broadcom BCM5719 4x1GbT OCP Ethernet NIC)\Packets Outbound Errors","\\PDB01\Network Interface(Broadcom BCM5719 4x1GbT OCP Ethernet NIC)\Output Queue Length","\\PDB01\Network Interface(Broadcom BCM5719 4x1GbT OCP Ethernet NIC)\Offloaded Connections","\\PDB01\Network Interface(Broadcom BCM5719 4x1GbT OCP Ethernet NIC)\TCP Active RSC Connections","\\PDB01\Network Interface(Broadcom BCM5719 4x1GbT OCP Ethernet NIC)\TCP RSC Coalesced Packets/sec","\\PDB01\Network Interface(Broadcom BCM5719 4x1GbT OCP Ethernet NIC)\TCP RSC Exceptions/sec","\\PDB01\Network Interface(Broadcom BCM5719 4x1GbT OCP Ethernet NIC)\TCP RSC Average Packet Size","\\PDB01\PhysicalDisk(3 F:)\Current Disk Queue Length","\\PDB01\PhysicalDisk(3 F:)\% Disk Time","\\PDB01\PhysicalDisk(3 F:)\Avg. Disk Queue Length","\\PDB01\PhysicalDisk(3 F:)\% Disk Read Time","\\PDB01\PhysicalDisk(3 F:)\Avg. Disk Read Queue Length","\\PDB01\PhysicalDisk(3 F:)\% Disk Write Time","\\PDB01\PhysicalDisk(3 F:)\Avg. Disk Write Queue Length","\\PDB01\PhysicalDisk(3 F:)\Avg. Disk sec/Transfer","\\PDB01\PhysicalDisk(3 F:)\Avg. Disk sec/Read","\\PDB01\PhysicalDisk(3 F:)\Avg. Disk sec/Write","\\PDB01\PhysicalDisk(3 F:)\Disk Transfers/sec","\\PDB01\PhysicalDisk(3 F:)\Disk Reads/sec","\\PDB01\PhysicalDisk(3 F:)\Disk Writes/sec","\\PDB01\PhysicalDisk(3 F:)\Disk Bytes/sec","\\PDB01\PhysicalDisk(3 F:)\Disk Read Bytes/sec","\\PDB01\PhysicalDisk(3 F:)\Disk Write Bytes/sec","\\PDB01\PhysicalDisk(3 F:)\Avg. Disk Bytes/Transfer","\\PDB01\PhysicalDisk(3 F:)\Avg. Disk Bytes/Read","\\PDB01\PhysicalDisk(3 F:)\Avg. Disk Bytes/Write","\\PDB01\PhysicalDisk(3 F:)\% Idle Time","\\PDB01\PhysicalDisk(3 F:)\Split IO/Sec","\\PDB01\Processor Information(_Total)\Performance Limit Flags","\\PDB01\Processor Information(_Total)\% Performance Limit","\\PDB01\Processor Information(_Total)\% Privileged Utility","\\PDB01\Processor Information(_Total)\% Processor Utility","\\PDB01\Processor Information(_Total)\% Processor Performance","\\PDB01\Processor Information(_Total)\Idle Break Events/sec","\\PDB01\Processor Information(_Total)\Average Idle Time","\\PDB01\Processor Information(_Total)\Clock Interrupts/sec","\\PDB01\Processor Information(_Total)\Processor State Flags","\\PDB01\Processor Information(_Total)\% of Maximum Frequency","\\PDB01\Processor Information(_Total)\Processor Frequency","\\PDB01\Processor Information(_Total)\Parking Status","\\PDB01\Processor Information(_Total)\% Priority Time","\\PDB01\Processor Information(_Total)\C3 Transitions/sec","\\PDB01\Processor Information(_Total)\C2 Transitions/sec","\\PDB01\Processor Information(_Total)\C1 Transitions/sec","\\PDB01\Processor Information(_Total)\% C3 Time","\\PDB01\Processor Information(_Total)\% C2 Time","\\PDB01\Processor Information(_Total)\% C1 Time","\\PDB01\Processor Information(_Total)\% Idle Time","\\PDB01\Processor Information(_Total)\DPC Rate","\\PDB01\Processor Information(_Total)\DPCs Queued/sec","\\PDB01\Processor Information(_Total)\% Interrupt Time","\\PDB01\Processor Information(_Total)\% DPC Time","\\PDB01\Processor Information(_Total)\Interrupts/sec","\\PDB01\Processor Information(_Total)\% Privileged Time","\\PDB01\Processor Information(_Total)\% User Time","\\PDB01\Processor Information(_Total)\% Processor Time","\\PDB01\SQLServer:Availability Replica(_Total)\Bytes Sent to Replica/sec","\\PDB01\SQLServer:Availability Replica(_Total)\Sends to Replica/sec","\\PDB01\SQLServer:Availability Replica(_Total)\Bytes Sent to Transport/sec","\\PDB01\SQLServer:Availability Replica(_Total)\Sends to Transport/sec","\\PDB01\SQLServer:Availability Replica(_Total)\Bytes Received from Replica/sec","\\PDB01\SQLServer:Availability Replica(_Total)\Receives from Replica/sec","\\PDB01\SQLServer:Availability Replica(_Total)\Flow Control Time (ms/sec)","\\PDB01\SQLServer:Availability Replica(_Total)\Flow Control/sec","\\PDB01\SQLServer:Availability Replica(_Total)\Resent Messages/sec","\\PDB01\SQLServer:SQL Statistics\Batch Requests/sec","\\PDB01\SQLServer:SQL Statistics\Forced Parameterizations/sec","\\PDB01\SQLServer:SQL Statistics\Auto-Param Attempts/sec","\\PDB01\SQLServer:SQL Statistics\Failed Auto-Params/sec","\\PDB01\SQLServer:SQL Statistics\Safe Auto-Params/sec","\\PDB01\SQLServer:SQL Statistics\Unsafe Auto-Params/sec","\\PDB01\SQLServer:SQL Statistics\SQL Compilations/sec","\\PDB01\SQLServer:SQL Statistics\SQL Re-Compilations/sec","\\PDB01\SQLServer:SQL Statistics\SQL Attention rate","\\PDB01\SQLServer:SQL Statistics\Guided plan executions/sec","\\PDB01\SQLServer:SQL Statistics\Misguided plan executions/sec","\\PDB01\SQLServer:Database Replica(_Total)\Recovery Queue","\\PDB01\SQLServer:Database Replica(_Total)\Redone Bytes/sec","\\PDB01\SQLServer:Database Replica(_Total)\Redones/sec","\\PDB01\SQLServer:Database Replica(_Total)\Log Send Queue","\\PDB01\SQLServer:Database Replica(_Total)\Log Apply Ready Queue","\\PDB01\SQLServer:Database Replica(_Total)\Log Apply Pending Queue","\\PDB01\SQLServer:Database Replica(_Total)\Log Bytes Received/sec","\\PDB01\SQLServer:Database Replica(_Total)\File Bytes Received/sec","\\PDB01\SQLServer:Database Replica(_Total)\Mirrored Write Transactions/sec","\\PDB01\SQLServer:Database Replica(_Total)\Transaction Delay","\\PDB01\SQLServer:Database Replica(_Total)\Group Commit Time","\\PDB01\SQLServer:Database Replica(_Total)\Group Commits/Sec","\\PDB01\SQLServer:Database Replica(_Total)\Log Bytes Compressed/sec","\\PDB01\SQLServer:Database Replica(_Total)\Log Compressions/sec","\\PDB01\SQLServer:Database Replica(_Total)\Log Compression Cache misses/sec","\\PDB01\SQLServer:Database Replica(_Total)\Log Compression Cache hits/sec","\\PDB01\SQLServer:Database Replica(_Total)\Log Bytes Decompressed/sec","\\PDB01\SQLServer:Database Replica(_Total)\Log Decompressions/sec","\\PDB01\SQLServer:Database Replica(_Total)\Database Flow Control Delay","\\PDB01\SQLServer:Database Replica(_Total)\Database Flow Controls/sec","\\PDB01\SQLServer:Database Replica(_Total)\Total Log requiring undo","\\PDB01\SQLServer:Database Replica(_Total)\Log remaining for undo","\\PDB01\SQLServer:Database Replica(_Total)\Redo Bytes Remaining","\\PDB01\SQLServer:Database Replica(_Total)\Redo blocked/sec"
"05/14/2026 08:03:49.809"," "," "," "," ","1000000000"," "," "," ","0","0","0"," "," "," ","0","0","0","0","0"," "," ","0","0"," "," "," "," "," "," "," "," "," "," "," "," "," "," "," "," "," "," "," "," ","0","100"," "," "," "," "," "," ","0","100","3500","0"," "," "," "," "," "," "," "," ","32"," "," "," "," "," "," "," "," "," "," "," "," "," "," "," "," "," "," "," "," "," "," "," "," "," "," "," ","0"," "," ","0","0","0"," "," "," "," "," "," "," "," "," "," "," "," "," "," ","0","0","0"," "
"05/14/2026 08:03:50.763","15922.767853645616924","81.51406985776959857","44.462219922419777163","37.051849935349814302","1000000000","5419.0977091158774783","41.286347070818365523","3.1758728516014129717","0","0","0","10503.670144529738536","37.051849935349814302","0","0","0","0","0","0","0","0","0","0","0","0","0","0","0","0","0","0","0","0","0","0","0","0","0","0","0","0","99.110821258076185813","0","0","100","3.5575160985457956464","3.614845890932987249","121.99988567508860626","7193.3055573287401785","4318276.3874576771632","855.36289776624312253","0","100","3500","0","2.9202623323845600112","0","0","7186.9538526423566509","0","0","96.174443544599057532","96.66990757891895214","0","1564.6365877456773887","0.10246276806640712553","0.15368366031504521185","8781.2317289244874701","1.6905622306037593194","0.40983008869649756312","3.3300924210810545212","194.78686823155331354","2.1172485677342751664","575.89161042372290922","3.1758728516014129717","580.12610755919138228","3.1758728516014129717","0","0","0","0","0","0","0","0","0","0","0","0","0","0","0","0","0","0","0","0","0","0","0","0","0","0","0","0","0","0","0","0","0","0","0","0","0","0"
"05/14/2026 08:03:51.778","29974.22989922295892","113.19944955537225439","48.232808940984696733","64.966640614387557662","1000000000","5760.3754678090299421","47.248465901372767917","0.98434303961193259092","0","0","0","24213.854431413928978","64.966640614387557662","0","0","0","0","0","0","0","0","0","0","0","0","0","0","0","0","0","0","0","0","0","0","0","0","0","0","0","0","100.03139094168491852","0","0","100","0.87655773729354224955","1.136334207603790114","121.96112895048166536","6316.5919195084034072","5019505.7356608482078","834.99141819846079215","0","100","3500","0","0","0","0","6321.5152179647620869","0","0","99.099223733915096091","100.82181642876639671","0","168.37680720747263763","0","0","7062.9639654924048955","0.14424275556539339904","0.19232367408719119872","0","181.11911928859561272","1.9686860792238651818","535.48261354889132235","2.9530291188357979948","539.41998570733903762","2.9530291188357979948","0","0","0","0","0","0","0","0","0","0","0","0","0","0","0","0","0","0","0","0","0","0","0","0","0","0","0","0","0","0","0","0","0","0","0","0","0","0"
"05/14/2026 08:03:52.763","25641.421708707268408","154.46639583558595632","79.265650494577002405","75.200745341008953915","1000000000","10299.453432853051709","77.23319791779297816","2.0324525767840260215","0","0","0","15341.968275854218518","73.16829276422492967","2.0324525767840260215","0","0","0","0","0","0","0","0","0","0","0","0","0","0","0","0","0","0","0","0","0","0","0","0","0","0","0","99.96363196031454379","0","0","100","0.72706376158049002001","0.77698321225195110529","122.07538972655251541","4842.6573195693645175","6565209.2320604277775","923.4267890682928055","0","100","3500","0","0.89343473582581545145","0","0","4837.5779642939605765","0","0","99.329883313449428783","99.106555105503886693","1","231.61860055838369021","0.049604787090524321558","0","5581.1955766129822223","0.14880420260126975274","0.04959462842022111656","0.89344489449610930976","186.98563706413037266","2.0324525767840260215","552.82710088525504943","3.0486788651760385882","556.8920060388230695","3.0486788651760385882","0","0","0","0","0","0","0","0","0","0","0","0","0","0","0","0","0","0","0","0","0","0","0","0","0","0","0","0","0","0","0","0","0","0","0","0","0","0"
"05/14/2026 08:03:53.763","21085.382609965083248","122.90314003533814002","60.951963757362818797","61.951176277975321227","1000000000","7174.3458979977876879","58.95353871613780683","1.9984250412250104123","0","0","0","13911.036711967297379","59.952751236750316366","1.9984250412250104123","0","0","0","0","0","0","0","0","0","0","0","0","0","0","0","0","0","0","0","0","0","0","0","0","0","0","0","100.07818982798238494","0","0","100","0.71785034318352713978","0.78252083899972801895","121.95716064757161234","6475.9611442331352009","4907917.9012345680967","840.99495403027583507","0","100","3500","0","0.3420192475576566693","0","0","6487.9610722335664832","0","0","99.414551287987166006","99.657990752420346325","0","255.99846400921595091","0","0","7268.9563862616823826","0.1953195702969453551","0.1953195702969453551","0.29318935498341414103","183.85510379270095882","1.9984250412250104123","543.57161121320280017","2.9976375618375157295","547.56846129565280989","2.9976375618375157295","0","0","0","0","0","0","0","0","0","0","0","0","0","0","0","0","0","0","0","0","0","0","0","0","0","0","0","0","0","0","0","0","0","0","0","0","0","0"
"05/14/2026 08:03:54.762","22790.085922485297488","111.03939677797681895","46.016326592675078189","65.02307018530174787","1000000000","5399.9158901578275618","43.015261814891921688","3.001064777783157389","0","0","0","17390.170032327470835","63.022360333446307834","2.0007098518554382593","0","0","0","0","0","0","0","0","0","0","0","0","0","0","0","0","0","0","0","0","0","0","0","0","0","0","0","99.976619485628674511","0","0","100","3.497303342383522029","3.6623890258594347102","122.00953852712352443","11237.085401849053596","2762823.7917222962715","891.00677165146453262","0","100","3500","0","1.3650200304406667762","0","0","11231.085356248708194","0","0","96.977563506397132187","98.488486746708431951","28","1563.0118788902796041","0.19531429691453211506","0.097662148567268486365","12264.093207108373463","1.4648722271889982327","0.6836050393108649148","1.5603343273552061632","184.06530637070031275","2.0007098518554382593","544.19307970467923496","3.001064777783157389","548.19449940839012925","3.001064777783157389","0","0","0","0","0","0","0","0","0","0","0","0","0","0","0","0","0","0","0","0","0","0","0","0","0","0","0","0","0","0","0","0","0","0","0","0","0","0"
"05/14/2026 08:03:55.763","11884.922037571190231","69.99365157580206187","30.997188554998057697","38.996463020804007726","1000000000","4169.6218153013514893","28.997369938546569301","1.9998186164514877294","0","0","0","7715.3002222698396508","36.996644404352522884","1.9998186164514877294","0","0","0","0","0","0","0","0","0","0","0","0","0","0","0","0","0","0","0","0","0","0","0","0","0","0","0","99.993640951313679466","0","0","100","3.7706608992222268029","4.1303849833151504711","122.00760977454270062","9647.5499732390217105","3205296.4755882658064","857.87106197938442165","0","100","3500","0","3.6276972964844445002","0","0","9641.5508749035016081","0","0","96.612116827322637391","95.981741131526717936","26","1807.728298436744808","0.39056157198883045822","0.19528078599441522911","10567.411718018780448","2.6363256056893886736","0.58585235648746947223","4.0182588684732785111","183.98331271353686134","1.9998186164514877294","543.95066367480467306","2.9997279246772312611","547.95030090770762854","2.9997279246772312611","0","0","0","0","0","0","0","0","0","0","0","0","0","0","0","0","0","0","0","0","0","0","0","0","0","0","0","0","0","0","0","0","0","0","0","0","0","0"
"05/14/2026 08:03:56.778","14082.474622833073227","129.03435515081014273","73.874630811532526309","55.159724339277616423","1000000000","8490.6575679388042772","71.90464065655832826","1.9699901549742007134","0","0","0","5591.8170548942689493","53.189734184303418374","1.9699901549742007134","0","0","0","0","0","0","0","0","0","0","0","0","0","0","0","0","0","0","0","0","0","0","0","0","0","0","0","99.967602051568078991","0","0","100","2.5582511880601530585","2.5682457047056006516","122.0064390536088581","6604.6308634685819925","4742081.5714924708009","882.32432587861183038","0","100","3500","0","1.4298228925282208124","0","0","6604.6308634685819925","0","0","97.873985570012848711","98.281667960615124002","1","1321.5170148762244935","0.096169715618883544472","0.048084857809441772236","7474.1536087261874854","1.009742624395320254","0.3846591676740557797","1.7183320393848733332","181.23909425762647629","1.9699901549742007134","535.83732215298255142","2.9549852324613010701","539.77730246293094751","2.9549852324613010701","0","0","0","0","0","0","0","0","0","0","0","0","0","0","0","0","0","0","0","0","0","0","0","0","0","0","0","0","0","0","0","0","0","0","0","0","0","0"
"05/14/2026 08:03:57.763","14213.978372082015994","103.60338673376917029","59.927449189140986618","43.675937544628176568","1000000000","7034.8731031184825042","57.896010233576888027","2.0314389555641012564","0","0","0","7179.10526896353349","43.675937544628176568","0","0","0","0","0","0","0","0","0","0","0","0","0","0","0","0","0","0","0","0","0","0","0","0","0","0","0","0","100.01001536637549805","0","0","100","0.79979619134609603037","0.86416494523658216043","122.01101422670950569","8133.2062141067808625","3906600.9616585485637","909.10697659867230414","0","100","3500","0","0.35858262047490097046","0","0","8133.2062141067808625","0","0","99.291296016850196793","99.641427537097484901","1","163.53767958925834591","0.0495994259752691527","0","8826.9716498798461544","0.34718582425449512341","0.14879827792580746504","0.35857246290251776344","186.89238391189732624","2.0314389555641012564","552.5513959134354991","3.0471584333461518845","556.6142738245637247","3.0471584333461518845","0","0","0","0","0","0","0","0","0","0","0","0","0","0","0","0","0","0","0","0","0","0","0","0","0","0","0","0","0","0","0","0","0","0","0","0","0","0"
"05/14/2026 08:03:58.778","7591.8802133249419057","56.126740876721356699","30.525069599620387351","25.601671277100969348","1000000000","4490.1392701377089907","27.571030606108738681","2.9540389935116504461","0","0","0","3101.7409431872329151","25.601671277100969348","0","0","0","0","0","0","0","0","0","0","0","0","0","0","0","0","0","0","0","0","0","0","0","0","0","0","0","0","99.995805282803203795","0","0","100","0.46136225066130587269","0.4623469228599922376","121.95099667774086072","3200.1846457306978664","9958544.0479852352291","833.03268008866780292","0","100","3500","0","0.23430351102752267067","0","0","3204.1233345254431697","0","0","99.622170202915015125","99.765696488972480438","0","108.31394185550054488","0.048081699699408141091","0","3854.0069856584464105","0.048071852945425055936","0","0.23430351102752267067","181.18105826871456543","1.9693593290077671121","535.66573749011263317","2.9540389935116504461","539.60445614812817894","2.9540389935116504461","0","0","0","0","0","0","0","0","0","0","0","0","0","0","0","0","0","0","0","0","0","0","0","0","0","0","0","0","0","0","0","0","0","0","0","0","0","0"
"05/14/2026 08:03:59.763","55616.186659610997594","116.80445360146218547","39.61194513440891285","77.192508467053272625","1000000000","4493.41654550320618","36.564872431762076133","3.0470727026468398257","0","0","0","51122.770114107792324","77.192508467053272625","0","0","0","0","0","0","0","0","0","0","0","0","0","0","0","0","0","0","0","0","0","0","0","0","0","0","0","0","100.02528638687195439","0","0","100","0.8955632930528327762","1.0197371201555303077","122.01478599221789523","5501.1619490266293724","5760474.6034673554823","874.69998857099324141","0","100","3500","0","0","0","0","5526.5597419584237286","0","0","99.182647260185945015","100.15398383520224002","9","295.63030972608481761","0","0","6723.3037449045677931","0.29763570758858792775","0.19842041864056766953","0","186.88712576233950813","2.0313818017645597358","552.53585007996025524","3.0470727026468398257","556.59861368348936139","3.0470727026468398257","0","0","0","0","0","0","0","0","0","0","0","0","0","0","0","0","0","0","0","0","0","0","0","0","0","0","0","0","0","0","0","0","0","0","0","0","0","0"
"05/14/2026 08:04:00.778","10021.707791188420742","85.680874394004774786","49.241881835634927711","36.438992558369847075","1000000000","5922.8135471901696292","46.287368925496835459","2.9545129101380958048","0","0","0","4098.8942439982511132","36.438992558369847075","0","0","0","0","0","0","0","0","0","0","0","0","0","0","0","0","0","0","0","0","0","0","0","0","0","0","0","0","99.980750005390987667","0","0","100","3.4170984415146592461","3.5727043729904548464","121.99865519096287869","8130.2686247843130332","3823313.7663596700877","841.87715564861173334","0","100","3500","0","1.9672706766850622806","0","0","8107.6216369715430119","0","0","97.057507857296386078","97.600032769300284485","26","1816.6822832417410609","0.28847421588765564948","0","9050.9179119556010846","1.5866032641098277711","0.62502910884734674823","2.3518964001722375556","181.21012515513652374","1.9696752734253970551","535.75167437170796347","2.9545129101380958048","539.69102491855880999","2.9545129101380958048","0","0","0","0","0","0","0","0","0","0","0","0","0","0","0","0","0","0","0","0","0","0","0","0","0","0","0","0","0","0","0","0","0","0","0","0","0","0"
"05/14/2026 08:04:01.763","11907.230795326882799","111.66201086836804279","63.951878951883514901","47.710131916484527892","1000000000","7422.4783951773379158","60.90655138274620839","3.0453275691373105083","0","0","0","4484.7524001495457924","47.710131916484527892","0","0","0","0","0","0","0","0","0","0","0","0","0","0","0","0","0","0","0","0","0","0","0","0","0","0","0","0","100.04386364915092145","0","0","100","3.4708958425417955063","3.5952377083279167813","122.00976067056357977","7824.1190046063184127","3971072.8087261393666","884.58043263396984912","0","100","3500","0","2.4570244907236360454","0","0","7825.1345963774247139","0","0","97.09405101670434135","97.146242564050169221","32","1798.6130266300349376","0.14876469848641465932","0.19835631663968900096","8809.2430225798561878","2.0827667146502557571","0.64466056807234140003","2.9033388981296925913","186.78009090708837903","2.0302183794248733761","552.21939920356555831","3.0453275691373105083","556.27983596241540454","3.0453275691373105083","0","0","0","0","0","0","0","0","0","0","0","0","0","0","0","0","0","0","0","0","0","0","0","0","0","0","0","0","0","0","0","0","0","0","0","0","0","0"
"05/14/2026 08:04:02.778","6998.2948981986955914","58.113919633177061996","34.474359104427072964","23.639560528749992585","1000000000","4361.4989175543732927","31.519414038333319894","2.9549450660937490731","0","0","0","2636.795980644321844","23.639560528749992585","0","0","0","0","0","0","0","0","0","0","0","0","0","0","0","0","0","0","0","0","0","0","0","0","0","0","0","0","99.956602999354942085","0","0","100","2.2468129212748628731","2.3322075708576641695","121.99159663865546577","6041.959969676981018","5193145.7077699955553","907.72154017307752838","0","100","3500","0","1.9821048411677644197","0","0","6037.0374016717041741","0","0","98.046731323734533703","97.777547841058293443","0","1022.9096314965590864","0.14421035967528647581","0.19228376125191287693","6808.8960648991360358","2.0190041057815673042","0.28843056440516573469","2.2224521589417123302","181.23663072041659916","1.9699633773958324934","535.83003865166642754","2.9549450660937490731","539.76996540645814093","2.9549450660937490731","0","0","0","0","0","0","0","0","0","0","0","0","0","0","0","0","0","0","0","0","0","0","0","0","0","0","0","0","0","0","0","0","0","0","0","0","0","0"
"05/14/2026 08:04:03.763","4621.774615116332825","28.454197278640574353","14.227098639320287177","14.227098639320287177","1000000000","2468.4016139220698278","12.194655976560245136","2.0324426627600411521","0","0","0","2153.3730011942634519","14.227098639320287177","0","0","0","0","0","0","0","0","0","0","0","0","0","0","0","0","0","0","0","0","0","0","0","0","0","0","0","0","99.985367822459664922","0","0","100","0.23233188690196512893","0.23208801499649636679","122.11149228130359745","2345.2231472711732749","13629832.870771899819","838.305501082633441","0","100","3500","0","0.66996066789387631601","0","0","2343.1908915109729605","0","0","99.803481726645728145","99.330029170871725341","0","53.854777645308573142","0","0","2906.1257370864627774","0.049617307589913714483","0","0.62035352153836376132","186.98472497392376113","2.0324426627600411521","552.82440427073117917","3.0486639941400612841","556.88928959625127391","3.0486639941400612841","0","0","0","0","0","0","0","0","0","0","0","0","0","0","0","0","0","0","0","0","0","0","0","0","0","0","0","0","0","0","0","0","0","0","0","0","0","0"
"05/14/2026 08:04:04.778","4798593.4151928722858","6172.2356857174745528","2038.0580524746317224","4134.1776332428426031","1000000000","186177.73480131247197","2037.0739587747405039","0.9840936998911790079","0","0","0","4612415.6803915593773","4134.1776332428426031","0","0","0","0","0","0","0","0","0","0","2.645755971003854512","0.02645755971003854734","0","0","2.645755971003854512","0.02645755971003854734","1.3535163727959697484e-005","0","1.3535163727959697484e-005","1953.4259942839903488","0","1953.4259942839903488","8001232.8725872244686","0","8001232.8725872244686","4096","0","4096","97.430227298890272891","0","0","100","1.6810275558916669691","2.5309432654283057218","122.00060748728073179","20508.271502099421923","1527868.9213191878516","1015.2707153877128121","0","100","3500","0","0.65954581187522842711","0","0","20533.874837308037968","0","0","97.973651452057424649","99.340454188124766688","343","5453.5103994346782201","0","0","21677.162228738816339","0.38467268946013766229","1.2020836905101761616","0.70763112899460134386","8105798.7327628610656","1985.9010863803991924","8324850.117609038949","1987.8692737801816293","8715.1338062362810888","33.459185796300083382","0","0","0.9840936998911790079","195.83464627834462135","0","0","0","0","0","0","0","0","0","0","0","0","0","0","0","0","0","0","0","0","311.95770286550373385","2151.2288279621170659","8001232.8725872244686","1953.4259942839903488","1953.4259942839903488","0","0","0","0","0","0","0","0","0"
"05/14/2026 08:04:05.762","23869054.832169149071","29206.213255433845916","8927.5348068726070778","20278.678448561237019","1000000000","932894.37504361430183","8927.5348068726070778","0","0","0","0","22936160.457125537097","20278.678448561237019","0","0","0","0","0","0","0","0","0","0","12.636404252945890647","0.12636404252945890314","0","0","12.636404252945890647","0.12636404252945890314","1.3399676828611440068e-005","0","1.3399676828611440068e-005","9429.3213803843900678","0","9429.3213803843900678","38709872.183583185077","0","38709872.183583185077","4105.2659700527847235","0","4105.2659700527847235","87.696051430973540164","0","0","100","11.668539179735248013","15.447236417778471562","121.99786919966625476","100727.28521295091195","277474.97151155164465","1329.743196011867667","0","100","3500","0","11.061227068877832025","0","0","100726.26936635350285","0","0","87.344710606297340405","88.938783089885347977","505","23678.368339068467321","0.34722652558718158922","0.24801604434422033774","112207.36761030011985","4.2658779944732261313","6.7956639960632765352","11.061216910114657352","39209720.68263695389","9577.6226753898972675","40383767.184031642973","9611.1428311103209126","40029.160503952174622","150.33281959462348709","0","0","32.504393425864535061","1462.6977041639040635","0","0","0","0","0","4.0630491782330668826","3.047286883674800162","0","0","0","0","0","0","0","0","0","0","0","0","0","201.12093432253681158","16059.201876966197233","38705711.621224679053","9428.305618089832933","9428.305618089832933","0","0","0","0","0","0","0","0","0"
"05/14/2026 08:04:06.763","24802295.755187679082","30670.903909628228575","9541.9923624082075548","21128.911547220017383","1000000000","1024038.5845508277416","9540.9928869329378358","0.99947547527057800654","0","0","0","23778257.170636851341","21128.911547220017383","0","0","0","0","0","0","0","0","0","0","13.094341267782716898","0.13094341267782716454","0","0","13.094341267782716898","0.13094341267782716454","1.3492138883165053347e-005","0","1.3492138883165053347e-005","9700.9089629762293043","0","9700.9089629762293043","39775861.627817720175","0","39775861.627817720175","4100.2200700597568357","0","4100.2200700597568357","87.250798981127829279","0","0","100","11.30730226368254776","13.106210091238306603","122.00957557706627199","94054.174692665576003","303761.33244021987775","1351.8875229580899031","0","100","3500","0","10.066342281295348471","0","0","94046.175358210195554","0","0","89.290243181037794784","89.73835455383746762","263","26211.819176644505205","0.58588949632541675872","0.39059633059630260998","101145.58468735401402","3.6617943533267429679","6.7865250015448674858","10.261645446162537709","40298615.286697544158","9855.8276616431703587","41521793.362843178213","9893.8077297034524236","41262.345521070543327","154.91869866693960489","0","0","36.980592585011386575","1718.098341990123572","0","0","0","0","0","0","0","0","0","0","0","0","0","0","0","0","0","0","0","0","88.9533172990814478","18894.084384515008423","39779955.479364432395","9701.9084384515008423","9701.9084384515008423","0","0","0","0","0","0","0","0","0"
"05/14/2026 08:04:07.763","25889672.066446438432","32719.778341246190394","10452.734565721668332","22267.043775524522061","1000000000","1174764.0037252360489","10450.73519032654076","1.9993753951265622604","0","0","0","24714908.062721204013","22267.043775524522061","0","0","0","0","0","0","0","0","0","1","13.722153578251511163","0.13722153578251511385","0","0","13.722153578251511163","0.13722153578251511385","1.3798713179853222397e-005","0","1.3798713179853222397e-005","9943.8935276619577053","0","9943.8935276619577053","40840745.351152293384","0","40840745.351152293384","4107.1181260681614731","0","4107.1181260681614731","86.598406377927432231","0","0","100","12.433977536861336333","16.455970360558811905","121.99174651361350641","96280.419608873853576","287421.71484922408126","1402.6419055215203571","0","100","3500","0","13.302898266302909391","0","0","96380.394085389998509","0","0","86.505949464418733896","86.257761436969190072","481","27696.928974032925908","0.68341935018825805681","0.43934029672790703147","106717.75495715942816","4.7351476336358810926","9.0309449730402313605","13.69342075283801563","41372267.303694322705","10100.844496179392081","42639399.451611310244","10144.83075487217684","42074.855815043374605","157.95065621499841768","0","0","42.986570995221086378","2161.3248021318136125","0","0","0","0","0","0","0","0","0","0","0","0","0","0","0","0","0","0","0","0","91.971268175821862201","23778.571574240206246","40836650.630343079567","9942.8938399643939192","9942.8938399643939192","0","0","0","0","0","0","0","0","0"
"05/14/2026 08:04:08.778","37811994.096680015326","45150.801371056804783","13300.106221531352276","31850.69514952544705","1000000000","1572532.871677079238","13297.150423423003303","2.9557981083483264584","0","0","0","36239461.225002937019","31850.69514952544705","0","0","0","0","0","0","0","0","0","0","19.445206084328354734","0.19445206084328353624","0","0","19.445206084328354734","0.19445206084328353624","1.3664618790646188072e-005","0","1.3664618790646188072e-005","14241.035286022235596","0","14241.035286022235596","58541134.315111525357","0","58541134.315111525357","4110.7358516673584745","0","4110.7358516673584745","81.132749778801724005","0","0","100","13.323499560293390331","17.291481354233319223","122.0109204541663388","125520.10303368649329","218830.81583800967201","1442.9522665480524211","0","100","3500","0","11.653590770326328396","0","0","125463.96086358871253","0","0","85.808711890833208713","88.346409229673668051","346","33573.017718468887324","0.4809263949578962416","0.1923685881036018841","138036.85211443231674","2.500821193540174292","9.089526593620249173","11.701685379701675771","59302335.090358249843","14465.675942256708367","61252744.089068830013","14559.27621568773975","60215.519063272105996","225.62592227058891581","0","0","92.615007394914229621","3085.853225115652549","0","0","0","0","0","0","0","0","0","0","0","0","0","0","0","0","0","0","0","0","18.720054686206065497","33916.798027260927483","58545169.964795455337","14242.020552058353132","14242.020552058353132","0","0","0","0","0","0","0","0","0"
"05/14/2026 08:04:09.778","23807444.148201804608","30927.092230731079326","9974.5793632638687995","20952.512867467212345","1000000000","1310823.2230912961531","9972.5806498357014789","1.9987134281662894963","0","0","0","22496620.925110507756","20952.512867467212345","0","0","0","0","0","0","0","0","0","0","12.233745884880601551","0.12233745884880600774","0","0","12.233745884880601551","0.12233745884880600774","1.3861437315801404882e-005","0","1.3861437315801404882e-005","8816.3249316415040084","0","8816.3249316415040084","36570123.811302669346","0","36570123.811302669346","4148.0009068238496184","0","4148.0009068238496184","88.179049098913026228","0","0","100","11.195083944747173277","14.50470679333305668","121.99290904198062435","96735.258765342223342","291419.01100604562089","1407.9746564561837658","0","100","3500","0","9.4241289003746295805","0","0","96815.257325368133024","0","0","88.139029141203835138","90.673520777381426683","680","24378.561185898652184","0.14648951658459527514","0.19531935544612699651","103811.13139963480353","2.0019533935538014191","7.4218555078768231326","9.3264792226185662116","37041444.422225415707","8956.2348716131436959","38142023.979164615273","8989.2136431778872065","37507.856192968589312","140.90929668572340461","0","0","32.978771564743780687","3027.0514869578455546","0","0","0","0","0","0","0","0","0","0","0","0","0","0","0","0","0","0","0","0","150.90286382655486364","33284.574719253221701","36566030.446201786399","8815.3255749274194386","8815.3255749274194386","0","0","0","0","0","0","0","0","0"
"05/14/2026 08:04:10.762","54557326.710355058312","59400.996189498473541","14588.417379690254165","44812.578809808219376","1000000000","1915812.4080478167161","14585.369872403916816","3.0475072863359629061","0","0","0","52641514.302307240665","44812.578809808219376","0","0","0","0","0","0","0","0","0","0","27.727913408523530592","0.27727913408523530148","0","0","27.727913408523530592","0.27727913408523530148","1.3799368048533872688e-005","0","1.3799368048533872688e-005","20093.231374575112568","0","20093.231374575112568","82588975.276690810919","0","82588975.276690810919","4110.2883720930230993","0","4110.2883720930230993","74.460085788951062113","0","0","100","17.797924370362544266","24.463237624647494073","122.00034040621808629","158288.76657679158961","161613.9038977373275","1598.9379963539336131","0","100","3500","0","17.164169779838832852","0","0","158292.82995162348379","0","0","79.948780593106917536","82.736631983685370528","714","40743.459439494014077","0.4960216580276667897","0.099198236475795995015","180065.40814466914162","3.8193708302328590598","13.392615242395692121","17.263368016314629472","83662888.400994256139","20409.156296591943828","86808545.738665476441","20633.656000018690975","84680.069129655283177","316.94075777894011026","0","0","223.48386766463727326","4184.2275041392767889","0","0","0","0","0","0","0","0","0","0","0","0","0","0","0","0","0","0","0","0","0","45981.805771999119315","82588975.276690810919","20093.231374575112568","20093.231374575112568","0","0","0","0","0","0","0","0","0"
"05/14/2026 08:04:11.778","52667972.337321467698","57876.899170369739295","14592.056033495169686","43284.843136874573247","1000000000","1982830.9986864195671","14590.086795164063005","1.9692383311059606932","0","0","0","50685141.33863504976","43284.843136874573247","0","0","0","0","0","0","0","0","0","0","26.641796034228086398","0.26641796034228087953","0","0","26.641796034228086398","0.26641796034228087953","1.4009604929322219878e-005","0","1.4009604929322219878e-005","19015.949944324711396","0","19015.949944324711396","78885481.997173950076","0","78885481.997173950076","4148.3850256304040158","0","4148.3850256304040158","75.442904135222661921","0","0","100","19.982258905600868815","26.80169549469783874","121.98413062652831229","157739.236693536659","158373.79222076543374","1601.0736843452705216","0","100","3500","0","19.563374572028290999","0","0","157689.01851524537778","0","0","78.049830475396547058","80.436625427971705449","451","40306.488434802769916","0.62503489401524436886","0.48079152771832872615","178184.92794922250323","4.5675392065955131571","14.904576745810970806","19.515293449929316694","79901849.223101019859","19315.274170652817702","82887557.18052726984","19528.936529577811598","80230.708085919060977","300.30884549365902103","0","0","212.6777397594437673","4559.7713556758526465","0","0","0","0","0","7.8769533244238427727","5.9077149933178825236","0","0","0","0","0","0","0","0","0","0","0","0","0","14.769287483294705865","50105.300096660066629","78881448.99707184732","19015.949944324711396","19015.949944324711396","0","0","0","0","0","0","0","0","0"
"05/14/2026 08:04:12.762","37953037.825476951897","46694.206984708987875","14024.10854574687437","32670.098438962115324","1000000000","1866426.4101004463155","14022.076949550184509","2.0315961966893922863","0","0","0","36086611.415376499295","32670.098438962115324","0","0","0","0","0","0","0","0","0","0","19.671215197763782356","0.19671215197763783356","0","0","19.671215197763782356","0.19671215197763783356","1.426121667403152155e-005","0","1.426121667403152155e-005","13792.506579324282939","0","13792.506579324282939","58000283.61082906276","0","58000283.61082906276","4205.2025335100897792","0","4205.2025335100897792","81.155186166592372388","0","0","100","19.360176963822208762","25.250956088982505321","122.02428450252898529","132691.52704359375639","191195.38799470377853","1628.422277223095989","0","100","3500","0","18.750114285551745752","0","0","132729.11383352341363","0","0","79.316956400011221717","80.853055802638095884","407","26943.633224446770328","0.99205954145182673187","0.24801488536295668297","144997.64523840387119","5.6547475132479814164","13.690454179925485079","19.196549206177635938","58737492.985914133489","14009.887372370048979","60684802.319595277309","14112.482980302862416","58270.242113445143332","218.39659114410966367","0","0","100.56401173612491107","4327.2998989484049162","0","0","0","0","0","4.0631923933787845726","3.0473942950340884295","0","0","0","0","0","0","0","0","0","0","0","0","0","18.284365770204530577","47641.946610464590776","58000283.61082906276","13791.490781225938917","13791.490781225938917","0","0","0","0","0","0","0","0","0"
"05/14/2026 08:04:13.763","49734329.250265933573","56400.377169333747588","14930.952968648298338","41469.424200685447431","1000000000","2024415.7935858010314","14928.952707014077532","2.0002616342217560685","0","0","0","47709913.456680133939","41469.424200685447431","0","0","0","0","0","0","0","0","0","0","25.529897772734948092","0.25529897772734949646","0","0","25.529897772734948092","0.25529897772734949646","1.4154975882907358179e-005","0","1.4154975882907358179e-005","18039.359548228909262","0","18039.359548228909262","75257459.675725579262","0","75257459.675725579262","4171.8476465044077486","0","4171.8476465044077486","75.803847404160634937","0","0","100","20.991513018437785831","29.266566412030556421","122.00380808835298296","141973.01310827024281","171316.66525775956688","1661.8948020590294163","0","100","3500","0","21.1470036530950658","0","0","141962.01380452615558","0","0","75.987207117680696911","78.560052781038976377","176","22266.590524819777784","0.34177082665662456007","0.48826260846766494916","155587.15133332059486","5.7125695248496564105","15.672950747463069376","21.43994721896102007","76217489.247593581676","18322.396569471286057","79169203.331795796752","18551.42652658967927","76133.958321748490562","285.03728287660027263","0","0","228.02982630128019537","4678.6119624446873786","0","0","0","0","0","5.0006540855543901714","4.0005232684435121371","0","0","0","0","0","0","0","0","0","0","0","0","0","4.0005232684435121371","51393.722298876695277","75261556.211552470922","18040.359679046017845","18040.359679046017845","0","0","0","0","0","0","0","0","0"
"05/14/2026 08:04:14.778","35589685.73889503628","46838.439768672324135","15218.407776547310277","31620.031992125012039","1000000000","2139270.0873631103896","15216.439030392517452","1.9687461547926663474","0","0","0","33450415.651531927288","31620.031992125012039","0","0","0","0","0","0","0","0","0","0","17.606660104447399817","0.17606660104447399706","0","0","17.606660104447399817","0.17606660104447399706","1.4255046237244898197e-005","0","1.4255046237244898197e-005","12347.975882859602279","0","12347.975882859602279","54532693.4908330217","0","54532693.4908330217","4416.3265306122448237","0","4416.3265306122448237","82.955936801437005101","0","0","100","17.682867306940924124","24.108515773685734729","122.00409806657364697","124771.28824814205291","205752.29013957819552","1617.7082636929451382","0","100","3500","0","18.02777577296520306","0","0","124837.25687484165246","0","0","80.241070479987570252","81.972224227034800492","493","15102.87708873164047","0.48078414220710535831","0.19230774911316991793","132061.31380163115682","3.3173505189040262131","14.711734809671844104","18.02777577296520306","55188545.834871411324","12540.913006029284588","56863090.439276479185","12616.709732988801989","52246.585455887776334","195.89024240187029591","0","0","75.796726959517656041","5354.9895410360522874","0","0","0","0","0","0","0","0","0","0","0","0","0","0","0","0","0","0","0","0","91.546696197858977939","58862.55690906853124","54524629.506582990289","12346.007136704809454","12346.007136704809454","0","0","0","0","0","0","0","0","0"
"05/14/2026 08:04:15.763","71957599.208445414901","75203.780607725377195","16391.843899584717292","58811.936708140659903","1000000000","2381852.9610155303963","16389.8121886402987","2.0317109444205154745","0","0","0","69575746.24742987752","58811.936708140659903","0","0","0","0","0","0","0","0","0","0","36.593860365797425516","0.3659386036579742596","0","0","36.593860365797425516","0.3659386036579742596","1.3944769129542902399e-005","0","1.3944769129542902399e-005","26246.657835496425832","0","26246.657835496425832","107959853.39173825085","0","107959853.39173825085","4113.2800247706773007","0","4113.2800247706773007","66.753754036800756921","0","0","100","21.898717515372915443","31.847699262880098559","121.99890443703003484","176814.34747439125204","133751.33880613304791","1697.2275975098389154","0","100","3500","0","24.022737715714161055","0","0","176764.57838266296312","0","0","73.895036883226211444","75.977262284285842497","477","29201.252799765330565","0.44633843026191821757","0.29756233909166956986","198554.2992979104456","3.9178855106631669258","20.184562388250345322","24.022737715714161055","109371051.36977951229","26661.126868158211437","113755186.95804110169","27019.723849848433019","110273.14321936789202","412.43732171736462533","0","0","356.56527074580043291","5721.2980194881711213","0","0","0","0","0","0","0","0","0","0","0","0","0","0","0","0","0","0","0","0","1.0158554722102577372","62946.468480036404799","107968175.2797665894","26248.689546440848062","26248.689546440848062","0","0","0","0","0","0","0","0","0"
"05/14/2026 08:04:16.778","82337618.543804273009","82458.106367028813111","15972.559845163739737","66485.546521865064278","1000000000","2444684.8090056763031","15970.590719866919244","1.9691252968210244401","0","0","0","79892933.734798595309","66485.546521865064278","0","0","0","0","0","0","0","0","0","0","41.774209337564457201","0.41774209337564460753","0","0","41.774209337564457201","0.41774209337564460753","1.3977440933205917455e-005","0","1.3977440933205917455e-005","29878.522691313813993","0","29878.522691313813993","122785705.8044103235","0","122785705.8044103235","4109.4972155402510907","0","4109.4972155402510907","62.524569246620572471","0","0","100","24.096647977787654327","35.946148924837928007","121.99914428435431546","188640.91090480276034","119646.59128283032624","1746.1188495351759684","0","100","3500","0","27.195080852247311753","0","0","188707.87993005284807","0","0","70.534109175598004526","72.901088580862193567","504","33035.426220421853941","0.48087671068826981502","0.38469742919851718232","215258.14392588971532","5.9628889396189901362","21.254803793674859946","27.098911419137806433","124370253.05426101387","30344.220824011987133","129613639.89463603497","30811.888082006978948","125610.50268421314831","469.63638329181429754","0","0","467.66725799499329241","6037.3381600532611628","0","0","0","0","0","0","0","0","0","0","0","0","0","0","0","0","0","0","0","0","0","66362.476190813758876","122773607.49858665466","29875.569003368582344","29875.569003368582344","0","0","0","0","0","0","0","0","0"
"05/14/2026 08:04:17.762","72997078.96049182117","77446.142064492407371","17306.854387805575243","60139.28767668682849","1000000000","2634404.8889832324348","17304.823066868037131","2.0313209375358654007","0","0","0","70362674.071508586407","60139.28767668682849","0","0","0","0","0","0","0","0","0","0","38.112194354870169377","0.38112194354870165824","0","0","38.112194354870169377","0.38112194354870165824","1.4347780029829056747e-005","0","1.4347780029829056747e-005","26558.505597812672931","0","26558.505597812672931","109752952.7788978219","0","109752952.7788978219","4132.4973039121950933","0","4132.4973039121950933","65.296417263708121936","0","0","100","27.722894914769401709","42.007567384831425272","122.00006608106258454","183428.98936440376565","114398.71351117856102","1859.959570512885648","0","100","3500","0","30.905204500240547105","0","0","183356.8664100037422","0","0","65.575843632569203123","68.747592465575309006","351","31046.392328555608401","0.74401956258858104043","0.39681652840443654151","209358.7151955954032","6.1009766666233238297","24.999116221540301552","31.252407534424698099","111180825.14287802577","26977.973371413827408","115845583.04497039318","27395.409824077447411","111885.15723947546212","418.45211313238826278","0","0","415.40513172608450532","6672.8892798053175284","0","0","0","0","0","11.172265156447259926","9.1409442189113949695","0","0","0","0","0","0","0","0","0","0","0","0","0","27.422832656734183132","73333.732826451043366","109711351.32609708607","26554.442955937600345","26560.536918750207406","0","0","0","0","0","0","0","0","0"
"05/14/2026 08:04:18.778","45586175.938039600849","58851.30271662845189","18752.862256941498345","40098.440459686957183","1000000000","2639626.1760680689476","18749.90703359901454","2.9552233424817195839","0","0","0","42946549.761971533298","40098.440459686957183","0","0","0","0","0","0","0","0","0","0","23.594364519656650714","0.23594364519656652046","0","0","23.594364519656650714","0.23594364519656652046","1.4709613259668506861e-005","0","1.4709613259668506861e-005","16046.862749675736268","0","16046.862749675736268","69722466.110237509012","0","69722466.110237509012","4344.9281767955799296","0","4344.9281767955799296","76.873387989796569286","0","0","100","25.753969066723804815","36.436456332782434231","122.0056557982483838","154434.21222097979626","145312.27692091889912","1828.526910362597846","0","100","3500","0","26.775591637407515577","0","0","154437.16622245049803","0","0","70.123962686142434109","72.887851845812605234","239","20350.116131644484994","0.57695121545347793912","0.3365466701878079836","168099.42302443276276","5.9137253419179858227","21.250944534343830128","27.112148154187387661","70584280.162265390158","16301.011957129165239","73017563.7788913697","16457.638794280694128","67859.808538960234728","254.1492074534278629","0","0","156.6268371515311344","6586.2077559442586789","0","0","0","0","0","8.8656700274451587518","6.8955211324573451037","0","0","0","0","0","0","0","0","0","0","0","0","0","34.477605662286727295","72432.52412422694033","69706326.650489762425","16046.862749675736268","16047.847824123229657","0","0","0","0","0","0","0","0","0"
"05/14/2026 08:04:19.763","39015113.796799279749","48768.099237829061167","14393.415489487273589","34374.683748341791215","1000000000","2298970.5256753461435","14391.385388571972726","2.0301009153014493158","0","0","0","36716143.271123938262","34374.683748341791215","0","0","0","0","0","0","0","0","0","1","19.797432990714707302","0.19797432990714705636","0","0","19.797432990714707302","0.19797432990714705636","1.4758623561477890749e-005","0","1.4758623561477890749e-005","13406.786444650770136","0","13406.786444650770136","61067514.355604857206","0","61067514.355604857206","4554.9703210175648564","0","4554.9703210175648564","80.675474557911059037","0","0","100","21.682341051920115405","33.273630183725330767","121.99989278758242506","135175.46944643804454","172195.67863206766197","1803.6395129888956035","0","100","3500","0","26.408114623917434471","0","0","135207.96745568109327","0","0","72.748687276325114226","73.641477497892111614","542","17145.746564071803732","0.44630878413279595485","0.29754257478071505227","145211.26092580531258","4.8598451279574241823","21.571750344951141187","26.358522502107895491","61779694.05770175904","13614.871788469168678","63031369.017838194966","13563.104215128982105","56051.086271473010129","210.11544473369997377","0","0","42.6321192213304343","6368.4265713006461738","0","0","0","0","0","9.1354541188565203669","7.1053532035550723833","0","0","0","0","0","0","0","0","0","0","0","0","0","646.58714152351160465","70015.135417374025565","60676695.568198345602","13311.371701631602264","13311.371701631602264","0","0","0","0","0","0","0","0","0"
"05/14/2026 08:04:20.778","58752730.965946428478","53311.251594468601979","9917.0900941838008293","43394.161500284797512","1000000000","2144154.2387141655199","9914.1362349420869577","2.9538592417147939706","0","0","0","56608576.727232269943","43394.161500284797512","0","0","0","0","0","0","0","0","0","0","40.800176581351173866","0.40800176581351171867","0","0","40.800176581351173866","0.40800176581351171867","1.3870937510459551323e-005","0","1.3870937510459551323e-005","29417.484188237631315","0","29417.484188237631315","121284483.72202017903","0","121284483.72202017903","4122.8707032165211785","0","4122.8707032165211785","61.312872894703531301","0","0","100","26.256413043649498462","35.678877561790976358","121.99892254731364005","153845.32075722480658","147145.76498972845729","1780.0838352536347884","0","100","3500","0","21.114378364925212139","0","0","153862.05827116247383","0","0","70.739960135302908384","78.693337381630144023","564","32822.264831775675702","0.43265187660019466254","0.33650482733797509871","178934.85414979580673","3.3169452135092614142","17.978809056449520654","21.306662618369852424","118446537.85542926192","28694.773293764745176","92977942.056112498045","21933.389489479584881","90258.122989837240311","337.72457330272476383","0","0","125.04670789925961571","6745.6298883293511608","0","0","0","0","0","1.9692394944765292397","1.9692394944765292397","0","0","0","0","0","0","0","0","0","0","0","0","0","30.523212164386205103","74240.328941765154013","88919638.782399520278","21543.480069573230139","23559.981311917195853","0","0","0","81192.728977014543489","38.400170142292324726","0","0","0","0"
"05/14/2026 08:04:21.778","58234037.175447277725","52953.259125459226198","10028.109124078388049","42925.150001380839967","1000000000","2171509.8838212238625","10025.107295364336096","3.0018287140526007661","0","0","0","56062527.291626058519","42925.150001380839967","0","0","0","0","0","0","0","0","0","0","39.308590631997390119","0.39308590631997392117","0","0","39.308590631997390119","0.39308590631997392117","1.3853261176138768326e-005","0","1.3853261176138768326e-005","28381.289881795990368","0","28381.289881795990368","117249796.57607413828","0","117249796.57607413828","4131.2356508249895342","0","4131.2356508249895342","62.521126919779881348","0","0","100","26.380677625924498386","35.705412460647345085","122.01057784341072932","154524.97335767696495","146489.95028225178248","1746.6439876382421517","0","100","3500","0","22.089011820871128577","0","0","154520.97188233301858","0","0","70.740895504291515294","77.910988179128864317","355","31541.629398759323522","0.43962000105440773856","0.2442344454600594017","177337.3842935890425","3.7123755756350984569","18.366472314844152436","22.089011820871128577","87506645.048163339496","21334.997280343184684","90618116.556606277823","21506.101517044182401","88505.91780512688274","331.20176811713696452","0","0","124.07558684750749478","6872.1865360377541947","0","0","0","0","0","5.0030478567543346102","4.0024382854034676882","0","0","0","0","0","0","0","0","0","0","0","0","0","9.0054861421578031866","75474.979357424541377","86568449.499435052276","21060.830257793048077","42065.62637959044514","0","0","0","828431.68057980923913","542.33038767216987708","0","0","0","0"
"05/14/2026 08:04:22.762","57653577.109861038625","52487.701083588544861","9907.5944647080286813","42580.106618880519818","1000000000","2143098.8180465297773","9904.5472242534342513","3.0472404545954567823","0","0","0","55510478.291814513505","42580.106618880519818","0","0","0","0","0","0","0","0","0","0","35.101527083962949405","0.35101527083962952291","0","0","35.101527083962949405","0.35101527083962952291","1.3958826856265652496e-005","0","1.3958826856265652496e-005","25143.79673768531211","0","25143.79673768531211","103975029.69281886518","0","103975029.69281886518","4135.2159650965504625","0","4135.2159650965504625","66.020312019849797025","0","0","100","27.062046761385612825","35.459523414822832876","122.00288540577416541","150135.90400160258287","151223.71797474523191","1783.8130344518701804","0","100","3500","0","19.693882267489847493","0","0","150081.04870327661047","0","0","70.942830222700806075","80.306107573960588297","530","28556.246134098244511","0.39681326300230851389","0.297615026526512505","169257.03882363421144","3.4225575672305512676","16.120744520097421315","19.644288228526729512","87960862.868796080351","21261.612398530702194","90343658.636747911572","21370.297308077941125","88211.516679629290593","330.11771591450781216","0","0","125.9526054566122184","6765.88955602011265","0","0","0","0","0","5.0787340909924285626","4.0629872727939426724","0","0","0","0","0","0","0","0","0","0","0","0","0","60.944809091909135645","74420.722128948444151","86376119.060966446996","20916.258480343214615","41848.768909777609224","0","0","0","808569.00267781328876","530.21983909960954406","0","0","0","0"
"05/14/2026 08:04:23.763","55343910.59812373668","50492.445082278834889","9632.5125948626991885","40859.932487416139338","1000000000","2099438.7683983189054","9629.5127466550184181","2.999848207680691381","0","0","0","53244471.829725414515","40859.932487416139338","0","0","0","0","0","0","0","0","0","0","35.527070816934347874","0.3552707081693434743","0","0","35.527070816934347874","0.3552707081693434743","1.4063156019947757133e-005","0","1.4063156019947757133e-005","25264.721605086782802","0","25264.721605086782802","105986829.06644923985","0","105986829.06644923985","4195.0523232802979692","0","4195.0523232802979692","66.08536682791442729","0","0","100","28.037190823180779375","38.130962324350441861","121.99546983215344653","145924.20496240086504","150722.58853513657232","1760.7732124102417401","0","100","3500","0","22.862197302991916104","0","0","145906.20728050227626","0","0","68.73520141572477371","76.942519626543500522","247","30011.134565867916535","0.53703594274349575333","0.29292960500746950681","166788.51763892811141","4.5892071483342444793","18.649778195586826257","23.106303640727944071","85366192.470660984516","20736.950710294058808","88223967.867225915194","20770.948989981105115","86035.646596282225801","321.98370762439418513","0","0","128.99347293026971784","6649.6635270255328578","0","0","0","0","0","3.9997976102409218413","2.999848207680691381","0","0","0","0","0","0","0","0","0","0","0","0","0","70.996407581776367124","73160.298088916693814","84377426.502218991518","20332.971151659727184","40750.938002537070133","0","0","0","773176.87725001119543","473.97601681354922221","0","0","0","0"
"05/14/2026 08:04:24.778","58479214.375679150224","51994.824931920215022","9309.964014335986576","42684.860917584228446","1000000000","1979644.6797153830994","9307.995110029263742","1.9689043067222133931","0","0","0","56499569.695963770151","42684.860917584228446","0","0","0","0","0","0","0","0","0","1","18.400567941498639613","0.18400567941498638391","0","0","18.400567941498639613","0.18400567941498638391","1.4893177108241671577e-005","0","1.4893177108241671577e-005","12350.936716068445094","0","12350.936716068445094","58194384.803051486611","0","58194384.803051486611","4711.7385620915028994","0","4711.7385620915028994","81.889813716330792204","0","0","100","26.129466775477279583","35.880211172413360998","122.00790249129386211","124711.52335854513512","181136.92203207794228","1721.3814184360146555","0","100","3500","0","21.765881302472077863","0","0","124759.77718549213023","0","0","70.596510909820182178","77.897521381266187745","555","17279.793906920334848","0.57702115708134082972","0.57701130929561050831","133567.57776128829573","4.9046601396199367429","17.214382454712247039","22.102478618733812255","88452762.146318346262","21454.165778198599583","91245546.584571242332","21762.299302200626698","89187.427285902827862","333.729279989415204","0","0","124.04097132349944843","6139.0436283598619411","0","0","0","0","0","4.9222607668055333718","3.9378086134444267863","0","0","0","0","0","0","0","0","0","0","0","0","0","923.41611985271811136","67503.88415597108542","87267383.308456227183","21222.819522158737527","42345.224924674643262","0","0","0","477275.2018274582224","316.00914122891526858","0","0","0","0"
"05/14/2026 08:04:25.762","57943691.7330487445","52573.08381293592538","9894.4239051720851421","42678.659907763845695","1000000000","2147634.7651535361074","9893.4075288079166057","1.0163763641676513139","0","0","0","55796056.967895209789","42678.659907763845695","0","0","0","0","0","0","0","0","0","1","43.693162211441070042","0.43693162211441066711","0","0","43.693162211441070042","0.43693162211441066711","1.4204798546895639459e-005","0","1.4204798546895639459e-005","30775.876306996480707","0","30775.876306996480707","167155891.29854783416","0","167155891.29854783416","5431.3933949801848939","0","5431.3933949801848939","59.784767231405751886","0","0","100","27.64164808301204701","36.280598014420483821","121.99936599203117282","152505.32269336411264","147421.00495550699998","1815.2009621479303405","0","100","3500","0","20.191600418238962789","0","0","152456.5651968990278","0","0","70.249284523075829156","79.858002731169932531","527","34448.187033756439632","0.39681503693621367201","0.14880944822667471761","177505.7290058346407","3.5712845407513285068","16.517218936395920537","20.141997268830071022","93758032.295358970761","20596.867019857450941","97189209.132141634822","20656.833225343343656","85269.91144820927002","319.14217834864251699","0","0","122.98154006428579521","6838.1801781199574179","0","0","0","0","0","0","0","0","0","0","0","0","0","0","0","0","0","0","0","0","28.458538196694235012","75123.42620472361159","93173839.488762691617","20284.83947605798312","40563.580693930962298","0","0","0","821849.04270051198546","497.00804207798148582","0","0","0","0"
"05/14/2026 08:04:26.763","57613404.447290435433","52531.033911436519702","9975.9799029422993044","42555.054008494218579","1000000000","2170669.4998729391955","9975.9799029422993044","0","0","0","0","55442734.947417497635","42555.054008494218579","0","0","0","0","0","0","0","0","0","1","44.990562131484772124","0.44990562131484773678","0","0","44.990562131484772124","0.44990562131484773678","1.3738358924265086701e-005","0","1.3738358924265086701e-005","32735.963702342658507","0","32735.963702342658507","134643171.60014495254","0","134643171.60014495254","4113.0046704722362847","0","4113.0046704722362847","57.526652656648522566","0","0","100","26.551853303158011954","36.560773149295862083","121.99937559705196577","158799.51981752426946","141124.47786184580764","1845.4714569747225141","0","100","3500","0","23.023590772581659536","0","0","158886.49490785837406","0","0","70.042819792392890577","76.927605420521473434","565","35820.740939794843143","0.34167663169360407149","0.24405902121676029126","185782.79180842606002","4.1978271609479982374","18.841408420686018843","23.023590772581659536","88143621.333667486906","21436.914843024962465","90840779.343575924635","21530.848741740435798","88925.423179708435782","332.76583268354056599","0","0","122.91350576599245414","6868.1668709728955946","0","0","0","0","0","4.9964839742273357004","3.9971871793818687379","0","0","0","0","0","0","0","0","0","0","0","0","0","38.972574998973222193","75471.890430703904713","86876465.031557291746","21076.168700085749151","42181.3170072220164","0","0","0","824558.75800199387595","511.63995896087919846","0","0","0","0"
"05/14/2026 08:04:27.778","55763489.242472335696","51004.355731395058683","9735.3325291316268704","41269.023202263429994","1000000000","2131486.1911553181708","9734.3474706950037216","0.98505843662163572461","0","0","0","53632003.0513170138","41269.023202263429994","0","0","0","0","0","0","0","0","0","0","44.813289002512199488","0.44813289002512202153","0","0","44.813289002512199488","0.44813289002512202153","1.3738937037596256419e-005","0","1.3738937037596256419e-005","32620.210128725466348","0","32620.210128725466348","134140939.4029482007","0","134140939.4029482007","4112.2034123508983612","0","4112.2034123508983612","57.631183787566655496","0","0","100","25.696675055589086156","36.08151069942181266","122.00085789341872555","155930.0680374482763","144530.94934310257668","1761.949494195415582","0","100","3500","0","22.519124684620617671","0","0","155856.20207206837949","0","0","70.433249888819986495","77.480875315379378776","537","35676.276398957372294","0.19238696453222398075","0.19237711469787358021","182823.1887129653478","3.1742667167694906816","19.430334830343991115","22.567211575919323252","83550911.070697456598","20364.113060279076308","86307258.245480895042","20501.036182969484798","84490.432225910946727","316.20375815554507426","0","0","124.11736301432610219","6782.1273361399616988","0","0","0","0","0","9.8505843662163581342","7.8804674929730857968","0","0","0","0","0","0","0","0","0","0","0","0","0","53.193155577568326464","74643.78809344106412","82463229.246148571372","20056.774828053126839","40110.594480796382413","0","0","0","812280.17189663741738","524.05108828271022503","0","0","0","0"
"05/14/2026 08:04:28.762","58534127.247650057077","52892.635182510268351","9851.4742219757863495","43041.160960534478363","1000000000","2130179.4260305017233","9848.427060137872104","3.0471618379139457922","0","0","0","56403947.821619555354","43041.160960534478363","0","0","0","0","0","0","0","0","0","0","39.889795218459106252","0.39889795218459106474","0","0","39.889795218459106252","0.39889795218459106474","1.3868872955885988565e-005","0","1.3868872955885988565e-005","28758.097705619180488","0","28758.097705619180488","118725095.92719396949","0","118725095.92719396949","4128.4057500088301822","0","4128.4057500088301822","61.547873109887021315","0","0","100","26.602464006294123777","38.114084239170189505","121.99939642119393568","155714.70719953704975","141321.77391463230015","1814.5346460296032092","0","100","3500","0","23.760739693876054446","0","0","155695.40363947290462","0","0","68.764049372522322301","76.239250147503170751","495","32676.863281215075403","0.64482861187729689778","0.19840802222218612005","180135.74263437106856","2.9761609678158640335","20.733907525668801242","23.760749852496832801","87749294.150353267789","21394.123263993813453","90724246.378473550081","21551.559958952700981","89025.880256493837805","333.15636094525802946","0","0","130.01223841766167766","6725.086176276077822","0","0","0","0","0","5.0786030631899095056","4.0628824505519274268","0","0","0","0","0","0","0","0","0","0","0","0","0","78.210487173124604965","73861.171509808758856","86727523.905746415257","21089.407080202418001","42150.373983250974561","0","0","0","762061.65688206069171","519.03323305800870457","0","0","0","0"
"05/14/2026 08:04:29.775","55150661.519979871809","49672.660958203377959","9107.3790419428496534","40565.281916260530124","1000000000","1954321.228067523567","9104.4150435564515647","2.963998386399278484","0","0","0","53196340.291912347078","40565.281916260530124","0","0","0","0","0","0","0","0","0","0","33.522496907811280664","0.33522496907811283329","0","0","33.522496907811280664","0.33522496907811283329","1.4596468361509012411e-005","0","1.4596468361509012411e-005","22968.023496208010329","0","22968.023496208010329","132647511.53069472313","0","132647511.53069472313","5775.3124274099882314","0","5775.3124274099882314","68.920747104407311667","0","0","100","26.043845243157033309","37.760792973127621508","121.99860074865054571","139317.90212764989701","158557.74817629504832","2417.4135176982426856","0","100","3500","0","26.436642732664971334","0","0","139398.9106721743301","0","0","69.041055967627855239","73.466886906902402643","403","27743.450681454742153","0.38591107932204998798","0.53062155956958312331","160071.89607117450214","4.6308736766815377095","20.64597106580730923","26.533113093097604462","81322014.416295349598","19850.885193178102782","85467549.503466054797","20403.176892510502512","83683.554442672961159","313.19582949619041301","0","0","114.60793760743877101","6118.6806689902441576","0","0","0","0","0","10.86799408346402096","8.8919951591978350081","0","0","0","0","0","0","0","0","0","0","0","0","0","891.17551484404975781","67320.307350824688911","81713910.330947220325","19876.573179193561373","39416.238541799742961","0","0","0","476186.10076428676257","329.99182035245303268","0","0","0","0"
"05/14/2026 08:04:30.778","55839824.121793009341","50824.526311286841519","9586.9935158421703818","41237.532795444669318","1000000000","2089420.1768374051899","9584.9993414238997502","1.9941744182719025602","0","0","0","53750403.944955609739","41237.532795444669318","0","0","0","0","0","0","0","0","0","0","44.094810859228147137","0.44094810859228145139","0","0","44.094810859228147137","0.44094810859228145139","1.3883401317853781619e-005","0","1.3883401317853781619e-005","31777.169355162764987","0","31777.169355162764987","130890334.06708982587","0","130890334.06708982587","4119.0054596799500359","0","4119.0054596799500359","58.532746125370202606","0","0","100","29.19725600130119858","38.522743871130288085","122.00921782348247291","159469.4999969106575","137316.35101010100334","1954.2659902507939478","0","100","3500","0","21.850691692100898678","0","0","159377.81592189634102","0","0","68.409471917442218114","77.954657478520346103","575","36197.2714420649354","0.43794443462265425504","0.77857342029570741904","187758.02340295808972","5.4013512347252614632","17.858525959456581944","22.045342521479661002","85520082.183916136622","20799.239182575944142","86780918.901612728834","20499.115932626020367","84720.505985863506794","317.07373250523249908","0","0","121.6446395145860464","6631.6270279632117308","0","0","0","0","0","0","0","0","0","0","0","0","0","0","0","0","0","0","0","0","54.839796502477319962","72933.938086667418247","82971950.042341321707","20158.112107101525908","40643.268818799646397","0","0","0","807138.1074467159342","615.20280803688194737","0","0","0","0"
"05/14/2026 08:04:31.763","57609337.510995291173","52210.961439192025864","9779.9113879525575612","42431.050051239464665","1000000000","2105104.1006293394603","9776.8659515643648774","3.0454363881936550307","0","0","0","55504233.410365954041","42431.050051239464665","0","0","0","0","0","0","0","0","0","0","44.192764355400079523","0.44192764355400077081","0","0","44.192764355400079523","0.44192764355400077081","1.37726003987467951e-005","0","1.37726003987467951e-005","32077.581476843770361","0","32077.581476843770361","132005163.02982345223","0","132005163.02982345223","4115.18440456976532","0","4115.18440456976532","58.429381256172078452","0","0","100","26.462093358397009268","36.313779551225913167","121.99329250987840112","160913.01564155667438","139660.4647641160991","1739.4739233768339091","0","100","3500","0","21.361525826899985248","0","0","160953.63383007686934","0","0","70.247380753520459962","78.688069132367459702","554","35307.360371169008431","0.14874425949008784897","0.39666828293700867603","188364.81835292230244","3.718718187610906778","17.601935462579110236","21.311930867632533193","88533905.604668855667","21512.962646199979645","91692404.833919659257","21699.749411342523672","89247.528501477790996","333.98285723857082985","0","0","119.78716460228376661","6601.4909441411127773","0","0","0","0","0","11.166600090043402815","9.1363091645809646479","0","0","0","0","0","0","0","0","0","0","0","0","0","106.59027358677792563","72654.975913136033341","87705449.45311576128","21246.994534964400373","42426.989469388543512","0","0","0","818476.25650898576714","641.571932446130063","0","0","0","0"
"05/14/2026 08:04:32.778","55728622.696198217571","51283.52612875415798","9864.9061381167612126","41418.619990637394949","1000000000","2151070.5580123160034","9862.9363086163393746","1.9698295004226760163","0","0","0","53577552.13818590343","41418.619990637394949","0","0","0","0","0","0","0","0","0","0","44.175341916362640404","0.44175341916362642625","0","0","44.175341916362640404","0.44175341916362642625","1.3766780233271947372e-005","0","1.3766780233271947372e-005","32088.522561885391042","0","32088.522561885391042","132144609.5172509253","0","132144609.5172509253","4118.1269490484955895","0","4118.1269490484955895","58.269273158233438892","0","0","100","26.378006212168727984","35.978875159362139868","122.00424290355677215","160406.1763626828033","140676.96545032487484","1817.1566177249103475","0","100","3500","0","21.274534349418814827","0","0","160401.25181900334428","0","0","70.504325034417675511","78.677362655805339386","536","35161.241871425088902","0.2885490249688423825","0.19236273361321842845","187252.81868568854406","3.6549313350432681702","17.697598021670774671","21.322637344194660614","89212250.409059718251","20680.255010187465814","87097729.052512988448","20625.099784175628884","85797.893720410080277","321.08220856889619199","0","0","121.144514275994581","6851.067002470067564","0","0","0","0","0","3.9396590008453520326","2.9547442506340142465","0","0","0","0","0","0","0","0","0","0","0","0","0","76.823350516484367745","75297.717568407009821","83270145.470923691988","20185.827805581371649","40545.000607199937804","0","0","0","819728.78796489327215","624.43595163398833847","0","0","0","0"
"05/14/2026 08:04:33.763","57144466.651339814067","52079.137369633259368","9858.4934364926193666","42220.643933140643639","1000000000","2133315.398948461283","9856.4615953062038898","2.0318411864164507286","0","0","0","55011151.25239135325","42220.643933140643639","0","0","0","0","0","0","0","0","0","1","39.186066026089577008","0.39186066026089577674","0","0","39.186066026089577008","0.39186066026089577674","1.3832989062219831178e-005","0","1.3832989062219831178e-005","28328.94574161136552","0","28328.94574161136552","117063180.81283603609","0","117063180.81283603609","4132.2815850815850354","0","4132.2815850815850354","62.172976131554804624","0","0","100","25.113568765379525871","35.784914167205727153","121.99983930580106062","158142.02122261293698","143007.27422224791371","1787.971563531353695","0","100","3500","0","23.957365701900034338","0","0","158178.5933682306204","0","0","70.670009338024286194","76.092250171278379867","451","31717.193286938858364","0.54564253978006471701","0.34722984136736634309","182478.752345315821","3.9683047625549292547","19.990330796869120178","23.907749828721613028","85442380.082511037588","20803.005987124834064","92707451.747073575854","20963.521440851731313","86320.740963716496481","323.06274864021571602","0","0","120.89455059177883811","6748.7605006822413998","0","0","0","0","0","4.0636823728329014571","3.0477617796246763149","0","0","0","0","0","0","0","0","0","0","0","0","0","89.401012202323840938","74211.983413267662399","88804398.611074000597","20519.56414161973953","41000.523300697561353","0","0","0","841197.48998530884273","475.45083762144952289","0","0","0","0"
"05/14/2026 08:04:34.778","57639014.623458303511","51719.822439703362761","9456.5962515879964485","42263.226188115368132","1000000000","2043643.9049952765927","9454.6269479121147015","1.9693036758825483989","0","0","0","55595370.718463025987","42263.226188115368132","0","0","0","0","0","0","0","0","0","0","38.701368761142752817","0.38701368761142751485","0","0","38.701368761142752817","0.38701368761142751485","1.3922708754029830709e-005","0","1.3922708754029830709e-005","27793.767429568346415","0","27793.767429568346415","114835422.33785097301","0","114835422.33785097301","4131.6968859602511657","0","4131.6968859602511657","63.028086625705206814","0","0","100","27.541289752288271586","37.815088340169133119","121.99532344479123935","152398.18669437660719","144874.15505288389977","1767.6519496265477756","0","100","3500","0","21.525588837514174401","0","0","152381.44570098182885","0","0","69.006499921611748505","78.426324505267757559","552","32081.651930325166177","0.43276021942405512588","0.28851009553911810546","176918.818196159933","4.087218146996470125","17.454786921847315284","21.573675494732235336","87821830.006949663162","21390.576527436238393","90551277.024508178234","21572.737117455373664","88941.63121755940665","332.81232122415065078","0","0","128.00473893236562617","6417.9606797012247625","0","0","0","0","0","0","0","0","0","0","0","0","0","0","0","0","0","0","0","0","954.12763096509468141","70546.365581140533322","86555087.233260273933","21021.332088208262576","42080.080946258291078","0","0","0","518744.12778260145569","400.7532980420986064","0","0","0","0"
"05/14/2026 08:04:35.762","55267433.955486498773","50574.664068176243745","9673.2273673705240071","40901.4367008057161","1000000000","2100876.2590840160847","9671.1956035882576543","2.031763782266440721","0","0","0","53166557.696402482688","40901.4367008057161","0","0","0","0","0","0","0","0","0","0","43.869228077321785975","0.43869228077321786863","0","0","43.869228077321785975","0.43869228077321786863","1.3926555949693647109e-005","0","1.3926555949693647109e-005","31502.497444041164272","0","31502.497444041164272","129654226.31247876585","0","129654226.31247876585","4115.6808771364076165","0","4115.6808771364076165","58.606556169728420969","0","0","100","29.093147189559481092","39.32220967178345461","121.99965712845077803","158249.0676128603518","137037.25487678847276","1782.7475746252548561","0","100","3500","0","23.268292410391179459","0","0","158238.90950702203554","0","0","67.767579562417495254","76.731707589608816988","571","36173.014890259444655","0.59520647195868880974","0.44639977489545995537","187228.11194842119585","5.3568277731868594316","17.85612305173087222","23.268292410391179459","84234398.898621484637","20524.877728455583565","86937010.446516662836","20557.38594897184521","84683.914444865251426","316.95515003356473471","0","0","119.87406315372000165","6661.1375601605259362","0","0","0","0","0","5.0794094556661013584","4.063527564532881442","0","0","0","0","0","0","0","0","0","0","0","0","0","29.460574842863390899","73216.639657753461506","83146145.581563934684","20215.033751659950212","40423.972211973101366","0","0","0","828787.93912510632072","620.70383548239760785","0","0","0","0"
"05/14/2026 08:04:36.778","56761780.806291617453","51413.74006072053453","9599.1080595008879754","41814.632001219644735","1000000000","2083775.1255644632038","9597.1396173683133384","1.9684421325747745168","0","0","0","54678005.680727154016","41814.632001219644735","0","0","0","0","0","0","0","0","0","1","44.083891098074730053","0.44083891098074728943","0","0","44.083891098074730053","0.44083891098074728943","1.3870813589767413005e-005","0","1.3870813589767413005e-005","31779.514009353446454","0","31779.514009353446454","130785688.91390122473","0","130785688.91390122473","4115.4087150422747072","0","4115.4087150422747072","58.45602189062562104","0","0","100","28.297644846507115091","37.893699956531875728","122.00216026531708735","159506.32080092350952","138307.70996889349772","1820.960774339453792","0","100","3500","0","22.189131461868573325","0","0","159483.68182913440978","0","0","68.939554706878226398","77.570563801724475184","570","36154.43794716890261","0.52867238867671950686","0.28836765226977439935","188080.64041123396601","5.2867238867671959568","17.157801488247567789","22.429436198275521264","85382106.605117425323","20794.622688519917574","88536338.278355240822","20988.514238578532968","86528.77926372193906","323.8087308085504219","0","0","124.0118543522107899","6594.2811441254943929","0","0","0","0","0","0","0","0","0","0","0","0","0","0","0","0","0","0","0","0","82.674569568140526599","72455.402236878580879","84630539.651363313198","20541.67787448405943","41013.476053261714696","0","0","0","804810.36077705828939","622.02771389362874288","0","0","0","0"
"05/14/2026 08:04:37.778","56364359.863218300045","51329.644840265485982","9738.8299261431220657","41590.814914122362097","1000000000","2124452.1845654798672","9736.8295502724959078","2.0003758706260907907","0","0","0","54239907.678652822971","41590.814914122362097","0","0","0","0","0","0","0","0","0","0","47.298576767760202699","0.47298576767760203143","0","0","47.298576767760202699","0.47298576767760203143","1.4233575082756545695e-005","0","1.4233575082756545695e-005","33236.245090452495788","0","33236.245090452495788","181052643.79176849127","0","181052643.79176849127","5447.4458019861567664","0","5447.4458019861567664","56.895429300691994001","0","0","100","27.041695866573228102","37.340870909213087714","121.99914268986283616","162172.34056191518903","136920.45922582712956","1803.003786307951259","0","100","3500","0","22.362612318465934891","0","0","162193.34060601526289","0","0","69.387136729375882283","77.588557261592455916","485","36279.076186059988686","0.39063335944689120405","0.68359587892455875302","191374.40188624395523","4.248076533458188031","18.164216212259425731","22.41144273840755119","85279988.109765827656","20740.897214586620976","87484598.356031104922","20759.900785357567656","86056.169954334414797","322.0605151708006133","0","0","128.0240557200698106","6739.2663081392993263","0","0","0","0","0","17.003194900321769722","14.002631094382634203","0","0","0","0","0","0","0","0","0","0","0","0","0","97.01822972536540135","74169.936531074185041","83606877.732325911522","20311.816590337326488","40731.653477688458224","0","0","0","807231.67883245262783","620.11651989408812824","0","0","0","0"
"05/14/2026 08:04:38.778","56892814.291067808867","51840.48524470411212","9831.22988685884593","42009.255357845264371","1000000000","2142756.058782953769","9829.229636627542277","2.0002502313039363102","0","0","0","54750058.232284858823","42009.255357845264371","0","0","0","0","0","0","0","0","0","0","39.290528272328302251","0.3929052827232830114","0","0","39.290528272328302251","0.3929052827232830114","1.3870909411972453946e-005","0","1.3870909411972453946e-005","28318.542649685474316","0","28318.542649685474316","117270862.58490936458","0","117270862.58490936458","4141.1333921949499199","0","4141.1333921949499199","62.107077010495018499","0","0","100","26.805542973570361198","35.844725676266143921","121.99834404619240047","158675.28143086953787","142429.05458648796775","1719.6316206942808549","0","100","3500","0","20.233119284686029715","0","0","158704.29208648335771","0","0","70.627490328795929031","79.766880715313973838","493","31724.652464850340039","0.39076966478161134777","0.19539483622227316051","183416.3688322720991","3.3215921698010340002","16.998700502292376058","20.233119284686029715","87089426.887303605676","21129.643318379130505","90546383.352557405829","21389.675848448641773","87658.966136663701036","328.04103793384553001","0","0","126.01576457214797244","6806.8515371272942502","0","0","0","0","0","0","0","0","0","0","0","0","0","0","0","0","0","0","0","0","62.007757170422017623","74797.357149379386101","86567501.594449460506","20933.618795711343409","41737.221326387931185","0","0","0","788929.69510485755745","614.07682101030843569","0","0","0","0"
"05/14/2026 08:04:39.762","57585214.41193023324","51806.072112467874831","9522.2414675891850493","42283.830644878689782","1000000000","2050106.5932406203356","9520.2100560760991357","2.0314115130856924551","0","0","0","55535107.818689614534","42283.830644878689782","0","0","0","0","0","0","0","0","0","1","38.117082502781933329","0.38117082502781934883","0","0","38.117082502781933329","0.38117082502781934883","1.3899585108353398723e-005","0","1.3899585108353398723e-005","27418.976897874137649","0","27418.976897874137649","113356532.72994993627","0","113356532.72994993627","4134.2364141507687236","0","4134.2364141507687236","63.479953294753620696","0","0","100","25.17520235347657831","37.727667977765499074","122.00213918921049583","152950.98803067349945","144517.66768728042371","1800.0209257511685337","0","100","3500","0","24.703231313076113196","0","0","152952.00384383701021","0","0","69.079462918110806413","75.296758528309311487","492","30927.447576422164275","0.29761693124101090691","0.24801241626507972149","177906.47001878239098","3.5713828576629782496","21.031501660628723727","24.703241471690684961","89039415.579158976674","21585.77873804857154","91442705.409476190805","21704.616311564084754","89296.787292220877134","334.16719390259646616","0","0","127.97892532439863089","6421.2917928638744343","0","3.0471172696285391268","3.0471172696285391268","0","0","10.157057565428463164","7.1099402957999240371","0","0","0","0","0","0","0","0","0","0","0","0","0","699.82126625802106901","70650.461013607302448","87500076.939711049199","21172.386495135629957","42425.013745038151683","0","0","0","494015.9187500399421","415.42365442602414305","0","0","0","0"
"05/14/2026 08:04:40.778","54241758.715513795614","49755.690210344029765","9510.1776224004752294","40245.512587943550898","1000000000","2073661.6506762739737","9507.2247624473384349","2.9528599531361439112","0","0","0","52168097.064837522805","40245.512587943550898","0","0","0","0","0","0","0","0","0","0","43.648300646374103451","0.43648300646374105227","0","0","43.648300646374103451","0.43648300646374105227","1.3902022767899145113e-005","0","1.3902022767899145113e-005","31385.948441884072963","0","31385.948441884072963","129371235.71873891354","0","129371235.71873891354","4121.9476275598208304","0","4121.9476275598208304","58.861231121821319334","0","0","100","28.559442862004210895","38.914838107961635671","121.99970863046441139","161657.05273350898642","134829.40488446754171","1754.7015810924701782","0","100","3500","0","22.931087890770008642","0","0","161631.45102693862282","0","0","68.112466692227812359","76.828532937745990239","555","35949.7194299130133","1.0096358442140527245","0.2403890178433755187","189991.24913975803065","5.5770370295975650876","17.692677006525574512","23.171467062254002656","82745868.407567903399","20160.159186711502116","85630340.124189421535","20207.404945961679914","83896.656988504124456","313.98744168347667483","0","0","118.11439812544576","6582.9091221915105052","0","0","0","0","0","9.8428665104538133335","7.874293208363051022","0","0","0","0","0","0","0","0","0","0","0","0","0","48.230045901223682847","72400.188904294074746","81894665.186037063599","19867.826051351021306","39714.982083030088688","0","0","0","824429.64033575204667","609.2734369970910393","0","0","0","0"
"05/14/2026 08:04:41.762","57343602.283082187176","51910.965162137137668","9717.1682917179514334","42193.796870419188053","1000000000","2105527.0854757050984","9715.1351986555564508","2.0330930623952192526","0","0","0","55238075.197606481612","42193.796870419188053","0","0","0","0","0","0","0","0","0","1","47.707843927027518305","0.47707843927027521191","0","0","47.707843927027518305","0.47707843927027521191","1.4441873981364740132e-005","0","1.4441873981364740132e-005","33057.076648015070532","0","33057.076648015070532","186133215.57658314705","0","186133215.57658314705","5630.6617054644975724","0","5630.6617054644975724","56.84817683082613371","0","0","100","28.406043672040336645","38.867062621297677083","122.0050928760971658","163044.77567667479161","133710.84847767441534","1753.3553237546225319","0","100","3500","0","23.166512342308532624","0","0","163048.83907255833037","0","0","68.129248470004782234","76.73427986735046602","564","37680.885877190157771","0.69442405692410136275","0.34720694921822820023","193931.66363655851455","4.513781766225770653","18.55114569963281923","23.265720132649537533","86545669.16615127027","21080.125417444833147","89651320.473613098264","21274.285804903574899","87191.229073881375371","326.31143651443272802","0","0","127.06831639970121728","6660.4128724067386429","0","0","0","0","0","0","0","0","0","0","0","0","0","0","0","0","0","0","0","0","33.546035529521120111","73179.151687853533076","85615533.156291589141","20799.558574834292813","41554.389102295892371","0","0","0","783099.66994767228607","638.39122159209887286","0","0","0","0"
"05/14/2026 08:04:42.762","57198662.781405478716","51832.913245214949711","9730.4782467587319843","42102.434998456221365","1000000000","2094886.506240549963","9727.4796402111933276","2.9986065475373595568","0","0","0","55103776.275164932013","42102.434998456221365","0","0","0","0","0","0","0","0","0","1","44.094602755367048985","0.4409460275536705165","0","0","44.094602755367048985","0.4409460275536705165","1.3904771064581230948e-005","0","1.3904771064581230948e-005","31697.270278501579014","0","31697.270278501579014","130474792.36398845911","0","130474792.36398845911","4116.2785065590314844","0","4116.2785065590314844","58.534144889519026833","0","0","100","28.100174079442947317","38.059111810842203738","121.99371265929895003","161100.53398514073342","136665.68273927370319","1750.9840660449990537","0","100","3500","0","22.412474661369085283","0","0","161137.53364844381576","0","0","68.81236658187705757","77.343386486083517184","540","36018.672230082709575","0.53710747559486471392","0.34179839354755031655","190081.27026044062222","4.6386481983534677553","18.212804399819322754","22.656613513916479263","86681846.945724323392","21116.187307758085808","89220683.148540869355","21179.158045256368496","87607.288892851487617","327.84764919741797939","0","0","126.9410105124148771","6588.9381204554247233","0","0","0","0","0","3.9981420633831459277","2.9986065475373595568","0","0","0","0","0","0","0","0","0","0","0","0","0","69.967486109205054845","72432.340691280769533","85292332.653016149998","20725.36892106238156","41514.708115138892026","0","0","0","805127.85708481271286","639.70273014130339106","0","0","0","0"
"05/14/2026 08:04:43.778","57599197.934540607035","52005.823533386144845","9665.8362622701661167","42339.98727111597691","1000000000","2099130.2717169597745","9661.8966509955498623","3.9396112746159226425","0","0","0","55500067.662823647261","42339.98727111597691","0","0","0","0","0","0","0","0","0","0","33.234519360295131207","0.33234519360295133872","0","0","33.234519360295131207","0.33234519360295133872","1.4000323530631714672e-005","0","1.4000323530631714672e-005","23745.02205492882058","0","23745.02205492882058","100745126.25764703751","0","100745126.25764703751","4242.7893317848102015","0","4242.7893317848102015","67.879980949419575609","0","0","100","26.35156515821708112","36.049199463158295487","122.00780546062347298","152025.55007573805051","148314.59062054671813","1755.6027654829788389","0","100","3500","0","21.72978246320618112","0","0","151988.13397641762276","0","0","70.444591985463745232","78.270217536793822433","465","27224.150792394211749","0.19231751965144960881","0.28846643319826537066","172010.67028381885029","3.5096667320131378354","18.077157607712628362","21.72978246320618112","87259222.28527790308","21242.383992729053716","89800208.523624777794","21306.402675941564667","88172.439937178962282","329.94244424908350766","0","0","128.03736642501749543","6625.4412610853278238","0","0","0","0","0","0.98490281865398066063","0.98490281865398066063","0","0","0","0","0","0","0","0","0","0","0","0","0","79.777128310972429404","72899.551928311688243","85855034.517889097333","20851.377573723424575","41764.804025022051064","0","0","0","780835.87914296914823","639.20192930643349882","0","0","0","0"
"05/14/2026 08:04:44.762","55208632.730987161398","50123.548680191641324","9455.7589453034088365","40667.789734888239764","1000000000","2035953.8292369383853","9453.7269781936411164","2.031967109767574442","0","0","0","53172678.901750229299","40667.789734888239764","0","0","0","0","0","0","0","0","0","0","38.441357773858769065","0.38441357773858769731","0","0","38.441357773858769065","0.38441357773858769731","1.3836246297853669763e-005","0","1.3836246297853669763e-005","27786.134242516698578","0","27786.134242516698578","114810758.33114135265","0","114810758.33114135265","4131.9442758418954327","0","4131.9442758418954327","63.161972660853173522","0","0","100","25.715216942501417208","36.892280582544792367","122.00009138507520845","150455.95545850321651","148378.40569923692965","1827.5195389165155575","0","100","3500","0","23.164756150088994247","0","0","150417.35304467397509","0","0","69.758466277113626575","76.884848878883687462","538","31136.910165275217878","0.39681991434167435129","0.24801498614350614424","174678.97013635997428","3.621024892927092953","19.593234698936178972","23.115151121116316091","78078921.399346664548","18990.764607887751481","87650039.181405797601","20770.767796044146962","84964.672727821365697","318.00285267862540195","0","0","116.83810881163553574","6410.856231316697631","0","0","0","0","0","9.143851993954084989","7.111884884186510547","0","0","0","0","0","0","0","0","0","0","0","0","0","712.2044719735348508","70463.539448965064366","83828624.300355628133","20332.878883889236022","39006.656622653244995","0","0","0","481084.46897435141727","418.58522461212032795","0","0","0","0"
"05/14/2026 08:04:45.778","57606108.27566229552","52374.246708185615717","9914.9968829304234532","42459.249825255188625","1000000000","2149507.7627626680769","9912.0451124978753796","2.9517704325485034644","0","0","0","55456600.512899629772","42459.249825255188625","0","0","0","0","0","0","0","0","0","0","48.19537761074126081","0.48195377610741257923","0","0","48.19537761074126081","0.48195377610741257923","1.4205750094287620226e-005","0","1.4205750094287620226e-005","33914.85834650479228","0","33914.85834650479228","181711428.62540379167","0","181711428.62540379167","5357.8707824421944679","0","5357.8707824421944679","56.224420154069143507","0","0","100","26.436657066508782776","36.128529790145485379","122.00149943372450423","160447.63376106705982","140388.9631655770354","1751.8910827661256917","0","100","3500","0","21.42211886115685715","0","0","160499.79681016065297","0","0","70.405775516065489228","78.529819424570462161","568","37206.032922363963735","0.28836044297486951304","0.19223701442953805563","190658.89706252154429","3.1719550300624401729","18.166629166127780337","21.470180575429530734","94581466.50252199173","22877.204775728419918","91004609.484707474709","21485.936978520556295","88875.839877080405131","332.56613540046470234","0","0","129.87789903213416665","6797.9273061592039085","0","0","0","0","0","0","0","0","0","0","0","0","0","0","0","0","0","0","0","0","94.456653841552110862","74695.534719117393252","86978709.470224112272","21022.509020610443258","43571.083354848458839","0","0","0","831762.66348872496746","638.56633690799287706","0","0","0","0"
"05/14/2026 08:04:46.762","55019019.223165765405","50420.385069246440253","9709.1316976106681977","40711.253371635772055","1000000000","2119066.2844962654635","9708.1150346056838316","1.0166630049854104012","0","0","0","52899952.938669495285","40711.253371635772055","0","0","0","0","0","0","0","0","0","0","44.166040762255541097","0.44166040762255542873","0","0","44.166040762255541097","0.44166040762255542873","1.3886720771958973884e-005","0","1.3886720771958973884e-005","31818.50206702838841","0","31818.50206702838841","131019850.24350602925","0","131019850.24350602925","4117.7252771831163045","0","4117.7252771831163045","58.302957788315488585","0","0","100","28.025389732557364653","38.617274254316853899","121.99769850402762472","158555.00583388356608","137909.60198462809785","1733.7523471968142985","0","100","3500","0","24.478470294022812936","0","0","158514.35513406651444","0","0","68.316110672839698736","75.521529705977187064","564","36678.110177420996479","0.79391880047481688809","0.64506347133107122538","187346.88024679853697","5.5574316033237174395","19.004429380960804252","24.478470294022812936","85044649.297521442175","20619.959067114094069","87817935.175736799836","20713.49206357275034","85566.425151592076872","320.24884657040428237","0","0","125.04954961320547113","6730.3090930034168196","0","0","0","0","0","0","0","0","0","0","0","0","0","0","0","0","0","0","0","0","92.516333453672345399","74068.983228212076938","83959642.138688892126","20270.226993399111961","40570.953876947787649","0","0","0","812822.07248583552428","622.19775905107110248","0","0","0","0"
"05/14/2026 08:04:47.778","54115103.497337423265","49255.251969663921045","9275.9531100865515327","39979.298859577364055","1000000000","2022974.565722332336","9275.9531100865515327","0","0","0","0","52092128.93161509186","39979.298859577364055","0","0","0","0","0","0","0","0","0","1","35.56926962285406546","0.35569269622854066126","0","0","35.56926962285406546","0.35569269622854066126","1.4067128782273452699e-005","0","1.4067128782273452699e-005","25270.231266063288786","0","25270.231266063288786","107215201.62011322379","0","107215201.62011322379","4242.7471474745898377","0","4242.7471474745898377","66.235574192980450903","0","0","100","29.078130735697484965","39.145304073694212832","121.98849242974687002","147512.1709898901172","147319.52930497057969","1763.5762135221098106","0","100","3500","0","23.457179737311307122","0","0","147581.09915010593249","0","0","67.939587645168884933","76.254350894194971033","531","30204.319806575764233","0.62503994073852919833","0.48079540977646872957","170795.11882279368001","5.9137992949948845478","17.78947939530534228","23.745649105805021861","83259734.854959666729","20215.004114937190025","86079081.387385800481","20345.886967010337685","83879.178791782018379","313.92202865665285572","0","0","121.04203612780032984","6412.2756699898127408","0","0","0","0","0","19.681631890699240017","15.745305512559392369","0","0","0","0","0","0","0","0","0","0","0","0","0","81.678772346401842697","70470.082984648630372","82288745.481958389282","19911.906983820419555","39813.973151695492561","0","0","0","789210.80494036525488","612.09875180074641321","0","0","0","0"
"05/14/2026 08:04:48.762","59809467.212535761297","54604.18748308387876","10038.633034349362788","44565.554448734517791","1000000000","2153177.5266747428104","10038.633034349362788","0","0","0","0","57656289.68586101383","44565.554448734517791","0","0","0","0","0","0","0","0","0","0","40.058490967971785324","0.40058490967971782659","0","0","40.058490967971785324","0.40058490967971782659","1.3880052798310454914e-005","0","1.3880052798310454914e-005","28874.917941264087858","0","28874.917941264087858","119308258.19604025781","0","119308258.19604025781","4131.8994720168957429","0","4131.8994720168957429","61.481181314788138081","0","0","100","27.332236163057384459","38.010445061027049007","122.01001288787549015","160352.60262639709981","137398.19366038785665","1761.4690530001048501","0","100","3500","0","22.570719590878141503","0","0","160312.9848103261611","0","0","68.824297817341545169","77.478874508541480282","487","32854.343778621332604","0.446418004710118832","0.29761538932739450836","186437.37906407684204","3.6705728707679559086","18.898490874513012017","22.521125491458526824","91720635.11810003221","22325.464537057618145","94765004.819092690945","22466.739214770947001","92623.337621375525487","346.58032446219829126","0","0","118.91465678028504271","6740.5299467252170871","0","0","0","0","0","5.0818229393284211071","4.065458351462736708","0","0","0","0","0","0","0","0","0","0","0","0","0","47.769135629687156097","74130.583945159407449","90658290.196279317141","22001.244233528464974","43981.144810711746686","0","0","0","758439.71367383375764","641.32605494324673145","0","0","0","0"
"05/14/2026 08:04:49.778","56378351.717069745064","50983.29643188836053","9502.1713338227255008","41481.125098065640486","1000000000","2059901.5068319882266","9499.2160659395121911","2.9552678832125414132","0","0","0","54318450.210237756371","41481.125098065640486","0","0","0","0","0","0","0","0","0","1","42.067281869463982957","0.42067281869463984956","0","0","42.067281869463982957","0.42067281869463984956","1.4385666184046600697e-005","0","1.4385666184046600697e-005","29256.166954509757488","0","29256.166954509757488","167400999.51100167632","0","167400999.51100167632","5721.9047105963163631","0","5721.9047105963163631","61.288068097733095385","0","0","100","25.275004883766360564","36.499573064295574909","122.00288583570747392","153720.81770967796911","145876.23525191837689","1811.723703470455348","0","100","3500","0","23.027775696381358017","0","0","153694.23263359445264","0","0","70.075232552151618393","76.924144866897350425","553","32435.762086806378647","0.43269523791050296113","0.19230790059460764474","180353.15615069368505","3.7500483699022924","19.279115653445625611","23.075855133102653127","85248492.714870631695","20753.861254507275589","87712271.966604679823","20890.788666429456498","86077.102545037298114","322.12419927016702559","0","0","123.136161800522558","6508.4849681284204053","0","0","0","0","0","0.98508929440418047108","0","0","0","0","0","0","0","0","0","0","0","0","0","0","653.1142021899717065","71500.736255738636828","83825582.453747093678","20356.870268862388912","40791.562591982714366","0","0","0","516052.81812375161098","420.63312871058508335","0","0","0","0"
"05/14/2026 08:04:50.762","53588316.593067988753","49374.00166597149655","9567.5581495938440639","39806.443516377657943","1000000000","2101366.973881774582","9564.5121266235819348","3.0460229702622871883","0","0","0","51486949.619186207652","39806.443516377657943","0","0","0","0","0","0","0","0","0","0","43.365043278004741012","0.43365043278004739014","0","0","43.365043278004741012","0.43365043278004739014","1.3805116098570596042e-005","0","1.3805116098570596042e-005","31396.374095483479323","0","31396.374095483479323","129460427.49104773998","0","129460427.49104773998","4123.4197011836231468","0","4123.4197011836231468","59.050184809600651192","0","0","100","26.313357322099570013","36.963552027668342248","121.99795624979884678","160945.42459445682471","138595.02960148450802","1784.8511747002576158","0","100","3500","0","22.719558224547853342","0","0","160962.69407081988174","0","0","69.715352072828750352","77.280451934012035053","546","34791.89976227041916","0.39682382466731991322","0.39682382466731991322","189707.22955136539531","3.67057212501326946","19.047299778594187103","22.719548065987972052","80726610.503418251872","19669.185659973674774","83821987.16852670908","19798.133965714780061","81645.599694910342805","305.61763801631616388","0","0","116.76421386005434044","6730.6954232895668611","0","0","0","0","0","10.153409900874290628","8.1227279206994325023","0","0","0","0","0","0","0","0","0","0","0","0","0","79.196597226819463344","73981.805901730433106","80165736.140493959188","19467.132802946278389","38831.716165893725702","0","0","0","852138.12536374595948","603.11254811193282421","0","0","0","0"
"05/14/2026 08:04:51.762","56434191.159890286624","51360.197257076273672","9704.6593664562369668","41655.537890620034887","1000000000","2107675.0206067766994","9701.6594717525404121","2.9998947036959000556","0","0","0","54326516.139283508062","41655.537890620034887","0","0","0","0","0","0","0","0","0","1","43.214092356640129822","0.43214092356640126935","0","0","43.214092356640129822","0.43214092356640126935","1.3816536112798543173e-005","0","1.3816536112798543173e-005","31275.902215832222282","0","31275.902215832222282","128835157.88595819473","0","128835157.88595819473","4119.3106755763019464","0","4119.3106755763019464","59.153363798745871804","0","0","100","27.334113555059229128","36.898445849519070805","121.99836026553118984","160545.60325325169833","139057.50152596633416","1749.9847751324564342","0","100","3500","0","21.288855351023915574","0","0","160544.60326195161906","0","0","69.763201384323608067","78.711134648950093151","546","35241.693397267445107","0.34179088865631046534","0.29296076169798040967","188420.36074286155053","3.8086099023857462598","17.529345576298499765","21.288865351049913954","84976433.327190205455","20699.273455501712306","88069196.77119332552","20895.266576143174461","86036.980101998415194","321.98869819669329218","0","0","122.99568285153189606","6675.7656806246095584","0","0","0","0","0","0","0","0","0","0","0","0","0","0","0","0","0","0","0","0","39.998596049278667408","73393.423890821431996","84206708.344537094235","20451.2821599961826","40829.566882202430861","0","0","0","827311.96135015657637","626.97799307244315514","0","0","0","0"
"05/14/2026 08:04:52.778","59388963.235558308661","53821.95747261136421","9769.7921962738964794","44052.165276337465912","1000000000","2085481.9903601438273","9766.8391104714955873","2.9530858024001700457","0","0","0","57303481.245198167861","44050.19655246919865","1.9687238682667800305","0","0","0","0","0","0","0","0","0","37.686894524561282083","0.37686894524561281861","0","0","37.686894524561282083","0.37686894524561281861","1.4064191225104725241e-005","0","1.4064191225104725241e-005","26788.425675506074185","0","26788.425675506074185","111197052.03287966549","0","111197052.03287966549","4150.9364297787906253","0","4150.9364297787906253","64.191892327800431417","0","0","100","27.664823261566578338","38.755906380229873776","121.99905268274295622","156047.89985206563142","139894.93832223871141","1794.0388284355349242","0","100","3500","0","25.237522920260236248","0","0","156085.31668822400388","0","0","68.247234946674154799","74.522083895980472334","538","31823.019152693774231","0.76926015733573371858","0.2403931837592909182","180215.23739604026196","5.8656074688687187546","19.664209694854065447","25.477916104019527666","92337224.680119290948","21792.788859779120685","94792117.032759085298","21854.803661629524868","90234.489778139599366","337.63614340775274059","0","0","122.06087983254035123","6501.7105749510410533","0","0","0","0","0","4.9218096706669500762","3.9374477365335600609","0","0","0","0","0","0","0","0","0","0","0","0","0","66.936611521070517483","71493.222914173980826","90726859.742697641253","21392.153552586831211","42852.228078628868388","0","0","0","784202.76280864060391","646.72579072563723912","0","0","0","0"
"05/14/2026 08:04:53.762","55566854.567601084709","50659.738200480642263","9629.9398118607878132","41029.798388619856269","1000000000","2097756.0737464120612","9627.9090358565990755","2.0307760041882723101","0","0","0","53469098.493854671717","41027.767612615665712","2.0307760041882723101","0","0","0","0","0","0","0","0","1","43.564675579566191743","0.43564675579566192187","0","0","43.564675579566191743","0.43564675579566192187","1.4557225296174343526e-005","0","1.4557225296174343526e-005","29912.315153691160958","0","29912.315153691160958","169380625.50337859988","0","169380625.50337859988","5662.5715740520727195","0","5662.5715740520727195","60.212052579368602778","0","0","100","29.645027449221377225","39.234072463344155324","121.99745842786330741","156492.6038153853151","138748.59461213892791","1798.0999873625062264","0","100","3500","0","23.660990157749285601","0","0","156542.38172463997034","0","0","67.840601963573959665","76.140600388976395152","493","34697.23450190191943","0.84325287478342925152","0.64484342150910456404","185104.74287982881651","6.3987886773227975468","17.509860282401533027","23.859399611023601295","85767793.760887503624","20793.115506883721537","88532979.59923042357","20904.808187114078464","86275.487761934564332","322.89338466593534349","0","0","125.90811225967289033","6653.837577722874812","0","0","0","0","0","0","0","0","0","0","0","0","0","0","0","0","0","0","0","0","79.200264163342623647","73167.84404290135717","84640404.400610372424","20458.03746619265803","40929.274976412540127","0","0","0","777868.44064427586272","637.66366531511755511","0","0","0","0"
"05/14/2026 08:04:54.778","58311215.932645581663","52352.209549902021536","9522.7925433983036783","42829.417006503717857","1000000000","2050975.2612291034311","9520.8223783950143115","1.9701650032891906417","0","0","0","56260240.671416476369","42827.446841500423034","1.9701650032891906417","0","0","0","0","0","0","0","0","0","38.075328061919456957","0.38075328061919455624","0","0","38.075328061919456957","0.38075328061919455624","1.3897545372866127798e-005","0","1.3897545372866127798e-005","27409.920608260865265","0","27409.920608260865265","113247480.10970667005","0","113247480.10970667005","4131.623791554357922","0","4131.623791554357922","63.443336173645128895","0","0","100","26.442047927193772949","37.814450321505155728","121.99783430941923257","154798.24643972993363","142612.14436097876751","1753.5996546757605756","0","100","3500","0","22.547405210747918147","0","0","154725.38491561653791","0","0","68.980319534091719902","77.452594789252088958","514","30989.778512782078906","0.24038608285295173794","0.33654445448979641853","179621.38001302056364","3.6058010890334362131","18.894391404942144419","22.547405210747918147","89783555.702573657036","21835.338731454099616","92787332.311868458986","22041.220974297819339","90564.54487119751866","338.86838056574077882","0","0","129.04580771544198114","6415.8423332112488424","0","0","0","0","0","3.9403300065783812833","2.9552475049337858515","0","0","0","0","0","0","0","0","0","0","0","0","0","732.90138122357893735","70525.996622743157786","88791963.775758191943","21497.455433390005055","42994.91086678001011","0","0","0","481106.41314320720267","407.82415568086247504","0","0","0","0"
"05/14/2026 08:04:55.762","56170093.960527822375","51118.127132101704774","9659.2466844018654228","41458.88044769984117","1000000000","2105897.6054840222932","9657.2150834586755082","2.0316009431910537764","0","0","0","54064196.355043798685","41456.848846756649436","2.0316009431910537764","0","0","0","0","0","0","0","0","0","42.888160451824127506","0.42888160451824125508","0","0","42.888160451824127506","0.42888160451824125508","1.3798392787142296542e-005","0","1.3798392787142296542e-005","31095.68403648227104","0","31095.68403648227104","128141815.49751926959","0","128141815.49751926959","4120.8874950999606881","0","4120.8874950999606881","59.376828905241943346","0","0","100","27.24407088765610041","37.146276089963542688","122.00573390209655145","162105.2789840658952","137312.36157158165588","1813.3263333180275367","0","100","3500","0","21.180219892747732757","0","0","162088.00920946284896","0","0","69.563918393353390002","78.819780107252270795","511","34532.43812239759427","0.34722687832674437036","0.29762158731242333021","189452.47500250919256","3.4226330159326141533","17.609207831032776426","21.180219892747732757","85125070.94096544385","20734.519226207896281","87735840.681041404605","20729.440223849920585","86038.29994414113753","322.00874949578206952","0","0","120.88025611986770969","6690.0619059281407317","0","0","0","0","0","7.1106033011686884393","6.0948028295731617732","0","0","0","0","0","0","0","0","0","0","0","0","0","42.663619807012132412","73553.09634776051098","83921696.817486971617","20389.147065865417972","40802.673343049129471","0","0","0","839380.30889070220292","635.89109521879993281","0","0","0","0"
"05/14/2026 08:04:56.778","56412595.137594051659","51075.874801028825459","9557.7071311722174869","41518.167669856607972","1000000000","2067486.1772706990596","9555.7374851894928725","1.9696459827248260499","0","0","0","54345108.960323356092","41516.198023873883358","1.9696459827248260499","0","0","0","0","0","0","0","0","0","35.645807405294235082","0.35645807405294233083","0","0","35.645807405294235082","0.35645807405294233083","1.3899446877160637223e-005","0","1.3899446877160637223e-005","25638.881757129060134","0","25638.881757129060134","109155574.35910920799","0","109155574.35910920799","4257.4233694399626984","0","4257.4233694399626984","66.143062292111878264","0","0","100","25.220843007961285309","37.080465075249442464","121.99762115770325011","154118.53282913888688","144522.73337081234786","1747.6212413466905673","0","100","3500","0","24.713943894860612716","0","0","154152.00839094494586","0","0","69.592266053494029165","75.334133340632376985","524","29182.813292121638369","0.19229909613221937703","0.33652095677144677754","176705.67587011601427","3.4133458782459520364","21.29739811869632149","24.665866659367619462","85450368.90976844728","20806.355338513698371","88430013.898806869984","20981.653830976207246","86317.76554693277285","323.02194116687144287","0","0","123.10287392030161868","6524.452317775985648","0","0","0","0","0","14.772344870436194597","11.817875896348954967","0","0","0","0","0","0","0","0","0","0","0","0","0","88.634069222617171135","71730.56739887270669","84464470.49169947207","20513.862910079064022","40998.181130417251552","0","0","0","824694.7122588501079","575.13662695564914884","0","0","0","0"
"05/14/2026 08:04:57.762","56502955.1627259776","51255.603795645714854","9638.8739535619024537","41616.7298420838124","1000000000","2094014.1241456891876","9636.841936284879921","2.0320172770236961668","0","0","0","54408941.038580283523","41616.7298420838124","0","0","0","0","0","0","0","0","0","0","46.91552379400538797","0.46915523794005387082","0","0","46.91552379400538797","0.46915523794005387082","1.4380125171254203598e-005","0","1.4380125171254203598e-005","32630.133434446514002","0","32630.133434446514002","172884159.97828179598","0","172884159.97828179598","5298.2976709428321556","0","5298.2976709428321556","57.545092863525340476","0","0","100","28.559552873940617701","38.623886167179762197","121.99786420228468842","160257.67681478560553","136452.83435069504776","1774.6924789101619808","0","100","3500","0","22.471481854564267167","0","0","160201.80498516908847","0","0","68.339748807079473636","77.33011117129497336","539","36940.42203954730212","0.79363805513013740978","0.39682410684862151617","191250.28862879253575","5.6050706690879277261","17.162421672368331826","22.669888828705019534","85752892.881396427751","20870.84945231038364","88259630.034678414464","20925.713918790024763","86600.512312195889535","324.10675568527955193","0","0","124.96906253695730982","6633.5204008438558958","0","0","0","0","0","5.080043192559240417","4.0640345540473923336","0","0","0","0","0","0","0","0","0","0","0","0","0","52.832449202616103889","72880.331657731891028","84459091.224977225065","20501.022307892071694","41048.781013155683468","0","0","0","796639.16534483944997","638.05342498544064256","0","0","0","0"
"05/14/2026 08:04:58.762","56887613.263513721526","51190.074767739752133","9383.080923524690661","41806.993844215066929","1000000000","2029445.6394615634345","9380.0818565344325179","2.9990669902593301011","0","0","0","54858167.624052159488","41806.993844215066929","0","0","0","0","0","0","0","0","0","0","38.638562260569827345","0.38638562260569825346","0","0","38.638562260569827345","0.38638562260569825346","1.399948194036880036e-005","0","1.399948194036880036e-005","27594.415377376099059","0","27594.415377376099059","113976701.84805506468","0","113976701.84805506468","4130.4264029272180778","0","4130.4264029272180778","62.997289595163088904","0","0","100","27.268051478527951303","39.016436975596491266","121.99978991911885373","155276.50033841186087","140208.04688003091724","1784.7988531692476499","0","100","3500","0","25.54521812574610351","0","0","155312.49628166903858","0","0","68.029811553521824408","74.3083078252778364","474","32526.334282126401376","0.63470088107405109312","0.34175278312191803565","182173.46905003805296","5.3705051519889481781","20.310288209613972299","25.691692174722170705","90129124.829265609384","21168.414506247107056","89990100.079865157604","21349.3582146594199","87888.657838546423591","328.89767993177321159","0","0","124.9611245941387665","6379.0154882815959354","0","0","0","0","0","4.9984449837655509086","3.9987559870124402828","0","0","0","0","0","0","0","0","0","0","0","0","0","290.90949805515504067","70147.177213168979506","85956490.935669913888","20873.506252204937482","41713.023078520272975","0","0","0","764436.18390318774618","634.80251293822493608","0","0","0","0"
"05/14/2026 08:04:59.762","56961148.278136648238","51078.750172205327544","9345.575757648466606","41733.174414556866395","1000000000","2004433.0500668126624","9343.576276313924609","1.9994813345418198658","0","0","0","54956715.228069834411","41733.174414556866395","0","0","0","0","0","0","0","0","0","0","37.60649974440061527","0.37606499744400612162","0","0","37.60649974440061527","0.37606499744400612162","1.4012441314553991339e-005","0","1.4012441314553991339e-005","26831.040028216681094","0","26831.040028216681094","111066997.22092089057","0","111066997.22092089057","4139.4965347641400513","0","4139.4965347641400513","64.10547614685724227","0","0","100","27.387136000000001701","39.805718400000003498","121.99940665623820735","153817.41474660736276","140142.70168367680162","1786.039650080231695","0","100","3500","0","25.537278710531097659","0","0","153864.41579003052902","0","0","67.382668281596124871","74.072092226978654139","508","31507.699470928255323","0.63475847657965622783","0.48828882810681256688","180338.00350367778447","5.3222572265826562088","20.654240429822966263","25.927907773021342308","67809134.31055983901","16544.708302666287636","92048234.687921956182","21153.512778785181581","86821.478508474901901","324.91571686304570221","0","0","124.96758340886373162","6268.3739837886050736","0","0","0","0","0","3.9989626690836397316","2.9992220018127295766","0","0","0","0","0","0","0","0","0","0","0","0","0","754.80420378953692762","68968.109672350983601","88078016.562503680587","20596.657227115287242","36820.448775587610726","0","0","0","491451.51747636660002","399.89626690836394118","0","0","0","0"
"05/14/2026 08:05:00.763","56264587.92005699873","50946.715774940712436","9515.7370378601262928","41430.978737080586143","1000000000","2065574.3347664305475","9513.7358313327094947","2.0012065274153787442","0","0","0","54199013.585290566087","41430.978737080586143","0","0","0","0","0","0","0","0","0","0","41.042036545901552813","0.410420365459015557","0","0","41.042036545901552813","0.410420365459015557","1.3840770838953331341e-005","0","1.3840770838953331341e-005","29673.890388515235827","0","29673.890388515235827","122548380.41855433583","0","122548380.41855433583","4129.8386835716210044","0","4129.8386835716210044","61.135273110361232796","0","0","100","25.959389734080591694","35.541871787200477684","122.0138641706765128","163063.64965652287356","139086.81193996896036","1793.7761367381349373","0","100","3500","0","21.834090390052530495","0","0","162946.6642563008063","0","0","70.847220261309544753","78.165919608935581664","506","33114.867264565378719","0.48823059106418431607","0.24411529553209215804","188821.43508490140084","3.3687990775333536142","18.406347277655502381","21.834080391064425442","105464184.35674868524","25487.36633316226289","90120829.848315551877","21165.760837208752491","87700.874857451548451","328.19787049612210694","0","0","126.07601122716884845","6519.9308663193032771","0","0","0","0","0","4.0024130548307574884","3.0018097911230681163","0","0","0","0","0","0","0","0","0","0","0","0","0","167.10074503918411892","71696.225654447058332","86190844.460124999285","20817.550901438477013","45977.719967368328071","0","0","0","815102.42525218450464","618.37281697135199465","0","0","0","0"
"05/14/2026 08:05:01.778","56539705.17703191936","51284.00541434007755","9586.4579662471205665","41697.547448092962441","1000000000","2089153.665229977807","9582.5194050448826601","3.9385612022379294928","0","0","0","54450551.511801943183","41697.547448092962441","0","0","0","0","0","0","0","0","0","0","64.382554905686731672","0.64382554905686728564","0","0","64.382554905686731672","0.64382554905686728564","1.8946422050256499925e-005","0","1.8946422050256499925e-005","33973.044290203819401","0","33973.044290203819401","238339289.91483154893","0","238339289.91483154893","7015.5411413500278286","0","7015.5411413500278286","58.355934730696858992","0","0","100","26.43386839550686318","35.874342860024455604","121.99731505498510842","163493.25600167986704","138161.82083222898655","1737.3620698009835905","0","100","3500","0","22.094298105225174567","0","0","163539.54626090923557","0","0","70.598410282481850686","77.905692045956158154","1147","37152.365077682938136","0.48090796653213840894","0.33662277310823396359","193505.10236844606698","3.9433783535966209222","18.033718809529950988","22.094307954043834741","87228728.889435023069","21176.658944132788747","89696524.997604846954","21206.198153149573045","87621.171066187220276","327.88522008630764049","0","0","127.01859877217322037","6609.8903376558055243","0","0","0","0","0","0","0","0","0","0","0","0","0","0","0","0","0","0","0","0","35.447050820141363658","72664.484900688679772","85844249.794185549021","20773.941061203957361","41623.699425550999877","0","0","0","823004.7027405394474","646.90867746757987788","0","0","0","0"
"05/14/2026 08:05:02.762","57321215.726962946355","51798.537185422552284","9653.4468441912358685","42145.090341231320053","1000000000","2093638.1297033259179","9651.4156086637885892","2.031235527446866751","0","0","0","55227577.597259618342","42145.090341231320053","0","0","0","0","0","0","0","0","0","1","43.078954642520059792","0.43078954642520056462","0","0","43.078954642520059792","0.43078954642520056462","1.4166616556424131785e-005","0","1.4166616556424131785e-005","30401.502139297255781","0","30401.502139297255781","139671004.84409049153","0","139671004.84409049153","4594.2139373287900526","0","4594.2139373287900526","60.412965758273649897","0","0","100","25.729717781519596542","36.835270158695074372","121.99804611807259391","158383.91579351140535","141030.19117184943752","1810.2412110859090717","0","100","3500","0","23.711230556040629125","0","0","158439.78743582888274","0","0","69.814697821496380925","76.387978423519939497","517","33932.372151460505847","0.34721111124317305396","0.64483804992489235364","190245.98963509924943","3.0257519732844828653","20.733884356625299716","23.61202157648005695","87595403.070253118873","21324.926184900930821","90507678.882787957788","21449.847169838914851","88472.494633475740557","331.09139097383928174","0","0","127.96783822915261908","6605.577935257210811","0","0","0","0","0","0","0","0","0","0","0","0","0","0","0","0","0","0","0","0","49.765270422448239174","72615.654488461776054","86527383.492392614484","20991.803558399646136","41986.653970090461371","0","0","0","806435.03540037281346","656.08907536533797611","0","0","0","0"
"05/14/2026 08:05:03.762","56425043.785568900406","50953.843471040730947","9463.0423401151801954","41490.80113092555257","1000000000","2038220.7320619153325","9460.042643684459108","2.999696430721210838","0","0","0","54386823.053506985307","41490.80113092555257","0","0","0","0","0","0","0","0","0","2","39.689144579609603625","0.39689144579609603181","0","0","39.689144579609603625","0.39689144579609603181","1.4466481994459833872e-005","0","1.4466481994459833872e-005","27433.22375775571345","0","27433.22375775571345","131542015.94798606634","0","131542015.94798606634","4794.9893570491321952","0","4794.9893570491321952","63.227374924452085736","0","0","100","28.649316821861699367","39.90691977856708661","121.99758867607066293","152116.55422735866159","141568.2125648324145","1781.9362066838007195","0","100","3500","0","23.732574980930522202","0","0","152109.55447794968495","0","0","67.293592696841557199","76.218606366464285884","439","32190.847567657077889","0.29296191425116663298","0.48826652384394186868","182606.46268863574369","4.3944087143194847656","19.384234995114134392","23.781393633535717669","85774175.65342387557","20865.888372096742387","88850208.358914077282","21049.869753180977568","86567.239395373180741","323.96721451789079538","0","0","121.98765484932924608","6412.3510700717088184","0","0","0","0","0","9.9989881024040361268","7.9991904819232289015","0","0","0","0","0","0","0","0","0","0","0","0","0","80.991803629472698844","70446.870776677402318","84881010.041783764958","20582.917008798707684","41125.838065187803295","0","0","0","764855.59661362273619","631.93604807193514716","0","0","0","0"
"05/14/2026 08:05:04.762","56020982.00769700855","50630.370805944861786","9274.6715108059070189","41355.699295138954767","1000000000","1994126.341236544773","9270.673376735077909","3.998134070829143738","0","0","0","54026855.666460461915","41355.699295138954767","0","0","0","0","0","0","0","0","0","1","38.948227674672807552","0.3894822767467280844","0","0","38.948227674672807552","0.3894822767467280844","1.451791411957656307e-005","0","1.451791411957656307e-005","26815.485213051066239","0","26815.485213051066239","128816425.37427781522","0","128816425.37427781522","4803.8073654390937008","0","4803.8073654390937008","64.29233635506645328","0","0","100","29.086678346012622143","40.583612117721408197","121.99595548630347253","150146.04212297018967","142174.83737807517173","1842.9636936152357976","0","100","3500","0","24.659036284697243957","0","0","150275.03958172025159","0","0","66.738379203990831456","74.852679135261595889","533","31914.37128688564917","0.78124132822125669229","0.39062566405512905154","180812.43799497149303","6.2011111676660384262","18.945099709393225851","25.147320864738397006","68401772.892591029406","16714.199483101234364","88195111.341536894441","21012.19360924256398","86535.61382902598416","323.84885973716063745","0","0","116.94542157175246189","6248.0840191882443833","0","0","0","0","0","0","0","0","0","0","0","0","0","0","0","0","0","0","0","0","737.65573606797704542","68714.930741822783602","84416027.040180340409","20500.432448176434264","36891.782605058215267","0","0","0","501318.03487312467769","382.82133728189052135","0","0","0","0"
"05/14/2026 08:05:05.762","51823741.728995792568","47703.234142164947116","9207.379714841445093","38495.854427323502023","1000000000","2025729.6222922671586","9205.3781105556099646","2.0016042858350968636","0","0","0","49798012.106703519821","38495.854427323502023","0","0","0","0","0","0","0","0","0","1","36.528236814197590832","0.36528236814197589943","0","0","36.528236814197590832","0.36528236814197589943","1.4506599690267245339e-005","0","1.4506599690267245339e-005","25203.200365092623542","0","25203.200365092623542","123429488.73522128165","0","123429488.73522128165","4897.3736250645279142","0","4897.3736250645279142","66.513712298603081763","0","0","100","25.873349087168197258","36.331625690163562581","122.02027128700100889","146550.52080854412634","153399.38218086739653","1802.8218811981378167","0","100","3500","0","25.300604278242765588","0","0","146329.5426411870576","0","0","70.20424512614810908","74.552930690483435683","468","29312.103964128345979","0.58588012305142411762","0.43940509279951589505","173964.81227654707618","4.442905935013441443","20.847479387606586698","25.398244299432594318","97441331.226978421211","23444.790999986489624","82994792.32604932785","19388.539914741664688","80208.286941983998986","300.24064287526454109","0","0","118.09465286427071362","6479.1930732482087478","0","0","0","0","0","0","0","0","0","0","0","0","0","0","0","0","0","0","0","0","50.040107145877421146","71225.086907156088273","79300679.494614928961","19044.263977578029881","42189.815136832170538","0","0","0","823821.29276615206618","586.4700557496834108","0","0","0","0"
"05/14/2026 08:05:06.763","57732491.647959716618","52142.596789670307771","9677.5428335961350967","42465.053956074174494","1000000000","2094765.7615870411973","9673.5450879249201535","3.9977456712160015506","0","0","0","55637725.886372677982","42465.053956074174494","0","0","0","0","0","0","0","0","0","2","73.896642138881773576","0.7389664213888177402","0","0","73.896642138881773576","0.7389664213888177402","1.6334251298486021344e-005","0","1.6334251298486021344e-005","45219.500723541998013","0","45219.500723541998013","356535973.3646197319","0","356535973.3646197319","7884.5623604818210879","0","7884.5623604818210879","45.630139028554935976","0","0","100","25.870827167505218824","37.208664421638658837","121.9940998772774492","165393.51664373936364","134465.79015771116246","1784.7897517672420236","0","100","3500","0","21.931941271301912622","0","0","165469.50769199390197","0","0","69.502788660258190134","78.116883655788157625","509","47210.438610331708333","0.48822927297853752071","0.43940434588846216668","207697.53323058545357","3.3199650556307198634","18.748052077389161241","21.931941271301912622","88712938.773825436831","21522.86325740914981","91231978.287443712354","21596.821552326644451","89205.696907513862243","333.81176354653609906","0","0","127.92786147891204962","6592.282611835186799","0","0","0","0","0","14.991546267060005704","11.993237013648004208","0","0","0","0","0","0","0","0","0","0","0","0","0","52.970130143612017548","72534.098022125326679","87326628.514180853963","21158.068964910686191","42348.11989519110648","0","0","0","831802.94631857099012","595.66410501118423326","0","0","0","0"
"05/14/2026 08:05:07.763","57353818.751236647367","51703.534790425976098","9537.0499485735545022","42166.484841852427053","1000000000","2072801.8820418769028","9536.049628671249593","1.0003199023047570915","0","0","0","55281016.869194768369","42166.484841852427053","0","0","0","0","0","0","0","0","0","0","44.745610271049244488","0.44745610271049246487","0","0","44.745610271049244488","0.44745610271049246487","1.4244737679867566885e-005","0","1.4244737679867566885e-005","31422.048771197027236","0","31422.048771197027236","146343632.69373545051","0","146343632.69373545051","4657.354896218005706","0","4657.354896218005706","58.998513098661788945","0","0","100","26.251114016041832144","36.388386392764054733","122.00368039572300916","164407.28237680252641","136578.82168317073956","1799.0140323094519772","0","100","3500","0","23.095630786067712137","0","0","164373.28211160047795","0","0","70.178423160580848617","76.855539169985249259","565","34809.271512317798624","0.53711048339943512353","0.53711048339943512353","192104.49841508764075","4.101563691407322132","18.994157094741385805","23.144460830014747188","88574306.063078969717","21465.864783557783085","91445004.112315118313","21597.90701066200927","89016.467466295725899","333.10652746748411346","0","0","126.04030769039938775","6543.0924809754160378","0","0","0","0","0","9.0028791207428131571","7.0022393161332994183","0","0","0","0","0","0","0","0","0","0","0","0","0","97.031030523561426548","71849.977622843784047","87350558.708675026894","21117.753457555725618","42251.512033548329782","0","0","0","802695.70208552689292","643.20569718195872611","0","0","0","0"
"05/14/2026 08:05:08.778","56858118.378182977438","51360.059097735713294","9498.8348200960645045","41861.224277639645152","1000000000","2062924.636998616159","9498.8348200960645045","0","0","0","0","54795193.741184361279","41861.224277639645152","0","0","0","0","0","0","0","0","0","0","41.404946891784675245","0.41404946891784671914","0","0","41.404946891784675245","0.41404946891784671914","1.4323518789819768258e-005","0","1.4323518789819768258e-005","28894.217100698475406","0","28894.217100698475406","134290216.82033073902","0","134290216.82033073902","4647.6503015229463927","0","4647.6503015229463927","61.737364688493002518","0","0","100","26.622593252123486707","35.572737444253590411","122.00197787589098652","160306.83134666347178","141400.18000417758594","1780.6508062024558967","0","100","3500","0","20.556259410447985658","0","0","160327.51368456735509","0","0","70.845860899888990048","79.491831869026270851","467","32359.97983373567331","0.76943092544049362935","0.19235526918116202522","185601.33060313342139","3.173906260710478211","17.408373457001687257","20.508168130973736254","87718023.313048675656","21310.112690498448501","90707794.616467192769","21437.105093005691742","88394.587642871367279","330.77090885607606197","0","0","126.992402507243483","6497.2857096729221666","0","0","0","0","0","3.9377489149532860502","2.9533116862149646487","0","0","0","0","0","0","0","0","0","0","0","0","0","45.284112521962789799","71501.644797721775831","86770092.954500883818","20997.06165175966089","41981.325619545721565","0","0","0","782572.46836215630174","653.66631988224548877","0","0","0","0"
"05/14/2026 08:05:09.762","59072429.882330037653","53258.4018984544673","9505.2765663641221181","43753.125332090341544","1000000000","2008369.6418778344523","9505.2765663641221181","0","0","0","0","57064060.240452200174","43753.125332090341544","0","0","0","0","0","0","0","0","0","1","39.867514120649332199","0.39867514120649333309","0","0","39.867514120649332199","0.39867514120649333309","1.4459765668177296282e-005","0","1.4459765668177296282e-005","27574.039256914133148","0","27574.039256914133148","129372283.97084859014","0","129372283.97084859014","4691.814745219409815","0","4691.814745219409815","63.000876581954109668","0","0","100","27.891445604158064953","39.529347327909299281","122.00420884710698033","157394.83265961316647","137465.12043682552758","1823.4277862154344803","0","100","3500","0","25.298882548481461896","0","0","157394.83265961316647","0","0","67.598914131437709329","74.353897945299621597","537","32363.557571608649596","0.59523053678733783833","0.39682374404416453917","183057.92801513432642","5.9522748921999237837","19.642526445519603584","25.646102054700381956","72809788.606144040823","17796.486705109055038","93257304.666871339083","22216.907647846368491","91496.922570195893059","342.37689214030666562","0","0","119.88271000758511775","6209.5179963250866422","0","0","0","0","0","5.0797758477790306841","4.0638206782232240144","0","0","0","0","0","0","0","0","0","0","0","0","0","705.07288767172940425","68226.469411520156427","89190265.442670971155","21648.988708064673119","39104.114476202972583","0","0","0","476965.5532272120472","433.81285740032916465","0","0","0","0"
"05/14/2026 08:05:10.762","54707871.754979066551","49855.911267375951866","9455.2763031299382419","40400.634964246011805","1000000000","2063650.7964598052204","9452.2768499302565033","2.9994531996816977681","0","0","0","52644220.958519257605","40400.634964246011805","0","0","0","0","0","0","0","0","0","1","46.688514636079510467","0.46688514636079508913","0","0","46.688514636079510467","0.46688514636079508913","1.451939917900236401e-005","0","1.451939917900236401e-005","32150.139029654892511","0","32150.139029654892511","171365880.00007596612","0","171365880.00007596612","5330.1753949496205678","0","5330.1753949496205678","58.066518706873814892","0","0","100","28.575847267130530582","39.129809499887208801","121.98938701005940288","159776","136047.05738797425875","1814","0","100","3500","0","23.877056572120803679","0","0","159799","0","0","67.950944868677183308","75.976453632964918938","542","36905","0.732418974613435525","0.48827931640895699816","191974","5.517572275398814341","18.554654023484367542","24.023546367035088167","100861217.00014086068","24472.538656202970742","86338772.441783860326","20352.289777573547326","84148.659699336800259","314.9425859665782923","0","0","121.97776345372237472","6557.8045122374187486","0","0","0","0","0","0.99981773322723255237","0.99981773322723255237","0","0","0","0","0","0","0","0","0","0","0","0","0","89.983595990450936597","72099.856196215419914","82466118.426610827446","20000.353935477560299","44158.949823447183007","0","0","0","822376.08084046270233","604.88972860247577046","0","0","0","0"
"05/14/2026 08:05:11.762","56260364.348063223064","50935.139754258838366","9474.7463146928294009","41460.393439566003508","1000000000","2063895.0641083484516","9472.7455235800243827","2.0007911128060036354","0","0","0","54196469.283954881132","41460.393439566003508","0","0","0","0","0","0","0","0","0","1","41.932679077134764611","0.41932679077134765722","0","0","41.932679077134764611","0.41932679077134765722","1.3942926018287615214e-005","0","1.3942926018287615214e-005","30086.896358820278692","0","30086.896358820278692","124227551.57389232516","0","124227551.57389232516","4128.9586699916872021","0","4128.9586699916872021","60.413583382665883903","0","0","100","27.340473020972666518","38.240233662504557799","122.00987890050645035","159880.41718386986759","137398.03843074460747","1786.9823088751420528","0","100","3500","0","24.708244668085310281","0","0","159853.41745116724633","0","0","68.631681893089719892","75.145277675557181851","537","34683.656631799341994","0.63474984400249589989","0.73240828146749659133","187658.14218439237447","5.0780387513799780663","19.677425161197419357","24.854722324442811043","87347697.279504314065","20378.057483929147566","90283538.110969081521","20551.125915186865313","84733.503627334255725","317.12539137975159065","0","0","124.04904899397222096","6535.5841699808106569","0","0","0","0","0","6.0023733384180104622","5.0019777820150093106","0","0","0","0","0","0","0","0","0","0","0","0","0","73.028875617419132027","71857.412420871216455","86439298.098468139768","20110.951870369546668","40172.884358475341287","0","0","0","820927.59477097250056","601.23772939820412375","0","0","0","0"
"05/14/2026 08:05:12.778","56554197.472945690155","51511.856243326568801","9714.5926137787319021","41797.263629547836899","1000000000","2079091.1780531136319","9711.6389522968911479","2.9536614818421198514","0","0","0","54475106.294892579317","41797.263629547836899","0","0","0","0","0","0","0","0","0","1","43.835521613345342473","0.43835521613345340697","0","0","43.835521613345342473","0.43835521613345340697","1.425306076711276258e-005","0","1.425306076711276258e-005","30751.554241285590251","0","30751.554241285590251","139282514.27479979396","0","139282514.27479979396","4529.2837292693857307","0","4529.2837292693857307","59.536882416591360823","0","0","100","27.951979630968867951","38.577656143402514033","122.00161939688676682","163211.27812352668843","134064.97336044552503","1778.3060836973643291","0","100","3500","0","23.361172890909564615","0","0","163259.52673820065684","0","0","68.374713571983718907","76.686898668559592807","525","34151.15719871300098","0.57695718056857370204","0.33655999644731282583","191349.08246889541624","4.7118005634869035703","18.654866782601640551","23.313101331440400088","86222332.929830357432","20970.996521079050581","88664837.693840190768","21006.440458861157822","86821.894704921840457","324.90276300263320763","0","0","128.97655137377256551","6512.8235674618745179","0","0","0","0","0","8.8609844455263591101","6.891876790964946764","0","0","0","0","0","0","0","0","0","0","0","0","0","73.8415370460529914","71637.121026771492325","84848691.306438937783","20575.205882512207609","41222.284194415908132","0","0","0","811758.7232699788874","642.91364921430147206","0","0","0","0"
"05/14/2026 08:05:13.762","56351357.530060984194","51048.608858857027371","9559.0404869258163671","41489.568371931207366","1000000000","2072599.7338750122581","9555.9923235052410746","3.048163420575834337","0","0","0","54278757.796185970306","41489.568371931207366","0","0","0","0","0","0","0","0","0","1","41.84925724746261011","0.4184925724746261233","0","0","41.84925724746261011","0.4184925724746261233","1.4302513627052739081e-005","0","1.4302513627052739081e-005","29265.417000948586065","0","29265.417000948586065","137363021.63220614195","0","137363021.63220614195","4693.6977398187691506","0","4693.6977398187691506","61.187723427663534892","0","0","100","25.593144720225335931","35.381859464976763263","122.00059966822094282","159346.02889516917639","142584.29296342100133","1772.6786037184599536","0","100","3500","0","21.1808764713590989","0","0","159298.28339696014882","0","0","70.997877849893171742","78.8191235286409011","479","32631.508371715972316","0.29761910808743380352","0.29761910808743380352","185382.5633440540696","3.0257857999815112038","18.154684323822429803","21.1808764713590989","85990441.772356644273","20882.967594365043624","88813597.897661358118","21034.359710920307407","86876.721704305382445","325.13743152808899595","0","0","124.97470024360922025","6545.4229184498417453","0","0","0","0","0","0","0","0","0","0","0","0","0","0","0","0","0","0","0","0","46.73850578216279672","71962.058087427823921","84887400.843243926764","20583.231524675084074","41143.093796459092118","0","0","0","792099.81068873044569","555.78179701832721094","0","0","0","0"
"05/14/2026 08:05:14.762","56556634.095269240439","50543.098702807423251","9145.5894692699803272","41397.509233537442924","1000000000","1972833.8714816316497","9142.5912430206299177","2.9982262493508842205","0","0","0","54583800.223787613213","41397.509233537442924","0","0","0","0","0","0","0","0","0","0","61.265387423424755298","0.61265387423424755298","0","0","61.265387423424755298","0.61265387423424755298","1.6562010705017301675e-005","0","1.6562010705017301675e-005","36970.128471995973086","0","36970.128471995973086","323016071.69198703766","0","323016071.69198703766","8737.2179930795846303","0","8737.2179930795846303","54.216729760840131291","0","0","100","24.134117601885314741","34.766602510875287635","121.99457699432998936","148123.52633711017552","154484.59928714155103","1743.9708756863760755","0","100","3500","0","22.266648306907178778","0","0","148240.52438324279501","0","0","71.52437303071329211","77.684532332626446305","493","39262.344318849878618","0.48827360361579258408","0.78123976575906850517","182227.95679312155698","4.1991649909386188355","18.163832053800092581","22.315467667373557248","66632072.465929165483","16217.40578273893334","90511845.192384198308","21480.29225909951856","88131.86119091945875","329.80488742859728291","0","0","124.92609372295351022","6168.3508036645525863","0","0","0","0","0","0","0","0","0","0","0","0","0","0","0","0","0","0","0","0","681.59676735243431267","67862.852336557698436","86538243.97486448288","20919.623950470904674","36808.22425453102187","0","0","0","529932.49193776969332","419.75167490912377843","0","0","0","0"
"05/14/2026 08:05:15.762","55748687.135402210057","50733.258819734597637","9563.7453835324940883","41169.513436202105368","1000000000","2089715.3730555826332","9561.7450184658700891","2.0003650666246590717","0","0","0","53658971.762346625328","41169.513436202105368","0","0","0","0","0","0","0","0","0","2","45.60485317948227646","0.45604853179482274239","0","0","45.60485317948227646","0.45604853179482274239","1.436840347782257927e-005","0","1.436840347782257927e-005","31749.794337466588331","0","31749.794337466588331","147941751.36962494254","0","147941751.36962494254","4659.6129032258068037","0","4659.6129032258068037","58.187330704291149175","0","0","100","29.593613763732616206","39.943941650681608735","121.99951628034241935","161380.13354873214848","133365.17385808817926","1763.7719442876036737","0","100","3500","0","23.545555449903265099","0","0","161281.14634777721949","0","0","67.250937147454223464","76.112691062746364423","568","36446.287495026896067","0.43940019763310211864","0.39056684385255169278","190085.42195494123735","5.6632892263362952789","18.210411562986276834","23.887308937253635577","107167710.10709454119","25924.731263455578301","89288439.140143066645","20980.829001292735484","86591.803004048240837","324.05914079319472876","0","0","127.02318173066583995","6639.2116561272432591","0","0","0","0","0","10.00182533312329447","8.0014602664986362868","0","0","0","0","0","0","0","0","0","0","0","0","0","82.014967731611022828","72894.303210335885524","85277899.216607034206","20614.762194100421766","46216.434499296119611","0","0","0","779101.18596643884666","614.11207545377033057","0","0","0","0"
"05/14/2026 08:05:16.778","57353834.313701920211","51950.603136522709974","9722.5741443563347275","42228.028992166371609","1000000000","2115656.3688229783438","9721.5889813059384323","0.98516305039581875125","0","0","0","55238177.944878943264","42228.028992166371609","0","0","0","0","0","0","0","0","0","0","45.36937301038171455","0.45369373010381713884","0","0","45.36937301038171455","0.45369373010381713884","1.4325472636815919465e-005","0","1.4325472636815919465e-005","31682.843700729528791","0","31682.843700729528791","149735199.99401021004","0","149735199.99401021004","4726.0656716417906864","0","4726.0656716417906864","58.436148947874386295","0","0","100","28.128386576284434284","39.084058943838847711","122.00456973644081415","165201.35922127406229","131646.0155467595032","1770.6194942645911397","0","100","3500","0","24.891541614793556647","0","0","165146.21200676969602","0","0","67.955384887182987086","74.771861698743805391","552","36400.115887932195619","0.4808467819367525653","0.384683334209784622","193509.60615238081664","5.241237801324445833","19.859017393717479649","25.180051653509060827","88455607.173720881343","21460.791889822514349","91303760.840241611004","21606.59602128109691","88987.808016153518111","332.9851110337867226","0","0","126.10087045066480016","6683.3461338852339395","0","0","0","0","0","0","0","0","0","0","0","0","0","0","0","0","0","0","0","0","44.332337267811844583","73555.228831703017931","87306189.858258679509","21148.495202847039764","42278.272307736559014","0","0","0","798737.6908802667167","660.05924376519851648","0","0","0","0"
"05/14/2026 08:05:17.762","57471554.763784661889","52119.799956844515691","9749.604712806736643","42370.195244037779048","1000000000","2108413.7351480312645","9746.5570089265220304","3.0477038802146720897","0","0","0","55363141.02863663435","42370.195244037779048","0","0","0","0","0","0","0","0","0","0","45.336155765246886062","0.45336155765246888283","0","0","45.336155765246886062","0.45336155765246888283","1.4294506902405432262e-005","0","1.4294506902405432262e-005","31717.454281394093414","0","31717.454281394093414","148069710.33403241634","0","148069710.33403241634","4668.3983216424840066","0","4668.3983216424840066","58.671354195396119735","0","0","100","27.94436796106878873","38.971170553232155953","122.01284021741342656","166021.38574708151282","131157.38952727094875","1770.6157628687349188","0","100","3500","0","24.456234375623797206","0","0","166062.0194995283091","0","0","68.049703001617331211","75.196558957325549954","564","35872.492503834553645","0.59521578286372212041","0.64481963772221295716","193549.73718596840627","5.8530313867553545037","18.947951303906858556","24.853044897532939217","88481158.485071733594","21488.344158100248023","91008794.047956228256","21516.789394315586833","89041.716564351867419","333.21562423680416032","0","0","124.95585908880156012","6640.9467549877708734","0","0","0","0","0","9.1431116406440171573","7.1113090538342351721","0","0","0","0","0","0","0","0","0","0","0","0","0","68.065386658127678743","73042.2870945182367","87021747.195807665586","21060.649713576789509","42216.794148733635666","0","0","0","771178.7990339997923","636.97011096486653514","0","0","0","0"
"05/14/2026 08:05:18.762","57921674.792238563299","52433.48264817330346","9791.4757575497042126","42642.006890623597428","1000000000","2118661.8089856435545","9789.4762730168167764","1.9994845328874217838","0","0","0","55803012.98325292021","42642.006890623597428","0","0","0","0","0","0","0","0","0","1","43.184261291139577565","0.43184261291139575123","0","0","43.184261291139577565","0.43184261291139575123","1.4350121274545635681e-005","0","1.4350121274545635681e-005","30089.242993156363809","0","30089.242993156363809","149866772.34608918428","0","149866772.34608918428","4980.7425324783198448","0","4980.7425324783198448","60.708071119673611804","0","0","100","24.916178747856356779","35.402173078399755468","122.00020397250230531","161802.69435534725199","140387.42213763101608","1745.6730354404621721","0","100","3500","0","22.470452875432190609","0","0","161795.69566620173282","0","0","70.989209623979135699","77.529547124567812943","513","33018.815575842651015","0.43940608487338600474","0.14647202788217886238","187247.92846299891244","3.1734406188360688716","19.333557772461318791","22.470452875432190609","88354798.13304130733","21444.471615217596991","91472306.439399927855","21625.42496544390815","88965.064806292939465","332.91417472575568581","0","0","125.96752557190757216","6686.2762779755385054","0","0","0","0","0","3.9989690657748435676","2.9992267993311325647","0","0","0","0","0","0","0","0","0","0","0","0","0","75.980412249722022011","73478.057356813413207","87472105.691152825952","21166.543265146246995","42279.100447904529574","0","0","0","774478.33948408102151","593.84690626756423626","0","0","0","0"
"05/14/2026 08:05:19.778","56430897.644824586809","51317.740372654414386","9691.5124609803369822","41626.227911674082861","1000000000","2100395.9928353722207","9690.5275511773907056","0.98490980294515617643","0","0","0","54330501.651989214122","41626.227911674082861","0","0","0","0","0","0","0","0","0","0","34.270229005228017627","0.34270229005228014518","0","0","34.270229005228017627","0.34270229005228014518","1.4273327591157046709e-005","0","1.4273327591157046709e-005","24013.085905605850712","0","24013.085905605850712","109342700.74480849504","0","109342700.74480849504","4553.4631065173698516","0","4553.4631065173698516","67.698193357682399096","0","0","100","25.82931883217567659","36.568899933187942963","121.9971876149923844","156396.23399467926356","143282.94625876899227","1725.447264589951601","0","100","3500","0","22.198343438513347792","0","0","156404.1127493121021","0","0","70.015238522164693791","77.94590748087945542","394","27213.218501797684439","0.43276260600197274941","0.48084952840742573033","176238.87753746370436","3.4140434690809851048","18.753180847007364207","22.054092519120537474","57286738.957732990384","14047.768519406761698","88666891.094780430198","21121.390724158874946","87381.197717294257018","326.99005457779185235","0","0","119.17408615636389868","6636.3222522444621063","0","0","0","0","0","8.8641882265064051438","6.894368620616092791","0","0","0","0","0","0","0","0","0","0","0","0","0","69.928596009106087195","72956.208743359500659","84879369.232245087624","20591.509250174378394","34313.272624806297245","0","0","0","508254.82453142426675","406.76774861634947911","0","0","0","0"
"05/14/2026 08:05:20.762","54225824.657839275897","49953.251679871733359","9713.3297928405390849","40239.921887031188817","1000000000","2112058.0191145977005","9710.2823143445621099","3.0474784959759064762","0","0","0","52113766.638724677265","40239.921887031188817","0","0","0","0","0","0","0","0","0","0","39.855984523273299658","0.39855984523273296771","0","0","39.855984523273299658","0.39855984523273296771","1.4419493549928333675e-005","0","1.4419493549928333675e-005","27639.614132336144394","0","27639.614132336144394","132788536.27982516587","0","132788536.27982516587","4804.2832886177366163","0","4804.2832886177366163","62.922160654745830755","0","0","100","25.024794086863813902","36.47024417039921218","122.00437110935928331","160550.27232433820609","139744.49710207284079","1746.2158213045238426","0","100","3500","0","24.406238882756525754","0","0","160516.74985656447825","0","0","70.117977127455645814","75.444958940229440714","493","31278.494097607672302","0.19840628886273406484","0.24801040071142232968","183343.51874576398404","3.8193642343687113083","20.733726387254211687","24.555041059770566392","112864345.35489106178","27245.473580189925997","85581745.360010832548","20106.247290283703478","83045.820667674095603","310.84280658954241972","0","0","115.80418284708443366","6717.6584312962231706","0","0","0","0","0","4.0633046613012080428","3.0474784959759064762","0","0","0","0","0","0","0","0","0","0","0","0","0","59.933743754192825293","73904.401005911699031","81756030.24886521697","19765.945524899729207","46704.639603161413106","0","0","0","765036.96997746091802","561.75186942489210651","0","0","0","0"
"05/14/2026 08:05:21.762","56276118.527208447456","50927.067145919085306","9474.2917622042732546","41452.775383714812051","1000000000","2045761.2890314729884","9472.2925446980043489","1.999217506268046618","0","0","0","54230357.238176971674","41452.775383714812051","0","0","0","0","0","0","0","0","0","2","39.65983989171451185","0.39659839891714510074","0","0","39.65983989171451185","0.39659839891714510074","1.4453629737609329e-005","0","1.4453629737609329e-005","27429.26418599759927","0","27429.26418599759927","130332859.71870608628","0","130332859.71870608628","4751.5988338192419178","0","4751.5988338192419178","63.040417462314877639","0","0","100","27.861275865875843039","37.884376554992535091","121.99482732860373346","158023.63409659374156","139596.75266341067618","1758.9625340980237524","0","100","3500","0","22.658044333371464063","0","0","158075.63298901732196","0","0","68.952400304312945423","77.146650197715416652","510","31954.319372997353639","0.63475527367765061104","0.58592640650736904639","181827.12708219315391","4.931525588606343824","17.919504267500993677","22.853349802284583348","87649757.884763896465","21183.708696416222665","90950625.925012946129","21433.610884699726739","87881.603140530787641","328.87127978109367632","0","0","127.94992040115498355","6438.4799789362441516","0","0","0","0","0","4.998043765670116656","3.998435012536093236","0","0","0","0","0","0","0","0","0","0","0","0","0","250.90179703663986288","70757.305590591844521","86969096.295709848404","20975.790075764343783","41831.627101152604155","0","0","0","801662.22940341150388","635.75116699323882585","0","0","0","0"
"05/14/2026 08:05:22.763","57386510.21079364419","51688.196081956739363","9525.6675542023585876","42162.528527754380775","1000000000","2048793.4971069509629","9523.6676239999233076","1.9999302024359351115","0","0","0","55337716.713686697185","42162.528527754380775","0","0","0","0","0","0","0","0","0","0","41.192914352921270904","0.4119291435292127268","0","0","41.192914352921270904","0.4119291435292127268","1.4610347150810255461e-005","0","1.4610347150810255461e-005","28200.015819447904505","0","28200.015819447904505","142335128.50401520729","0","142335128.50401520729","5047.3421509875533957","0","5047.3421509875533957","62.299121177489993784","0","0","100","28.787464405695089908","38.775059990401537391","122.00990183740246664","157061.02251028697356","139007.32345581540721","1789.601455755803272","0","100","3500","0","23.553199089694921042","0","0","157020.0316389540094","0","0","68.211255322618328023","76.007444642319939021","470","32756.70508177829106","0.58580169222046674093","0.34170932242897450459","182855.27812956055277","5.8091784529672541026","18.013327053482672824","23.992555357680057426","88467656.478788897395","21507.249396996045107","91414809.62314414978","21604.246011814189842","89252.88507431090693","333.98834380680114009","0","0","126.99556785468188025","6416.7760545156979788","0","0","0","0","0","5.9997906073078048905","4.9998255060898380009","0","0","0","0","0","0","0","0","0","0","0","0","0","275.99036793615903207","70599.536076190939639","87421972.973143234849","21144.262065253922628","42318.523083544387191","0","0","0","782185.70171901001595","644.97749028558905593","0","0","0","0"
"05/14/2026 08:05:23.778","55229536.071389488876","50291.530901467791409","9509.0229328711066046","40782.507968596684805","1000000000","2073876.2325749595184","9507.0527634040245175","1.9701694670819653865","0","0","0","53155659.838814526796","40782.507968596684805","0","0","0","0","0","0","0","0","0","1","32.487104668832294863","0.32487104668832295085","0","0","32.487104668832294863","0.32487104668832295085","1.4297481686966322044e-005","0","1.4297481686966322044e-005","22726.889887524012011","0","22726.889887524012011","106771710.84886623919","0","106771710.84886623919","4698.0344154999784223","0","4698.0344154999784223","68.827636551444768997","0","0","100","26.324846916747290493","34.992475836009468537","122.00220865771848366","151701.44110065881978","150434.41582050014404","1743.2192709837313487","0","100","3500","0","21.468981918614904458","0","0","151668.94040238624439","0","0","71.311316778945084138","78.531027930224126976","475","26675.194324629585026","0.28853158832916514509","0.3847251991706095442","170609.95340778687387","4.4723775028485306393","17.023875851050490837","21.468972069775873024","85625814.972913622856","20110.504835239160457","88309898.988426342607","20244.476359000735101","83436.676930921239546","312.27186053249153019","0","0","121.16542222554087971","6597.1124605239610901","0","0","0","0","0","0","0","0","0","0","0","0","0","0","0","0","0","0","0","0","33.492880940393412459","72521.938083287153859","84511128.551489055157","19812.024160976245184","39611.242220416454074","0","0","0","792926.22473861032631","579.22982332209778633","0","0","0","0"
"05/14/2026 08:05:24.762","56586844.33426592499","51517.88995591042476","9729.4193737202913326","41788.470582190137065","1000000000","2122099.9988524951041","9726.3729006881276291","3.0464730321637483179","0","0","0","54464744.335413426161","41788.470582190137065","0","0","0","0","0","0","0","0","0","1","41.638575777440308912","0.4163857577744031202","0","0","41.638575777440308912","0.4163857577744031202","1.4320218006498270532e-005","0","1.4320218006498270532e-005","29066.399199874322221","0","29066.399199874322221","138534680.99822360277","0","138534680.99822360277","4766.145267791635888","0","4766.145267791635888","61.736109904785067215","0","0","100","25.279251208082818891","36.214350382214156809","121.99769486848157385","164245.77611850993708","136974.20860929202172","1783.8336922502890047","0","100","3500","0","23.711778384648663831","0","0","164329.07586951481062","0","0","70.327731612314948961","76.238617488385500565","459","32100.879655529115553","0.19841650786336645362","0.59522920651986976903","187955.72963623303804","4.5633968272253619958","19.196055562717322829","23.761382511614502988","57706442.467915304005","14112.278575993203049","89997590.239831551909","21368.977338607252022","87644.998153329594061","328.00359646296357141","0","0","123.88990330799242656","6720.519508953228069","0","0","0","0","0","0","0","0","0","0","0","0","0","0","0","0","0","0","0","0","64.991424686159959379","73938.915981624886626","86113117.777764454484","20842.952995053645282","34630.274447616044199","0","0","0","514530.00080325338058","379.79363800974726928","0","0","0","0"
"05/14/2026 08:05:25.762","57045428.930447779596","51846.773802398427506","9663.5169981594026467","42183.256804239026678","1000000000","2090964.8666203643661","9661.5168911536766245","2.0001070057248062639","0","0","0","54954464.063827417791","42183.256804239026678","0","0","0","0","0","0","0","0","0","0","39.028964798908980072","0.39028964798908977185","0","0","39.028964798908980072","0.39028964798908977185","1.4308101766991713919e-005","0","1.4308101766991713919e-005","27279.459451080634608","0","27279.459451080634608","131185514.42502173781","0","131185514.42502173781","4808.9484566317178178","0","4808.9484566317178178","63.448172346618406436","0","0","100","24.771307343155779535","35.29580452809540958","121.99240292161296395","159957.00934130855603","142195.04332170585985","1762.9449961161212741","0","100","3500","0","21.97400984962960635","0","0","159954.00943490563077","0","0","71.073820422906692329","78.172467616310242988","507","30498.048460888021509","0.24413577645106737668","0.39061324239090661203","182641.3015913903364","3.0272976277510399434","18.944982251807044094","21.827532383689764117","117084216.00555630028","28299.514024000283825","90807498.201153770089","21373.143463175281795","88724.746773952414514","332.01776295031783093","0","0","124.0066343549380008","6595.3528513775490865","0","0","0","0","0","5.0002675143120161039","4.0002140114496125278","0","0","0","0","0","0","0","0","0","0","0","0","0","47.002514634532950311","72487.878101478432654","86733344.233916521072","20985.122704064669961","48957.61923262894561","0","0","0","774696.44625987496693","601.03215522030427564","0","0","0","0"
"05/14/2026 08:05:26.762","57152124.581891320646","51391.629629185335943","9455.8039382688657497","41935.825690916470194","1000000000","2052494.2569411539007","9451.8052898120440659","3.9986484568215945323","0","0","0","55099630.324950166047","41935.825690916470194","0","0","0","0","0","0","0","0","0","0","23.197892322236672413","0.23197892322236671192","0","0","23.197892322236672413","0.23197892322236671192","1.5567393492116737152e-005","0","1.5567393492116737152e-005","14899.963812231466363","0","14899.963812231466363","98942301.502092301846","0","98942301.502092301846","6640.4390472995637538","0","6640.4390472995637538","78.617342352069840672","0","0","100","25.373911833302940977","33.835220928632899984","122.010632406050604","140894.39773681157385","164129.87431426401599","1762.6171595529449405","0","100","3500","0","21.648786757589867591","0","0","140863.40446854941547","0","0","72.261096661083939807","78.351213242410139515","214","18737.930121577592217","0.48816830709133751665","0.39054064430058399449","152301.9200229709968","3.5148158101426392186","18.111096181193740762","21.648786757589867591","88028022.528385415673","21358.780732112547412","90716665.766970768571","21451.749308733647922","88690.022772302967496","331.88782191619236528","0","0","127.95675061829102503","6457.8172577668747181","0","0","0","0","0","4.9983105710269928323","3.9986484568215945323","0","0","0","0","0","0","0","0","0","0","0","0","0","75.974320679610300999","71090.971251716924598","86830427.315567344427","21016.896289054300723","42044.788861364861077","0","0","0","819223.10259132413194","654.77868480453605571","0","0","0","0"
"05/14/2026 08:05:27.778","55954289.555549189448","50714.975985280070745","9491.4547855475811957","41223.521199732495006","1000000000","2058585.0641845106147","9488.5004003684316558","2.9543851791494857295","0","0","0","53895704.491364680231","41223.521199732495006","0","0","0","0","0","0","0","0","0","0","33.406391474436006206","0.33406391474436003541","0","0","33.406391474436006206","0.33406391474436003541","1.4275228315306595051e-005","0","1.4275228315306595051e-005","23399.715413923644519","0","23399.715413923644519","105897265.98241136968","0","105897265.98241136968","4525.5792264635329047","0","4525.5792264635329047","68.029676693596144332","0","0","100","27.915137180998240041","37.713128470493323618","121.99851672885191078","155286.27484504561289","142377.2841714071983","1753.0669315045233816","0","100","3500","0","23.585498165815188543","0","0","155292.18405942147365","0","0","69.092929699414696643","76.02977951470603557","466","28134.754512522315054","0.38471247071346525992","0.76943479019224492177","176016.78374461791827","5.7707658508244943363","18.081712645135098683","23.970220485293967982","87398012.900224402547","21146.504317292303313","90409118.335633322597","21313.919477444105723","87634.942774051480228","327.93675488559290443","0","0","127.03856270342788548","6501.6169842483022876","0","0","0","0","0","4.9239752985824765119","3.9391802388659811207","0","0","0","0","0","0","0","0","0","0","0","0","0","35.452622149793832307","71430.140066416555783","86361957.288059547544","20836.293873481608898","41655.846230948031007","0","0","0","791423.65617574343923","631.25363327827346893","0","0","0","0"
"05/14/2026 08:05:28.762","57239722.345572255552","51193.932330116520461","9329.3269694878872542","41864.605360628636845","1000000000","2013096.2167501100339","9327.2946577637867449","2.0323117241014894141","0","0","0","55226626.128822140396","41864.605360628636845","0","0","0","0","0","0","0","0","0","0","26.812464445347416131","0.26812464445347417019","0","0","26.812464445347416131","0.26812464445347417019","1.509965102974828474e-005","0","1.509965102974828474e-005","17762.404468647018803","0","17762.404468647018803","100071159.3627076894","0","100071159.3627076894","5633.874599542334181","0","5633.874599542334181","74.902752945956933672","0","0","100","28.421501332028665132","37.662600958670537921","122.00380162069092194","145179.39201310681528","152357.52279263079981","1766.5532848951668257","0","100","3500","0","22.670621698496550067","0","0","145194.62967801390914","0","0","69.121231206826493576","76.982171881349046316","449","22511.110289405922231","0.49602803738317757798","0.39681023973994311582","161028.5952051335189","5.2081978870377891866","17.906298252742789856","23.017828118650950131","89253989.173875451088","21600.425159612681455","92200276.191163301468","21749.800071334142558","89608.688539082882926","335.33143447674575555","0","0","129.05179448044458468","6294.0694095423132239","0","0","0","0","0","9.1454027584567025855","7.1130910343552136155","0","0","0","0","0","0","0","0","0","0","0","0","0","128.03563861839384685","69238.828128413646482","88154854.024129644036","21284.400686514898553","42552.542879236985755","0","0","0","770085.59080826048739","652.37206343657817342","0","0","0","0"
"05/14/2026 08:05:29.762","55350074.289065688848","49766.62647069907689","9086.8277884190629266","40679.798682280015782","1000000000","1972732.3191473856568","9085.8281373972349684","0.99965102182827980659","0","0","0","53377341.969918303192","40679.798682280015782","0","0","0","0","0","0","0","0","0","1","39.516186841594588941","0.39516186841594591606","0","0","39.516186841594588941","0.39516186841594591606","1.4333722574796010669e-005","0","1.4333722574796010669e-005","27565.376926914814248","0","27565.376926914814248","131869740.27367046475","0","131869740.27367046475","4783.8903354487756587","0","4783.8903354487756587","63.287320874787589275","0","0","100","26.370838331973704527","36.444208775213141394","121.99751543482567229","157110.54322374428739","142843.41141508053988","1780.5075116222851648","0","100","3500","0","22.08815960263503797","0","0","157087.54958378511947","0","0","70.12200504864335926","77.863021581755617717","503","31240.35891672363141","0.78107105662092812803","0.58580579189307735444","180847.97744943748694","4.7352451553349128588","17.427647325997615013","22.13697841824437873","57325415.697380043566","14032.101393403563634","88136191.655493065715","20840.724503075976827","86277.880391955171945","322.88728005053434345","0","0","124.95637772853497438","6204.833892488132733","0","0","0","0","0","4.9982551091413984778","3.9986040873131192264","0","0","0","0","0","0","0","0","0","0","0","0","0","630.77979477364453942","68238.178052042028867","84335870.347661629319","20415.872818798958178","34126.08658317381196","0","0","0","506399.21603368263459","406.85796588410988761","0","0","0","0"
"05/14/2026 08:05:30.778","55860461.763715684414","50801.709086436756479","9568.3395784711665328","41233.369507965595403","1000000000","2087175.1852985718288","9568.3395784711665328","0","0","0","0","53773286.578417107463","41233.369507965595403","0","0","0","0","0","0","0","0","0","1","46.798483717513846614","0.46798483717513844615","0","0","46.798483717513846614","0.46798483717513844615","1.4340401388260148711e-005","0","1.4340401388260148711e-005","32628.067503616563044","0","32628.067503616563044","162172344.92854863405","0","162172344.92854863405","4970.332518484985485","0","4970.332518484985485","57.97519224126970272","0","0","100","25.809862317732914505","36.82071048903442545","122.00507518796992201","161392.65939818756306","138447.99580119128223","1745.2859550575076355","0","100","3500","0","23.585206978035301972","0","0","161403.49356608014205","0","0","69.834619866200057459","76.414793021964698028","532","35738.965104524111666","0.62516268993295631695","0.38471398629657094226","191885.91739400045481","3.6548321138379935569","19.909199935352450694","23.537115267547193298","113390328.48345117271","27465.280181405556505","88452287.347173184156","20960.345401598977332","86307.072900467319414","322.98192669944870659","0","0","126.04172749246778551","6619.1600953466286228","0","0","0","0","0","8.8623089643141401694","6.8929069722443321311","0","0","0","0","0","0","0","0","0","0","0","0","0","73.852574702617843627","72731.984969130120589","84566940.810706302524","20511.321747407062503","47654.604703109202092","0","0","0","809505.94892336241901","603.62171056939644131","0","0","0","0"
"05/14/2026 08:05:31.762","54588299.170742191374","50012.469087582772772","9543.550129541376009","40468.918958041394944","1000000000","2089829.2369883421343","9541.5185063099670515","2.0316232314084889943","0","0","0","52498469.933753848076","40468.918958041394944","0","0","0","0","0","0","0","0","0","2","43.218519665675842134","0.43218519665675841912","0","0","43.218519665675842134","0.43218519665675841912","1.3822033788174138255e-005","0","1.3822033788174138255e-005","31266.681531376641942","0","31266.681531376641942","135790706.23794674873","0","135790706.23794674873","4342.9842755035733717","0","4342.9842755035733717","59.348308239991162338","0","0","100","25.091004248707022839","34.537905163137999409","122.00289934951227622","160906.72899307686021","142561.3776386223617","1769.590032108611922","0","100","3500","0","22.12482371203757836","0","0","160903.68147867024527","0","0","71.694626735794543038","77.924770054873135905","580","34602.494410858576884","0.4960189370578705903","0.39682124474259850011","187575.52756537732785","3.7697459533385839769","18.253543612801287566","22.124833870531411151","83466453.075344279408","20271.536602993903216","86090619.53842535615","20373.117764564325626","84133.581259088343359","314.90160086831576791","0","0","121.89739388450932722","6657.6293293256176185","0","0","0","0","0","0","0","0","0","0","0","0","0","0","0","0","0","0","0","0","34.537594933944312459","73239.001680660323473","82308240.924104139209","19937.334581427207013","39894.985395168492687","0","0","0","836847.95687270199414","622.69252042670188985","0","0","0","0"
"05/14/2026 08:05:32.762","54742239.398322574794","50074.491102393367328","9513.3937570589660027","40561.097345334397687","1000000000","2081104.6050562404562","9511.3949349648264615","1.9988220941399235109","0","0","0","52661134.79326633364","40561.097345334397687","0","0","0","0","0","0","0","0","0","1","44.99345762103401114","0.44993457621034010918","0","0","44.99345762103401114","0.44993457621034010918","1.4119399378667586416e-005","0","1.4119399378667586416e-005","31848.231836978473439","0","31848.231836978473439","149358638.954064399","0","149358638.954064399","4689.6995638120943113","0","4689.6995638120943113","58.549416835788534286","0","0","100","27.219702121055519228","37.799209304037155732","121.98611032225085182","162953.561679848528","135548.03963676525746","1772.9625904893405277","0","100","3500","0","23.194780896553414351","0","0","162978.56115235967445","0","0","69.040332753844054992","76.756400006599875496","562","36101.238263872626703","0.43945187014040243412","0.43944187032539894222","190420.98211727730813","4.2968005091905796533","19.042617711572333405","23.243599993400120951","83764629.503833398223","20336.01598577958066","86653191.274382010102","20501.918219593197136","84382.273526211007265","315.81389087410792627","0","0","120.92873669546537485","6626.0952420738467481","0","0","0","0","0","9.9941104706996171103","7.9952883765596940435","0","0","0","0","0","0","0","0","0","0","0","0","0","52.968785494707972816","72807.094779046718031","82760061.495760560036","20044.187960035153083","40065.389465987696894","0","0","0","806998.43582177034114","612.63897185388657363","0","0","0","0"
"05/14/2026 08:05:33.778","54901827.9237376526","50167.983538470318308","9586.5338114220139687","40581.449727048304339","1000000000","2090056.4759247568436","9583.5783493488179374","2.9554620731955649759","0","0","0","52811771.447812892497","40581.449727048304339","0","0","0","0","0","0","0","0","0","1","37.539219679042609812","0.37539219679042612476","0","0","37.539219679042609812","0.37539219679042612476","1.4642005607404848149e-005","0","1.4642005607404848149e-005","25650.455333264308138","0","25650.455333264308138","126087609.55035896599","0","126087609.55035896599","4915.6090179360144248","0","4915.6090179360144248","65.616009900334944405","0","0","100","27.468764425174992283","37.959440149604326109","122.01535999513828301","155801.22737443781807","141466.9184337768238","1745.7961317765912099","0","100","3500","0","25.331875486430366351","0","0","155865.2300527037296","0","0","68.875546298717864602","74.235398423886849173","486","29999.532288120361045","0.52886993757936495708","0.625043325781518333","177607.43218793155393","6.0580667878738223564","19.664686022000044119","25.76460157611315438","83445623.487727001309","20281.365900292363222","85967818.761608198285","20347.371219927066704","84234.609702171190293","315.24928780752691182","0","0","125.11456109861224206","6636.9826623728404229","0","0","0","0","0","0","0","0","0","0","0","0","0","0","0","0","0","0","0","0","61.079549512708339876","73066.903681589552434","82164556.778711855412","19907.992525045323418","39877.064599603356328","0","0","0","782386.66763474466279","611.78064915148195269","0","0","0","0"
"05/14/2026 08:05:34.762","55921455.211460284889","50812.874885212644585","9567.1798874766300287","41245.694997736012738","1000000000","2082341.9822143756319","9564.1307490869094181","3.0491383897195247776","0","0","0","53839113.229245908558","41245.694997736012738","0","0","0","0","0","0","0","0","0","1","44.649889639434640287","0.44649889639434642286","0","0","44.649889639434640287","0.44649889639434642286","1.4724884422110551212e-005","0","1.4724884422110551212e-005","30338.926977709270432","0","30338.926977709270432","156981808.33217719197","0","156981808.33217719197","5174.2702847571190432","0","5174.2702847571190432","60.420154374764322824","0","0","100","28.370972644129889062","39.161342909756996278","122.00225831932432641","160288.99907323383377","135562.39399125307682","1788.9238490367697523","0","100","3500","0","23.86180508601297845","0","0","160168.11211239601835","0","0","67.876237696178492342","75.79099187980288832","439","34495.449824952636845","0.44641986425162860641","0.34720303418414449892","187092.38110437249998","5.7537634740660799082","18.451729849038446929","24.209008120197118785","57017058.404721282423","13912.202092826952139","88841663.833508908749","20987.219536439490184","85814.950840266305022","321.17591038378992607","0","0","126.03105344174035451","6599.3518548162919615","0","0","0","0","0","0","0","0","0","0","0","0","0","0","0","0","0","0","0","0","233.76727654516358257","72515.62556377297733","84952020.282868564129","20537.979813687477872","34130.022375593878678","0","0","0","515292.19130904081976","408.58454422241635484","0","0","0","0"
"05/14/2026 08:05:35.762","60104979.997309975326","54816.520756947189511","9949.0945163979049539","44867.426240549284557","1000000000","2131383.248140857555","9946.0944878976351902","3.0000285002707527404","0","0","0","57973596.749169118702","44867.426240549284557","0","0","0","0","0","0","0","0","0","0","38.813775961725568209","0.38813775961725571761","0","0","38.813775961725568209","0.38813775961725571761","1.4002871676467405028e-005","0","1.4002871676467405028e-005","27719.26333300166516","0","27719.26333300166516","118228067.16663807631","0","118228067.16663807631","4265.1951369097005227","0","4265.1951369097005227","62.733932774557956691","0","0","100","25.481376651013206924","37.984404675237399829","122.00352545160212969","162159.45953513303539","135904.13071766440407","1761.9506653813693902","0","100","3500","0","26.075713270591936777","0","0","162150.45978712596116","0","0","68.86779887046282056","73.924286729408066776","462","31556.11642873999881","0.43944112328930956535","0.63475717790500629789","187143.75997472071322","4.4432702459410320373","21.630423065454078113","26.075713270591936777","123194118.34412427247","29301.278362144439598","96156945.490982159972","22720.215842050500214","93812.891222466612817","351.00333453167803555","0","0","118.00112101064959802","6655.0632231006193251","0","0","0","0","0","5.0000475004512541233","4.0000380003610036539","0","0","0","0","0","0","0","0","0","0","0","0","0","108.00102600974709333","73212.695520607448998","92005226.049647465348","22251.211386508170108","51202.486423621026915","0","0","0","726218.89907954121009","553.00525354990872984","0","0","0","0"
"05/14/2026 08:05:36.762","57959482.149668253958","52284.868645296985051","9672.9455208316576318","42611.923124465327419","1000000000","2098397.6386021673679","9670.9469783686763549","1.9985424629817476472","0","0","0","55861084.51106608659","42611.923124465327419","0","0","0","0","0","0","0","0","0","2","41.530575293939570258","0.41530575293939570036","0","0","41.530575293939570258","0.41530575293939570036","1.4236692028240454744e-005","0","1.4236692028240454744e-005","29156.735992440713744","0","29156.735992440713744","139461298.87473067641","0","139461298.87473067641","4783.1588182877512736","0","4783.1588182877512736","61.217303028345895655","0","0","100","26.816156804279387416","35.847932289933709171","121.99462751886083822","159661.85255658117239","141533.30181708891178","1781.5966465192279884","0","100","3500","0","21.208948887977541631","0","0","159684.84735055980855","0","0","70.614651178647633856","78.791051112022458369","482","32447.653851168091933","0.24408566653063029639","0.34172393225268055117","184827.15513207807089","4.0030189279866306151","17.232494046825177492","21.208948887977541631","88469419.252539128065","21525.301597544912511","92933119.875674679875","21524.302326313420053","89458.75772798898106","334.75586254944272468","0","0","129.90526009381358108","6620.171908627038647","0","0","0","0","0","5.9956273889452429415","4.9963561574543691179","0","0","0","0","0","0","0","0","0","0","0","0","0","136.90015871424969873","72764.932534702442354","88978052.306452915072","21083.623713225944812","42275.168719452907681","0","0","0","828219.97916919190902","650.52557170055877123","0","0","0","0"
"05/14/2026 08:05:37.778","54494777.686301402748","49829.72226045140269","9541.1490498897182988","40288.573210561684391","1000000000","2078377.5101177063771","9540.1639028530753421","0.9851470366432336645","0","0","0","52416400.176183700562","40288.573210561684391","0","0","0","0","0","0","0","0","0","1","35.549494392789746655","0.35549494392789743324","0","0","35.549494392789746655","0.35549494392789743324","1.4389196731114213413e-005","0","1.4389196731114213413e-005","24712.413414195518271","0","24712.413414195518271","122180678.13384385407","0","122180678.13384385407","4944.1014151883591694","0","4944.1014151883591694","66.667024505950351454","0","0","100","25.659978789153786494","34.998337485679527958","122.00570270136634576","151347.40863938216353","150767.87478120546439","1750.1307673678318224","0","100","3500","0","21.084658799586431854","0","0","151398.6223703349533","0","0","71.318478866570004016","79.011514611562830623","490","28072.018718224710028","0.33663156099147351075","0.28853993102303099327","171505.92104595771525","3.1739293924657170365","17.841315151946108841","20.988485388437172929","82978040.382950305939","20149.212340464058798","86051332.662579551339","20368.90012963549816","83441.954003681894392","312.29161061590508552","0","0","124.1285266170474415","6608.3663218028113988","0","0","0","0","0","10.836617403075569754","8.8663233297891039797","0","0","0","0","0","0","0","0","0","0","0","0","0","130.03940883690685837","72651.638511328550521","82123622.358069628477","19901.940434266605735","39749.697781517832482","0","0","0","808171.28239249659237","613.7466038287345782","0","0","0","0"
"05/14/2026 08:05:38.762","55261634.769112631679","50335.904504391037335","9555.0458808783296263","40780.858623512707709","1000000000","2077856.3055989502463","9551.9986673519506439","3.0472135263776958247","0","0","0","53183778.463513679802","40780.858623512707709","0","0","0","0","0","0","0","0","0","1","45.518650668363527245","0.45518650668363530576","0","0","45.518650668363527245","0.45518650668363530576","1.4691878422243351474e-005","0","1.4691878422243351474e-005","30978.988446997784195","0","30978.988446997784195","166688918.09699484706","0","166688918.09699484706","5380.7088757008423272","0","5380.7088757008423272","59.23185633871608502","0","0","100","26.576606356682123788","38.569939917538974328","121.99502947873779135","156431.22984726639697","139909.93103985663038","1773.6335656800076777","0","100","3500","0","24.952641414443089474","0","0","156415.9924454993743","0","0","68.397733695623458061","74.700153717313739321","483","35272.553437060087163","0.6944198949131068499","0.5952126991711942372","184110.47807043296052","4.9601667769871813363","20.336692928231528299","25.299846282686267784","84422924.796801641583","20535.17195425929458","87175529.656497776508","20663.154922367157269","85216.342002994395443","318.94168242753221421","0","0","125.95149242361144104","6587.0599061864531905","0","0","0","0","0","9.1416405791330888064","7.1101648948812909978","0","0","0","0","0","0","0","0","0","0","0","0","0","146.2662492661294209","72410.935027313185856","83329897.430792704225","20218.261747516015021","40435.507757189901895","0","0","0","779112.5701620914042","619.60008369679815132","0","0","0","0"
"05/14/2026 08:05:39.762","58444128.678674280643","52497.087245802249527","9641.6689728992096207","42855.418272903043544","1000000000","2080501.134746424621","9639.6686266392716789","2.0003462599375954056","0","0","0","56363627.54392785579","42855.418272903043544","0","0","0","0","0","0","0","0","0","1","40.005969277717397858","0.4000596927771739586","0","0","40.005969277717397858","0.4000596927771739586","1.4132602168768324357e-005","0","1.4132602168768324357e-005","28315.901482546629268","0","28315.901482546629268","116981529.50275693834","0","116981529.50275693834","4131.3016142135566042","0","4131.3016142135566042","62.098976023901109045","0","0","100","29.319454666470402771","39.776756286279301378","122.01284410874056618","159651.02909560714033","135065.08925775132957","1794.8092117807877912","0","100","3500","0","24.081456143806601489","0","0","159604.03409117611591","0","0","67.372897879356600015","75.527971115495034837","443","32949.497468419111101","0.53704501755287614717","0.68351729440737662991","186078.21988522622269","5.907485194291490771","18.552435155346202578","24.472028884504972268","61804750.402294635773","15123.617898258189598","92204184.544344633818","21834.779600348821987","90075.592084989912109","337.0583447994848143","0","0","127.02198750603730559","6531.13053869624855","0","0","0","0","0","5.0008656498439885141","4.0006925198751908113","0","0","0","0","0","0","0","0","0","0","0","0","0","108.01869803663014125","71850.437310698485817","88136600.445537120104","21368.698921783361584","36158.258994631971291","0","0","0","521500.27169703075197","441.07635031623976829","0","0","0","0"
"05/14/2026 08:05:40.778","55188131.873412907124","50373.596955682623957","9377.0994332970349205","40996.497522385587217","1000000000","2014595.2652048950549","9376.1146507478551939","0.9847825491805329845","0","0","0","53173536.608208008111","40996.497522385587217","0","0","0","0","0","0","0","0","0","1","38.769441148442027156","0.3876944114844202427","0","0","38.769441148442027156","0.3876944114844202427","1.4271242659319944353e-005","0","1.4271242659319944353e-005","27166.211401694181404","0","27166.211401694181404","126649149.35468184948","0","126649149.35468184948","4662.0100050750379523","0","4662.0100050750379523","63.443683461523725953","0","0","100","26.860387144752309041","38.07765583001679488","121.99801612341428836","156615.00297160210903","140571.975904069026","1748.0012467434244172","0","100","3500","0","25.46833899302549753","0","0","156633.7139708630275","0","0","68.801662150303556587","74.291227081594996662","457","31893.390634947911167","0.62510851039587456146","0.43276137009226500751","181112.62495131447213","5.6740239874570601586","19.955257526251514832","25.708772918405010444","111180319.00258073211","26912.137504005604569","86609828.957058176398","20519.913977274765784","84730.690531493062736","317.09998083613163544","0","0","116.20434080330288396","6331.167008681646621","0","0","0","0","0","7.878260393444263876","6.8934778442637307805","0","0","0","0","0","0","0","0","0","0","0","0","0","155.59564277052422199","69657.608833735823282","82835433.185162961483","20086.609655635329545","46682.631961353981751","0","0","0","711452.21352527930867","538.67605440175157128","0","0","0","0"
"05/14/2026 08:05:41.762","55366800.762244604528","50025.856357271892193","9303.6170058053921821","40722.23935146650183","1000000000","2018052.1246288607363","9300.5703022776760918","3.0467035277170806395","0","0","0","53348748.637615740299","40722.23935146650183","0","0","0","0","0","0","0","0","0","1","39.905143710691568515","0.39905143710691570735","1.4681310661661626238","0.01468131066166162603","38.437012644525403005","0.38437012644525403449","1.4792845038599133678e-005","0.00016422954545454546572","1.4295983677787433148e-005","26968.404059509026411","89.369970146367705865","26879.03408936265987","172255905.2223342061","43927127.726342655718","128328777.49599155784","6387.3229147053289125","491520","4774.3076283674008664","63.406252615821465213","0","0","100","24.14014430539820566","35.445563641151260015","121.99102148131572676","153626.23268160875887","147761.94770420811255","1774.6694030639914672","0","100","3500","0","24.059035687322072761","0","0","153659.75534348690417","0","0","70.95942439331227547","75.940964312677934345","414","30291.280440735641605","0.44641659887541013108","0.34721855386418293277","176835.08892190814367","3.025738464176553677","21.080930570104825961","24.059035687322072761","85687403.343330591917","20797.81384803936453","88793777.575205847621","20983.662763230106066","86562.940629497694317","323.966141780582916","0","0","124.91484463640031777","6357.4546945029751441","0","0","0","0","0","0","0","0","0","0","0","0","0","0","0","0","0","0","0","0","104.60348778495310285","69865.989729765526135","84909141.207396417856","20533.766208970551816","41007.613915229332633","0","0","0","511059.12757847597823","352.40204137260900552","0","0","0","0"
"05/14/2026 08:05:42.762","56674163.275296106935","50816.568444896627625","9321.2699722931429278","41495.298472603484697","1000000000","2004258.0097133971285","9319.2703434242612275","1.9996288688819354729","0","0","0","54669905.265582710505","41495.298472603484697","0","0","0","0","0","0","0","0","0","0","33.599087858790113614","0.3359908785879011095","2.1662453753452681759","0.021662453753452680372","31.432842483444840553","0.31432842483444839443","1.5493051136625630114e-005","0.00015697753623188404905","1.4586983154670748385e-005","21682.975639721265907","137.9743919528535514","21545.001247768414032","178875984.61725503206","67817173.132666572928","111058811.48458845913","8249.6050168303590908","491520","5154.7368323356067776","69.312072171313261038","0","0","100","25.382858185087826541","35.534989352562185161","122.01072847027285206","145157.23884256594465","156259.61856465661549","1782.9415195181597937","0","100","3500","0","21.876609341847551349","0","0","145106.24051531110308","0","0","70.87966987880049885","78.123390658152445098","450","24986.180453281129303","0.39062195318776432584","0.39061195339376009183","163716.63009453288396","3.662034562088020806","18.163685828071940875","21.876609341847551349","89327300.852961689234","21128.078628606530401","91347605.884347870946","21167.071391549729015","87631.735549881937914","327.93913449663739357","0","0","125.97661873956194256","6276.8350194203958381","0","0","0","0","0","4.9990721722048387932","3.9992577377638709457","0","0","0","0","0","0","0","0","0","0","0","0","0","153.97142290390902986","69015.1907805911178","87494800.964940905571","20738.150999174551544","41540.290122153324774","0","0","0","327852.15064084104961","209.96103123260323287","0","0","0","0"
"05/14/2026 08:05:43.778","56642462.663041338325","51270.83579619340162","9555.8970721519490326","41714.938724041458045","1000000000","2079198.6838475784753","9553.9267840958345914","1.9702880561138038651","0","0","0","54563263.979193761945","41714.938724041458045","0","0","0","0","0","0","0","0","0","0","42.093548505253849612","0.42093548505253852721","0","0","42.093548505253849612","0.42093548505253852721","1.4458228490259740666e-005","0","1.4458228490259740666e-005","29128.738621586475347","0","29128.738621586475347","137945635.81195572019","0","137945635.81195572019","4735.7229437229434552","0","4735.7229437229434552","61.573938959264559401","0","0","100","25.375879251322913888","35.792180826846760056","122.00348527484801764","165005.73619640356628","136999.65457994773169","1749.608824093521207","0","100","3500","0","23.315208037202150848","0","0","165062.84216815224499","0","0","70.634922979307148694","76.732872048091508077","556","32211.706409141046606","0.19231049475126557602","0.14424025588097327821","189315.15761838952312","3.5097083765098999741","19.808236966387855915","23.267127951908495476","88542581.865468740463","21382.551128975057509","91877227.410647436976","21545.099893604445242","88458.052567285340047","331.0083934271190742","0","0","125.11329156322653944","6560.0740828309099015","0","0","0","0","0","4.9257201402845094407","3.9405761122276077302","0","0","0","0","0","0","0","0","0","0","0","0","0","102.45497891791779921","72130.275446270243265","87772581.471411123872","21068.290184024903283","42120.818063600898313","0","0","0","788943.72857311740518","649.20991448949837377","0","0","0","0"
"05/14/2026 08:05:44.762","57297483.045098058879","51704.489876018727955","9550.2261957158480072","42154.263680302879948","1000000000","2053898.949424330378","9548.1946649360743322","2.0315307797736328332","0","0","0","55243584.095673725009","42154.263680302879948","0","0","0","0","0","0","0","0","0","0","42.005888252020923801","0.42005888252020923135","0","0","42.005888252020923801","0.42005888252020923135","1.4572395686495630569e-005","0","1.4572395686495630569e-005","28823.358703428300942","0","28823.358703428300942","135472483.77898854017","0","135472483.77898854017","4700.0936002255430139","0","4700.0936002255430139","61.632487498994315445","0","0","100","28.184921442480550979","39.783127281711522016","121.99582330278065001","165713.41434733549249","130150.62786648026668","1828.6514944806724543","0","100","3500","0","25.051574521272236495","0","0","165683.95273992439616","0","0","67.387856653509430771","74.650812961549803504","571","33239.804582173957897","0.49601747580863403408","0.69442243443930562474","191233.26187031020527","5.8530224680841378415","19.443929748939659419","25.2499794799029047","61452493.719268657267","14961.208427642917741","92003852.188664615154","21671.354593235228094","89302.030017289347597","334.18681327276260618","0","0","125.95490834596522234","6432.8422141532082605","0","0","0","0","0","0","0","0","0","0","0","0","0","0","0","0","0","0","0","0","449.98406771985963815","70673.90853215502284","87987840.881976902485","21211.212871616498887","35839.250251376543019","0","0","0","509518.07722112594638","437.79488304121787223","0","0","0","0"
"05/14/2026 08:05:45.778","42958728.424678593874","41978.716860429347435","8862.6437842160285072","33116.073076213317108","1000000000","1995851.6331426461693","8859.6912099403325556","2.9525742756966226743","0","0","0","40962876.791535951197","33116.073076213317108","0","0","0","0","0","0","0","0","0","0","38.883883017999572473","0.38883883017999570919","0","0","38.883883017999572473","0.38883883017999570919","1.4525287821385220684e-005","0","1.4525287821385220684e-005","26757.212277788028587","0","26757.212277788028587","127250376.82229192555","0","127250376.82229192555","4755.7411998381576268","0","4755.7411998381576268","63.894613283591247921","0","0","100","27.881430540785380856","39.000671156800187589","122.00385402035435334","152717.29797601848259","142558.55163476231974","1770.4127208191082445","0","100","3500","0","23.554702889063083404","0","0","152750.77630333098932","0","0","68.048119640959754406","76.156823065477610157","481","31170.292041295713716","0.62501889304620694698","0.33655469412564359422","177132.84515367733547","4.8559584310643337801","18.991127579337746312","23.939338231855067818","91475801.931475669146","22037.03020237436067","66752303.130958966911","15743.126038014392179","65425.109183736232808","245.06366488281969396","0","0","81.687888294273221845","6547.8255520698767214","0","0","0","0","0","5.9051485513932453486","4.9209571261610376425","0","0","0","0","0","0","0","0","0","0","0","0","0","128.92907670541919174","71980.808267207961762","63971875.745832562447","15439.010887617640037","37231.961616534412315","0","0","0","474165.71323122340254","387.77142154148975806","0","0","0","0"
"05/14/2026 08:05:46.762","57806175.545520536602","51656.841292001903639","9338.6080152797349001","42318.23327672216692","1000000000","2007859.6227267354261","9336.5770000524007628","2.0310152273335653206","0","0","0","55798315.922793798149","42318.23327672216692","0","0","0","0","0","0","0","0","0","1","32.749174416760148176","0.32749174416760146178","0","0","32.749174416760148176","0.32749174416760146178","1.4611708201178069834e-005","0","1.4611708201178069834e-005","22412.253033625893295","0","22412.253033625893295","113762849.72558952868","0","113762849.72558952868","5075.9220661531489895","0","5075.9220661531489895","69.223786221518921025","0","0","100","26.331217973088460127","36.397341664798261718","122.00039210774249909","150828.38625081724604","148884.33565397717757","1803.555075149143704","0","100","3500","0","24.379956977663606921","0","0","150802.99836969183525","0","0","70.170259342510973966","75.322530425070510773","359","26948.728057000465924","0.4958780247097129279","0.5950353499317252437","170407.52017473362503","5.5537343538291645828","19.140552563436212807","24.677469574929489227","90159219.407731592655","21849.661815654497332","92898067.813973635435","21940.041993270842795","90367.991524979661335","338.16403535103864897","0","0","125.92294409468105698","6267.7129915513833112","0","0","0","0","0","0","0","0","0","0","0","0","0","0","0","0","0","0","0","0","110.69032988967931885","68880.865927404200193","88768298.939444467425","21454.629353938118584","42967.14264185524371","0","0","0","798119.92982436192688","598.13398444973506685","0","0","0","0"
"05/14/2026 08:05:47.778","58214940.9394024387","52320.355255980473885","9623.2891082293990621","42697.06614775108028","1000000000","2057319.3436778930482","9619.3491741011584963","3.9399341282413100629","0","0","0","56157621.595724545419","42697.06614775108028","0","0","0","0","0","0","0","0","0","0","39.983969663306787368","0.3998396966330678981","0.17649522827619021359","0.0017649522827619021879","39.807474435030599125","0.39807474435030598681","1.4449802455953014799e-005","0.00025599999999999998842","1.4389604101395614993e-005","27673.112333234901598","6.8948847244222930541","27666.217448510480608","143163968.04161831737","3388973.7397480453365","139774994.30187028646","5173.395977932016649","491520","5052.190259185416835","63.060385892240013561","0","0","100","25.614545460276335831","35.635159435227521385","121.99923919905467073","158392.20959983707871","143011.04201388024376","1762.0036374688843352","0","100","3500","0","22.188542800437570435","0","0","158396.14923904885654","0","0","70.781175562620404662","77.811447350498355036","443","30940.94145952208055","0.096176110720814583788","0.43282696996793829092","183526.12286119451164","3.3663805546382250533","18.803636156268797919","22.188552649501648517","93381564.693619892001","21836.099922245401103","93483132.255511820316","22037.036562785706337","90819.421590090438258","339.81931856081297383","0","0","123.12294150754094346","6407.3178760524306199","0","0","0","0","0","5.9099011923619650943","4.9249176603016380227","0","0","0","0","0","0","0","0","0","0","0","0","0","188.13185462352254262","70458.826998871401884","89521355.132463544607","21597.733907486803218","43094.014511171386403","0","0","0","773330.27069120435044","641.22427937127326913","0","0","0","0"
"05/14/2026 08:05:48.762","56304656.326320894063","51059.793301485202392","9509.1154175108367781","41550.677883974363795","1000000000","2047715.9017369050998","9506.0666469377338217","3.0487705731038272639","0","0","0","54256940.424583986402","41550.677883974363795","0","0","0","0","0","0","0","0","0","0","40.259652658696943206","0.40259652658696942762","4.3328673942900799432","0.043328673942900797211","35.92678526440685971","0.35926785264406863041","1.589319858838627e-005","0.00025238106508875739024","1.4279500948843218633e-005","25341.381003639013215","171.74740895151560949","25169.633594687496952","197735421.99862766266","84417286.447848945856","113318135.5507787019","7802.866859159447813","491520","4502.1766059676183431","63.706501068679955324","0","0","100","25.352605787749993738","38.093558060347980643","121.99437865972673478","156900.76594416721491","140264.88593106661574","1819.3954873099958149","0","100","3500","0","25.348509536851171475","0","0","156876.38543512453907","0","0","68.774390689887766825","74.701094685856844535","507","28635.92372517111653","0.54562613267885151647","0.29761517769343920348","178970.20590050984174","3.7201744833359069453","21.52739965379645426","25.29890531414314836","85807684.365254104137","20807.859161433621921","91596303.751857727766","20862.737031749489688","86076.955847298057051","322.1534238913044419","0","0","115.85328177794544047","6436.9709366798806514","0","0","0","0","0","9.1463117193114822356","7.1137980039089310225","0","0","0","0","0","0","0","0","0","0","0","0","0","128.04836407036074775","70778.225111463048961","87647454.805025026202","20399.323904637709347","40887.062155895429896","0","0","0","292290.71612775244284","224.59276555198195524","0","0","0","0"
"05/14/2026 08:05:49.762","58062800.765474461019","53144.290576487335784","9845.7548377064431406","43298.535738780890824","1000000000","2100330.7601988059469","9844.7554716043614462","0.99936610208144971423","0","0","0","55962470.005275651813","43298.535738780890824","0","0","0","0","0","0","0","0","0","0","42.872897060935279967","0.42872897060935283298","0.49115744598128086018","0.0049115744598128086365","42.381739614954000217","0.42381739614954000439","1.460504854368932001e-005","0.00024558000000000001703","1.4447574569626727231e-005","29336.391926600957959","19.987322041628996061","29316.404604559327709","146605248.29100900888","9824168.5299014840275","136781079.76110753417","4997.3851132686086203","491520","4665.6839952275440737","61.08128237733163246","0","0","100","26.415144994200232986","38.425955761769529317","122.00022858884486254","168471.06142248274409","130095.76709215312439","1815.8605419103812437","0","100","3500","0","24.658601775270771128","0","0","168549.05543254278018","0","0","68.519663697748768527","75.34140822467722387","471","32887.474241978219652","0.34179822264924225594","0.29295847661592155919","193797.11638146190671","3.8085701954349833187","20.995990820847730163","24.658591775322769024","61145627.328585483134","14823.597392174144261","93078672.198224663734","21930.089744075332419","90270.741268813188071","337.78574250353000252","0","0","122.92203055601831352","6560.8384601647176169","0","0","0","0","0","9.9936610208144980305","7.9949288166515977139","0","0","0","0","0","0","0","0","0","0","0","0","0","218.8611763558375003","72125.250953320311964","89142049.198193594813","21445.397184565830685","35932.208200338529423","0","0","0","520818.64473364548758","428.72805779294196782","0","0","0","0"
"05/14/2026 08:05:50.778","45055748.561748586595","43010.087318852645694","8890.7220590608794737","34119.365259791760764","1000000000","1997026.8353384670336","8888.7513792295467283","1.9706798313334543682","0","0","0","43058721.726410120726","34119.365259791760764","0","0","0","0","0","0","0","0","0","0","38.586051247309328005","0.38586051247309327561","0","0","38.586051247309328005","0.38586051247309327561","1.4551024879316748221e-005","0","1.4551024879316748221e-005","26535.203928904964414","0","26535.203928904964414","129937484.12371060252","0","129937484.12371060252","4896.7961381359082225","0","4896.7961381359082225","64.080277998239367321","0","0","100","28.233758642204840328","40.10855932790904177","122.0088041753933652","154331.6831805043912","139202.56863520911429","1798.1614045826722759","0","100","3500","0","25.859616403392859496","0","0","154283.43021838797722","0","0","67.108461852048066021","73.851898387665343648","490","31164.520246893665899","0.48080539926305648768","0.57697041788358183201","180289.80729047110071","5.865839656696988591","20.241958512957562988","26.148101612334649246","97961193.766897335649","23561.448063422780251","71151742.14994469285","16698.555550804027007","69462.522694841609336","260.12973773601601124","0","0","98.533991566672725071","6515.0675223884009029","0","0","0","0","0","11.824078988000726653","9.8533991566672725071","0","0","0","0","0","0","0","0","0","0","0","0","0","127.10884912100780753","71680.522845007406431","67973508.545163348317","16368.466679055673012","39670.770344658107206","0","0","0","607775.39610171935055","458.18306078502814671","0","0","0","0"
"05/14/2026 08:05:51.762","59646720.158885926008","53247.752283573841851","9647.9807552343445423","43599.771528339493671","1000000000","2056984.4402185289655","9647.9807552343445423","0","0","0","0","57589735.718667402864","43599.771528339493671","0","0","0","0","0","0","0","0","0","0","36.27380648354307624","0.3627380648354307513","0","0","36.27380648354307624","0.3627380648354307513","1.4939402560455192573e-005","0","1.4939402560455192573e-005","24279.43103933578459","0","24279.43103933578459","131710454.52878634632","0","131710454.52878634632","5424.7751652581373492","0","5424.7751652581373492","67.106962552653570242","0","0","100","30.760591581342435319","42.631709735088577418","121.99693046098894911","170591.64727286394918","122052.74858119494456","1809.185297753705072","0","100","3500","0","26.738433788816038827","0","0","170556.09337874752237","0","0","65.062562588492440341","73.162359196843738118","480","28999.787692460846301","0.59522176922493985618","0.59522176922493985618","195956.81116107845446","7.1426307554747214823","19.741433973089563381","26.837640803156258329","98899526.814184546471","20799.331853461615538","102225542.72939120233","21029.916358772017702","86309.71034015074838","323.02146558902097695","0","0","123.92647421968730725","6447.2240317406176473","0","0","0","0","0","0","0","0","0","0","0","0","0","0","0","0","0","0","0","0","169.63705897285063884","70892.037998294894351","98196185.157123029232","20582.968418963311706","41060.294597608197364","0","0","0","800140.42291636171285","593.22181101883097654","0","0","0","0"
"05/14/2026 08:05:52.762","55636534.369675204158","50632.223053675232222","9567.263027061630055","41064.960026613603986","1000000000","2074548.681285090046","9566.2634175091206998","0.99960955250879002243","0","0","0","53561985.688390113413","41062.960807508585276","1.9992191050175800449","0","0","0","0","0","0","0","0","0","36.331648763992497209","0.36331648763992496765","0","0","36.331648763992497209","0.36331648763992496765","1.4045272150920055658e-005","0","1.4045272150920055658e-005","25857.899904297380999","0","25857.899904297380999","113988116.24179595709","0","113988116.24179595709","4408.2511210762331757","0","4408.2511210762331757","65.192233501350273173","0","0","100","25.96281522655671381","35.401531551856280089","122.00290619123509828","159535.68673254238092","142365.58958479590365","1782.9741468748702573","0","100","3500","0","22.901793187363995941","0","0","159609.68565955793019","0","0","70.978868184599036795","77.147035923946177149","475","29482.572502698709286","0.19530644542269329222","0.5371002247759091297","182571.3527153856121","3.8085306847415378861","18.9937943129435034","22.852964076053815745","92487434.408120185137","21067.770928675257892","89858565.244415536523","21159.735007506067632","87613.77805829042336","327.87193322288311492","0","0","125.95080361610754949","6533.4480351974516452","0","0","0","0","0","0","0","0","0","0","0","0","0","0","0","0","0","0","0","0","114.95509853851085325","71803.953375811412116","86019264.875139772892","20730.902509479798027","41470.801504932169337","0","0","0","807272.67929146869574","618.75831300294100856","0","0","0","0"
"05/14/2026 08:05:53.762","55321424.488790489733","50307.102251503107254","9425.1432698786356923","40881.958981624469743","1000000000","2056850.4959651606623","9422.1429059344900452","3.0003639441464251547","0","0","0","53264573.992825329304","40879.958738995039312","2.0002426294309501031","0","0","0","0","0","0","0","0","0","40.143831683570297741","0.40143831683570296853","0","0","40.143831683570297741","0.40143831683570296853","1.4301360883505522467e-005","0","1.4301360883505522467e-005","28073.405304063384392","0","28073.405304063384392","133521220.12400104105","0","133521220.12400104105","4756.1462059137866163","0","4756.1462059137866163","62.710872036081525494","0","0","100","25.822763585047848522","36.946803795797485748","121.9923878649572373","160273.6794526410813","139183.80851966459886","1811.9963760072478181","0","100","3500","0","23.828287577767326866","0","0","160257.67948464103392","0","0","69.714736627579426909","76.122872529680435605","497","31298.93740212519333","0.24413946289318164129","0.58593871093483596013","185083.62983274032013","3.6132720508014881666","20.263625420024077073","23.877127470319571501","85061077.908750325441","19490.364181175176782","93132833.012644439936","19617.379588144041918","80689.787671244514058","302.03663704407341584","0","0","116.01407250699509177","6557.7954605893692133","0","0","0","0","0","12.001455776585700619","10.001213147154750516","0","0","0","0","0","0","0","0","0","0","0","0","0","160.01941035447600825","72150.751886203797767","89360983.487297013402","19176.326088354519015","38366.653875115051051","0","0","0","791715.03503374953289","575.06975596139807294","0","0","0","0"
"05/14/2026 08:05:54.763","56422986.010361872613","51103.527481017379614","9533.3001693920286925","41570.227311625349103","1000000000","2068925.0804172260687","9530.301018751490119","2.9991506405385996992","0","0","0","54354060.929944641888","41568.227877864992479","1.9994337603590663921","0","0","0","0","0","0","0","0","0","40.258887686845206133","0.40258887686845207243","0.42074972204267102605","0.0042074972204267100176","39.838137964802534441","0.39838137964802533553","1.4537165649929609904e-005","0.00024758235294117643616","1.439406920465217096e-005","27695.156731613609736","16.995186963052063334","27678.161544650556607","139515305.26554879546","8353474.2960793506354","131161830.96946945786","5037.5344186550191807","491520","4738.8201979339737591","63.22510075140947805","0","0","100","26.62260731878958353","35.675409442773975854","122.00857155360093032","164975.49713466819958","137258.04424623251543","1761.3433711912198305","0","100","3500","0","20.973617395960186371","0","0","164941.50980514462572","0","0","70.758938969747489978","79.026392600706927283","402","30759.532846154950676","0.34168608186030774432","0.53693098720886456299","187661.03996430130792","4.3442516265077220083","16.644840610140580139","20.973607399293069165","60524595.434572935104","14763.818886491346348","90708695.297491759062","21397.940103362729133","88159.033361751964549","329.90657045924598378","0","0","126.96404378280071512","6525.1520769318130988","0","0","0","0","0","0","0","0","0","0","0","0","0","0","0","0","0","0","0","0","191.94564099447038075","71691.696911434686626","86716433.905917853117","20942.069206000862323","35376.98123891314026","0","0","0","527855.5113191944547","444.87401167989230544","0","0","0","0"
"05/14/2026 08:05:55.778","56826276.19854131341","51369.67920491136465","9536.9037502465707803","41832.775454664792051","1000000000","2072625.0386661174707","9534.9341294803089113","1.9696207662632323476","0","0","0","54753651.159875199199","41830.805833898528363","1.9696207662632323476","0","0","0","0","0","0","0","0","0","36.594614629737449718","0.36594614629737448608","0","0","36.594614629737449718","0.36594614629737448608","1.4672576122585994672e-005","0","1.4672576122585994672e-005","24936.383711275655514","0","24936.383711275655514","130985012.26926015317","0","130985012.26926015317","5252.7669523320564622","0","5252.7669523320564622","66.595409513248597477","0","0","100","27.125392452306801516","36.670864908144096717","121.99757239556844013","157627.81384309145506","141964.25027804504498","1750.4022871660545206","0","100","3500","0","23.577032929354558632","0","0","157665.24506814058986","0","0","69.952694088735995592","76.471063925477551493","439","29022.989864412284078","0.28857127913501701144","0.48094884860581665897","179832.41055513266474","4.5209270567807848806","18.997528769217932876","23.528936074522444954","114263495.27522446215","27644.612264887597121","90064659.695325270295","21295.539724838068651","88164.164739474814269","329.91147834909145331","0","0","123.10129789145202039","6544.0649959095899248","0","0","0","0","0","0","0","0","0","0","0","0","0","0","0","0","0","0","0","0","122.11648750832041799","71970.927609641643357","86097071.380730748177","20836.618086298734852","48160.182166285427229","0","0","0","789127.57519298093393","603.6887648596807594","0","0","0","0"
"05/14/2026 08:05:56.762","56559561.41594017297","50837.634397132322192","9285.3198990805612993","41552.314498051760893","1000000000","2005838.3734638968017","9281.2563017505472089","4.0635973300133745312","0","0","0","54553723.042476274073","41550.2826993867493","2.0317986650066872656","0","0","0","0","0","0","0","0","1","36.485277637140399065","0.36485277637140400842","0","0","36.485277637140399065","0.36485277637140400842","1.4210797657671914637e-005","0","1.4210797657671914637e-005","25675.839729689505475","0","25675.839729689505475","114156266.65122500062","0","114156266.65122500062","4446.0577668750493103","0","4446.0577668750493103","65.291304248892117812","0","0","100","27.676605966830713612","38.273570216556038304","122.00309830111548592","158463.20877534867031","138587.54343004396651","1793.9307847461841448","0","100","3500","0","25.151258544228451086","0","0","158436.79756334220292","0","0","68.620424556017070472","74.501527416703169138","474","30584.183503475713223","0.9424250452455040783","0.29761058228749243115","182467.95304167771246","5.3073667075982378094","20.237438328366550877","25.49847258329682731","87274050.527785107493","21247.53453930743126","90002813.025251701474","21344.044975895249081","88224.761631920366199","330.16728306358669442","0","0","126.987416562917943","6291.4645661932072471","0","0","0","0","0","5.0794966625167177199","4.0635973300133745312","0","0","0","0","0","0","0","0","0","0","0","0","0","177.78238318808513441","69162.42655682763143","86135259.884827494621","20910.255960916321783","41827.62321716016595","0","0","0","783695.22207305429038","604.46010283948942288","0","0","0","0"
"05/14/2026 08:05:57.762","56653798.520802631974","50990.027986219094601","9370.3680169827548525","41619.659969236337929","1000000000","2017691.302771886345","9368.3698576870974648","1.9981592956568408059","0","0","0","54636107.218030743301","41619.659969236337929","0","0","0","0","0","0","0","0","0","2","39.441077793258557449","0.39441077793258561002","0","0","39.441077793258557449","0.39441077793258561002","1.4523127623536343653e-005","0","1.4523127623536343653e-005","27133.005075724242488","0","27133.005075724242488","129273553.20278957486","0","129273553.20278957486","4764.4392075999703593","0","4764.4392075999703593","63.399982260374308396","0","0","100","27.470566214618585832","38.502178117715942562","122.00415686592586439","158043.5345208614599","138605.25603143370245","1801.971889238527865","0","100","3500","0","24.903924527192479843","0","0","158128.53319488215493","0","0","68.483035007961333918","74.80311165434409304","484","32017.500526991778315","0.19530587904595214654","0.53709866721812171697","183531.1369142641488","4.4432662470821862044","20.751512143093780338","25.196888345655910513","86623514.418517649174","21059.599896575273306","89787367.876711964607","21255.419507549642731","87567.332972865391639","327.69812448772188418","0","0","126.88311527420938774","6323.1750911060726139","0","0","0","0","0","4.9953982391421023479","3.9963185913136816119","0","0","0","0","0","0","0","0","0","0","0","0","0","125.88403562638096389","69552.927842871140456","85830437.001434266567","20800.838267787712539","41535.737278818749473","0","0","0","766190.18560102430638","626.42293918841960476","0","0","0","0"
"05/14/2026 08:05:58.762","56269043.663751535118","50887.885075389793201","9459.3883002313141333","41428.496775158484525","1000000000","2048255.3940737720113","9458.3872008239450224","1.0010994073691728001","0","0","0","54220788.269677765667","41428.496775158484525","0","0","0","0","0","0","0","0","0","0","39.26751995184459787","0.39267519951844598314","0","0","39.26751995184459787","0.39267519951844598314","1.4333103397934231999e-005","0","1.4333103397934231999e-005","27429.122662507968926","0","27429.122662507968926","130949568.8164742589","0","130949568.8164742589","4774.1070842001536221","0","4774.1070842001536221","63.371098060135253149","0","0","100","26.574342810515030777","35.251247180045119478","122.00742082149601231","162150.62833380978554","140301.84637016206398","1777.7985754214048484","0","100","3500","0","20.417760103910076452","0","0","162036.64124854654074","0","0","71.058133948207952812","79.63106523327022046","515","30638.528654703422944","0.58588404807340899172","0.19529134967610592422","185576.97412883120705","3.8082363134320673659","16.551159364280714215","20.368934766729772434","86130668.70036675036","20955.012795051527064","89235326.235271573067","21149.226080081145483","86671.182292393510579","324.35620798761203787","0","0","126.13852532851578303","6448.081282864842251","0","0","0","0","0","0","0","0","0","0","0","0","0","0","0","0","0","0","0","0","103.1132389590248124","70902.865526921668788","85216656.932643428445","20676.707159802896058","41307.363746866809379","0","0","0","773705.68358170951251","636.69922308679394973","0","0","0","0"
"05/14/2026 08:05:59.778","58858687.730491802096","52882.646525883144932","9695.2830887827512925","43187.363437100386363","1000000000","2080328.6337799963076","9691.3463176574714453","3.9367711252797694677","0","0","0","56778359.096711806953","43187.363437100386363","0","0","0","0","0","0","0","0","0","1","43.68857859650169928","0.4368857859650169817","1.4137945533661580022","0.014137945533661580924","42.274784043135539946","0.4227478404313553817","1.4963884110762589011e-005","0.00026587592592592593655","1.45060618347693856e-005","29180.33177335497021","53.146410191276885371","29127.185363163695001","171880561.11979880929","26122523.537216413766","145758037.58258238435","5890.2881041519103746","491520","5004.1923297854364137","61.23182979123997427","0","0","100","26.773290814759029388","38.460669005818466815","121.9892776664684817","166485.36037444384419","131622.47036835504696","1769.5704197939005553","0","100","3500","0","24.270663376514367116","0","0","166524.74981061066501","0","0","68.485871163142491014","75.68125266059506373","388","32223.5129921623884","0.43273597158014259767","0.57698786025183468329","192448.9072237960936","3.9908113644373450768","20.338728525311239537","24.318747339404932717","64002115.620802730322","14820.959093897012281","94433328.861817464232","21550.869332562775526","89163.929216461488977","333.64135286746045495","0","0","125.97667600895262296","6514.372019556698433","0","0","0","0","0","8.857735031879480303","6.8893494692395966794","0","0","0","0","0","0","0","0","0","0","0","0","0","190.9333995760688083","71633.487395590680535","90489550.283934697509","21113.887737656721583","35602.189671467596781","0","0","0","511118.86873732303502","432.06063099945470185","0","0","0","0"
"05/14/2026 08:06:00.762","63136702.998566016555","64335.295807562179107","11435.510895605140831","52899.784911957038275","1000000000","2173732.1363982278854","11433.477735164993646","2.0331604401467049392","0","0","0","60962970.862167783082","52899.784911957038275","0","0","0","0","0","0","0","0","0","0","33.938627466059379856","0.33938627466059378968","5.352702149591983094","0.053527021495919833993","28.585925316467395874","0.2858592531646739765","1.7446232179226069581e-005","0.00027300414507772021323","1.4844276218611519917e-005","19466.494634184626193","196.19998247415702508","19270.294651710468315","189761988.07307422161","96436215.38569766283","93325772.687376573682","9748.1334795550683339","491520","4842.9862840261657766","69.484260263202784813","0","0","100","26.263979557335691339","42.488257171838021975","122.01343654291477492","168917.55297156205052","123465.1403960443713","1844.8388905041388171","0","100","3500","0","30.653626436455240878","0","0","168856.60014478326775","0","0","65.155168506121086125","69.395979454241739859","421","22912.16758614005812","0.44644285737651173696","0.24801929458858959499","187282.63968000578461","3.670693687028176555","26.885366709235832161","30.604020545758260141","95849050.849545925856","23260.372015498374822","99754186.836465388536","23691.402028809476178","97819.415096338256262","365.9688792264068411","0","0","137.23832970990258673","6371.9248194197725752","0","0","0","0","0","13.215542860953581439","10.165802200733523364","0","0","0","0","0","0","0","0","0","0","0","0","0","180.95127917305671872","70000.697374030976789","95395237.240342542529","23080.437316545394424","45974.840452817363257","0","0","0","0","0","0","0","0","0"
"05/14/2026 08:06:01.762","58374843.337111353874","57754.453302469672053","11020.354985316849707","46734.098317152827804","1000000000","2162623.2721122470684","11020.354985316849707","0","0","0","0","56212220.064999110997","46734.098317152827804","0","0","0","0","0","0","0","0","0","1","40.210779246760225192","0.40210779246760225414","2.4401855850741722698","0.024401855850741723669","37.770593661686049813","0.377705936616860527","1.5583742105467087141e-005","0.00024407499999999998316","1.469498230191761618e-005","25786.431714963062404","99.912556530524483378","25686.519158432536642","173379394.35406130552","49109019.785883389413","124270374.56817792356","6723.6675578286640302","491520","4837.9608697343346648","63.919185492395612869","0","0","100","28.007637384959391369","42.421212576813701389","121.99508306809191538","170845.7145805019245","122187.74634865649568","1823.5700021934826509","0","100","3500","0","29.654940812190144328","0","0","170929.69477797136642","0","0","65.261475020827688809","70.149784354878718773","478","30259.864723898102966","0.73225063042918170364","0.34171096225443053918","194750.07793162373127","5.9556524575865603666","23.920247246811811692","29.850215645121281227","119152142.04528196156","28730.854755917618604","93457342.134164169431","21919.815777231764514","89713.482759888545843","335.70618994256221868","0","0","192.83123410391223729","6485.3240443963441066","0","0","0","0","0","4.9956278265262241689","3.9965022612209790687","0","0","0","0","0","0","0","0","0","0","0","0","0","82.927421920335319783","71318.581977053676383","89067392.218330517411","21475.204900670931238","49872.35171777659707","0","0","0","265775.39337571756914","216.81024767123810193","0","0","0","0"
"05/14/2026 08:06:02.778","54917656.968529015779","49754.931336617737543","9251.184340837837226","40503.746995779896679","1000000000","1997842.8359206947498","9247.2417947731300956","3.9425460647082197774","0","0","0","52919814.132608324289","40503.746995779896679","0","0","0","0","0","0","0","0","0","0","39.654252566188873175","0.39654252566188874507","0","0","39.654252566188873175","0.39654252566188874507","1.4486173274807511804e-005","0","1.4486173274807511804e-005","27394.781330625064584","0","27394.781330625064584","129649586.50576873124","0","129649586.50576873124","4732.6381233359716134","0","4732.6381233359716134","63.210646673786065719","0","0","100","28.42773953388681818","38.013493579439078474","122.00535673638685807","160222.4097654496145","137492.38392072246643","1782.634598022299997","0","100","3500","0","23.20022069278506649","0","0","160140.66464299886138","0","0","68.80844116416822942","76.366972075882159743","491","31933.781329433732026","0.76944054950218543354","0.52899099333519217225","184381.5405331219954","5.2899099333519208344","18.274215512886662793","23.63302792411784381","85703295.022299036384","20759.476303721130535","88236404.524150460958","20847.197953660888743","86124.918783551067463","322.30314078989698601","0","0","122.21892800595480821","6295.2604288228503719","0","0","0","0","0","5.9138190970623298881","4.9281825808852746107","0","0","0","0","0","0","0","0","0","0","0","0","0","97.578015101528436048","69274.476902988128131","84376793.858459442854","20404.647157897390571","40842.805957344804483","0","0","0","780067.23618058743887","620.95100519154459562","0","0","0","0"
"05/14/2026 08:06:03.762","56199349.867071799934","51440.260280589885951","9494.7266296421057632","41945.533650947778369","1000000000","2056151.4802818936296","9492.6961064107890707","2.0305232313178156467","0","0","0","54143198.386789903045","41945.533650947778369","0","0","0","0","0","0","0","0","0","1","44.738075782254647095","0.44738075782254643764","0","0","44.738075782254647095","0.44738075782254643764","1.466321483256773916e-005","0","1.466321483256773916e-005","30500.489457624909846","0","30500.489457624909846","156314291.69562700391","0","156314291.69562700391","5124.9764995672721852","0","5124.9764995672721852","60.286078041743671463","0","0","100","28.464667029547726429","37.909268902988891625","121.99812813393776878","166626.11070194048807","132363.58611190677038","1780.3323747501137859","0","100","3500","0","23.38429980112678308","0","0","166666.73437278476194","0","0","68.940109931738007276","76.21898966066432024","502","34489.496546784859675","0.64465716356941582532","0.44631205038473664715","193840.92339228777564","5.9507291645720084006","17.852197649635797916","23.781010339335683312","87676173.779488027096","21223.028813733810239","90369021.200490012765","21320.493928837066051","88169.379750282198074","329.96002508914506279","0","0","114.72456256945659447","6469.2470149785613103","0","0","0","0","0","0","0","0","0","0","0","0","0","0","0","0","0","0","0","0","131.9840100356580308","71125.167746600447572","86463772.724346935749","20877.839864409783331","41780.046007595374249","0","0","0","786052.0922612901777","626.41641686154616764","0","0","0","0"
"05/14/2026 08:06:04.778","57400310.731050863862","51573.557124273815134","9467.048302128796422","42106.508822145020531","1000000000","2038721.369587324094","9466.0637921140169055","0.98451001478044886106","0","0","0","55361589.361463546753","42106.508822145020531","0","0","0","0","0","0","0","0","0","0","33.54730067100372537","0.33547300671003726924","0","0","33.54730067100372537","0.33547300671003726924","1.4156790790457984334e-005","0","1.4156790790457984334e-005","23689.279975647161336","0","23689.279975647161336","105140754.90455815196","0","105140754.90455815196","4438.3263236638686067","0","4438.3263236638686067","68.243050402982376568","0","0","100","25.230124501073881049","35.063908240140051475","122.00201772085270591","157381.59817898881738","144871.13480102349422","1801.2749560046715942","0","100","3500","0","22.002272592530147222","0","0","157401.29500737597118","0","0","71.270071563619680433","78.045816631445887879","516","26865.489078650320153","0.38470394351333192517","0.24043627158524655263","176947.44265736214584","3.7027323700256506989","18.32129510592924504","21.954183368554115674","60497478.817528650165","14730.238841145075639","92138197.245990753174","21808.86584741650222","89984.215350933023728","336.70242505491353313","0","0","124.0482618623365596","6379.6248957773086659","0","0","0","0","0","5.9070600886826936105","4.9225500739022445273","0","0","0","0","0","0","0","0","0","0","0","0","0","755.11918133660424246","70127.632862826154451","88195967.112246051431","21261.478279198574455","35650.092145214832271","0","0","0","540631.86049650609493","435.15342653295840591","0","0","0","0"
"05/14/2026 08:06:05.762","36791770.841950386763","37413.671117011755996","8645.3375035289682273","28768.333613482784131","1000000000","2000996.7493856190704","8642.2887187034611998","3.0487848255068659142","0","0","0","34790774.092564769089","28768.333613482784131","0","0","0","0","0","0","0","0","0","0","37.856744037486492971","0.37856744037486494969","0","0","37.856744037486492971","0.37856744037486494969","1.4278354663192580488e-005","0","1.4278354663192580488e-005","26522.395458692728425","0","26522.395458692728425","129057484.43138030171","0","129057484.43138030171","4865.9814545175877356","0","4865.9814545175877356","64.523710060780231856","0","0","100","25.732040135301414097","35.241657035949799592","122.00704003421535049","153693.37922458947287","148096.85661011122284","1790.0028038636428391","0","100","3500","0","21.574046268072642363","0","0","153635.47334500931902","0","0","71.111702825831741848","78.376346546067935606","462","29396.884866857111774","0.19841858427613739968","0.099204212557292587027","175527.95939680360607","3.670789525335526271","17.907503272265937966","21.623653453932067947","86193894.991314023733","20233.768625280565175","58661384.274327225983","13200.22203283622548","54211.459243946083006","203.2523217004577134","0","0","79.268405463178510217","6736.7982027616708365","0","0","0","0","0","0","0","0","0","0","0","0","0","0","0","0","0","0","0","0","82.317190288685381461","74057.015934778770315","56082811.49993506074","13004.083542395284894","33035.616107583897247","0","0","0","470868.55611379939364","356.70782458430329598","0","0","0","0"
"05/14/2026 08:06:06.778","56814309.873331390321","51073.640197186650767","9343.6635076138409204","41729.97668957280257","1000000000","2018228.3642160233576","9340.7100790475324175","2.953428566309295622","0","0","0","54796081.509115368128","41729.97668957280257","0","0","0","0","0","0","0","0","0","1","38.794631063593435272","0.38794631063593432163","2.2828288775829603807","0.022828288775829604085","36.51180218601047045","0.36511802186010472449","1.524603180745269431e-005","0.00022292980769230769577","1.4406872838882629523e-005","25441.818146377041558","102.38552363205558038","25339.432622744985565","171167929.38864228129","50324532.575627960265","120843396.81301431358","6727.8182873505402313","491520","4768.9858968879907479","64.674988802325927395","0","0","100","26.903792801947208346","36.937653110255141087","121.99358987700055934","157593.75658778118668","141568.38508152682334","1831.4093196875614922","0","100","3500","0","22.450989437213621613","0","0","157618.37230444364832","0","0","69.715473231085027805","77.549010562786378387","374","28868.327873075064417","0.28846626277910858427","0.43270431730520902969","179598.23802669387078","3.8942797781083280384","18.557920750695615197","22.402910085704917265","87504602.918420597911","21249.918534595381061","90339898.279982283711","21359.195391548826592","88398.085942014760803","330.78399942664111677","0","0","123.05952359622064307","6329.1974176008206996","0","0","0","0","0","3.9379047550790606813","2.953428566309295622","0","0","0","0","0","0","0","0","0","0","0","0","0","133.88876167268807649","69593.606260323474999","86394480.002630531788","20906.336344714734878","41825.4708798834763","0","0","0","440339.46314150688704","319.95476135017366914","0","0","0","0"
"05/14/2026 08:06:07.762","59326397.486364595592","52688.884320488519734","9410.9047716941913677","43277.979548794326547","1000000000","2006923.6645677406341","9408.8743715276996227","2.0304001664928139625","0","0","0","57319473.821796856821","43277.979548794326547","0","0","0","0","0","0","0","0","0","0","41.357367650076490406","0.41357367650076493071","3.8158956032011444037","0.038158956032011442927","37.541472046875348667","0.37541472046875351554","1.6344993576361008605e-005","0.00022493173652694611344","1.4937047815367202977e-005","25286.60367350150409","169.53841390214995499","25117.06525959935243","221127925.87008994818","83331521.201184749603","137796404.66890519857","8744.8646218082540145","491520","5486.1666060385596211","64.528503714960820048","0","0","100","29.101115981102914532","42.539975915479914192","121.99204496204229997","159998.10656734678196","130264.27510567805439","1864.9905318209439429","0","100","3500","0","26.886625125203423181","0","0","160065.1487106475397","0","0","65.154439566110454507","72.964563113699938413","451","30156.775004738661664","0.89284009110136353105","0.49601888666982263398","182745.70894730224973","5.6546234348302215622","21.428070759997481787","27.085040806665595881","83546012.674773037434","20332.427267259037762","94516963.231990993023","22397.344236582230224","92517.213986411545193","346.18322838702476929","0","0","125.88481032255445768","6223.176510300474547","0","0","0","0","0","5.0760004162320342402","4.0608003329856279251","0","0","0","0","0","0","0","0","0","0","0","0","0","157.35601290319306145","68369.664806312517612","90400562.420846119523","21913.093796873694373","41900.353035828949942","0","0","0","22324.249830588487384","4.0608003329856279251","0","0","0","0"
"05/14/2026 08:06:08.762","56350436.747962892056","51104.429394071921706","9536.3050464973657654","41568.124347574550484","1000000000","2066984.863679664908","9532.3028200587978063","4.0022264385677752685","0","0","0","54283451.884283222258","41568.124347574550484","0","0","0","0","0","0","0","0","0","0","38.765719796456252766","0.38765719796456254986","0.42171118623620768018","0.004217111862362076663","38.344008610220051025","0.38344008610220048361","1.4321375004617828552e-005","0.00022195789473684210077","1.4175530499075785569e-005","27084.06686639777763","19.010575583196931859","27065.056290814580279","121804976.10820898414","9344078.110652955249","112460897.99755603075","4497.29269644242504","491520","4155.2065064695007095","63.575621269515472989","0","0","100","29.620998647881013","39.424237332885290641","122.00735880357541419","166185.76664610262378","130333.0157105880935","1810.0628091794785632","0","100","3500","0","23.097307266278132687","0","0","166116.76425171954907","0","0","67.672665641288105576","76.560899877192568397","461","31690.099646457732888","0.39061183621262313137","0.6347467337932637399","190922.62501508803689","5.7615995825687242871","17.626581604444467644","23.439100122807431603","95244860.716016322374","23015.803691593631811","89808472.45322573185","21158.77062409818609","87160.487379129001056","326.18145474327366173","0","0","122.06790637631713992","6526.6307646943987493","0","0","0","0","0","0","0","0","0","0","0","0","0","0","0","0","0","0","0","0","149.08293483664962764","71765.92338317805843","85858963.341306760907","20725.529612123224069","43417.152962192863924","0","0","0","660569.47479883057531","525.29222006202053308","0","0","0","0"
"05/14/2026 08:06:09.778","58053406.981296896935","51960.563960993989895","9442.2738011310066213","42518.290159862983273","1000000000","2039464.195510101039","9439.3203216811689344","2.9534794498376624183","0","0","0","56013942.785786800086","42518.290159862983273","0","0","0","0","0","0","0","0","0","0","29.077321519843344788","0.29077321519843346564","0","0","29.077321519843344788","0.29077321519843346564","1.4956262344897442468e-005","0","1.4956262344897442468e-005","19438.817245681548229","0","19438.817245681548229","100481434.8712002486","0","100481434.8712002486","5169.1125854646743392","0","5169.1125854646743392","73.121362951999259394","0","0","100","26.280045939129077937","36.876246350942807339","122.00172525227253573","154195.89191675759503","144788.9225170002901","1803.8292380239324757","0","100","3500","0","23.315970651254669832","0","0","154214.59975274145836","0","0","69.770323628040088693","76.684029348745326615","207","23188.855013483425864","0.48077637882279894432","0.336547403706137227","169275.39234270548332","3.653912294643805847","19.711880763361978808","23.315970651254669832","62232021.210708022118","15146.427111917477305","93395478.478930532932","22021.142777989611204","90774.206397610600106","339.6501367313311448","0","0","128.96860264291126441","6379.5156116493508307","0","0","0","0","0","14.767397249188311648","11.813917799350649673","0","0","0","0","0","0","0","0","0","0","0","0","0","651.73446526417751556","70248.508714388794033","89412266.449920669198","21574.182887914175808","36381.944356250271085","0","0","0","535155.70891333522741","445.97539692548701851","0","0","0","0"
"05/14/2026 08:06:10.762","37807955.589451946318","37973.936375725170365","8588.7864016368075681","29385.149974088362796","1000000000","1984752.3134811539203","8587.7704581305806641","1.0159435062262605065","0","0","0","35823203.275970794261","29385.149974088362796","0","0","0","0","0","0","0","0","0","0","24.04074781188610288","0.24040747811886101215","0","0","24.04074781188610288","0.24040747811886101215","1.5039012455516013634e-005","0","1.5039012455516013634e-005","15986.88701397643672","0","15986.88701397643672","90441794.209061056376","0","90441794.209061056376","5657.2486019318757826","0","5657.2486019318757826","77.284178797232712554","0","0","100","24.701229957127022629","33.643205169460401294","121.998903870633157","139443.3380012200505","166234.99074762134114","1787.9174368171818514","0","100","3500","0","21.379892818532887588","0","0","139468.73455572029343","0","0","72.433107073989020819","78.620107181467119517","454","19045.384150823025266","0.545629125792650993","0.29761681030603220899","151797.23797231877688","3.6705903960903167871","17.708124023630553268","21.379892818532887588","86025158.621799483895","20693.753278322703409","58764773.215502850711","13843.246215839026263","57189.491852488659788","214.36407981374097176","0","0","78.227649979422068327","6651.3821352633285642","0","0","0","0","0","5.0797175311313029766","4.063774024905042026","0","0","0","0","0","0","0","0","0","0","0","0","0","105.65812464753109623","73077.832346361145028","56123515.160467773676","13529.319672415113018","34009.724814430301194","0","0","0","490014.95164058113005","391.13824989711031321","0","0","0","0"
"05/14/2026 08:06:11.778","57580524.725960865617","51869.091505003343627","9549.9084894816096494","42319.183015521732159","1000000000","2060789.8898013243452","9548.9236582462290244","0.9848312353801803587","0","0","0","55519734.836159542203","42319.183015521732159","0","0","0","0","0","0","0","0","0","1","41.110957284401472123","0.41110957284401472567","0","0","41.110957284401472123","0.41110957284401472567","1.4587090350080357591e-005","0","1.4587090350080357591e-005","28187.839619051523186","0","28187.839619051523186","153896126.30421200395","0","153896126.30421200395","5459.6637551533785881","0","5459.6637551533785881","62.720417482626558581","0","0","100","25.92699168032270407","36.070260305054837602","122.01465931746217564","162263.22089785648859","138888.36963712394936","1803.9093433149650991","0","100","3500","0","22.399861437801405373","0","0","162174.60089736612281","0","0","70.416606273819070339","77.600148408858530047","428","31371.480173588857724","0.19231511517441191028","0.19231511517441191028","187158.54836894397158","2.6924509990815037597","19.616397760948302675","22.399851591141473506","91975886.604167968035","20998.571600776205742","94712842.908387854695","21115.766517786447366","87110.292431847716216","325.97913891083970839","0","0","123.10390442252254672","6484.1288537431073564","0","0","0","0","0","10.833143589181984723","8.8634811184216228952","0","0","0","0","0","0","0","0","0","0","0","0","0","197.95107831141626775","71319.508403761908994","90830622.421219423413","20687.364930396070122","41360.942223496815132","0","0","0","818869.44525638315827","632.26165311407578429","0","0","0","0"
"05/14/2026 08:06:12.762","57086239.132661595941","51470.654671195406991","9552.0195227076437732","41918.635148487759579","1000000000","2057283.0824079697486","9552.0195227076437732","0","0","0","0","55028956.050253629684","41918.635148487759579","0","0","0","0","0","0","0","0","0","0","36.426497886420740713","0.36426497886420738936","3.3377222752583741716","0.033377222752583743381","33.088775611162361656","0.3308877561116236321","1.5483523316062176823e-005","0.00021475816993464050286","1.4158317033946189896e-005","23512.038701871511876","155.32564427402164142","23356.713057597487932","174472289.2451813221","76345660.673567116261","98126628.571614205837","7420.5512953367879163","491520","4201.2173686269397876","66.64804024363807855","0","0","100","27.869322226158629974","39.057266087906157281","121.98434772016727834","159584.42611702138674","136313.67775932184304","1882.2679490196919687","0","100","3500","0","23.914051772178357425","0","0","159716.47945397367585","0","0","67.999524198334128755","76.135549840427657386","436","27512.804856556045706","0.39680274282798067009","0.29759951761593705921","181033.95121766888769","4.7615719658146051785","19.195082543056290802","23.864450159572335508","87283834.671384230256","21132.409223581922561","91909623.215518996119","21650.161371161997522","89252.34864048945019","334.00089520361512996","0","0","127.9152364609589938","6450.5826386740745875","0","0","0","0","0","0","0","0","0","0","0","0","0","0","0","0","0","0","0","0","165.477647167748529","70954.378624836084782","87909782.805004492402","21189.26043978679445","41988.683968454475689","0","0","0","199603.60489501152188","130.96083732907706576","0","0","0","0"
"05/14/2026 08:06:13.778","55462715.977895908058","49943.449747579557879","9214.4660321812043549","40728.983715398353525","1000000000","1995953.5918642475735","9213.4812650515486894","0.98476712965493251595","0","0","0","53466762.386031664908","40728.983715398353525","0","0","0","0","0","0","0","0","0","0","35.424663957471324238","0.35424663957471325126","3.9498776214497688386","0.039498776214497689774","31.4747863360215554","0.31474786336021554067","1.6633464330297286605e-005","0.00022922342857142855997","1.4899370746713900114e-005","21299.528247306538105","172.33424768961319273","21127.193999616923975","191221167.37249848247","84705729.424398675561","106515437.9480998069","8977.7184335845395253","491520","5041.6272956092107052","68.66919074580462734","0","0","100","27.783682299774987712","39.087210621521627729","121.9971427306839189","156103.97807360230945","139305.84387733219774","1846.2365575516244007","0","100","3500","0","24.852313209134145211","0","0","156018.31269733191584","0","0","67.974424030131402219","74.763048796926838691","250","26245.114242656531133","0.48079010746881850613","0.67310418113502423765","174812.50852345876046","4.5194348874921805859","20.674023854192235206","25.236951203073164862","87114981.902442067862","21107.498657023825217","88209073.93976277113","20816.99235377561854","86048.951789248007117","322.0188513971629618","0","0","125.06542546617643552","6285.7685885874343512","0","0","0","0","0","4.9238356482746628018","3.9390685186197300638","0","0","0","0","0","0","0","0","0","0","0","0","0","193.01435741236679178","69081.414145293514594","84334637.657396554947","20372.862378301244462","41158.342183927903534","0","0","0","445035.96123365714448","348.60756389784614839","0","0","0","0"
"05/14/2026 08:06:14.762","57240956.241681650281","51384.274640088595334","9429.3232547979714582","41954.951385290623875","1000000000","2029864.7728773609269","9426.2753106363088591","3.04794416166295834","0","0","0","55211091.468804292381","41954.951385290623875","0","0","0","0","0","0","0","0","0","1","19.613933078592687309","0.19613933078592687975","2.0729256020847142139","0.020729256020847141445","17.541007476507974872","0.17541007476507974872","1.8017610297546871213e-005","0.00016733688524590161926","1.6298867817718651937e-005","10892.336452396191817","123.94972924096030908","10768.386723155232175","133636957.3389415592","60923770.916516810656","72713186.42242474854","12268.897304355936285","491520","6752.4679686762901838","81.500526783509442907","0","0","100","26.180581400829179728","35.689616727909807992","122.01300122789373859","144244.99197024764726","156978.43634442682378","1797.1447240951088133","0","100","3500","0","23.36007521006794363","0","0","144254.13515991237364","0","0","70.737582267361261756","76.639924789932052818","257","16229.161654844183431","0.59526403730107291246","0.59526403730107291246","151664.18242817110149","4.4644599614989308733","18.899556990837378834","23.36007521006794363","62112526.034523047507","15162.506222885996976","91325071.372692450881","21577.412701799305069","89048.736627144986414","333.24189500848342504","0","0","124.9657106281812986","6342.7718004206162732","0","0","0","0","0","0","0","0","0","0","0","0","0","0","0","0","0","0","0","0","233.67571906082682176","69760.329990754573373","87336556.026293605566","21120.221077549860638","35951.517368201813952","0","0","0","530268.11748808762059","442.96788482834995193","0","0","0","0"
"05/14/2026 08:06:15.778","51777971.476333364844","50588.423396101577964","9661.175187832375741","40927.248208269200404","1000000000","2067332.8841794831678","9658.2197962178670423","2.9553916145097507417","0","0","0","49710638.59215388447","40927.248208269200404","0","0","0","0","0","0","0","0","0","0","21.064116636899928636","0.21064116636899929413","0.34504928621375469122","0.003450492862137546999","20.719067350686174223","0.2071906735068617389","1.6328824427480917393e-005","0.00016685714285714285492","1.6087132043734230158e-005","12905.210050025913006","20.687741301568255636","12884.522308724344839","108297906.23310807347","10168438.604546830058","98129467.628561243415","8391.7972519083978113","491520","7616.0734001070413797","80.610573771468466475","0","0","100","23.85072208135817462","34.655585303242673945","122.00101459238889845","145478.94035646907287","157464.91836997042992","1808.0537821689872544","0","100","3500","0","24.452134396361635993","0","0","145429.72822304040892","0","0","71.559609911501354418","75.547865603638371113","211","16248.862215475128323","0.43252288645961739499","0.28835187176259891029","153883.38850341571379","3.1238004613314993563","21.241829357738208017","24.452134396361635993","105857351.71889023483","25390.75449079144164","82535040.35439479351","19337.127333737302251","80008.361788007983705","299.47968360365479157","0","0","70.929398748234021355","6540.2816429100785172","0","0","0","0","0","0","0","0","0","0","0","0","0","0","0","0","0","0","0","0","225.59489324091097728","71875.124064877149067","79087855.813142001629","18956.866946003712656","44049.126883729666588","0","0","0","441834.00176082225516","365.48342966103922436","0","0","0","0"
"05/14/2026 08:06:16.762","56447836.240502461791","50832.594079094022163","9415.3992709184403793","41417.194808175583603","1000000000","2028975.3809296272229","9414.3836955467522785","1.0155753716878912485","0","0","0","54418860.859572835267","41417.194808175583603","0","0","0","0","0","0","0","0","0","1","21.958401125183812042","0.2195840112518381293","0","0","21.958401125183812042","0.2195840112518381293","1.4497745571658615917e-005","0","1.4497745571658615917e-005","15136.135339636331992","0","15136.135339636331992","68869594.536610722542","0","68869594.536610722542","4550.0118089103598322","0","4550.0118089103598322","78.48195712065950147","0","0","100","25.121511327313342576","33.943161827588113511","121.99590963806140564","145929.47918971176841","158307.98726939709741","1798.7254658165436467","0","100","3500","0","22.392407854742344853","0","0","145965.04720739740878","0","0","72.21178089402926048","77.607592145257655147","435","18572.602606363361701","0.24810546972257591092","0.44658781301542560538","157462.66298154904507","3.5727228289755155188","18.905689637475774134","22.392407854742344853","91727271.296234697104","21258.02368017093977","91131282.920510411263","21470.278932853711012","88196.627578863233794","330.06199579856468063","0","0","123.90019534592273942","6367.6575804830781635","0","0","0","0","0","9.1401783451910212364","7.1090276018152396276","0","0","0","0","0","0","0","0","0","0","0","0","0","202.09949896589037621","69982.283287640908384","87118622.757926940918","21005.145412620655406","41934.12267236471962","0","0","0","815890.910955874715","635.75018267661994287","0","0","0","0"
"05/14/2026 08:06:17.778","56481100.62543503195","51084.234092436854553","9477.1834224418325903","41607.05066999502742","1000000000","2064578.5617150738835","9473.2448527078322513","3.9385697340018008816","0","0","0","54416522.063719958067","41607.05066999502742","0","0","0","0","0","0","0","0","0","2","38.844398600296230484","0.38844398600296231594","0","0","38.844398600296230484","0.38844398600296231594","1.4330167090446786459e-005","0","1.4330167090446786459e-005","27107.206194267393585","0","27107.206194267393585","128486353.49588927627","0","128486353.49588927627","4739.9334544133671443","0","4739.9334544133671443","63.664770967814668268","0","0","100","25.615556210211902766","35.790090568379994806","121.98918495129468909","159324.21241035900312","141908.98668776190607","1835.3304860110695245","0","100","3500","0","23.556940726253618124","0","0","159303.53540381061612","0","0","70.654418323323142204","76.443059273746385429","421","30421.78434886481773","0.48077278110039545211","0.33654488527098214146","183197.29339953517774","4.13465773296551653","19.471346865824830985","23.556940726253618124","86059883.392735183239","20803.52533499751371","92303973.691929608583","20866.542450741540961","86301.940011447455618","322.96271818814767585","0","0","125.04958905455717399","6534.0871887089879237","0","0","0","0","0","4.9232121675022506579","3.9385697340018008816","0","0","0","0","0","0","0","0","0","0","0","0","0","158.52743179357247527","71801.110893286328064","88494179.433950737119","20442.161561902845278","40923.708821145708498","0","0","0","797815.39352564129513","610.47830877027911356","0","0","0","0"
"05/14/2026 08:06:18.762","54923447.119325473905","50001.574388857799931","9446.3331467767184222","40555.24124208107969","1000000000","2057890.7861685368698","9444.3016772827886598","2.0314694939304769328","0","0","0","52865556.333156935871","40555.24124208107969","0","0","0","0","0","0","0","0","0","0","32.213150525825831494","0.32213150525825828829","0","0","32.213150525825831494","0.32213150525825828829","1.4611641405998065016e-005","0","1.4611641405998065016e-005","22048.554152374432306","0","22048.554152374432306","114324992.458169505","0","114324992.458169505","5185.1469111346568752","0","5185.1469111346568752","69.809948699646596992","0","0","100","27.26133774502952889","35.068496133807002479","121.99644393688411981","155364.51037170056952","146752.89418809118797","1785.4837731720601823","0","100","3500","0","20.257378253447978267","0","0","155391.93247743186657","0","0","71.246878596272992468","79.74262174655201818","467","26392.253316068919958","0.54550360948884391021","0.24795526283369578868","174186.23123883627704","4.0664805292556032157","16.117132709284490488","20.257378253447978267","86326609.50788667798","20742.319267777136702","88685198.408546805382","20868.270376400825626","86304.949980142395361","323.00364953494585052","0","0","120.87243488886338127","6512.8911975411092499","0","0","0","0","0","0","0","0","0","0","0","0","0","0","0","0","0","0","0","0","161.50182476747292526","71668.21227637330594","84744196.345589533448","20404.07959703771121","40823.395215279902914","0","0","0","764520.18214155489113","610.4565829261083536","0","0","0","0"
"05/14/2026 08:06:19.778","57676703.180954113603","51533.597118923375092","9316.2188754156086361","42217.378243507766456","1000000000","2008763.6652891882695","9315.2342824251827551","0.98459299042650705314","0","0","0","55667939.515664927661","42217.378243507766456","0","0","0","0","0","0","0","0","0","0","33.94324549090735843","0.33943245490907358874","2.5497947305575108246","0.025497947305575110327","31.393450760349843165","0.31393450760349844719","1.6539914575034793425e-005","0.00024893557692307695297","1.5374181256933391231e-005","20515.964141517128155","102.39767100435673797","20413.566470512771048","181790712.74785035849","50330503.252061419189","131460209.49578894675","8860.939290684838852","491520","6439.8452708242894005","70.057016882086969645","0","0","100","26.854992396965087664","36.257910701764060946","121.99816560455523984","151326.36725222915993","148600.30647900520125","1781.6542792942520919","0","100","3500","0","22.863610165732271895","0","0","151369.70212690520566","0","0","70.292207088719493413","77.18448170105945394","407","25532.12025230746076","1.0579816740736480707","0.67325658857590164885","169438.37509978102753","4.8089995512870267191","18.081842646327110913","22.815518298940538955","62836322.935079582036","15326.174488979007947","93546558.104130759835","21976.11554631963736","90255.670246417052113","337.71539571629193688","0","0","128.98168174587240742","6277.7649069594090179","0","0","0","0","0","0","0","0","0","0","0","0","0","0","0","0","0","0","0","0","195.93400509487489103","68980.584909281082219","89453597.166183844209","21508.433875867045572","36498.862155110618914","0","0","0","508240.00950722995913","437.1592877493691276","0","0","0","0"
"05/14/2026 08:06:20.762","52200142.591291487217","56313.301041217091552","11613.094711476100201","44700.20632974099135","1000000000","2211966.9624570882879","11610.047454926250794","3.0472565498494095237","0","0","0","49988175.628834404051","44700.20632974099135","0","0","0","0","0","0","0","0","0","1","31.716640180541777028","0.31716640180541777472","2.6959671878155426761","0.026959671878155427871","29.020672992726236572","0.2902067299272623746","1.591189990826622939e-005","0.00017233441558441557487","1.467453256626258491e-005","19931.089340381706279","156.42583622560303525","19774.663504156102135","163633288.6774815321","76886427.021608397365","86746861.655873119831","8209.9520945877084159","491520","4386.7680295870150076","70.66075195131158182","0","0","100","25.863514765395180461","43.26666124916705769","121.9978921901061284","167258.76740990011604","123481.00909852891346","1858.9386557354300749","0","100","3500","0","33.683240032555382015","0","0","167236.41951349237934","0","0","64.527483739578073596","66.267156893618420099","189","25073.323956020558398","0.7440156324346201","0.44641750611632408097","185826.82188431976829","5.40653188066656476","28.272665140751641388","33.732843106381579901","77273253.89406375587","18731.486011924320337","81386973.039194524288","19321.63803041182473","79773.11346632441564","298.63114188524212977","0","0","140.17380129307284164","6643.0192786717134368","0","0","0","0","0","16.252034932530186495","13.204778382680775195","0","0","0","0","0","0","0","0","0","0","0","0","0","121.89026199397639516","73055.944278273032978","77789260.066180318594","18796.494151654442248","37230.364773876804975","0","0","0","0","0","0","0","0","0"
"05/14/2026 08:06:21.762","59450777.287043020129","55029.666742130124476","10055.573643677507789","44974.093098452620325","1000000000","2118485.176228527911","10053.573728473911615","1.9999152035953673412","0","0","0","57332292.110814496875","44974.093098452620325","0","0","0","0","0","0","0","0","0","0","18.984603336405289298","0.18984603336405289631","0.60860301411489958756","0.0060860301411489953552","18.376000322290391154","0.18376000322290389488","1.5933434012920547697e-005","0.00016911388888888887806","1.5469368004712613949e-005","11918.494655826591043","35.99847366471661303","11882.496182161874458","88809802.464375495911","17693969.775681510568","71115832.688693985343","7451.4278043460026311","491520","5984.9236724732809307","81.567069039819557474","0","0","100","24.555748928274361731","34.90327756094439593","122.01796011969683775","147781.25187751839985","154588.14320700339158","1771.4276517257276282","0","100","3500","0","23.365903256302534174","0","0","147764.25736844426137","0","0","71.390979927726590404","76.731723540823765006","253","15309.053644767376682","0.14644019568944599552","0.29287039477873577642","154538.06874998687999","2.6846269583714579277","20.500847661710253078","23.170659658650095025","123553301.34002317488","29557.746751537732052","97229045.488471284509","22623.040783070795442","93272.045265280743479","348.9852030273916057","0","0","110.99529379954289254","6559.7218677928049146","0","0","0","0","0","9.9995760179768371501","7.9996608143814693648","0","0","0","0","0","0","0","0","0","0","0","0","0","179.99236832358306515","72129.941690472318442","93044886.89679557085","22248.056682396665565","51457.818188508805179","0","0","0","639325.89258215448353","486.97935207547192249","0","0","0","0"
"05/14/2026 08:06:22.778","55871059.687270253897","50803.880883754252864","9573.2590248259493819","41230.621858928301663","1000000000","2088082.6519602178596","9572.2739189374096895","0.98510588853940606047","0","0","0","53782977.035310037434","41230.621858928301663","0","0","0","0","0","0","0","0","0","1","27.374538842613777234","0.27374538842613777012","0","0","27.374538842613777234","0.27374538842613777012","1.4799430214601417787e-005","0","1.4799430214601417787e-005","18499.303480881506403","0","18499.303480881506403","98191572.162996008992","0","98191572.162996008992","5307.8523883060861408","0","5307.8523883060861408","73.96683262012254545","0","0","100","25.161835063633439802","33.956342227517126275","121.99205226035074645","151208.33201593018021","152731.13809117497294","1739.4646408502928807","0","100","3500","0","20.499062048600112718","0","0","151238.86621970502893","0","0","72.176229469846916231","79.404744374384691241","439","21773.842214403495746","0.24047409269392744369","0.24047409269392744369","163860.32709618049557","3.0299893276939693365","17.650841743048104604","20.691439352786446193","88219376.776700034738","20748.300224416972924","91383134.967486083508","20952.217143344627402","86078.552540573306032","322.12962555238578943","0","0","125.10844784450458178","6625.8222063160455946","0","0","0","0","0","4.9255294426970301913","3.9404235541576242419","0","0","0","0","0","0","0","0","0","0","0","0","0","155.64673038922614978","72870.252787036952213","87462523.862958759069","20504.979069947738026","40932.134774700862181","0","0","0","812657.1921152517898","569.39120357577667164","0","0","0","0"
"05/14/2026 08:06:23.762","57189722.209556981921","51853.227633161084668","9706.9307119712284475","42146.296921189852583","1000000000","2119775.746443068143","9703.8842853433470736","3.0464266278809168931","0","0","0","55069946.4631139189","42146.296921189852583","0","0","0","0","0","0","0","0","0","1","38.97928506434579532","0.38979285064345792211","0","0","38.97928506434579532","0.38979285064345792211","1.4750999538674458992e-005","0","1.4750999538674458992e-005","26414.549814812802651","0","26414.549814812802651","149267950.7896490097","0","149267950.7896490097","5650.9746270951864062","0","5650.9746270951864062","64.532287283922912025","0","0","100","26.599819255175283672","35.387705776032454708","122.00138976839060945","160671.06234607705846","141412.96354851766955","1796.9950261128062721","0","100","3500","0","20.982282494089908198","0","0","160585.7330175335519","0","0","70.986635502445352586","79.017717505910084697","446","29484.330487803392316","0.29761980347564098714","0.19840981607955571198","182458.48423418754828","3.6706273116785474997","17.212272496900830276","20.982282494089908198","89681820.032753139734","21603.226693846208946","92165372.629258096218","21669.232604116961738","89820.842696440944565","336.12240460952779131","0","0","127.94991837099850329","6708.231434593778431","0","0","0","0","0","0","0","0","0","0","0","0","0","0","0","0","0","0","0","0","114.74873631684786801","73763.127940880629467","88233093.880815461278","21229.531694159482868","42497.651458938787982","0","0","0","785193.10739882581402","626.5484098008419096","0","0","0","0"
"05/14/2026 08:06:24.762","58031383.954347841442","51792.264549843384884","9356.8671324867173098","42435.397417356667574","1000000000","2006685.5050658278633","9354.867160886315105","1.9999716004032741523","0","0","0","56024698.44928201288","42435.397417356667574","0","0","0","0","0","0","0","0","0","1","31.845769025439235378","0.318457690254392356","0","0","31.845769025439235378","0.318457690254392356","1.4308152540088937474e-005","0","1.4308152540088937474e-005","22262.683869889046036","0","22262.683869889046036","96582308.531218856573","0","96582308.531218856573","4338.3048106724163517","0","4338.3048106724163517","69.689162682726390585","0","0","100","26.145451695256863189","36.811090351848179125","121.99489495698087183","153816.71463701711036","145254.6831132369698","1817.571234945676224","0","100","3500","0","23.750742302547521945","0","0","153861.70402402072796","0","0","69.830854992571971707","76.249257697452478055","540","27138.598004730683897","0.82985925743752164685","0.39051612271135877075","173686.02746612072224","4.3445443512025807564","19.526056069085623079","23.750742302547521945","65679511.350938811898","15906.774123807441356","94604496.616148039699","22172.685147870899527","91130.705943975583068","340.99515786875821277","0","0","124.99822502520463274","6247.9112796598283239","0","0","0","0","0","5.9999148012098224569","4.9999290010081853808","0","0","0","0","0","0","0","0","0","0","0","0","0","779.98892415727686966","68690.024601650657132","90430203.891104742885","21685.692063172700728","37252.471014911585371","0","0","0","522683.57789319386939","453.99355329154320771","0","0","0","0"
"05/14/2026 08:06:25.778","37168758.171351328492","37579.102621827638359","8581.4583355911781837","28997.644286236460175","1000000000","1973868.4248639624566","8579.4878514727879519","1.9704841183906267599","0","0","0","35194889.746487364173","28997.644286236460175","0","0","0","0","0","0","0","0","0","0","38.669731479279278119","0.38669731479279279007","1.9437825519390699025","0.019437825519390699441","36.72594892734020533","0.36725948927340207328","1.5164958288274370021e-005","0.00022176516853932584867","1.4452350501879627427e-005","25509.887396685051499","87.68654326838289137","25422.200853416670725","165263903.982249856","43099689.747275553644","122164214.2349743098","6478.4254596014216077","491520","4805.4145641979612265","64.631747302654673604","0","0","100","24.860329966436079729","38.770087140133313142","121.99584969653695055","153160.31142997159623","142528.79382185757277","1795.362901637355435","0","100","3500","0","28.06074277388193039","0","0","153116.97848006922868","0","0","68.206538037111613448","71.939257226118073163","517","30374.428202029244858","0.43278660109622202334","0.096179177296750573145","174589.43999647034798","4.0393678725502795146","24.043868577447334189","28.06074277388193039","81029952.343841597438","19475.279784113758069","57898498.392577573657","13610.13380572405913","56253.380611815606244","210.84180066779705953","0","0","74.878396498843812878","6601.1217966085996522","0","0","0","0","0","3.9409682367812535198","2.9557261775859400288","0","0","0","0","0","0","0","0","0","0","0","0","0","124.14049945860948299","72519.727009130234364","55379872.884069517255","13321.457882379831062","32587.86634994418273","0","0","0","135339.74594548260211","68.96694414367193815","0","0","0","0"
"05/14/2026 08:06:26.762","57778537.425789996982","51993.849187264087959","9562.0171569849808293","42431.832030279110768","1000000000","2054776.3210164380725","9559.9857108075884753","2.0314461773921776988","0","0","0","55723761.104773566127","42431.832030279110768","0","0","0","0","0","0","0","0","0","1","39.64996501844468213","0.39649965018444682796","3.1474764873865765935","0.031474764873865766768","36.502488531058105536","0.3650248853105810265","1.5696951538306857995e-005","0.00017704571428571428565","1.4553329283110572198e-005","25255.95460042824925","177.75154052181554221","25078.203059906434646","209230765.48040705919","87368437.197282776237","121862328.28312428296","8284.4132716670010268","491520","4859.2926690968006369","64.569124457435407294","0","0","100","27.725384137798769757","39.889868578877056393","121.99502418316573937","161891.26722912926925","133007.7151837979327","1829.4577643619800256","0","100","3500","0","25.942528662069030077","0","0","161951.1994934809627","0","0","67.30105846760369559","74.057471337930962818","525","29986.448197648889618","0.79365006802787441131","0.54563505668921807867","183417.10814228569507","4.7122953741553406104","21.081326757390140614","25.942528662069030077","90083294.371888518333","21787.260252531104925","92067367.224423915148","21727.332590298035939","90114.952429116994608","337.22006544710149001","0","0","127.98110917570718925","6418.3541974705849498","0","0","0","0","0","0","0","0","0","0","0","0","0","0","0","0","0","0","0","0","135.09117079657980298","70606.974787619925337","88034101.480690643191","21265.17858494131724","42717.25021820270922","0","0","0","170232.14249619838665","82.27357018438318903","0","0","0","0"
"05/14/2026 08:06:27.762","57365083.177454873919","51966.598429113058955","9694.1789030469117279","42272.41952606614359","1000000000","2101843.9738154178485","9691.1791571253925213","2.9997459215204473892","0","0","0","55263239.20363945514","42272.41952606614359","0","0","0","0","0","0","0","0","0","1","36.305606841910197602","0.3630560684191019849","0","0","36.305606841910197602","0.3630560684191019849","1.4653094988297956939e-005","0","1.4653094988297956939e-005","24779.901142373240873","0","24779.901142373240873","133153777.87501399219","0","133153777.87501399219","5373.4588007424745228","0","5373.4588007424745228","66.343131890352438518","0","0","100","25.627110319749537126","35.543569413981821015","121.97309998023672506","159493.61823556665331","142178.15897378022783","1792.7371847287186029","0","100","3500","0","23.111992568774674339","0","0","159456.62365897156997","0","0","70.85115663990801238","76.888007431225318555","603","27927.905769014258112","0.19526862257887553365","0.14644896746379443275","179788.64298493840033","3.514885195827003983","19.673571170269017472","23.111992568774674339","90080150.211277112365","21645.166654384374851","93457652.136864006519","21881.14666687731733","89784.395261721336283","335.97154321029012181","0","0","126.98924401103226955","6615.4396722597603002","0","0","0","0","0","5.9994918430408947785","4.9995765358674120193","0","0","0","0","0","0","0","0","0","0","0","0","0","118.98992155364440748","72688.843254976309254","89383533.214736714959","21418.185879655993631","42728.380906137252168","0","0","0","802963.98895013600122","649.94494966276363357","0","0","0","0"
"05/14/2026 08:06:28.778","56112017.901932813227","50999.852456597647688","9636.5514188757188094","41363.30103772192524","1000000000","2093658.5845669601113","9632.6169281463626248","3.9344907293562187967","0","0","0","54018359.317365854979","41363.30103772192524","0","0","0","0","0","0","0","0","0","0","22.052487825382392828","0.2205248782538239416","0","0","22.052487825382392828","0.2205248782538239416","1.4960546535711899098e-005","0","1.4960546535711899098e-005","14721.880686568631063","0","14721.880686568631063","74929826.390596568584","0","74929826.390596568584","5089.6911872786795357","0","5089.6911872786795357","78.806045910129171261","0","0","100","25.478878165990469284","33.716298893134279524","121.99156933495220301","143361.81909685322898","161538.5433765805501","1741.2526185268097834","0","100","3500","0","18.922005529606078511","0","0","143431.74496558366809","0","0","72.407200641105745831","81.077994470393917936","462","18093.072316151596169","0.14427243173355308592","0.1923632423114040868","153284.39835684056743","3.0296028829667824844","15.965538497417741226","18.922005529606078511","89028692.273643821478","21164.609255889437918","91504167.609305068851","21201.003295135986264","87794.226134854659904","328.52997590124425642","0","0","125.90370333939900149","6620.7642748241769368","0","0","0","0","0","4.9181134116952733848","3.9344907293562187967","0","0","0","0","0","0","0","0","0","0","0","0","0","125.90370333939900149","72807.750946736821788","87653151.035262867808","20770.176560271480412","41607.239462942015962","0","0","0","817907.83455466479063","631.48576206167308555","0","0","0","0"
"05/14/2026 08:06:29.762","57297438.035331785679","51326.556443295223289","9332.4710086727100133","41994.085434622509638","1000000000","2017788.8532502497546","9328.4027998633482639","4.0682088093603789858","0","0","0","55279649.182081535459","41994.085434622509638","0","0","0","0","0","0","0","0","0","0","28.390851468323120343","0.28390851468323119455","0","0","28.390851468323120343","0.28390851468323119455","1.4611303393109217384e-005","0","1.4611303393109217384e-005","19453.157474158993864","0","19453.157474158993864","98338956.445451378822","0","98338956.445451378822","5055.1668322266950781","0","5055.1668322266950781","73.053192109697207002","0","0","100","24.026446262183583258","33.123089152302121363","122.00288008430683817","145818.56315352173988","159855.57405833250959","1786.8975811054933729","0","100","3500","0","20.187911469676279808","0","0","145762.6908584900084","0","0","72.814419569595827397","79.812088530323720192","236","22740.024077911581116","0.3472177777452695735","0.44642866213218268534","159883.14360287110321","2.7778031747889357916","17.262023402228312108","20.138306027482823168","63413066.496805392206","15373.76109057287249","93514483.891266137362","21949.003578701584047","90232.871391613211017","337.66133117691146026","0","0","125.09742088783166025","6320.9794375436886185","0","0","0","0","0","0","0","0","0","0","0","0","0","0","0","0","0","0","0","0","732.27758568486819968","69472.801837447186699","89365724.547480419278","21465.903782590041374","36503.020594188339601","0","0","0","560027.59059214510489","448.52002123198178651","0","0","0","0"
"05/14/2026 08:06:30.762","43916871.730391345918","42254.788096375617897","8841.5615361088730424","33413.226560266746674","1000000000","1999239.3818303211592","8838.5630413532398961","2.9984947556326724261","0","0","0","41917632.348561018705","33413.226560266746674","0","0","0","0","0","0","0","0","0","0","25.086801501782730384","0.25086801501782729495","0","0","25.086801501782730384","0.25086801501782729495","1.5193247335271318143e-005","0","1.5193247335271318143e-005","16503.715135002228635","0","16503.715135002228635","92650065.667035147548","0","92650065.667035147548","5613.8914728682166242","0","5613.8914728682166242","76.21985347168507019","0","0","100","25.274073244663409099","35.54933817472187485","122.00271730180165264","137072.58374335814733","165466.81378163275076","1768.8913900686495708","0","100","3500","0","22.168865058051835604","0","0","137071.5838047543657","0","0","70.89265473447055399","77.879964380409631985","499","21593.67414840728452","0.73241157726686134666","0.53710382330603201329","150841.73831726729986","4.1503422710638826487","18.017372800212797301","22.168865058051835604","93780374.252125427127","22565.672032639613462","69446737.737655699253","16358.787888479982939","67781.973449328434072","253.87255597689960496","0","0","97.950828684000626367","6557.7080305686540669","0","0","0","0","0","4.9974912593877869327","3.9979930075102299014","0","0","0","0","0","0","0","0","0","0","0","0","0","95.951832180245517634","72099.805897439480759","66416067.134298585355","16006.964503819082893","38320.762976985555724","0","0","0","542454.68774675112218","401.79829725477810598","0","0","0","0"
"05/14/2026 08:06:31.778","57716334.787388823926","52585.128529333058395","9729.7064118459929887","42855.422117487061769","1000000000","2094367.8108731806278","9728.7215240626301238","0.98488778336329518837","0","0","0","55621966.976515643299","42855.422117487061769","0","0","0","0","0","0","0","0","0","1","35.961246913275132897","0.3596124691327513001","0.79702709464787824256","0.0079702709464787822868","35.164219818627252323","0.35164219818627251435","1.4928350705088901497e-005","0.00017988000000000001926","1.4624385749385748103e-005","24095.279619983015436","44.319950251348281256","24050.959669731666509","141431524.54424071312","21784141.947542708367","119647382.59669800103","5869.6776619660740835","491520","4974.7446355446354573","66.255631774388149324","0","0","100","26.582507871174325231","38.159661137672273412","122.00548656069727826","155363.75598659747629","141502.51161375778611","1762.6102702278485594","0","100","3500","0","24.373072012371810757","0","0","155359.8171926975192","0","0","68.694162883759929628","75.578847992283570534","275","29280.993852232011704","1.2500404933403346242","0.43270026529168847951","175951.83170163873001","4.8558924481126464201","19.66395992276873983","24.421152007716429466","90549180.322217851877","21844.811034997888783","93471555.111217945814","21968.906895701660687","90810.593177229267894","339.78628526033685375","0","0","127.0505240538650753","6569.201515033179021","0","0","0","0","0","10.833765616996247516","8.8639900502696562512","0","0","0","0","0","0","0","0","0","0","0","0","0","134.92962632077143326","72253.337563098059036","89492482.400793969631","21521.767842054727225","43025.807704008911969","0","0","0","680626.40044887235854","506.23232064873371883","0","0","0","0"
"05/14/2026 08:06:32.762","57302732.458152323961","51524.357864516096015","9542.1494346494746424","41982.208429866623192","1000000000","2052522.6384906223975","9541.1340963397651649","1.015338309709456821","0","0","0","55250209.819661699235","41982.208429866623192","0","0","0","0","0","0","0","0","0","0","30.460944958945358252","0.30460944958945357364","3.5076496874766145417","0.035076496874766147083","26.953295271468739713","0.26953295271468741268","1.6905263157894738507e-005","0.00020562976190476191631","1.5101547388781430792e-005","18018.193644104019768","170.57683603118874771","17847.616808072831191","187791775.23171544075","83841926.446049898863","103949848.78566552699","10422.34193621097802","491520","5824.2985550119465188","72.338641951127982566","0","0","100","26.728178756712477337","38.010013457462719089","121.98544745173926174","145599.20128438153188","151346.73123486683471","1855.9898185701381408","0","100","3500","0","23.957386443291028399","0","0","145653.04225886659697","0","0","68.866763351886120859","76.042613556708971601","458","22478.098913793895917","0.49603662389517361175","0.44643092973444342686","161055.62443136819638","4.1667157678043098556","19.791920214782599885","23.957386443291028399","85133197.156159237027","20657.057911038900784","91717686.401391252875","21649.043439625038445","89264.482836416602368","334.04630389441132365","0","0","123.87127378455373616","6427.0915004608614254","0","0","0","0","0","11.168721406804024809","9.1380447873851124996","0","0","0","0","0","0","0","0","0","0","0","0","0","117.77924392629699923","70639.116883106325986","87730428.491042777896","21193.156538565493975","41517.183484019689786","0","0","0","329557.49322718579788","123.87127378455373616","0","0","0","0"
"05/14/2026 08:06:33.778","57735941.741588570178","51854.397295032649708","9563.6822293531095056","42290.715065679542022","1000000000","2062528.7388010981958","9563.6822293531095056","0","0","0","0","55673413.002787470818","42290.715065679542022","0","0","0","0","0","0","0","0","0","0","33.322652102629653825","0.33322652102629651827","1.299419490051187287","0.012994194900511872245","32.023232612578460987","0.32023232612578461653","1.4745170429779444024e-005","0.00025865490196078430715","1.4201751780175614616e-005","22589.313055268095923","50.215977936477770527","22539.097077331618493","122890526.21421740949","24682157.475337553769","98208368.738879859447","5440.206433615203423","491520","4357.2450307981298465","68.731759327738501497","0","0","100","25.582966670289973621","35.924461899338197668","122.00861967490288862","152718.15754444280174","147791.78612865798641","1792.8734020683518793","0","100","3500","0","22.889089804416506979","0","0","152753.60149967315374","0","0","70.546712417121113958","77.110910195583500126","447","25975.496412284090184","0.43266413891172245121","0.38459800337486887978","172648.49048132891767","2.980592682428066631","19.854612246979598922","22.84101382329679808","97960030.050816595554","22270.293901318709686","94845103.400606319308","21580.070361446731113","88675.509273709569243","331.81930518809821251","0","0","127.01688536873788848","6491.6459320627045599","0","0","0","0","0","4.9231350918115461823","3.9385080734492365906","0","0","0","0","0","0","0","0","0","0","0","0","0","118.15524220347710127","71293.88851855971734","90702895.689598292112","21110.40327368790895","43049.862496836882201","0","0","0","654743.4898923112778","498.22127129132843493","0","0","0","0"
"05/14/2026 08:06:34.762","59966335.669305153191","53717.428322317980928","9831.4639563960954547","43885.964365921885474","1000000000","2095980.5305312373675","9830.447889430779469","1.0160669653158429515","0","0","0","57870355.138773918152","43885.964365921885474","0","0","0","0","0","0","0","0","0","1","27.840526404438335817","0.27840526404438337149","0","0","27.840526404438335817","0.27840526404438337149","1.4384495066134789815e-005","0","1.4384495066134789815e-005","19358.107823197438847","0","19358.107823197438847","85724968.352054193616","0","85724968.352054193616","4428.3753936594584957","0","4428.3753936594584957","73.23551360740275129","0","0","100","25.85387673633121608","36.808147794172626277","121.98266640093508784","153517.10389279504307","145566.10815532438573","1821.4651284412279892","0","100","3500","0","23.709817643512810292","0","0","153460.21485364684486","0","0","69.820492039262532558","76.29018235648719326","506","22772.885546161189268","0.39682289743902843249","0.39682289743902843249","169348.51078717768542","3.7698683196518056882","19.99021504749338618","23.759423045391734775","66209772.511751070619","15892.303404505099024","98629782.893923327327","22416.469388798126602","92596.214683163401787","346.47883517270241782","0","0","124.97623673384867971","6519.0856494664485581","0","0","0","0","0","0","0","0","0","0","0","0","0","0","0","0","0","0","0","0","74.172888468056527245","71702.829675373723148","94556329.787293493748","21959.239254405998508","37508.112024634341651","0","0","0","559614.12215218017809","475.519339767814472","0","0","0","0"
"05/14/2026 08:06:35.762","46070157.696950271726","43836.192029287158221","9021.3062143766601366","34814.885814910499903","1000000000","2026184.7760610154364","9019.30725443551637","1.998959941142623542","0","0","0","44043972.920889258385","34814.885814910499903","0","0","0","0","0","0","0","0","0","0","30.78360758764085503","0.30783607587640854364","0","0","30.78360758764085503","0.30783607587640854364","1.412728607478779604e-005","0","1.412728607478779604e-005","21783.665958601737657","0","21783.665958601737657","92746623.931568399072","0","92746623.931568399072","4257.6223904565267731","0","4257.6223904565267731","70.097747368507342003","0","0","100","26.753944221832984596","37.939683758427911187","121.99165740855038109","150565.03879799111746","146443.26259031024529","1815.5784226902515002","0","100","3500","0","23.405630334007089033","0","0","150621.02579780976521","0","0","68.916798712444943931","76.59436966599291452","237","25746.021773744138045","0.34172437639550368171","0.39054357270735984287","169604.61780774506042","4.1494717219079415571","19.234023510597104689","23.405630334007089033","97953614.734253764153","23484.780868514109898","73648352.762057900429","17265.01701164883707","71262.921901734531275","266.86115214254022021","0","0","99.947997057131175325","6615.5579252115121562","0","0","0","0","0","10.994279676284428149","8.995319735141805495","0","0","0","0","0","0","0","0","0","0","0","0","0","75.960477763419689268","72649.200620916933985","70349061.383362233639","16871.221903243742418","40093.139539497598889","0","0","0","577711.4167498650495","450.76546672766158963","0","0","0","0"
"05/14/2026 08:06:36.778","56964848.605007253587","51219.976293307110609","9478.5384860293779639","41741.437807277725369","1000000000","2023423.0954902395606","9475.5822935501091706","2.9561924792689611152","0","0","0","54941425.509517014027","41741.437807277725369","0","0","0","0","0","0","0","0","0","0","27.760141697956591145","0.27760141697956591811","2.5475927932910935603","0.025475927932910934909","25.212548904665499805","0.25212548904665499361","1.6811439818680663723e-005","0.00023950740740740739348","1.5367619161964219521e-005","16521.174369141132047","106.4229292536825966","16414.751439887451852","154852393.86061885953","52308998.186770066619","102543395.67384879291","9372.9652868901339389","491520","6247.0270140473048741","74.679605744975987136","0","0","100","26.938127791277818091","37.071349552292431895","121.99519248222462409","143386.16938923043199","155347.32077234290773","1764.9225581134239746","0","100","3500","0","23.728803710431588314","0","0","143318.21199162449921","0","0","69.596622933653534915","76.271196289568408133","448","21723.714768028901744","0.48090162258500279702","0.48090162258500279702","157923.1431379771675","4.0395815088263784531","19.668923638400745091","23.728803710431588314","88698430.823470070958","21460.972001999565691","91803635.111644044518","21597.94225353902948","89273.071283950266661","334.04975015739256605","0","0","127.11627660856531463","6310.4855457461417245","0","0","0","0","0","0","0","0","0","0","0","0","0","0","0","0","0","0","0","0","151.75121393580667473","69342.4215887189348","87811308.993161231279","21137.761624266160652","42264.683876108334516","0","0","0","532928.58459770504851","341.93293010210982175","0","0","0","0"
"05/14/2026 08:06:37.762","56802224.480480633676","51310.642678828618955","9595.2842200395243708","41715.358458789094584","1000000000","2066074.4783015016001","9593.2523970178117452","2.0318230217129751303","0","0","0","54736150.002179130912","41715.358458789094584","0","0","0","0","0","0","0","0","0","0","40.302231333136603553","0.4030223133313660111","4.0627014211028624757","0.040627014211028621149","36.239529912033738412","0.36239529912033735526","1.5753645171537484642e-005","0.00022984885057471263138","1.426413834466213636e-005","25584.715489409783913","176.76860288902884122","25407.946886520752741","192616562.38504326344","86885303.692015454173","105731258.69302780926","7528.5794155019057143","491520","4161.3460215913637512","63.370338522050992935","0","0","100","29.179530018641283817","41.097176828901623935","121.99480390406762353","159452.94662645916105","133094.40221719600959","1825.366746856168902","0","100","3500","0","26.143609659172007298","0","0","159429.58355735638179","0","0","66.303878002237880196","73.856390340827999808","463","31077.960834760426224","0.54561532448574612264","0.64482180470260652694","183659.11778816339211","5.3073435245321691767","20.782955095506299159","26.143609659172007298","87837858.897408887744","21266.075656758854166","90660512.139279037714","21415.414648854759434","88225.819248820800567","330.17124102835845179","0","0","119.87755828106553224","6483.5472622861034324","0","0","0","0","0","0","0","0","0","0","0","0","0","0","0","0","0","0","0","0","52.827398564537354275","71326.131265723131946","86727179.097173660994","20965.36584954533464","41902.286176786685246","0","0","0","319625.06363415723899","113.78208921592660374","0","0","0","0"
"05/14/2026 08:06:38.762","56465122.991962850094","51216.166565584317141","9602.1566721745548421","41614.009893409762299","1000000000","2083230.2186776988674","9599.1581846116805536","2.9984875628732865493","0","0","0","54381892.773285150528","41614.009893409762299","0","0","0","0","0","0","0","0","0","0","40.625125311560161379","0.40625125311560161823","3.9457704067219498967","0.039457704067219497024","36.679354904838213258","0.36679354904838212814","1.5565298850574713264e-005","0.00022677011494252874695","1.4147816863380390811e-005","26086.84179699759261","173.91227864665060565","25912.929518350942089","193020848.28412547708","85481363.200401708484","107539485.08372376859","7399.1650574712639354","491520","4150.0319370516081108","62.5532908503186178","0","0","100","27.351285792916296913","36.290941848111309298","121.99742363692105585","159000.88132705676253","141381.37841254269006","1774.0544634720286012","0","100","3500","0","21.729107031697260766","0","0","159034.88237088880851","0","0","70.271842961177782172","78.368552235858231825","460","29638.909914534378913","0.43945670407471942864","0.43944670414971886974","181098.55972578359069","4.2480181398639507151","17.382689629827776656","21.631447764141764623","87305559.076002061367","21131.341351422339358","90048771.399705976248","21233.289928560032422","87603.812636905931868","327.83464020747931045","0","0","125.93647764067803507","6568.6867544010792699","0","0","0","0","0","8.995462688619859648","6.9964709800376683191","0","0","0","0","0","0","0","0","0","0","0","0","0","66.966222237503401971","72251.556314994712011","86197801.828757569194","20803.506711214860843","41608.01291828401736","0","0","0","700195.82122777262703","547.72372815152039038","0","0","0","0"
"05/14/2026 08:06:39.778","56116747.419240199029","51040.97145779341372","9617.0287202851141046","41423.942737508303253","1000000000","2074643.4686546323355","9615.0588250126274943","1.9698952724877334397","0","0","0","54042103.950585566461","41423.942737508303253","0","0","0","0","0","0","0","0","0","0","35.313396814706173643","0.35313396814706171645","2.1730578830581932515","0.021730578830581933486","33.140338931647974618","0.33140338931647977949","1.5031371809380107203e-005","0.00020434259259259258024","1.4170540187781566918e-005","23499.865653142416704","106.37434471433761018","23393.4913084280779","152728218.27700352669","52285117.913991220295","100443100.36301229894","6499.1102728530113382","491520","4293.6344574965260108","66.886926450916647013","0","0","100","25.385707668748384691","34.938528386783715973","122.01157147573456996","153585.62573167018127","148668.3842055661371","1812.7745563256428341","0","100","3500","0","21.967193905709436308","0","0","153647.65984196268255","0","0","71.349281957435877644","77.984724886972728086","409","26686.483446788468427","0.28846755060071965771","0.33655860457170261313","173434.5716884394933","3.9905826609300065755","18.029753631814930515","22.015275113027264808","62275969.720345787704","14680.644518214832715","91285498.497757866979","21060.150358166356455","86856.622354529143195","325.03271996047601533","0","0","122.13350689423947415","6526.2630377518607929","0","0","0","0","0","0","0","0","0","0","0","0","0","0","0","0","0","0","0","0","261.99607124086855947","71801.697734541638056","87375855.230032548308","20613.969078947884555","34971.550772474729456","0","0","0","556847.04078392370138","443.22643630973999507","0","0","0","0"
"05/14/2026 08:06:40.762","53261860.111260943115","49214.265884324551735","9556.8087059837398556","39657.45717834081006","1000000000","2097285.5719595211558","9554.7785819888413243","2.0301239948982985339","0","0","0","51164574.539301425219","39657.45717834081006","0","0","0","0","0","0","0","0","0","1","41.369762522732777654","0.41369762522732778098","0","0","41.369762522732777654","0.41369762522732778098","1.4351376017477713949e-005","0","1.4351376017477713949e-005","28806.44442560940297","0","28806.44442560940297","147747811.90698173642","0","147747811.90698173642","5128.9846717643331431","0","5128.9846717643331431","61.926957294072323634","0","0","100","25.622051952905998462","36.41336117588748067","121.99868258452961811","157763.56104993962799","142255.53331702985452","1788.6587456474446753","0","100","3500","0","23.073808591242340071","0","0","157850.91178936365759","0","0","70.157949117586355214","76.876591700647324501","495","32236.48567254889349","0.29758809103186895095","0.49597676584305888658","184082.54197964808554","3.1742594274997113502","20.037520254314557633","23.123408299352675499","111075668.30413083732","26600.714705152404349","86888267.558161780238","20283.983895026347454","83527.421646095594042","312.63909521433794225","0","0","115.71706770920300755","6695.3489351745884051","0","0","0","0","0","5.0753099872457454467","3.0451859923474473568","0","0","0","0","0","0","0","0","0","0","0","0","0","51.768161869906606398","73585.904443078616168","83120617.279501885176","19854.61267010535812","46144.718404038321751","0","0","0","706727.78016599302646","546.10335462764226122","0","0","0","0"
"05/14/2026 08:06:41.778","54673414.841746628284","50005.101052591118787","9525.9076793266413006","40479.193373264475667","1000000000","2073638.49949211278","9522.9505473897643242","2.9571319368770621061","0","0","0","52599776.342254512012","40479.193373264475667","0","0","0","0","0","0","0","0","0","0","34.130915163064706519","0.34130915163064706741","0","0","34.130915163064706519","0.34130915163064706741","1.4056316152317611663e-005","0","1.4056316152317611663e-005","24306.638810483822454","0","24306.638810483822454","101231505.48079763353","0","101231505.48079763353","4164.7677521391788105","0","4164.7677521391788105","66.772727975440176351","0","0","100","27.162058169637017357","37.955228066637147322","121.99402871685785499","156795.45443355210591","140649.87873837645748","1736.0991437673251312","0","100","3500","0","25.571035917965989626","0","0","156602.44511297444114","0","0","68.872645389218220657","74.477046652894756562","362","28750.510834617598448","0.57697115646411234469","0.48080601474263023887","178598.61446880584117","5.5292888634050276764","19.90541627562036453","25.522953347105246991","86390393.658332005143","20652.609447149399784","88992212.393044248223","20812.294571740760148","85603.055308717186563","320.35595982834837514","0","0","121.24240941195954235","6563.8471892214520267","0","0","0","0","0","13.799949038759622866","11.828527747508248424","0","0","0","0","0","0","0","0","0","0","0","0","0","126.17096264008797846","72135.290757533424767","85061434.908843949437","20353.939121524817892","40686.192608845871291","0","0","0","787065.30776597070508","602.26920447729492025","0","0","0","0"
"05/14/2026 08:06:42.762","57749588.227697901428","51981.177051531638426","9572.4877625657554745","42408.689288965884771","1000000000","2071393.357877236791","9570.4573271510635095","2.0304354146920684521","0","0","0","55678194.869820669293","42408.689288965884771","0","0","0","0","0","0","0","0","0","1","29.654682968702399393","0.29654682968702400503","0","0","29.654682968702399393","0.29654682968702400503","1.4343031196266273086e-005","0","1.4343031196266273086e-005","20664.756433028524043","0","20664.756433028524043","86929924.800793990493","0","86929924.800793990493","4206.6755097027753436","0","4206.6755097027753436","71.058669065701835166","0","0","100","30.196836035520654207","39.159940452199236915","121.96119487592179098","153752.70629689199268","141311.24564045656007","1767.3775621261145261","0","100","3500","0","20.843937203487350018","0","0","153835.99650384276174","0","0","67.927131846409608329","79.205651072633415311","538","26105.385473680038558","0.7439460302411288195","0.54556245365065492159","172737.79481051221956","4.3644894718361042507","16.466050161761181414","20.794348927366577584","92472497.752307996154","22039.361208775055275","94900926.934375524521","22090.122094142356218","91430.506723583835992","342.1283673756134931","0","0","124.87177800356219848","6488.2563676485042379","0","0","0","0","0","6.0913062440762049121","5.0760885367301709081","0","0","0","0","0","0","0","0","0","0","0","0","0","37.563055171803263477","71374.880914962937823","90805489.972491666675","21625.152384177872591","43322.385225577316305","0","0","0","749118.99407356511801","646.69367957942381508","0","0","0","0"
"05/14/2026 08:06:43.762","57185775.813618965447","51494.833216062492284","9512.3386392555585189","41982.494576806937403","1000000000","2056958.2277129066642","9511.3386036542906368","1.0000356012674052053","0","0","0","55128817.58590605855","41982.494576806937403","0","0","0","0","0","0","0","0","0","0","37.905464365531038595","0.37905464365531038595","2.7994508167306317858","0.027994508167306315916","35.106013548800405033","0.35106013548800407698","1.5355387232663639973e-005","0.00016665119047619045799","1.4318776508972265855e-005","24688.878924089698558","168.00598101292405318","24520.872943076774391","186120673.89599069953","82578299.787472441792","103542374.10851827264","7538.6441996111470871","491520","4222.6218597063625566","64.874828430223146825","0","0","100","27.949313850022875272","37.181528183502322804","121.99055781827343026","158345.50282193819294","140487.18785919086076","1745.8070883167411012","0","100","3500","0","22.029544348068842652","0","0","158310.50668901088648","0","0","69.497270931912737524","77.872815738134249841","448","29810.705916996175802","0.58587947864985545632","0.29293973932492772816","180950.00502444480662","4.345261134524803559","17.820419150701731326","22.127184261865750159","89534119.414651170373","21651.770803040588362","92959501.358248353004","21797.776000825630035","89795.196709002848365","336.01196202584810635","0","0","127.00452136096045308","6461.2300197887043396","0","1.0000356012674052053","1.0000356012674052053","0","0","1.0000356012674052053","1.0000356012674052053","0","0","0","0","0","0","0","0","0","0","0","0","0","85.003026107729439786","70982.526977960413205","88923229.666976153851","21328.75930383121522","42649.518322852294659","0","0","0","766906.30186434637289","557.01982990594467537","0","0","0","0"
"05/14/2026 08:06:44.778","56192314.416415788233","51176.4859417083062","9683.9279004383461142","41492.558041269956448","1000000000","2109701.6075694588944","9680.9730811033878126","2.9548193349588118828","0","0","0","54082612.808846332133","41492.558041269956448","0","0","0","0","0","0","0","0","0","0","39.536664318350169367","0.39536664318350167591","2.7020577299780081937","0.027020577299780083186","36.834606588372160729","0.36834606588372159619","1.5523221191028618052e-005","0.00019052083333333334064","1.4543299891118368491e-005","25470.542667344958318","141.83132807802297748","25328.711339266938012","202877548.83947005868","69712934.376909852028","133164614.46256020665","7965.1836040216549009","491520","5257.4571473012911156","64.183360544323548424","0","0","100","25.565425060000219304","36.113063580535815333","122.00861981759422292","155770.46548245262238","144589.2171736327","1769.8503191196723492","0","100","3500","0","23.007034214147360274","0","0","155797.05755736428546","0","0","70.399403232797610031","76.992965785852646832","409","28612.087713269673259","0.24045211379509057181","0.48090422759018114363","177237.16417779619223","3.1739698718839539637","19.861399753559727088","23.007034214147360274","70149518.783047795296","16526.304540424636798","91126880.43471300602","20981.18715776420504","86591.965550746303052","324.04518706714969767","0","0","120.16265295499168531","6694.6356732383483177","0","0","0","0","0","4.9246988915980196566","3.9397591132784159917","0","0","0","0","0","0","0","0","0","0","0","0","0","91.599399383723167034","73585.835778035936528","87246060.117769241333","20537.964257520383399","36740.223610877867031","0","0","0","562429.17667406518012","446.17771957878062494","0","0","0","0"
"05/14/2026 08:06:45.762","59386107.321204818785","53648.003257896925788","9819.2102932635589241","43828.792964633365045","1000000000","2107776.1967873787507","9817.1781719280315883","2.032121335526398731","0","0","0","57278331.124417439103","43828.792964633365045","0","0","0","0","0","0","0","0","0","0","32.541125377102616767","0.32541125377102614324","1.1382838424296932711","0.011382838424296931948","31.402841534672919721","0.31402841534672920609","1.4605183733017234276e-005","0.00017239692307692306567","1.4136188211623759272e-005","22286.274686718013982","66.043943404607958314","22220.230743313408311","127142516.32707887888","32461919.062232904136","94680597.264845967293","5704.969453815993802","491520","4261.0087338241346515","68.960916022997281516","0","0","100","26.825753771090230515","37.454274769086239871","121.99242412210345776","155067.2649566224718","143029.45551041801809","1768.4998184773592129","0","100","3500","0","22.575102831854110264","0","0","155034.75950332477805","0","0","69.291863278760899902","77.424897168145889736","208","25770.729692573579086","0.049601456411717072259","0.099192754835227769927","174189.6136544032197","3.2239727709031336111","19.343826467430595528","22.575102831854110264","117237798.43225903809","25684.99762038591507","101463054.20521092415","21378.932510405476933","87966.468372266739607","329.20365635527656423","0","0","119.89515879605752957","6621.6673718127703978","0","0","0","0","0","8.1284853421055949241","7.1124246743423951145","0","0","0","0","0","0","0","0","0","0","0","0","0","53.851215391449564152","72813.955633914156351","97385757.186698704958","20932.881877257434098","46290.707962623600906","0","0","0","689401.22732000180986","507.01427321383647495","0","0","0","0"
"05/14/2026 08:06:46.762","56613710.027014404535","51096.173854131819098","9490.5745450896247348","41605.599309042190725","1000000000","2057677.5049794281367","9488.5754772549553309","1.999067834668693866","0","0","0","54556032.522034972906","41605.599309042190725","0","0","0","0","0","0","0","0","0","1","22.448075488751271678","0.22448075488751273454","0","0","22.448075488751271678","0.22448075488751273454","1.4556930757261410454e-005","0","1.4556930757261410454e-005","15416.811140964968217","0","15416.811140964968217","69988484.369738385081","0","69988484.369738385081","4539.7510373443983553","0","4539.7510373443983553","77.980897858632559405","0","0","100","25.90754959641427746","34.929675627773349333","121.99753631284916366","145259.61398009181721","157238.53455396476784","1792.637349464203453","0","100","3500","0","20.523864179435758359","0","0","145241.61762075533625","0","0","71.38307061973480927","79.476135820564238088","454","18860.184584658523818","0.2929108320119335751","0.2929108320119335751","156956.24775107996538","2.6850076284590511655","17.721030351868922281","20.523864179435758359","89387994.378221437335","21506.971299283144617","92138491.821263745427","21604.925623181909032","89214.399325594466063","333.84432838967188673","0","0","125.941273584127714","6476.9797843265687334","0","0","0","0","0","4.997669586671734443","3.998135669337387732","0","0","0","0","0","0","0","0","0","0","0","0","0","81.961781221416444509","71175.810719461514964","88141683.532968580723","21144.140487290776946","42318.266992101584037","0","0","0","807154.6237989225192","643.69984276331945239","0","0","0","0"
"05/14/2026 08:06:47.778","56653184.721779681742","51286.66139165101049","9612.9874088868400577","41673.673982764172251","1000000000","2087992.4600622367579","9611.0181397259493679","1.9692691608904719924","0","0","0","54565192.261717446148","41673.673982764172251","0","0","0","0","0","0","0","0","0","0","40.422076834926983224","0.40422076834926984334","0","0","40.422076834926983224","0.40422076834926984334","1.4191020986757943561e-005","0","1.4191020986757943561e-005","28478.585970217562135","0","28478.585970217562135","126283276.21796344221","0","126283276.21796344221","4434.3239636275629891","0","4434.3239636275629891","61.837410730007832171","0","0","100","28.627818441102085956","38.166362282643810033","122.00088653821936191","162075.52316975526628","135651.15364988334477","1754.9785945792630173","0","100","3500","0","21.954075761855296633","0","0","162111.96211924988893","0","0","68.730596370228653313","78.045924238144706919","583","33457.849491381202824","0.48087320617985296334","0.38470447392896689465","188610.95709362937487","4.4721267264577164724","17.503822128518851997","21.954075761855296633","90035517.738585814834","21487.680449056384532","92588151.38008351624","21585.159272520464583","89203.954450016608462","333.7911227709350328","0","0","128.98713003832591539","6583.2668048568475569","0","0","0","0","0","3.9385383217809439849","2.9539037413357078776","0","0","0","0","0","0","0","0","0","0","0","0","0","36.431479476473732859","72408.057776781759458","88662862.30121704936","21146.012249641888047","42300.886210507786018","0","0","0","765095.53121626400389","639.02784270895813279","0","0","0","0"
"05/14/2026 08:06:48.762","54184023.022720985115","49491.49214440198557","9402.7534050681169902","40088.738739333864942","1000000000","2064724.5217853321228","9399.7045226410518808","3.0488824270648886561","0","0","0","52119298.500935651362","40088.738739333864942","0","0","0","0","0","0","0","0","0","0","46.165928803483232912","0.46165928803483230469","1.688494413708610864","0.016884944137086108779","44.477434389774614942","0.44477434389774617163","1.4937560398382801772e-005","0.00017872150537634408406","1.4435354434553246752e-005","30918.716692865036748","94.515355239011555","30824.201337626025634","190686830.89099219441","46456187.407078959048","144230643.48391324282","6167.3591690497323725","491520","4679.1364325750082571","58.403117107928494534","0","0","100","27.821933237763669666","37.315602560226764695","122.00092460730758148","165382.43010789170512","134339.47475119793671","1798.0767892565622788","0","100","3500","0","22.718174189891236381","0","0","165336.71629121570732","0","0","69.400319390800646602","77.281825810108756514","564","35804.077083247197152","0.94245683043233563492","0.49603098009496388032","192293.64605376494001","4.9107249886730039989","17.857166077121096492","22.718174189891236381","89719117.641230076551","20402.104907775879838","87946989.284499451518","20489.506204018405697","84718.279706709712627","317.08377241474840957","0","0","120.93900294024058439","6581.5208658907395147","0","0","0","0","0","4.0651765694198518375","3.0488824270648886561","0","0","0","0","0","0","0","0","0","0","0","0","0","37.602883267133627498","72315.425993409735383","84041574.154257804155","20032.173839958672033","40117.194975319805962","0","0","0","758563.98044202907477","601.64613227413803997","0","0","0","0"
"05/14/2026 08:06:49.762","59737752.699869208038","53376.034961107950949","9721.6386139806654683","43654.396347127287299","1000000000","2078276.1867142473347","9718.6393425037058478","2.9992714769582469181","0","0","0","57659476.513154961169","43654.396347127287299","0","0","0","0","0","0","0","0","0","1","36.675076714899361718","0.36675076714899362829","2.3972687325899650901","0.023972687325899650485","34.277807982309397516","0.34277807982309399515","1.5490273260970562259e-005","0.00018441153846153845292","1.4557680383913024506e-005","23671.250253313472058","129.968430668190706","23541.281822645280045","185876386.62568864226","63882083.042029097676","121994303.58365952969","7852.4110318030152484","491520","5182.1436276383401491","66.609111951104864602","0","0","100","25.959438335101335582","35.46868234989175761","121.99067822258908222","152172.59787277551368","149121.20839767387952","1768.9372027293029532","0","100","3500","0","22.756528553682031202","0","0","152205.59670131708845","0","0","70.918355867736082132","77.243471446317968798","428","28162.000248991160333","0.5370917925882312538","0.5370917925882312538","172861.8634038491582","4.5408560649793967556","18.261100948677839284","22.756528553682031202","74443057.781264930964","14095.576184544774151","104925505.59469105303","20070.124966645602399","82268.017098646741943","307.92520496771334138","0","0","118.97110191934379486","6557.4072057897137711","0","0","0","0","0","0","0","0","0","0","0","0","0","0","0","0","0","0","0","0","95.976687262663901379","72077.492377101603779","101072921.3873950094","19647.227688394490542","33436.878182289525284","0","0","0","559314.14259476377629","409.90043518429376945","0","0","0","0"
"05/14/2026 08:06:50.778","60868680.131876111031","54158.198549268185161","9683.1010190104716457","44475.097530257713515","1000000000","2070348.8319414693397","9678.1767406240742275","4.9242783863967005686","0","0","0","58798331.299934640527","44475.097530257713515","0","0","0","0","0","0","0","0","0","0","39.016963601824002694","0.39016963601824000696","0","0","39.016963601824002694","0.39016963601824000696","1.4211282860524335282e-005","0","1.4211282860524335282e-005","27460.730849579838832","0","27460.730849579838832","130744964.53140762448","0","130744964.53140762448","4761.1611376107302931","0","4761.1611376107302931","63.198886639626280726","0","0","100","26.670198301979237243","36.716874179780980114","122.00991597078611051","156487.67319249227876","142943.37184133697883","1749.7473353031857641","0","100","3500","0","22.401336126974602081","0","0","156507.36646582154208","0","0","69.899411387701817944","77.598663873025401472","468","30950.933027903793118","0.28847211395204824802","0.33655244068952488989","182276.99928080165409","3.6058866546913863615","18.798688961838124101","22.401336126974602081","125014408.43855857849","27161.33472368691946","105312524.25207103789","21543.717940485563304","89223.984938799083466","333.86607459769629713","0","0","126.06152669175553171","6469.5169440479849072","0","0","0","0","0","12.803123804631420413","10.833412450072740896","0","0","0","0","0","0","0","0","0","0","0","0","0","52.197350895805023185","71151.883260723203421","101224380.45683908463","21080.835772164275113","47909.289276930772758","0","0","0","758695.38926026690751","614.54994262230820823","0","0","0","0"
"05/14/2026 08:06:51.762","57146623.332106091082","51840.999403303416329","9717.7752104307637637","42123.224192872650747","1000000000","2111954.4987113894895","9715.7439029035012936","2.0313075272639560254","0","0","0","55034668.833394698799","42123.224192872650747","0","0","0","0","0","0","0","0","0","0","40.074973138620968882","0.40074973138620967328","0","0","40.074973138620968882","0.40074973138620967328","1.4195257457450253497e-005","0","1.4195257457450253497e-005","28226.033745096297935","0","28226.033745096297935","135386874.19858571887","0","135386874.19858571887","4796.5249181389654041","0","4796.5249181389654041","62.302907774120406259","0","0","100","26.63305035295341483","35.781702010769834033","121.99541159845945515","159461.50125905897585","141819.67725905918633","1810.1924807529912869","0","100","3500","0","21.034219725826510228","0","0","159448.29559000747395","0","0","70.672788531641259624","78.965780274173496878","466","31615.387530008614704","0.19840393073629483678","0.39680786147258967356","184784.89539637172129","3.0257031169764423417","17.856577251314725174","20.984616203539619761","89696938.0578160882","21595.845976106746093","92619465.51220689714","21757.33492452423161","89564.411492122337222","335.16574199855273264","0","0","126.95672045399723515","6670.8139195348312569","0","0","0","0","0","0","0","0","0","0","0","0","0","0","0","0","0","0","0","0","40.626150545279116955","73318.013889065216063","88577228.534792497754","21294.196808308050095","42555.892696179871564","0","0","0","809963.56342122971546","664.2375614153135075","0","0","0","0"
"05/14/2026 08:06:52.778","55415893.236902654171","50502.021528503028094","9553.4517149878683995","40948.569813515161513","1000000000","2081691.3184324696194","9551.4821341786773701","1.9695808091924273953","0","0","0","53334201.918470181525","40946.600232705968665","1.9695808091924273953","0","0","0","0","0","0","0","0","0","43.154535591983702147","0.43154535591983700371","0.50876400903914031915","0.0050876400903914027404","42.645771582944561828","0.42645771582944558276","1.4645512520868113373e-005","0.00018468571428571428704","1.44863946260276731e-005","29494.47261765660005","27.574131328693983534","29466.898486327907449","169112935.27120387554","13553237.030679667369","155559698.24052420259","5733.71619365609331","491520","5279.1337477441347801","60.619302513586603709","0","0","100","26.830844579852517029","35.981620664504269769","121.9988249432500993","156853.4581651573244","143849.41216347692534","1798.0351591694379749","0","100","3500","0","20.667425727881973074","0","0","156835.73383171533351","0","0","70.517354736982142072","79.332574272118023373","480","32818.57273820273258","0.14424657627319587005","0.24040111360050542277","183552.21243992191739","3.8945098565539728597","16.924281723636795505","20.715507919973031647","85902120.696896776557","19541.19599840266892","90149935.323890164495","21129.662921016362816","81036.432813413237454","303.315444615633794","0","0","127.03796219291156433","6628.62421333711427","0","0","0","0","0","4.9239520229810684881","3.9391616183848547905","0","0","0","0","0","0","0","0","0","0","0","0","0","92.570298032044092906","72894.18574821173388","86220369.503207698464","20676.659334902102273","39914.539888689134386","0","0","0","723700.80294885637704","574.13280587959263812","0","0","0","0"
"05/14/2026 08:06:53.778","58524575.742550507188","52601.325954479303618","9659.7543225476256339","42941.571631931677985","1000000000","2089630.8840229685884","9658.754658434767407","0.9996641128580797675","0","0","0","56434944.858527541161","42939.572303705957893","1.999328225716159535","0","0","0","0","0","0","0","0","0","37.003692328202546946","0.37003692328202547612","3.0127540508666728059","0.030127540508666728059","33.990938277335871476","0.33990938277335874806","1.5521133501259447686e-005","0.00020202147651006711806","1.4347184318364241648e-005","23811.999168279460719","148.9499528158538908","23663.049215463608562","175151645.04726412892","73211880.808048501611","101939764.23921562731","7355.6043660789255227","491520","4307.972455747539243","66.058494942127893523","0","0","100","27.393248592723445256","37.408335813468255537","122.00883560964662422","154452.44397120169015","143656.02887852888671","1780.9935884230815191","0","100","3500","0","23.827909100936395248","0","0","154490.44383440219099","0","0","69.344401098763185587","76.172090899063604752","484","29084.895294376936363","0.87890254881739149351","0.53711155762351703302","176260.36546268430538","4.9804844434048858304","18.750054375157688469","23.827909100936395248","97817549.303434059024","21964.619887717730307","98982118.008349210024","20600.078373666448897","91101.389932982521714","340.88546248460522747","0","0","123.95834999440189961","6564.7942291390099854","0","0","0","0","0","10.996305241438877331","8.9969770157227184626","0","0","0","0","0","0","0","0","0","0","0","0","0","69.976487900065592385","72160.753986660492956","95048511.70006878674","20159.226499896038149","41783.960589242022252","0","0","0","831156.73133827047423","445.85019433470358763","0","0","0","0"
"05/14/2026 08:06:54.762","55763285.518896669149","50845.12946432834724","9668.1437103116913931","41176.985754016655846","1000000000","2092970.235406497959","9668.1437103116913931","0","0","0","0","53670315.283490173519","41174.953777616843581","2.0319763998133018035","0","0","0","0","0","0","0","0","1","42.256258938530329772","0.42256258938530327773","0","0","42.256258938530329772","0.42256258938530327773","1.4393076018537733288e-005","0","1.4393076018537733288e-005","29376.282812100907904","0","29376.282812100907904","141519711.08546757698","0","141519711.08546757698","4817.4819118765999519","0","4817.4819118765999519","61.105527076924794017","0","0","100","26.959071713497117173","38.651572339311897508","121.99467449246066053","165142.24493407536647","132386.29618692555232","1868.2352663896247122","0","100","3500","0","25.195960715714150524","0","0","165073.16391280593234","0","0","68.301872914788717139","74.804039284285849476","520","34461.270639732923883","0.59526016701297213007","0.49604675282297511218","191273.1571266115061","4.5636341895967733606","20.734811158755988458","25.195960715714150524","61275991.772121161222","14759.260580043919617","90179730.344539880753","20998.44411567066345","86858.863186419403064","324.10023577022167274","0","0","119.88660758898481618","6606.9712639929512079","0","0","0","0","0","0","0","0","0","0","0","0","0","0","0","0","0","0","0","0","113.7906783895449081","72617.756588327873033","86396645.450801074505","20577.825000909309892","35012.985345183005848","0","0","0","592231.71358398569282","437.89091415976656663","0","0","0","0"
"05/14/2026 08:06:55.778","57105155.086306132376","51751.570401989825768","9661.1335257287519198","42090.436876261075668","1000000000","2089052.2122715504374","9660.1487007006453496","0.98482502810690641937","0","0","0","55016102.874034583569","42088.467226204862527","1.9696500562138128387","0","0","0","0","0","0","0","0","0","39.408424666838797634","0.394084246668387983","0","0","39.408424666838797634","0.394084246668387983","1.427343276126592191e-005","0","1.427343276126592191e-005","27601.691062752266589","0","27601.691062752266589","132326196.10938964784","0","132326196.10938964784","4794.1336568309134236","0","4794.1336568309134236","62.981241467114081445","0","0","100","26.312896259390118558","37.09480296703279123","122.0006786158309211","157022.30662771270727","141832.02487758695497","1760.4898809247181362","0","100","3500","0","23.317344828384079847","0","0","157041.01429423262016","0","0","69.602358349608195454","76.682655171615920153","492","31798.110013682198769","0.62500399999803080142","0.48076776331433190848","182201.84114946206682","3.9423094437861196937","19.326907408291738477","23.317344828384079847","124321337.3766309768","26025.971017781215778","100150213.39188709855","20214.518526922362071","83162.564673459608457","312.18953390988934871","0","0","118.17900337282877388","6623.9331390470524639","0","0","0","0","0","3.9393001124276256775","2.9544750843207192581","0","0","0","0","0","0","0","0","0","0","0","0","0","34.468875983741725122","72799.250902690633666","96223298.439012944698","19762.483839021289896","45478.234972948834184","0","0","0","688065.73273739614524","515.06348969991199738","0","0","0","0"
"05/14/2026 08:06:56.762","56931778.435838393867","51424.02934733312577","9558.8792952643907483","41865.150052068733203","1000000000","2069168.9237229861319","9556.848731420468539","2.030563843922334577","0","0","0","54862609.51211541146","41863.119488224809174","2.030563843922334577","0","0","0","0","0","0","0","0","1","42.702376700364119699","0.42702376700364119699","0","0","42.702376700364119699","0.42702376700364119699","1.4514868271123235175e-005","0","1.4514868271123235175e-005","29403.579741917365027","0","29403.579741917365027","155789276.61264589429","0","155789276.61264589429","5298.3098649908497464","0","5298.3098649908497464","61.06753833882496707","0","0","100","25.9803628053785296","35.961361113413659041","122.01380417158425473","155938.91650915262289","144722.71184453114984","1785.746210317428222","0","100","3500","0","23.464770865052940962","0","0","156010.02130706058233","0","0","70.540796751911912565","76.584832611883626896","455","32671.638855887234968","0.29761070321740973332","0.44642113402711153247","183093.83883020826033","3.7697220295511977284","19.493424872725380936","23.415167388116376657","88169433.496039032936","21317.874515418629016","92971493.624892517924","21408.234606473175518","88431.055402817670256","329.96662463737936832","0","0","126.91024024514591417","6509.9876836150051531","0","0","0","0","0","11.168101141572840618","9.1375372976505051525","0","0","0","0","0","0","0","0","0","0","0","0","0","61.932197239631207708","71612.910365530929994","89072941.000647649169","20973.693943873793614","41961.601834655048151","0","0","0","817234.93857189023402","651.81099389906944452","0","0","0","0"
"05/14/2026 08:06:57.778","58776243.559973612428","52826.165897029903135","9723.7492011368321982","43102.416695893072756","1000000000","2103988.6675430159084","9721.7794352700966556","1.9697658667348996175","0","0","0","56672254.892430596054","43102.416695893072756","0","0","0","0","0","0","0","0","0","0","41.221521310971979801","0.41221521310971981356","2.9829258281913304529","0.029829258281913306056","38.238595482780645796","0.3823859548278064624","1.5074038080840801405e-005","0.00016206363636363637021","1.4077985939991303476e-005","27363.002537747855968","184.17310853971309825","27178.829429208144575","203374134.0786139667","90524766.309439793229","112849367.76917417347","7432.4494834971028467","491520","4152.1055225394984518","62.106706929966073005","0","0","100","25.023026937469289521","38.373421927956755439","122.00379061010295345","160331.68583671314991","136826.88850135705434","1834.7807496063685448","0","100","3500","0","26.467938805821777493","0","0","160244.08096186607145","0","0","68.532715735266179991","73.483999177148348281","525","30675.486738590592722","0.33641443376290258715","0.43253846782266169857","184137.57233308118884","3.7486896874836981297","22.924696278171101227","26.516000822851648167","95917441.597180724144","21832.884866889628029","96517503.191759377718","22123.425332233025983","90546.197362069869996","338.79972907840272001","0","0","127.04989840440102","6614.4737804957931075","0","0","0","0","0","3.9395317334697992351","2.9546488001023494263","0","0","0","0","0","0","0","0","0","0","0","0","0","34.470902667860741531","72689.284897184625152","92319932.12974730134","21641.817577816342236","43136.887598560933839","0","0","0","345755.95723677700153","222.58354294104364612","0","0","0","0"
"05/14/2026 08:06:58.762","57748904.804230332375","52229.834437368706858","9752.0076048996179452","42477.826832469087094","1000000000","2117256.562538228929","9747.9434216927402304","4.0641832068762733243","0","0","0","55631648.241692103446","42477.826832469087094","0","0","0","0","0","0","0","0","0","1","40.209728882048231924","0.40209728882048234588","1.8332578968944099884","0.018332578968944100717","38.376470985153829929","0.38376470985153826598","1.5177767548906789631e-005","0.00016703888888888889538","1.4546036514906401745e-005","26488.314050816108647","109.73294658565937709","26378.581104230448545","185184215.20012649894","53935937.905783295631","131248277.29434318841","6991.1665515918684832","491520","4975.5624374085200543","63.704863384168753271","0","0","100","25.557235747769546208","35.141184925749051615","122.00102740112674837","158848.03243884461699","143395.3283700463071","1728.4756765061745227","0","100","3500","0","21.948548622561791177","0","0","158860.226270777639","0","0","71.188395240329924718","78.001829985710088522","572","30245.783957205338083","0.24809679656977268181","0.49619359313954536361","180614.02243929274846","3.5229867057757346949","18.309592364789075702","21.998170014289907925","87420019.922626078129","21095.142935291296453","92567007.204577580094","21088.030614679260907","87692.881054769342882","328.18279395525905784","0","0","125.98967941316446684","6698.7899707338174267","0","0","0","0","0","1.0160458017190683311","1.0160458017190683311","0","0","0","0","0","0","0","0","0","0","0","0","0","35.561603060167385593","73632.83925058087334","88623904.14380055666","20631.826049707400671","41398.786191043436702","0","0","0","787945.55132474086713","622.8360764537887917","0","0","0","0"
"05/14/2026 08:06:59.762","56204573.347684308887","51103.593458876021032","9591.4222110462833371","41512.171247829734057","1000000000","2093293.6531940498389","9588.4227044651161123","2.9995065811673984335","0","0","0","54111279.694490261376","41512.171247829734057","0","0","0","0","0","0","0","0","0","0","45.767546973590796711","0.45767546973590794712","0","0","45.767546973590796711","0.45767546973590794712","1.4464153209240591589e-005","0","1.4464153209240591589e-005","31637.795582626662508","0","31637.795582626662508","147984616.53058072925","0","147984616.53058072925","4677.4629459912148377","0","4677.4629459912148377","58.379278621641347513","0","0","100","27.100984145828299177","39.552243247697234096","122.00117456620013456","165820.58680115410243","130389.47523922652181","1804.0281428390283054","0","100","3500","0","26.027609171724851223","0","0","165886.58783077014959","0","0","67.573212803615888333","73.923562293131212186","543","36633.571483715146314","0.78122656320310390754","0.48826535203943877139","194438.03323331844877","5.2244532664020075785","20.946641600751977563","26.076437706868794919","63399866.721924252808","15263.489156033834661","91946154.85752594471","21439.473206657505216","88437.452039139563567","330.94555945546960629","0","0","128.97878299019811266","6622.9105312176152438","0","0","0","0","0","4.9991776352789969451","2.9995065811673984335","0","0","0","0","0","0","0","0","0","0","0","0","0","45.992434244566773316","72817.021599946820061","88029039.223047822714","20999.545574752955872","35934.088842385433963","0","0","0","548656.74596528871916","443.92697401277496283","0","0","0","0"
"05/14/2026 08:07:00.778","50785130.924571707845","48053.727066094623297","9327.5609388175798813","38726.166127277043415","1000000000","2046250.0507093197666","9325.5916448370426224","1.9692939805378613105","0","0","0","48738880.87386238575","38726.166127277043415","0","0","0","0","0","0","0","0","0","0","42.989817392910694593","0.4298981739291069526","0","0","42.989817392910694593","0.4298981739291069526","1.4766680196177913505e-005","0","1.4766680196177913505e-005","29111.088267300936423","0","29111.088267300936423","157993210.66207268834","0","157993210.66207268834","5427.2519533231861715","0","5427.2519533231861715","61.247798698538979068","0","0","100","27.514051201260340207","39.606917684127608936","122.00306220002815394","155686.77839568641502","138861.18561722693266","1733.0368921213091653","0","100","3500","0","24.704914332889959638","0","0","155603.08059123737621","0","0","67.559433662394511089","75.295095514130679248","484","34260.95774117547262","0.57697632658077180334","0.43273716844589199537","183047.09833005157998","4.567707916886419639","20.145999805422874829","24.704904485869327857","104831710.04430517554","25114.406133799344389","82109870.06204457581","19217.355309078720893","79441.319174897333141","297.3633910612170439","0","0","95.510758056086274337","6544.9485443175817636","0","0","0","0","0","8.8618229124203757863","6.8925289318825146978","0","0","0","0","0","0","0","0","0","0","0","0","0","75.817818250707659899","71943.232343999421573","78637658.178615748882","18824.48115996141496","43642.508549689817301","0","0","0","515626.15080616984051","443.09114562101882484","0","0","0","0"
"05/14/2026 08:07:01.762","58684203.679473690689","52742.348014735129254","9698.8192909647823399","43043.528723770352372","1000000000","2093031.2209901842289","9696.786634716021581","2.0326562487613499819","0","0","0","56591172.458483502269","43043.528723770352372","0","0","0","0","0","0","0","0","0","0","38.275904560192451243","0.38275904560192453019","0","0","38.275904560192451243","0.38275904560192453019","1.3859376149488707104e-005","0","1.3859376149488707104e-005","27629.896389413032011","0","27629.896389413032011","114150332.41043964028","0","114150332.41043964028","4131.4064592069444188","0","4131.4064592069444188","63.051354977444219685","0","0","100","26.267731049818593192","35.540270354620993487","122.00397868363047849","157798.04621412081178","143692.13718244209304","1741.2226227282581021","0","100","3500","0","21.280291984298372654","0","0","157819.37974683803623","0","0","70.849346346036298883","78.719697857040614508","489","31198.767775150256057","0.24801355002840869135","0.29760813310527817199","182138.59116194405942","3.5218046007966221644","17.658607428398966022","21.280302142959385492","93985703.515539959073","22159.002095871859638","95076390.270812824368","22378.528970738083444","91802.886819057617686","343.51890604066818469","0","0","126.02468742320370154","6568.528667872303231","0","0","0","0","0","0","0","0","0","0","0","0","0","0","0","0","0","0","0","0","60.979687462840502121","72193.851987256872235","90863181.704630255699","21887.642486662218289","43704.142004617788189","0","0","0","796429.27342092595063","671.79289021562624384","0","0","0","0"
"05/14/2026 08:07:02.762","59285370.50916903466","52849.647728976160579","9584.7698995652826852","43264.877829410877894","1000000000","2050248.3385799229145","9582.7711987208313076","1.9987008444511067395","0","0","0","57235122.170589111745","43264.877829410877894","0","0","0","0","0","0","0","0","0","0","35.026596874973435547","0.35026596874973436879","2.4876915392488276879","0.024876915392488277434","32.538905335724606971","0.32538905335724610524","1.5457819947043247049e-005","0.00015451863354037266986","1.4462718343037468267e-005","22645.280567631038139","160.89541797831410008","22484.385149652724067","190041465.04771897197","79083315.844700947404","110958149.20301803946","8392.100264783759485","491520","4934.8980843593044483","67.981392437277719409","0","0","100","25.666700265268964642","35.884542403036036262","121.99215176517297721","148126.77838681597495","152491.97227115943679","1781.9492144473883855","0","100","3500","0","21.876835894356482015","0","0","148155.77756033954211","0","0","70.600640884939195985","78.318479515731382889","429","26094.256313695059362","0.29296311536678887322","0.48827852545465183498","167933.21390340375365","3.7596716477162783754","18.114814301863908952","21.681520484268624216","96729941.538000300527","21785.839204517062171","100017052.91560485959","21850.796981961724669","90537.150851946236799","338.77979313446257947","0","0","122.92010193374305516","6393.8440013990903026","0","0","0","0","0","4.9967521111277664048","3.9974016889022134791","0","0","0","0","0","0","0","0","0","0","0","0","0","36.975965622345476902","70329.285964123322628","95939687.203317835927","21409.084095338028419","42856.143506720633013","0","0","0","413837.00594613497378","306.80057962324485743","0","0","0","0"
"05/14/2026 08:07:03.778","55524895.536315217614","50900.92539614236739","9766.6255274411232676","41134.299868701244122","1000000000","2129596.2445088592358","9764.6552580186016712","1.9702694225219132829","0","0","0","53395299.291806355119","41134.299868701244122","0","0","0","0","0","0","0","0","0","0","47.212540620632751143","0.47212540620632753585","2.0041235302452444778","0.020041235302452446027","45.208417090387506221","0.45208417090387509329","1.4918606098319852002e-005","0.00023129090909090909475","1.4324547610133532566e-005","31662.229619927147724","86.691854590964183558","31575.537765336182929","188899722.74368685484","42610780.368550717831","146288942.37513613701","5966.0903546981953696","491520","4632.9834019717955016","57.55314098922779209","0","0","100","25.183335880255786066","35.342846745111877738","121.99813484575773259","163267.86221032147296","139224.1353315442102","1730.0414560076158068","0","100","3500","0","21.775849433149986112","0","0","163274.75480576371774","0","0","71.02412094848482127","78.031828123681492571","519","34567.350799432759231","0.43270580406722780609","0.28846397169082960144","189445.93970003031427","4.0386137620434148232","17.789136735920273225","21.968171876318510982","90770852.149406313896","19957.844115435720596","92234679.579024344683","20034.68462291407559","82648.861735949220019","309.33229933594037675","0","0","115.26076121753192183","6786.5930258767302803","0","0","0","0","0","0","0","0","0","0","0","0","0","0","0","0","0","0","0","0","24.628367781523916591","74609.177357348555233","88368947.923414841294","19597.284811114212062","39247.766896636509045","0","0","0","778650.47578066017013","578.27407551018154663","0","0","0","0"
"05/14/2026 08:07:04.762","57795919.072144269943","52340.944422408589162","9781.5504519269306911","42559.393970481658471","1000000000","2129016.9237074614502","9779.5189772744015499","2.0314746525289573142","0","0","0","55666902.148436807096","42559.393970481658471","0","0","0","0","0","0","0","0","0","0","48.317309621470215575","0.48317309621470216907","0","0","48.317309621470215575","0.48317309621470216907","1.470666646052997839e-005","0","1.470666646052997839e-005","32849.960868719506834","0","32849.960868719506834","177343771.72725626826","0","177343771.72725626826","5398.5991775146103464","0","5398.5991775146103464","57.145411312180840468","0","0","100","26.368570420806765497","38.239157183655358097","122.0057617309048652","164972.806747185532","133164.52842504557339","1758.4340327180473196","0","100","3500","0","23.06625182893399284","0","0","164944.36298466901644","0","0","68.655502537676056818","76.933748171066014265","545","36650.803851204174862","0.24801274379564336448","0.44643106573455154651","194136.8059645757312","3.3233849889408100253","19.84107029679142542","23.06625182893399284","64999656.172915063798","15841.439340420811277","94457411.911450058222","21576.29228451005838","89027.345172429035301","333.16184301474902441","0","0","125.95142845679536947","6746.5273210486675453","0","0","0","0","0","9.1416359363803092464","7.1101612838513510439","0","0","0","0","0","0","0","0","0","0","0","0","0","250.88711958732625362","74111.242536235164152","90419279.100747436285","21115.147538385983353","36624.440773118309153","0","0","0","550213.73652687924914","441.84573692504824294","0","0","0","0"
"05/14/2026 08:07:05.762","45014081.080070622265","43313.866135172371287","9035.8428764989512274","34278.023258673420059","1000000000","2027134.7191291362979","9033.8435750548760552","1.9993014440754401928","0","0","0","42986946.360941492021","34278.023258673420059","0","0","0","0","0","0","0","0","0","0","38.629672408788202631","0.38629672408788201521","0","0","38.629672408788202631","0.38629672408788201521","1.4021403164924505291e-005","0","1.4021403164924505291e-005","27542.376693583264569","0","27542.376693583264569","114320376.46046471596","0","114320376.46046471596","4150.7084785133565674","0","4150.7084785133565674","63.184059105590563377","0","0","100","26.528273390503006368","37.62070267502879517","121.99584954604409859","155686.97131082665874","142176.69218812225154","1760.9431215371744202","0","100","3500","0","23.73461121061126633","0","0","155684.9713754245895","0","0","69.178863587707184024","76.265398788845757849","489","32728.942855145778594","0.58590818518554443894","0.4394261391606435474","180406.17288061595173","4.6872454825702964953","18.944291324981051616","23.734601211154238598","97061506.70955568552","21847.366530134371715","72593004.004400864244","16433.25821957808148","68060.219759216139209","254.91093411961861648","0","0","94.966818593583411712","6632.6825407202723","0","0","0","0","0","0","0","0","0","0","0","0","0","0","0","0","0","0","0","0","26.99056949501844116","72988.497818862088025","69624057.354360386729","16106.372433471746263","37698.828029486496234","0","0","0","514706.16166711354163","393.86238448286172797","0","0","0","0"
"05/14/2026 08:07:06.762","54566805.907077677548","49855.438023488604813","9466.8551107322164171","40388.582912756384758","1000000000","2067540.1631577992812","9464.8557749115752813","1.9993358206403835098","0","0","0","52499265.743919871747","40388.582912756384758","0","0","0","0","0","0","0","0","0","1","40.717572459765236204","0.40717572459765238868","0.2215087772165599822","0.002215087772165599822","40.496063682548680163","0.40496063682548677498","1.4294040223228387791e-005","0.00015824999999999999766","1.4223267900410857428e-005","28481.538432932582509","13.99535074448268368","28467.543082188101835","134734121.32489588857","6878994.7979281293228","127855126.526967749","4730.5773753115017826","491520","4491.2596130210349656","61.775003671816676842","0","0","100","25.926026402460774278","37.589523792766435406","122.00513499480788937","157728.05061022751033","140357.98106295868638","1723.6399316182848906","0","100","3500","0","23.793482032993662045","0","0","157779.03995855266112","0","0","69.184384785991326794","76.206517967006334402","463","33668.96655288709735","0.78110463642716088106","0.58583097685520724163","183108.7485824211326","3.7102495225638505438","20.21107871825053337","23.793482032993662045","83697831.580349013209","20218.283486225878733","90447233.429054871202","20434.211754855037725","84136.050004188611638","314.89539175086036948","0","0","119.96014923842301414","6563.8194991623786336","0","0","0","0","0","5.9980074619211505293","4.9983395516009583304","0","0","0","0","0","0","0","0","0","0","0","0","0","89.970111928817260605","72128.039065422475687","86577063.099638313055","19997.3568780451169","39902.744308340770658","0","0","0","751675.29346751014236","547.81801485546509412","0","0","0","0"
"05/14/2026 08:07:07.778","55369646.856871441007","50229.552395001577679","9458.997379781847485","40770.555015219732013","1000000000","2054916.1855378539767","9457.0265500329624047","1.9708297488867274616","0","0","0","53314730.67133358866","40770.555015219732013","0","0","0","0","0","0","0","0","0","0","37.181029029383154239","0.37181029029383155793","3.094330992820090831","0.0309433099282009072","34.086698036563063852","0.34086698036563062297","1.5755456783940568046e-005","0.00016535894736842104134","1.455968617222666426e-005","23611.525806537436438","187.22882614423909331","23424.296980393199192","213820837.78001794219","92026712.626416400075","121794125.15360154212","9055.7823129251701175","491520","5199.4783559799752766","66.470116475439780857","0","0","100","24.660499119071857876","36.618810258479129516","122.00510855012731781","148488.50836158872698","150832.95434192806715","1658.5392661633466105","0","100","3500","0","23.777218647692009768","0","0","148458.9619376072078","0","0","69.977586974936940578","76.222781352307990232","526","26888.230703993776842","0.3847255780806386749","0.1923578646159525285","167803.00571831638808","3.2701230938661272063","20.342107639840602218","23.777218647692009768","93193242.813122957945","20099.50719402129107","90309268.516684547067","20201.004926088957291","82936.45749265125778","310.40568544965958608","0","0","117.26437005876027797","6522.4610539406239695","0","0","0","0","0","9.854148744433636864","7.8833189955469098464","0","0","0","0","0","0","0","0","0","0","0","0","0","72.92070070880890853","71693.859190126924659","86456674.756922781467","19751.655743342780625","39541.742666788857605","0","0","0","281034.40970200067386","127.11851880319392194","0","0","0","0"
"05/14/2026 08:07:08.762","57058089.699891805649","52073.522370645077899","9908.998270139521992","42164.524100505557726","1000000000","2158620.1328951222822","9906.9673215291222732","2.0309486103995739725","0","0","0","54899469.56699667871","42164.524100505557726","0","0","0","0","0","0","0","0","0","1","49.138904783000185716","0.49138904783000186827","1.4777968913352617086","0.014777968913352618197","47.661107891664919123","0.47661107891664922231","1.4993554384877594342e-005","0.00018188749999999999623","1.4578782230506368356e-005","32769.355828797124559","81.237944415982966007","32688.117884381143085","221029599.55278512836","39930074.439343944192","181099525.11344116926","6745.0089866749303837","491520","5540.2249145697423955","56.959772359764684779","0","0","100","24.525445542784620301","35.036275559701188342","121.99852315422570825","163434.4709273003391","139552.44300281489268","1688.9328889364637689","0","100","3500","0","22.441621894021523076","0","0","163443.61127366256551","0","0","71.278447158528976502","77.607959608442229182","748","35536.651062402772368","0.29753979469073715824","0.39672311158153616972","190746.84145175511367","3.3225090880801881887","19.092047114817635389","22.392040391557777923","85153182.775727927685","20595.849858062079875","93603171.935539722443","20704.505608718456642","85466.379422834870638","319.87440613793290822","0","0","123.88786523437401854","6868.6682003713594895","0","0","0","0","0","4.0618972207991479451","3.0464229155993609588","0","0","0","0","0","0","0","0","0","0","0","0","0","49.758240954789563659","75529.963346454955172","89709567.24039272964","20263.789760261748597","40540.780686491096276","0","0","0","806457.19801190448925","568.66561091188066257","0","0","0","0"
"05/14/2026 08:07:09.778","55273126.424285322428","50572.747744264961511","9653.4004721213132143","40919.347272143655573","1000000000","2106344.2076987074688","9651.4305914005453815","1.9698807207675363973","0","0","0","53166782.216586612165","40919.347272143655573","0","0","0","0","0","0","0","0","0","1","41.230914069193211446","0.41230914069193214111","0","0","41.230914069193211446","0.41230914069193214111","1.3912078353253652381e-005","0","1.3912078353253652381e-005","29666.403654759098572","0","29666.403654759098572","122514099.6674939841","0","122514099.6674939841","4129.7253652058434454","0","4129.7253652058434454","61.104969581471067386","0","0","100","24.179150708110860535","34.837872626698199952","122.00062897245763338","160114.83142013286124","142784.54357037864975","1742.0484204771146324","0","100","3500","0","21.85453617882936328","0","0","160100.05995246345992","0","0","71.453288935243591595","78.097382305174818384","537","32730.618061841640156","0.67324956000783953147","0.09617288072494555029","184060.36527673064847","3.5105415916931845821","18.562557676644416915","21.902617694825178063","67036077.08497839421","15001.626629005173527","90409188.548019632697","20331.138919041743065","83952.376557670868351","314.195974962422099","0","0","121.14766432720350053","6702.5191524115425636","0","0","0","0","0","0","0","0","0","0","0","0","0","0","0","0","0","0","0","0","360.48817190045917869","73737.560080130817369","86523969.163881182671","19901.704921914420993","34590.120516317554575","0","0","0","576244.28254432557151","450.11774469538210042","0","0","0","0"
"05/14/2026 08:07:10.778","48968268.097976118326","46007.231677432653669","9222.4268320169558137","36784.804845415696036","1000000000","2043753.1270930541214","9218.4305469635419286","3.9962850534143457004","0","0","0","46924514.970883063972","36784.804845415696036","0","0","0","0","0","0","0","0","0","0","39.373420683013442556","0.39373420683013443666","0","0","39.373420683013442556","0.39373420683013443666","1.417137403205474564e-005","0","1.417137403205474564e-005","27739.213627012326469","0","27739.213627012326469","125176180.22286482155","0","125176180.22286482155","4512.6073833963619109","0","4512.6073833963619109","62.883394021000583507","0","0","100","26.557898593270802934","38.848859402272076125","122.00558743430242714","154605.63415205760975","141085.31004016584484","1685.7343282698645908","0","100","3500","0","25.41078146576980501","0","0","154630.63021267845761","0","0","68.166154688387720739","74.589208536932474658","525","32587.864152609545272","0.58578166321643265757","0.87867249482464893084","180293.58573088879348","5.0279309502641433838","20.307011014922665026","25.410791463067528895","99086593.103051394224","23124.503461582109594","80443827.418032184243","17920.341250773279171","74179.043161477078684","277.74181121229702285","0","0","103.90341138877299443","6610.8545496106817154","0","0","0","0","0","15.985140213657382802","12.987926423596624304","0","0","0","0","0","0","0","0","0","0","0","0","0","305.71580658619745918","72648.465986019393313","77186998.965761423111","17555.680239649220312","40403.440961282387434","0","0","0","534578.05623892031144","443.5876409289923572","0","0","0","0"
"05/14/2026 08:07:11.762","56572480.013363882899","50945.739606893330347","9405.1171925765829656","41540.6224143167492","1000000000","2036054.4395333575085","9402.068861593681504","3.0483309829007936287","0","0","0","54536425.573830522597","41540.6224143167492","0","0","0","0","0","0","0","0","0","0","35.488937337065344479","0.35488937337065346034","0.81436969978106876766","0.0081436969978106871215","34.6745676372842766","0.34674567637284275934","1.5000691521346963604e-005","0.00024285454545454549305","1.4677272140737235677e-005","23657.080647965427488","33.531640811908729916","23623.549007153516868","135834799.15715679526","16481472.091869380325","119353327.06528742611","5741.824241903616894","491520","5052.3029807733664711","67.019866405649423768","0","0","100","26.973741627105418672","36.527204591272678158","122.00343157483222001","149868.5917654633231","149595.11373266892042","1710.1767609435053146","0","100","3500","0","21.654580308780069231","0","0","149921.4314514817961","0","0","70.068382382454601043","78.345419691219930769","417","29044.552797414267843","0.64501673358916811196","0.44655082799130374482","170836.80178451814572","4.4655387646663413648","17.26675734187177369","21.654580308780069231","86998715.941378965974","20968.452721046927763","91819224.624498963356","21551.700049108610983","88787.720428623782936","332.26807713618654816","0","0","125.99768062656615086","6398.4467331087662387","0","0","0","0","0","0","0","0","0","0","0","0","0","0","0","0","0","0","0","0","38.612192450076719297","70358.527416333221481","87813782.744028300047","21092.418181018227187","41728.602824928966584","0","0","0","646188.25008629320655","518.21626709313500214","0","0","0","0"
"05/14/2026 08:07:12.762","54875245.317645810544","50100.449118457894656","9541.4651879147186264","40558.98393054317421","1000000000","2087053.6339840705041","9539.4634119390721025","2.0017759756455926201","0","0","0","52788191.683661743999","40558.98393054317421","0","0","0","0","0","0","0","0","0","0","45.77711062469068537","0.45777110624690686702","4.3472239152715133059","0.043472239152715135002","41.429886709419172064","0.41429886709419172508","1.5958612515251872612e-005","0.00025572000000000002498","1.4529209188146589672e-005","28710.47193069691275","170.15095792987537493","28540.320972767040075","219080512.2304508388","83632598.841692343354","135447913.38875851035","7630.6830747777585202","491520","4745.8440820620726299","59.890228406154896845","0","0","100","25.716359807932619219","38.970658683592830585","121.99762050275019476","160135.87189130249317","136011.31373185780831","1746.9986024011179779","0","100","3500","0","25.04910731830292292","0","0","160031.8719745024282","0","0","68.024988307543267751","74.950892681697084186","516","33112.973509621187986","0.48827819337068456562","0.63476765135968993281","184662.85226971819066","3.8085859082321391611","21.142501772743440114","25.04910731830292292","85914022.921135634184","20768.425747323024552","86993965.045788615942","20552.233941953301837","84506.974587854347192","316.28060415200366151","0","0","123.10922250220394858","6649.8997910946591219","0","0","0","0","0","0","0","0","0","0","0","0","0","0","0","0","0","0","0","0","34.030191585975074986","73066.824887039780151","83095546.368738338351","20083.818363652233529","40538.966170786719886","0","0","0","223112.94580551865511","174.15450988116657527","0","0","0","0"
"05/14/2026 08:07:13.762","58346234.874821662903","52752.592052418556705","9835.0765606737259077","42917.515491744830797","1000000000","2129623.9102705186233","9831.0785620718252176","3.9979986018998885378","0","0","0","56216610.964551143348","42917.515491744830797","0","0","0","0","0","0","0","0","0","1","51.060999337444123114","0.51060999337444124002","4.4493636723794196541","0.044493636723794194321","46.61163566506470346","0.4661163566506470457","1.5717926619059343973e-005","0.00025139322033898304489","1.44268948655256714e-005","32471.744644630896801","176.91143813407006746","32294.83320649682355","244474352.13931903243","86955510.071658119559","157518842.06766092777","7528.8332922925392268","491520","4877.5245581999934075","55.761596277687907275","0","0","100","24.796492839133271957","34.882751206276473965","122.00521489041456391","164088.70505048768246","139253.89790433939197","1667.8242113281260117","0","100","3500","0","21.977856274772101131","0","0","164078.70610437658615","0","0","71.427582922977322255","78.070980472700512109","519","35407.268073945007927","0.4394307339131213741","0.39059398644050308258","191959.76744051175774","3.7106928678550006317","18.211677102304989262","21.929019527299487891","91618159.949129462242","21311.331547427354963","94262012.43657425046","21313.330546728306217","88139.877177484944696","329.8348846567408259","0","0","126.93645561032145963","6715.6381515413377201","0","0","0","0","0","0","0","0","0","0","0","0","0","0","0","0","0","0","0","0","24.987491261874303916","73911.000153323242557","90357582.993953213096","20888.543195276444749","41870.039858047057351","0","0","0","767401.83863957691938","636.6812773525572311","0","0","0","0"
"05/14/2026 08:07:14.778","56781683.051007375121","51669.422067143263121","9767.1773596099992574","41902.244707533267501","1000000000","2116660.6949360971339","9766.19246726759593","0.98489234240294432077","0","0","0","54665022.356071278453","41902.244707533267501","0","0","0","0","0","0","0","0","0","0","43.429914207589469299","0.43429914207589470632","0","0","43.429914207589469299","0.43429914207589470632","1.4202418212261722338e-005","0","1.4202418212261722338e-005","30586.81658566583792","0","30586.81658566583792","138346078.16854146123","0","138346078.16854146123","4523.0623390005148394","0","4523.0623390005148394","59.953120892170176148","0","0","100","24.194503477664962787","35.731484880231263901","122.00208165241245695","162569.34017925648368","139175.54006504398421","1693.6255086784522064","0","100","3500","0","23.507051559141423525","0","0","162590.01816511826473","0","0","70.708710494677490033","76.444858215561183101","478","33545.601063754365896","0.19231166877217306665","0.33655280521390995574","187981.60013738062116","3.8462826078608416402","19.712197134476376448","23.555141784438816899","64582814.377143248916","15660.77313654921636","91434032.797308951616","21513.003435107511905","88699.404356809158344","331.90871938979222477","0","0","126.06621982757687306","6691.3585742856030265","0","0","0","0","0","5.9093540544176654805","4.9244617120147209377","0","0","0","0","0","0","0","0","0","0","0","0","0","45.305047750535436535","73544.865884255064884","87358847.691717669368","21035.330649042083678","36365.179958543914836","0","0","0","585080.22046618105378","471.763432011010309","0","0","0","0"
"05/14/2026 08:07:15.762","51415053.426721580327","48666.025137817516224","9565.0550158204187028","39100.970121997102979","1000000000","2104762.9404684989713","9565.0550158204187028","0","0","0","0","49310290.486253075302","39100.970121997102979","0","0","0","0","0","0","0","0","0","0","41.767144597716679755","0.41767144597716676646","0","0","41.767144597716679755","0.41767144597716676646","1.4311287066685229302e-005","0","1.4311287066685229302e-005","29174.433196873913403","0","29174.433196873913403","139541049.97700631618","0","139541049.97700631618","4782.9909508561886469","0","4782.9909508561886469","61.188193032611415845","0","0","100","24.558111716607967878","36.822764587047714713","121.99811541215936472","158124.10575181245804","141290.83527650911128","1723.7417853089257278","0","100","3500","0","25.206887042128055754","0","0","158159.65729128554813","0","0","69.814578462985522833","74.79312311545155012","560","32526.61134305386804","0.29758660987225321604","0.49597429726055158872","183581.03953107722919","4.2157916842942997349","21.029358960229522779","25.206876884548446327","103748033.29979471862","25044.807002676287084","81599935.176952004433","19270.2350414267421","79745.346148882425041","298.52719476127418829","0","0","100.5244635420617243","6750.3700366426901383","0","0","0","0","0","9.1385875947328845115","7.1077903514589095835","0","0","0","0","0","0","0","0","0","0","0","0","0","47.723735216938393933","74307.886530016359757","78169772.415660738945","18893.522152799418109","43639.801960714430606","0","0","0","589079.44874821149278","499.57612184539766531","0","0","0","0"
"05/14/2026 08:07:16.778","55897206.368610009551","50545.367760920351429","9393.6918813927513838","41151.675879527603684","1000000000","2040447.5181986165699","9393.6918813927513838","0","0","0","0","53856758.850411392748","41151.675879527603684","0","0","0","0","0","0","0","0","0","1","37.004160303167580537","0.37004160303167582535","0","0","37.004160303167580537","0.37004160303167582535","1.4552110276465577148e-005","0","1.4552110276465577148e-005","25427.259881443162158","0","25427.259881443162158","123172584.79428987205","0","123172584.79428987205","4844.1155424765738644","0","4844.1155424765738644","65.397774036451110646","0","0","100","26.625945372028802183","37.768117037884195497","122.0053788884987398","151526.81782359388308","145819.48664630582789","1710.2927524941521824","0","100","3500","0","23.509469211560862334","0","0","151515.98695411926019","0","0","69.056345803871536759","76.538599801442089188","425","30634.621996747588128","0.67307448993627660982","0.67307448993627660982","173878.77854574110825","4.8557776994241272916","18.653888435582057781","23.461400198557914365","88806945.011113718152","21106.023777530281222","90456977.856052532792","21138.514274552184361","87350.208963123877766","326.87409125064391446","0","0","124.05462499271425258","6435.087531368098098","0","0","0","0","0","14.768407737227887466","11.814726189782311039","0","0","0","0","0","0","0","0","0","0","0","0","0","323.92040970319834514","70743.626742869033478","86526895.83034683764","20690.539239856268978","41471.658047167540644","0","0","0","787947.71904896188062","620.27312496357126292","0","0","0","0"
"05/14/2026 08:07:17.762","55518832.04130795598","50233.613281762067345","9343.9215529262273776","40889.691728835838148","1000000000","2032700.7784670521505","9341.8891610713217233","2.032391854905106765","0","0","0","53486131.262840904295","40889.691728835838148","0","0","0","0","0","0","0","0","0","1","45.302061732392452598","0.45302061732392451265","2.7411197114978715916","0.027411197114978715778","42.56094202089457923","0.42560942020894582116","1.5380135899558498185e-005","0.00023876460176991152269","1.450605976661241654e-005","29461.552328704427055","114.83013980213851823","29346.722188902287598","198714203.22821056843","56441310.315547123551","142272892.91266345978","6744.865342163355308","491520","4847.9994459641957292","59.850892613401477149","0","0","100","27.015604374882141059","38.034885913633793564","122.00145476919226439","156683.16627987177344","140582.36011231219163","1754.5718687165726806","0","100","3500","0","23.256785974046710663","0","0","156667.92680214697612","0","0","68.829582603149347619","76.69360435541005927","547","34574.311096869532776","0.74411457913717782287","0.39686720467539909896","183466.04039863627986","4.6631261569959638891","18.602905117111028233","23.30639564458994073","86584518.742819309235","20953.960024071649968","90644107.659048378468","21157.199209562160831","86888.816580903119757","325.18269678481703977","0","0","126.00829500411660433","6418.2934777903265058","0","0","0","0","0","0","0","0","0","0","0","0","0","0","0","0","0","0","0","0","88.409045688372131622","70548.386067466053646","86630751.592734694481","20668.408968457482842","41298.20249167176371","0","0","0","483399.32170954236062","385.13825650451769889","0","0","0","0"
"05/14/2026 08:07:18.778","57498093.127844490111","52283.504642427375074","9837.4414261562105821","42446.063216271162673","1000000000","2152648.6491171070375","9835.4717712505826057","1.9696549056274321732","0","0","0","55345444.478727385402","42446.063216271162673","0","0","0","0","0","0","0","0","0","1","49.229319306562651093","0.49229319306562652203","4.3827454807956094385","0.043827454807956092719","44.846573825767045207","0.44846573825767044319","1.5566376062521404192e-005","0.00024455329670329669853","1.4261362141850635529e-005","31629.703302018118848","179.23859641209631377","31450.464705606023927","232011103.33863401413","88099354.908473581076","143911748.43016043305","7335.2285705389667783","491520","4575.8226397369653569","56.283362667370916199","0","0","100","25.909099789351621723","36.011625836803439427","121.99591135213613313","166429.02720118477009","135489.15733926501707","1663.1480270672664119","0","100","3500","0","22.157242257793306806","0","0","166446.75169170415029","0","0","70.461490681150337423","77.84276758914779748","529","35441.103487391977978","0.67313689473560867071","0.38464121389939065487","192728.23235625438974","4.375350428016989035","17.741804932490357061","22.15723241085220252","88849297.074481412768","20998.490948894053872","91220470.071930810809","21052.656458798806852","87109.957856278808322","325.97788688133999813","0","0","128.02756886578308126","6854.3990715834634102","0","0","0","0","0","0","0","0","0","0","0","0","0","0","0","0","0","0","0","0","30.529651037225196575","75308.77048921205278","87292584.259128585458","20619.332379560772097","41292.830269026300812","0","0","0","763670.6607000567019","492.41372640685801798","0","0","0","0"
"05/14/2026 08:07:19.762","57257118.385195076466","52063.546497194176482","9808.5145545110026433","42255.0319426831702","1000000000","2127806.6918123285286","9804.4513753252067545","4.0631791857957759717","0","0","0","55129311.693382747471","42254.016147886723047","1.0157947964489439929","0","0","0","0","0","0","0","0","0","47.127760591243841759","0.47127760591243844646","2.943892837256452566","0.029438928372564523994","44.183867753987392746","0.44183867753987393634","1.5230072844205277003e-005","0.00023572195121951218977","1.4336569696570355842e-005","30957.36221657801434","124.94275996322011224","30832.419456614796218","206503638.37380191684","61411865.377121947706","145091772.99667999148","6670.5824911405698003","491520","4705.8186011267416688","58.078682917180948664","0","0","100","25.148542015092633761","36.04441973972275548","122.00129275014715802","163001.13465408288175","138313.45568989156163","1745.1528329275192846","0","100","3500","0","22.023548419408189858","0","0","162996.05562954000197","0","0","70.461628421293667657","78.026046662450099234","434","33904.520433423640497","0.34721636682399881213","0.24801604434422033774","189427.29935059591662","3.0258079315153074695","19.047680967699399446","21.973953337549900766","67835625.711310312152","16062.763116247151629","93217733.176711320877","21546.02342747855073","88215.683302812089096","330.1333088459068108","0","0","125.95855475966905601","6724.5615524920094686","0","0","0","0","0","5.0789739822447197426","4.0631791857957759717","0","0","0","0","0","0","0","0","0","0","0","0","0","49.773945025998251879","73991.508768137529842","89201150.529818251729","21084.852589890728268","36818.498192088423821","0","0","0","578298.07238716247957","470.31299075586105118","0","0","0","0"
"05/14/2026 08:07:20.778","57025668.311565063894","51417.556897078138718","9503.3177429167444643","41914.239154161397892","1000000000","2067065.1456763495225","9500.3639558022860001","2.9537871144581675509","0","0","0","54958603.165888719261","41914.239154161397892","0","0","0","0","0","0","0","0","0","1","35.558531005835945393","0.3555853100583594717","0","0","35.558531005835945393","0.3555853100583594717","1.4477875822236483633e-005","0","1.4477875822236483633e-005","24547.940112557011162","0","24547.940112557011162","121491233.20907406509","0","121491233.20907406509","4949.1416653296964796","0","4949.1416653296964796","66.674304502178955545","0","0","100","24.304698872623465178","35.765651880746375468","122.00645459480085719","151921.08996878296603","148903.18773131794296","1663.1108522955705666","0","100","3500","0","22.596505655211306163","0","0","151912.22792161264806","0","0","70.686212768907083159","77.451572896260600487","453","27927.264649382461357","0.1442356544157436804","0.24038291125032196227","172174.80644058142207","2.4999862154470489095","19.999909415794892453","22.548427103739399513","114306933.72971843183","26545.68479763554933","91800836.374667406082","21550.830787086790224","89200.432473817374557","333.77794393377291726","0","0","126.0282502168818155","6517.0389701995363794","0","0","0","0","0","14.768935572290837754","11.815148457832670204","0","0","0","0","0","0","0","0","0","0","0","0","0","84.675230614467466239","71650.014035411761142","87796320.231088548899","21092.009188640953653","47304.900638047547545","0","0","0","744992.37086018116679","562.20414745187122207","0","0","0","0"
"05/14/2026 08:07:21.762","56283643.531489625573","51050.351868663616187","9581.4050010503160593","41468.94686761329649","1000000000","2075428.0559758120216","9579.3724586232801812","2.032542427036554411","0","0","0","54208215.475513808429","41468.94686761329649","0","0","0","0","0","0","0","0","0","0","42.89409015873015818","0.4289409015873015818","0","0","42.89409015873015818","0.4289409015873015818","1.4375062131889831591e-005","0","1.4375062131889831591e-005","29850.934354672353948","0","29850.934354672353948","151861683.86180621386","0","151861683.86180621386","5087.3343546794676513","0","5087.3343546794676513","60.808177777777785877","0","0","100","25.895586291870735351","35.512333447659855779","122.00611547354429831","157223.71487921668449","144280.40658864885336","1692.4454760302585328","0","100","3500","0","21.428571428571430602","0","0","157189.17517562423018","0","0","70.878354285714280536","78.52182349206348988","506","33595.956985472192173","0.39682031746031748431","0.39683047619047623344","183748.17549095142749","3.6706336507936505598","17.658727619047617452","21.428571428571430602","88176597.042264595628","20237.008674789452925","95264320.455517157912","20394.530712884785316","84171.646988437787513","315.04407619066591906","0","0","122.96881683571153587","6573.2422090362160816","0","0","0","0","0","0","0","0","0","0","0","0","0","0","0","0","0","0","0","0","39.634577327212809905","72290.420231195603264","91399237.776264443994","19958.550362285444862","39881.531232097746397","0","0","0","809085.01748951943591","582.32340534597278747","0","0","0","0"
"05/14/2026 08:07:22.762","58006416.48518512398","52711.697680711295106","9931.7978563269898586","42779.899824384308886","1000000000","2155980.8045216072351","9929.7987021691133123","1.9991541578758029729","0","0","0","55850435.680663518608","42779.899824384308886","0","0","0","0","0","0","0","0","0","1","43.601725028766644243","0.43601725028766646908","1.0083800511124820787","0.010083800511124819954","42.593344977654162165","0.42593344977654162831","1.4514503511867113809e-005","0.0001680683333333333519","1.4207201227444048137e-005","30028.295028373497189","59.974624736274087411","29968.320403637222626","161166754.34623610973","29478727.550373438746","131688026.79586268961","5367.163010552245396","491520","4394.2411527300628222","59.860842132988643982","0","0","100","27.772378352953221992","38.183288909936230482","121.99925373134328765","167983.59982484666398","130885.08839811893995","1700.9351943690944609","0","100","3500","0","23.195641089459641648","0","0","168006.59894858003827","0","0","68.712879227486951095","76.804358910540358352","587","35173.659883558437286","0.43944694842563181147","0.2929612990494182001","194769.57927902945084","4.3455709365431847147","18.847100241122838327","23.195641089459641648","89955251.932907193899","21788.781166688375379","92947345.977916747332","21926.722803581807966","90289.798386302762083","337.85705268101071397","0","0","129.94502026192719768","6811.1182158828605679","0","0","0","0","0","0","0","0","0","0","0","0","0","0","0","0","0","0","0","0","54.976739341584583087","74893.312639422263601","88874269.296660587192","21460.919884796745464","42911.843998804113653","0","0","0","748262.41017425537575","635.73102220450539335","0","0","0","0"
"05/14/2026 08:07:23.762","55734940.363761506975","50964.085277556390793","9701.4933580814886227","41262.591919474900351","1000000000","2130790.0882992870174","9699.4936686332603131","1.9996894482286899919","0","0","0","53604150.275462217629","41262.591919474900351","0","0","0","0","0","0","0","0","0","0","48.640634587185537896","0.4864063458718553834","2.9607028889452426945","0.029607028889452425419","45.679931698240302751","0.45679931698240300308","1.5397008736388957168e-005","0.00017314619883040935681","1.4538502912065179385e-005","31587.09452422038521","170.97344782355298776","31416.121076396833814","230708235.0111027658","84036869.074232771993","146671365.9368699789","7303.8764244112435335","491520","4668.6656694567327577","56.958171771965879771","0","0","100","28.420860046111041441","37.684588960549618264","121.99802652025276473","168942.7458806031209","130897.67099126399262","1676.9478469219607177","0","100","3500","0","21.731087220339173172","0","0","168977.74479213697487","0","0","69.124602713031009671","78.220094380904299669","563","36428.867062234363402","0.63473918055487776879","0.14647519561358388063","196456.89019071508665","4.7361746534713660139","17.089279471633332719","21.828734017524219269","85260982.969344854355","20694.786099718712649","87842262.096696376801","20769.774454027286993","86026.640062798236613","321.95000116481907071","0","0","118.98152216960704664","6803.9433475981177253","0","0","0","0","0","0","0","0","0","0","0","0","0","0","0","0","0","0","0","0","34.994565344002076301","74734.39374865082209","83991820.070343062282","20328.842930692862865","40704.678563419096463","0","0","0","767284.84066424483899","613.90466060620781263","0","0","0","0"
"05/14/2026 08:07:24.778","56930281.939411833882","51597.289534040275612","9647.5848478636071377","41949.704686176664836","1000000000","2097249.7831928688101","9645.6145456379636016","1.9703022256435427373","0","0","0","54833032.156218960881","41949.704686176664836","0","0","0","0","0","0","0","0","0","0","45.607052010269377718","0.45607052010269377718","2.7049530856237460341","0.02704953085623746159","42.902098924645635236","0.42902098924645631906","1.5230789214074316111e-005","0.00018687414965986394238","1.4397045897630771373e-005","29958.445340910067898","144.81721358480038475","29813.628127325267997","210648447.15063267946","71180556.821201086044","139467890.32943159342","7031.3544228872078747","491520","4677.9912103889237187","59.2912462635253803","0","0","100","25.212046066831565128","35.640673987364706932","122.01200614870148797","165055.56353686528746","137239.58833005189081","1671.9722409282460376","0","100","3500","0","22.158696423431777589","0","0","164963.98908550702618","0","0","70.766360212646603145","77.841293729812292668","416","33310.452849447370681","0.24039869908599456605","0.57696081650875585822","189549.26759640008095","2.9809478073687016852","19.231945160659176253","22.158706270187700227","71783611.164008259773","16702.251966780309886","89583368.757725432515","21202.422250150164473","86874.565733075083699","325.09986723118453256","0","0","126.09934244118673519","6632.0372915161642595","0","0","0","0","0","0","0","0","0","0","0","0","0","0","0","0","0","0","0","0","22.65847559490073948","72993.786553416328388","85634567.849179670215","20749.252738252147537","37127.389988914095738","0","0","0","579713.15749108418822","445.28830299544063109","0","0","0","0"
"05/14/2026 08:07:25.762","59382270.871573925018","53496.402077460021246","9855.6954065415993682","43640.706670918421878","1000000000","2116991.3975033047609","9853.6656062313250004","2.0298003102752755211","0","0","0","57265279.474070616066","43640.706670918421878","0","0","0","0","0","0","0","0","0","1","39.737750252426856434","0.39737750252426856656","1.7549086779900535671","0.017549086779900534977","37.982841574436804422","0.379828415744368042","1.5256493430543101062e-005","0.00016001203703703702382","1.46443952860107268e-005","26031.174079125266871","109.60921675486487459","25921.564862370403716","197059899.20417618752","53875122.219351179898","143184776.98482501507","7570.1502592693668703","491520","5523.770564973963701","63.996857243739391663","0","0","100","24.722778663209421524","37.337887213879668025","121.98475198760203853","156140.00010763583123","142211.07289384197793","1746.5437979874332086","0","100","3500","0","25.275780720752173636","0","0","156215.14210824691691","0","0","69.407449087866481818","74.72421927924783347","472","29277.963562425386044","0.54543292462675707633","0.44625960925551266811","178272.36558492309996","4.065953605857867359","21.22227709284281616","25.275780720752173636","109727923.53661037982","25943.892665783430857","96788364.697469428182","21518.927989383329987","89497.955280657435651","334.91705119542041302","0","0","123.81781892679180146","6650.640716616939244","0","0","0","0","0","9.1341013962387389569","7.1043010859634634357","0","0","0","0","0","0","0","0","0","0","0","0","0","55.819508532570068837","73074.840970220189774","92880544.424920022488","21085.565623139558738","46694.54123772757157","0","0","0","406452.28863029682543","324.76804964404402654","0","0","0","0"
"05/14/2026 08:07:26.777","58815062.237533733249","53068.879539247056528","9805.8313428523197217","43263.048196394738625","1000000000","2127567.0015900870785","9803.8617071502303588","1.9696357020894486034","0","0","0","56687495.235943645239","43263.048196394738625","0","0","0","0","0","0","0","0","0","1","39.381714896079110133","0.39381714896079111909","0","0","39.381714896079110133","0.39381714896079111909","1.3957016686448371086e-005","0","1.3957016686448371086e-005","28211.092161027172551","0","28211.092161027172551","116988671.24633228779","0","116988671.24633228779","4146.9033023807860445","0","4146.9033023807860445","62.426683682284163979","0","0","100","26.701256558199936819","36.394480158736413955","121.99669832750477383","164303.14784830494318","136663.35001948382705","1685.4484332077277031","0","100","3500","0","21.218909084318514857","0","0","164329.7446383087954","0","0","70.175454840418510116","78.781090915681488696","512","31526.061751244953484","0.24047890111366532206","0.43286990203740222105","188228.43805622385116","3.5109978662841170305","17.795487932616264715","21.218909084318514857","91326847.060348257422","22103.251848847794463","94467651.786528512836","22257.868251461815817","91595.938689967719256","342.71661216356409341","0","0","127.0415027847694347","6703.6551120614385582","0","0","0","0","0","9.8481785104472425729","7.8785428083577944136","0","0","0","0","0","0","0","0","0","0","0","0","0","54.164981807459838592","73731.342872016422916","90369533.202247515321","21789.09495436452562","43549.630191048752749","0","0","0","797101.72045708948281","665.73686730623364838","0","0","0","0"
"05/14/2026 08:07:27.762","56954832.717343479395","51674.046011749371246","9665.1298253244494845","42008.916186424918124","1000000000","2109082.5392534751445","9663.0974144685296778","2.0324108559193461154","0","0","0","54845750.178090006113","42008.916186424918124","0","0","0","0","0","0","0","0","0","1","45.045861093805342534","0.45045861093805344977","0","0","45.045861093805342534","0.45045861093805344977","1.4326226860078182594e-005","0","1.4326226860078182594e-005","31454.606611635757872","0","31454.606611635757872","149366914.18043541908","0","149366914.18043541908","4748.6498885406908812","0","4748.6498885406908812","58.886288481227943237","0","0","100","25.947388611024869931","37.159108530596917319","122.01151953195896738","169394.16219589818502","131355.07553178092348","1719.7737821959835856","0","100","3500","0","25.003303981650894627","0","0","169369.78265025571454","0","0","69.535237205565962881","74.996706176632429219","506","35333.072336753037234","1.0416202136835530645","0.2976072265214899093","195524.9718670201546","4.4640880812557020008","20.48520430796542513","25.003293823367567228","88111071.253275990486","21314.908851454139949","91214371.583644375205","21493.761006775042915","88251.344185729831224","330.26676408689371556","0","0","121.94465135516075804","6682.5668942628090008","0","0","0","0","0","9.1458488516370568533","7.1134379957177102938","0","0","0","0","0","0","0","0","0","0","0","0","0","59.956120249620703078","73439.133867789641954","87143533.935672163963","21021.225482773796102","42008.916186424918124","0","0","0","765589.86152168631088","641.22562504255358817","0","0","0","0"
"05/14/2026 08:07:28.778","57137808.174858130515","51931.117031986614165","9768.0989700124973751","42163.018061974114971","1000000000","2128365.4822694873437","9765.1452055824975105","2.9537644300007550591","0","0","0","55009442.69258864224","42163.018061974114971","0","0","0","0","0","0","0","0","0","0","45.169582062221657281","0.4516958206222165817","0","0","45.169582062221657281","0.4516958206222165817","1.4437983325467988299e-005","0","1.4437983325467988299e-005","31295.134135858002992","0","31295.134135858002992","147925782.92726129293","0","147925782.92726129293","4726.7981752398927711","0","4726.7981752398927711","58.860923830546084901","0","0","100","27.478100310389301342","37.750995655179693244","122.0107386785826975","167036.83489676710451","132348.70564658730291","1752.9881262367989621","0","100","3500","0","24.352931403179333358","0","0","166959.07742232986493","0","0","69.050838101991175222","75.647068596820659536","596","36176.911049878464837","0.81702862139609444547","0.43254051136337906547","194040.33250670903362","5.1424632633387732383","19.176097188294740192","24.352931403179333358","88814931.003508970141","21440.391409232150181","91306529.759028941393","21490.605404542162432","88935.877811036072671","332.79079244675176597","0","0","130.9502230633668205","6732.6137241150545378","0","0","0","0","0","0","0","0","0","0","0","0","0","0","0","0","0","0","0","0","38.398937590009815324","74076.473551845614566","87307668.336757898331","21027.848977175377513","42136.434182104108913","0","0","0","742317.43102049315348","610.44464886682271754","0","0","0","0"
"05/14/2026 08:07:29.762","56731467.948503702879","51018.018747445668851","9388.8596030245498696","41629.159144421122619","1000000000","2021370.0684740643483","9386.8278221106720594","2.0317809138767688459","0","0","0","54710097.880029633641","41629.159144421122619","0","0","0","0","0","0","0","0","0","2","41.380017158219231987","0.41380017158219228879","2.3242964408585127245","0.023242964408585125441","39.055720717360713934","0.390557207173607146","1.56718843814948822e-005","0.0002287149999999999947","1.4848752028436750595e-005","26394.86585217310494","101.58904569383844319","26293.276806479268998","193498882.16493570805","49933047.739435471594","143565834.4255002439","7330.9287968593644109","491520","5460.1727841743295357","63.91868565032638827","0","0","100","26.226271094122179051","36.16962771587585479","121.99181824662612428","154932.48875083509483","145312.74520734819816","1741.8192926506403637","0","100","3500","0","22.44212556231175526","0","0","154957.89451648050454","0","0","70.368983012712575942","77.557874437688241187","437","31194.21529008404832","0.84356163331125377791","0.4962103343210522155","178596.43510361385415","4.7636314043784961925","17.764376715796519335","22.44212556231175526","66977641.571700379252","16325.359642999839707","91194113.199251368642","21536.877687093750865","88496.249484816551558","331.18028896191333388","0","0","121.90685483260614319","6337.1246703816423178","0","0","0","0","0","0","0","0","0","0","0","0","0","0","0","0","0","0","0","0","981.350181402479393","69651.481508609518642","87224712.226170539856","21083.790543299230194","37078.985787794095813","0","0","0","553425.62833586684428","474.4208433902255706","0","0","0","0"
"05/14/2026 08:07:30.762","50470774.601933240891","47509.491947658149002","9413.6919063551158615","38095.800041303031321","1000000000","2067403.9541906327941","9411.6917593443122314","2.0001470108052941121","0","0","0","48403370.647742606699","38095.800041303031321","0","0","0","0","0","0","0","0","0","1","39.264994352018071311","0.39264994352018073309","4.2400364318834178334","0.042400364318834177224","35.024957920134653477","0.35024957920134652811","1.5763426873820706418e-005","0.0002243412698412698518","1.4168717637540454346e-005","24910.830946074536769","189.0138925211003027","24721.817053553433652","200272256.01081678271","92904108.45197121799","107368147.55884556472","8039.5654582680954263","491520","4343.0524271844660689","64.298044246258413636","0","0","100","24.262568384267179766","38.817122988474480394","122.00257490872149901","154261.68877564539434","141389.85707340788213","1761.9850231273032932","0","100","3500","0","26.3185957804935029","0","0","154270.6886991460342","0","0","68.158671892249941493","73.730234063251003818","457","28371.758840049857099","0.2441392187545000092","0.58593812499800002058","175472.50848367786966","3.2714795312654998405","22.949146562730998511","26.269765936748999735","93643822.820977330208","21652.591465472709388","80139154.227835744619","17998.322876731439464","74521.477328583641793","279.02050800733854885","0","0","112.00823260509646673","6654.4891049492134698","0","0","0","0","0","6.0004410324158818923","5.0003675270132355024","0","0","0","0","0","0","0","0","0","0","0","0","0","40.002940216105884019","73218.381551044003572","76830223.021392062306","17581.292224978533341","38954.863182443907135","0","0","0","0","0","0","0","0","0"
"05/14/2026 08:07:31.778","57678601.941151276231","52008.200206619381788","9628.1953561034606537","42380.004850515921135","1000000000","2085463.964446348371","9624.2582490267468529","3.9371070767137443802","0","0","0","55593137.976704925299","42380.004850515921135","0","0","0","0","0","0","0","0","0","0","42.852505280781613806","0.4285250528078161647","3.8537274938468417673","0.038537274938468417396","38.998777786934773815","0.38998777786934774037","1.5682372441625828875e-005","0.00024011717791411045118","1.4356377541773895088e-005","27315.648898239956907","160.43711337608507961","27155.211784863873618","209425371.34793949127","78858049.966613337398","130567321.38132615387","7666.8642260017295484","491520","4808.1864511218236657","61.63956342978605818","0","0","100","26.62260777233743525","37.449144879041661227","122.01097434528637109","158746.83501303903176","139684.98080584444688","1709.3268097965299148","0","100","3500","0","22.691670981778855776","0","0","158866.96051464916673","0","0","69.319409576467180045","77.308319171986823903","494","30662.526603613907355","0.43269276686765789641","0.33653444257070602719","181870.00943772896426","3.5577201517068397507","19.086698751605798208","22.643601665864686368","93824419.197964042425","22714.155002330768184","91845920.527131393552","21670.821627001627348","89435.324354629410664","334.65410152066823457","0","0","123.03459614730451221","6565.1260504201682124","0","0","0","0","0","4.9213838458921799202","3.9371070767137443802","0","0","0","0","0","0","0","0","0","0","0","0","0","100.39623045620047037","72174.062653547181981","87872702.304310038686","21258.409660715860809","43638.894838295142108","0","0","0","237071.91834754892625","161.42139014526350138","0","0","0","0"
"05/14/2026 08:07:32.762","55632974.186079576612","50853.017040030870703","9658.38698539716097","41194.63005463371519","1000000000","2104656.0513435020112","9655.3404959684794449","3.0464894286816828206","0","0","0","53528318.134736075997","41194.63005463371519","0","0","0","0","0","0","0","0","0","0","45.115163427602674062","0.45115163427602672508","0","0","45.115163427602674062","0.45115163427602672508","1.4272620922384702697e-005","0","1.4272620922384702697e-005","31597.172857810186542","0","31597.172857810186542","147790255.29581412673","0","147790255.29581412673","4677.3252771974930511","0","4677.3252771974930511","58.813172059259620994","0","0","100","25.72159700415439687","35.645290060007930322","121.99384803648904096","164449.91124241720536","137764.77772561035817","1704.6494669770388555","0","100","3500","0","22.220507616523455852","0","0","164449.91124241720536","0","0","70.801885867604653413","77.729886210570938943","560","34670.010136467448319","0.19842469162240833347","0.24802070557390318295","190795.78685420655529","3.6707145696570528948","18.700805899670370991","22.319719962334659158","86671190.364969432354","20951.723297520158667","89492974.795377463102","21051.241952190426673","86829.010703332867706","324.95887239271280578","0","0","124.90606657594898365","6671.8118488128848185","0","0","0","0","0","10.154964762272275181","8.123971809817820855","0","0","0","0","0","0","0","0","0","0","0","0","0","43.66634847777078221","73405.162784085143358","85601966.001177981496","20607.469992079128133","41236.26541015903058","0","0","0","818977.59814773441758","643.82476592806222015","0","0","0","0"
"05/14/2026 08:07:33.762","57908415.447782658041","52629.693601486818807","9910.9683851615445747","42718.725216325270594","1000000000","2152426.1910522514954","9908.9671800358173641","2.0012051257267127191","0","0","0","55755989.256730400026","42718.725216325270594","0","0","0","0","0","0","0","0","0","0","49.022657849847270484","0.49022657849847267597","0","0","49.022657849847270484","0.49022657849847267597","1.464627588061306765e-005","0","1.464627588061306765e-005","33491.168381599396525","0","33491.168381599396525","173414382.1409252584","0","173414382.1409252584","5177.9137761046877131","0","5177.9137761046877131","56.619954563900044775","0","0","100","27.425335319463489014","37.871293005931192965","121.99529967169856093","168576.65545555495191","130910.67324747434759","1722.9147157215716106","0","100","3500","0","23.974442743774037723","0","0","168497.6593658613856","0","0","68.947741685031701309","76.074387363652192562","547","37740.131863472757686","0.58593128904883595709","0.58594128907083598001","198330.18265595851699","4.2968894531567967121","19.531292968844532254","23.925612636347803885","90281255.371985003352","21813.135870421167056","93142330.311313480139","21931.206972839045193","90382.428298321246984","338.20366624781445353","0","0","130.07833317223631298","6811.1016454108666949","0","0","0","0","0","0","0","0","0","0","0","0","0","0","0","0","0","0","0","0","154.09279468095687093","74786.036150970117887","88965446.992178693414","21439.911114473135967","42915.84392120935081","0","0","0","776289.48152577481233","645.38865304686487434","0","0","0","0"
"05/14/2026 08:07:34.762","55122437.127663828433","50371.83639198752644","9639.7585062572470633","40732.077885730279377","1000000000","2087597.4571188676637","9635.76026548318805","3.9982407740594139156","0","0","0","53034839.670544959605","40732.077885730279377","0","0","0","0","0","0","0","0","0","1","35.133960557571910499","0.3513396055757191383","0","0","35.133960557571910499","0.3513396055757191383","1.4210673839184597938e-005","0","1.4210673839184597938e-005","24713.126224461237143","0","24713.126224461237143","105237279.59697732329","0","105237279.59697732329","4258.3556058890144413","0","4258.3556058890144413","66.747202165568594978","0","0","100","26.82939278108534964","36.741920361217736968","122.00087668030391796","154877.14653790788725","144335.30960941381636","1741.0915814171823968","0","100","3500","0","23.096815096181099847","0","0","155016.15384969249135","0","0","69.886016652758527812","76.854355611843629958","565","29853.570297797661624","0.73241937991899119798","0.39062433594712875351","176824.30095823039301","4.247978404313137446","18.993864588963461415","23.145644388156373594","65292795.17012514174","15866.018951661269966","88379688.936867773533","20849.826076526329416","85734.27691815601429","320.85882211826793764","0","0","120.94678341529727561","6594.0985966174885107","0","0","0","0","0","0","0","0","0","0","0","0","0","0","0","0","0","0","0","0","122.94590380232698124","72580.064771500547067","84606613.090240299702","20427.012114669545554","35973.17180440606171","0","0","0","602033.1054336092202","396.82539682539680825","0","0","0","0"
"05/14/2026 08:07:35.762","32755439.036226306111","34701.476605177027523","8476.6278760362420144","26224.848729140787327","1000000000","2005772.9465676455293","8475.6279199343134678","0.99995610192712525155","0","0","0","30749666.089658662677","26224.848729140787327","0","0","0","0","0","0","0","0","0","2","42.110764106558384867","0.42110764106558384867","0.51237031620102380103","0.0051237031620102379756","41.598393790357363287","0.41598393790357363065","1.4578536315169978303e-005","0.00016528387096774194848","1.4416627967423324705e-005","28884.731960266941314","30.998639159740886129","28853.733321107200027","153359795.50497731566","15236451.119795840234","138123344.38518148661","5309.3722910752612734","491520","4787.0181251083004099","61.428938993053030515","0","0","100","25.598126953756171531","37.281441676078827641","122.00404122891049497","150123.55228646972682","148071.50567008246435","1681.8269400078734179","0","100","3500","0","25.245552859050967243","0","0","149992.56576498280629","0","0","69.430947755087430551","74.852105295209923952","430","33104.593537325010402","0.48827077168241522775","0.83006431178450723607","174420.05217663102667","5.0780340251569242582","20.067980715164480898","25.147894704790076048","68488197.368135526776","16438.278359580013785","50150582.38943310082","11755.483934255285931","49053.846536137061776","183.99192275459105872","0","0","69.996927134898768941","6865.6985958316427059","0","0","0","0","0","3.9998244077085010062","2.9998683057813759767","0","0","0","0","0","0","0","0","0","0","0","0","0","44.998024586720639206","75413.689339038013713","47884233.882132567465","11485.495786734960348","27739.782223560381681","0","0","0","229738.9144616551057","161.9928885121942983","0","0","0","0"
"05/14/2026 08:07:36.777","54899041.409652739763","50172.888334707400645","9575.4600240553991171","40597.428310652001528","1000000000","2090903.5198756558821","9575.4600240553991171","0","0","0","0","52808137.889777079225","40597.428310652001528","0","0","0","0","0","0","0","0","0","0","42.499293755896239588","0.42499293755896239144","3.514786619753743846","0.035147866197537437627","38.984507136142497075","0.38984507136142498851","1.5608849269492259398e-005","0.00019941675977653631189","1.4411251046481999934e-005","27243.607427222956176","176.35634780388068066","27067.251079419074813","216444372.28174766898","86682672.072563439608","129761700.20918422937","7944.7765080283525094","491520","4794.0479743748410328","61.752812692838610076","0","0","100","28.016358081588727202","38.756896092621218486","122.00654778144298973","155912.21342700425885","140041.41496443955111","1708.4732197068988171","0","100","3500","0","22.400694300233446654","0","0","155860.02375516307075","0","0","68.229039123018623059","77.59930569976654624","505","30475.814222886921925","0.14423232669055241484","0.38462610221097481844","179004.66615054689464","3.3174419794252312244","18.94307677446969862","22.400694300233446654","87374922.954936310649","20365.709862871608493","86499387.580414548516","20450.439728296936664","84241.190852642539539","315.27391786168612953","0","0","126.1095671446744575","6646.3682809216716123","0","0","0","0","0","15.763695893084307187","12.808002913131000255","0","0","0","0","0","0","0","0","0","0","0","0","0","118.22771919813230568","73120.888631064881338","82695591.997717410326","20007.085781303940166","40058.506957307181437","0","0","0","309445.29130521824118","126.1095671446744575","0","0","0","0"
"05/14/2026 08:07:37.762","58279578.030002817512","52611.652721240010578","9776.3080357818562334","42835.344685458156164","1000000000","2102325.7637715255842","9776.3080357818562334","0","0","0","0","56177252.266231298447","42835.344685458156164","0","0","0","0","0","0","0","0","0","0","48.052469687611740312","0.48052469687611742977","4.368336150570490517","0.043683361505704905448","43.684133537041255124","0.43684133537041253126","1.617826191046205464e-005","0.00025295647058823529912","1.4793546389624687157e-005","29701.732196407490846","172.69039547827466663","29529.041800929215242","244211167.03458184004","84880783.18548156321","159330383.84910029173","8222.118677109339842","491520","5395.7180501565244413","58.387968094789201245","0","0","100","29.381910862812475216","41.759597145035264987","121.99689914382179268","174422.24864963043365","120656.75077596800111","1712.6910917816528581","0","100","3500","0","26.739163118031406441","0","0","174483.19851054792525","0","0","65.771564054220974072","73.260836881968600665","500","32844.8642174235938","0.49600981698794011088","0.19840189513376460528","202547.56197000920656","6.001730975522543865","20.832463105028768524","26.739163118031406441","86907924.630191132426","21129.17779969478579","93313308.019630223513","21217.554649145429721","87401.656629122080631","327.09592555296734417","0","0","125.96240611356506633","6615.0579726736750672","0","0","0","0","0","6.0949551345273418335","5.0791292787727844171","0","0","0","0","0","0","0","0","0","0","0","0","0","132.0573612480924055","72770.716828689197428","89370310.884360715747","20766.527969190407021","41570.641495043731993","0","0","0","429367.24105862464057","283.41541375552139925","0","0","0","0"
"05/14/2026 08:07:38.778","56394076.568426914513","51451.934887544899539","9743.7298615880336001","41708.20502595686412","1000000000","2131933.2137028588913","9742.7452486270813097","0.98461296095271155782","0","0","0","54262143.354724057019","41708.20502595686412","0","0","0","0","0","0","0","0","0","0","42.430919066218585556","0.42430919066218586444","3.2897942698264022177","0.032897942698264022454","39.141124796392183782","0.39141124796392184892","1.5196794442289383598e-005","0.00019092400000000000365","1.4105592221985664017e-005","27920.669733736041962","172.30726816672452628","27748.362465569316555","199474961.04624974728","84692468.449308440089","114782492.59694130719","7144.3472863843144296","491520","4136.5501383862037983","60.956057536273277719","0","0","100","25.456003163166126768","34.62246635591605326","122.00694999555911124","161292.38714190234896","142109.25618422016851","1674.8673792549607242","0","100","3500","0","21.153206716667817489","0","0","161259.89412396264379","0","0","71.623251173400362291","78.75064480526954469","442","31198.220406639291468","0.28846512665654272523","0.28846512665654272523","184192.08769412609399","2.5480971315260965149","18.557847660441186832","21.24935519473045531","85790414.300518646836","20865.917868509863183","88586463.048706352711","20988.99448862895224","86563.23307511859457","323.93766415344214238","0","0","125.04584604099437684","6791.8602046518044517","0","0","0","0","0","0","0","0","0","0","0","0","0","0","0","0","0","0","0","0","112.24587754860911559","74652.370086473645642","84684402.499932318926","20540.995591395469091","41083.960408712846402","0","0","0","786004.71137301821727","638.02919869735706015","0","0","0","0"
"05/14/2026 08:07:39.762","55709350.52783845365","50953.590965165647503","9695.676029132124313","41257.914936033528647","1000000000","2112680.2907199603505","9692.6289907823029353","3.047038349821534986","0","0","0","53596670.237118497491","41257.914936033528647","0","0","0","0","0","0","0","0","0","1","33.420834884674214038","0.33420834884674210929","0.38228764069370713141","0.0038228764069370715049","33.038547243980495693","0.33038547243980498358","1.4888106982848351714e-005","0.00017105000000000001063","1.4732475651189127906e-005","22443.468805335487559","22.344947898691255972","22421.123857436796243","121719805.32268847525","10982988.791164726019","110736816.53152374923","5423.3953930397792647","491520","4938.9503057757647184","68.452964783842546126","0","0","100","25.675133231374829279","37.550915594937613662","122.00187455776277545","154099.18334300103015","143764.21475890709553","1679.2312716951498714","0","100","3500","0","25.197531196554933786","0","0","154054.48511193352169","0","0","69.241494630794420573","74.80245864459622851","374","27385.793479950301844","0.69444874784568910719","0.54564193003905570034","171416.70027499570278","4.414741099197603269","20.982391159363388056","25.197541355403775043","66242223.704211398959","16053.829385759727302","88409354.570242673159","20837.679594979537796","86300.251502545404946","322.98606508108269963","0","0","121.88153399286140655","6702.4686901574368676","0","0","0","0","0","6.094076699643069972","5.0783972497025589021","0","0","0","0","0","0","0","0","0","0","0","0","0","114.77177784327781751","73699.732246583414963","84618936.36829186976","20415.156943804286129","36147.015943932870869","0","0","0","615749.57244973559864","470.25958532245692822","0","0","0","0"
"05/14/2026 08:07:40.762","44882505.6918220222","42963.317813440247846","8919.8964495931832062","34043.421363847068278","1000000000","2021499.1606656468939","8915.8960475527783274","4.0004020404050608661","0","0","0","42861006.531156376004","34043.421363847068278","0","0","0","0","0","0","0","0","0","1","38.836602326795343743","0.38836602326795344187","0","0","38.836602326795343743","0.38836602326795344187","1.4495625559868617713e-005","0","1.4495625559868617713e-005","26794.692866633096855","0","26794.692866633096855","129004196.92179062963","0","129004196.92179062963","4814.5428486115260966","0","4814.5428486115260966","63.590382819234356759","0","0","100","26.209282527571705401","37.066890590095312064","121.99608696110134076","152144.83679660237976","146382.51887976759463","1683.0092565509110045","0","100","3500","0","24.023591952816090611","0","0","152220.83721460468951","0","0","69.595210809578375688","76.025237949524111514","501","31916.175538965464511","0.68359863280273436281","0.68358863282273440998","175085.96297279634746","4.541000917998164077","19.28707142585714962","23.974762050475895592","87428034.517469003797","21120.122572318516177","70454728.700234368443","16619.670276862823812","68358.870066441668314","256.02573058592389543","0","0","92.009246929316390151","6632.6665829915900758","0","0","0","0","0","0","0","0","0","0","0","0","0","0","0","0","0","0","0","0","127.01276478286067118","72967.333216988306958","67320429.703185170889","16249.633088125356153","37115.730130878153432","0","0","0","482863.52778454229701","335.03367088392383266","0","0","0","0"
"05/14/2026 08:07:41.777","57724649.436686962843","52138.817657858082384","9706.9984692847956467","42431.819188573281281","1000000000","2101673.9428959554061","9705.029703750005865","1.9687655347905479442","0","0","0","55622975.493791006505","42431.819188573281281","0","0","0","0","0","0","0","0","0","1","69.439994123640076396","0.69439994123640069734","0","0","69.439994123640076396","0.69439994123640069734","1.6721887893014653628e-005","0","1.6721887893014653628e-005","41515.358832128280483","0","41515.358832128280483","348335292.58316802979","0","348335292.58316802979","8390.5162422345529194","0","8390.5162422345529194","54.919999090188241553","0","0","100","27.922899275826921439","38.320817967431899831","122.00582789162729114","159188.76382721797563","137888.88400893239304","1693.5708113464518192","0","100","3500","0","24.132353191681676918","0","0","159217.31821880463394","0","0","68.59718744101363086","75.867646808318326634","532","45750.043126977638167","0.52886254723463999028","0.67310315817914367909","198044.39833730732789","4.2309003778771199222","19.904436287428438845","24.084272988033518459","88871733.94102562964","21564.873285328267229","91715477.942443132401","21690.87427955486055","89444.955776604168932","334.69014091439316871","0","0","124.03222869180451937","6615.0521968962411847","0","0","0","0","0","0","0","0","0","0","0","0","0","0","0","0","0","0","0","0","91.547597367760474185","72762.621017556462903","87789428.713460937142","21253.808330831361673","42484.975858012629033","0","0","0","806061.82908162008971","645.75509541129974878","0","0","0","0"
"05/14/2026 08:07:42.762","57194900.082428753376","52029.154285000353411","9829.489789854913397","42199.664495145436376","1000000000","2141022.756533482112","9826.4425159715246991","3.0472738833899701838","0","0","0","55053877.325895272195","42199.664495145436376","0","0","0","0","0","0","0","0","0","1","46.143648446677261177","0.46143648446677260067","0.7662544980079434298","0.0076625449800794345756","45.377393948669315193","0.45377393948669314527","1.4809491216062058448e-005","0.00015719166666666666119","1.4586387229458427738e-005","31164.470005429226148","48.756382134239522941","31115.713623294985155","168522859.37897571921","23964736.946621410549","144558122.43235433102","5407.5316971415531953","491520","4645.8237848072340057","58.907911649796140807","0","0","100","26.044790525806064352","37.79597756248801943","121.99527908477189442","155359.82300185755594","142160.46309431199916","1690.8904066393397443","0","100","3500","0","24.42863252129435736","0","0","155349.66750391977257","0","0","69.016434580814049582","75.521788216932932869","533","34551.035083894064883","0.54546327920405890399","0.54546327920405890399","188631.26534559210995","3.9174116334965294328","20.62840546411804965","24.527801200362475242","92149436.279725521803","21459.918444793300296","91574610.723458364606","21567.588788673077943","89029.153777121362509","333.16861125063672944","0","0","125.95398718011877293","6788.3104542317232699","0","0","0","0","0","9.1418216501699109955","7.1103057279099299848","0","0","0","0","0","0","0","0","0","0","0","0","0","142.2061145581986068","74557.65010490239365","87471289.855168148875","21088.151031019722723","42215.916622523516708","0","0","0","787464.32785010256339","656.1796428899735929","0","0","0","0"
"05/14/2026 08:07:43.777","57144707.009305626154","51642.63258856923494","9575.1585937959316652","42067.473994773303275","1000000000","2062754.8587060922291","9573.1890044523552206","1.9695893435762483747","0","0","0","55081952.150599531829","42067.473994773303275","0","0","0","0","0","0","0","0","0","0","38.034048204718665431","0.38034048204718667874","3.317425706569884003","0.033174257065698840863","34.716622498148787201","0.34716622498148785869","1.6421492664256857544e-005","0.00019246342857142856634","1.5101555269922879471e-005","23157.446707097740727","172.33906756292174123","22985.107639534820919","201185767.62922796607","84708098.488527297974","116477669.1407006681","8687.7353178822031623","491520","5067.5276778063407619","66.905149741223638671","0","0","100","24.959713862540571228","34.857701761573125054","122.00185277088502289","141615.38664564647479","161377.84142653550953","1666.3298553129332049","0","100","3500","0","22.906362019789249018","0","0","141611.44733156773145","0","0","71.447855375994478777","77.093628130693630851","509","26600.21831678624585","0.76949352404099691238","0.43283702929896455958","166389.73288693025825","3.3665353988689998843","19.622089787803972172","22.906371869306362044","85745741.181582257152","20869.768684533930355","92159890.081157922745","21039.153368081486406","86579.208364924736088","323.99744701829285987","0","0","123.09933397351552742","6498.6600391298316026","0","0","0","0","0","4.923973358940621381","3.9391786871524967495","0","0","0","0","0","0","0","0","0","0","0","0","0","117.19056594278677608","71435.035902166957385","88225501.435288995504","20593.041381761464436","41139.79741394888697","0","0","0","793809.50190956611186","630.26858994439953676","0","0","0","0"
"05/14/2026 08:07:44.762","57663237.182108826935","52096.124467376539542","9692.5148971992912266","42403.609570177250134","1000000000","2104680.9898578636348","9690.4827104088089982","2.032186790481033789","0","0","0","55558556.192250967026","42403.609570177250134","0","0","0","0","0","0","0","0","0","0","47.759788060837735202","0.47759788060837732315","2.3302316334782848806","0.023302316334782850749","45.42955642735944366","0.45429556427359446547","1.5357199320572286985e-005","0.00016866691176470587771","1.467309534746374495e-005","31106.683201893185469","138.18870175271030121","30968.494500140473974","212074721.4760991931","67922510.685492172837","144152210.79060703516","6817.6578036192595391","491520","4654.8020211299954099","58.318753322469817135","0","0","100","25.667871245039851402","38.079092518446628901","122.0085737204529579","154928.32538077537902","142098.08791021376965","1720.0486246468844911","0","100","3500","0","25.348790125759389724","0","0","154884.63838085817406","0","0","68.763455590064040734","74.651209874240606723","497","34946.552003531534865","0.44641600933445768629","0.5952281181236366292","188262.52229433963657","3.5217443554456808741","21.6761308486008204","25.348790125759389724","69049329.810198828578","16851.908960063974519","90630816.182100191712","21470.053441432122781","89058.553906040819129","333.27863363888951653","0","0","127.01167440506461048","6640.1703378967777098","0","0","0","0","0","6.0965603714431013671","5.0804669762025849167","0","0","0","0","0","0","0","0","0","0","0","0","0","101.60933952405169123","73021.551848959745257","86742706.35459728539","21034.149374873941269","37553.79579469426244","0","0","0","605252.2883693377953","504.99841743453691834","0","0","0","0"
"05/14/2026 08:07:45.762","55182682.279598414898","50088.439885623542068","9457.3837331200084009","40631.056152503537305","1000000000","2043362.7892993085552","9455.3840748616057681","1.9996582584036386443","0","0","0","53139319.490299105644","40631.056152503537305","0","0","0","0","0","0","0","0","0","0","44.847050136563538558","0.4484705013656353767","3.3222744516633673229","0.033222744516633671841","41.524775684900170347","0.41524775684900172568","1.6276232126007114209e-005","0.00017037487179487179924","1.5177901239080375726e-005","27549.291826026928902","194.96668019435477959","27354.325145832575799","262250733.34967052937","95830022.649129256606","166420710.70054125786","9519.3275749437470949","491520","6083.8902006652288037","62.03704620360561961","0","0","100","26.626756620122097985","40.922859099228240609","121.9984881147697422","150275.83450549622648","141510.63238082564203","1726.8716934331778248","0","100","3500","0","27.832812188909585416","0","0","150311.83183089495287","0","0","66.473528733242559952","72.313676243664190224","503","32799.562992469655001","0.58593373050908359456","0.43944529793531211803","179711.64742459633271","4.2480045463513542714","23.48606869906491923","27.686323756335806223","103434407.05983346701","25024.723274792337179","87441120.312538579106","20677.466221022827085","85221.43565664626658","318.94549221538034089","0","0","120.97932463342013421","6449.8977124809362067","0","0","0","0","0","0","0","0","0","0","0","0","0","0","0","0","0","0","0","0","56.990260364503704693","70837.893803948900313","83531836.409157663584","20216.544992460785579","44922.322775037740939","0","0","0","207796.48758027251461","105.98188769539284237","0","0","0","0"
"05/14/2026 08:07:46.762","56857345.519502952695","51759.955353205230494","9816.1815862737676071","41943.773766931466525","1000000000","2135488.4781482326798","9814.183788047193957","1.9977982265744922419","0","0","0","54721857.041354723275","41943.773766931466525","0","0","0","0","0","0","0","0","0","0","41.905037933918620752","0.41905037933918620752","0","0","41.905037933918620752","0.41905037933918620752","1.4087678553423183003e-005","0","1.4087678553423183003e-005","29720.24531763543564","0","29720.24531763543564","122777454.96688100696","0","122777454.96688100696","4131.1050314254025579","0","4131.1050314254025579","60.523730618889835853","0","0","100","28.273005035800895968","37.938221856783613362","122.00008745035906088","164054.68269463803153","134400.2218335395446","1722.681648431369922","0","100","3500","0","23.211733111093202808","0","0","164125.66957626229851","0","0","68.90967302427797847","76.690630263115011189","557","34978.535966553383332","0.9763262674915624828","0.34171819266467606813","190997.70362437021686","5.3698044688101669308","18.013267623730875755","23.309369736884988811","88117050.198975712061","21279.547810358202696","90953424.231154844165","21404.410199519108573","88086.919406122513465","329.63670738479123656","0","0","123.86349004761852655","6762.5469969546566062","0","0","0","0","0","6.9922937930107229576","4.9944955664362309378","0","0","0","0","0","0","0","0","0","0","0","0","0","26.970276058755644044","74398.005957634086371","87083289.506634742022","20971.886883465733263","41923.795784665722749","0","0","0","785222.60616574471351","633.30203782411399516","0","0","0","0"
"05/14/2026 08:07:47.777","55240087.723848581314","50478.29379126355343","9615.3827188594259496","40862.911072404131119","1000000000","2109959.1499094380997","9614.3965257600557379","0.98619309937019750123","0","0","0","53130128.573939144611","40862.911072404131119","0","0","0","0","0","0","0","0","0","0","31.843644910575658713","0.31843644910575658047","0","0","31.843644910575658713","0.31843644910575658047","1.4439362272240086112e-005","0","1.4439362272240086112e-005","22082.835881097460515","0","22082.835881097460515","96078245.349458515644","0","96078245.349458515644","4350.8110039299754135","0","4350.8110039299754135","69.242191527991920452","0","0","100","25.314350506495880921","36.030733300134265562","122.01213107754709597","152864.46676485807984","147511.98595270313672","1696.9292278085629277","0","100","3500","0","23.489319750570125223","0","0","152745.29762001489871","0","0","70.443307787272530618","76.462598567693774498","363","25884.326155115875736","0.28853933425287991987","0.38471254649233693756","168776.00977383961435","3.3662791012605928209","20.005308485550134634","23.537401432306225502","85292989.094084993005","20651.86969391130333","87936598.040118739009","20744.57184525210323","85644.953521705421736","320.51275729531414527","0","0","124.26033052064488515","6719.9197791085252902","0","0","0","0","0","10.848124093072172514","8.8757378943317775111","0","0","0","0","0","0","0","0","0","0","0","0","0","83.826413446466787605","73904.324673703231383","84000299.013747736812","20281.061088548111002","40613.404218263473012","0","0","0","792263.15734454500489","618.34307330511376222","0","0","0","0"
"05/14/2026 08:07:48.762","61539911.02427931875","56923.087394320631574","10273.462233978736549","46649.625160341893206","1000000000","2156942.5006112977862","10270.414633197373405","3.0476007813642058686","0","0","0","59382968.523668020964","46649.625160341893206","0","0","0","0","0","0","0","0","0","1","35.934474477946096727","0.35934474477946098947","0","0","35.934474477946096727","0.35934474477946098947","1.4772149837133550661e-005","0","1.4772149837133550661e-005","24325.94943684908867","0","24325.94943684908867","119824055.91169027984","0","119824055.91169027984","4925.7709847156102114","0","4925.7709847156102114","67.205117423969610968","0","0","100","25.185405458121351785","35.125210084033611224","122.00137747267636712","160569.7878817677265","141914.33090393763268","1714.7598564152742711","0","100","3500","0","23.115924354463025736","0","0","160561.66105780366343","0","0","71.20859817272881287","76.884065486919311638","450","27338.635815075744176","0.34722155203563964676","0.54562951379128854512","178923.20395158688189","4.3154315802369778154","18.700196741948456491","23.115934513080695467","99597962.536656290293","23179.035676129027706","99209759.149126112461","23371.034525354971265","96117.265176518558292","359.61689220097628095","0","0","107.68189427486859699","6665.1029088435179801","0","0","0","0","0","4.0634677084856072327","3.0476007813642058686","0","0","0","0","0","0","0","0","0","0","0","0","0","62.983749481526913883","73253.148247797173099","95012066.975293815136","22903.735738879127894","45724.170389734295895","0","0","0","757602.06237240077462","658.28176877466842143","0","0","0","0"
"05/14/2026 08:07:49.777","59275947.671948060393","53567.425399932646542","9925.6159422357886797","43641.809457696857862","1000000000","2156313.9848444918171","9923.6477455389340321","1.9681966968542115026","0","0","0","57119633.687103569508","43641.809457696857862","0","0","0","0","0","0","0","0","0","0","50.854881623973788862","0.50854881623973791083","2.4718723642495601389","0.024718723642495599863","48.383009259724225615","0.48383009259724224504","1.5350060926679941014e-005","0.00025357979797979799536","1.464704602360796498e-005","33111.957129526825156","97.425736494283469824","33014.531393032542837","214030967.21318894625","47886698.001670211554","166144269.21151873469","6463.8573424079413599","491520","5032.4588052939070622","56.201825399029104346","0","0","100","24.964033944923777142","35.941361987293497293","121.99632657644410472","166091.17970347232767","135916.79155353733222","1731.0395778862944098","0","100","3500","0","22.834837169577948401","0","0","166132.53559782457887","0","0","70.54948461140213567","77.21324266007195547","530","35857.529731687885942","0.14422964257870155014","0.33654896117831917257","193466.81243634762359","2.8846814689131359266","20.096590930350117787","22.738677510278137106","69401205.677932560444","16904.841429280822922","96469932.941570341587","21937.52038313704179","90737.804118372863741","339.51393020735150685","0","0","127.93278529552374323","6806.0241777218634525","0","0","0","0","0","0","0","0","0","0","0","0","0","0","0","0","0","0","0","0","25.586557059104748646","74880.04333181848051","92455992.598005861044","21492.707929647989658","38059.019527069889591","0","0","0","602111.71759998879861","493.03327256197997031","0","0","0","0"
"05/14/2026 08:07:50.762","51483914.249818958342","47577.492288676527096","9165.3368888408658677","38412.155399835668504","1000000000","1988257.6039544697851","9162.2902394595330406","3.0466493813321435802","0","0","0","49495656.645864486694","38412.155399835668504","0","0","0","0","0","0","0","0","0","0","39.174997341679087981","0.39174997341679090868","4.7661688116548912575","0.047661688116548910077","34.408828530024202053","0.34408828530024199166","1.6176058877799210972e-005","0.00024315958549222797705","1.4323954678053524558e-005","24216.800382415432978","196.00111019903457077","24020.799272216398094","199166050.8203459084","96338465.685029476881","102827585.13531643152","8224.292543822863081","491520","4280.7728406544620157","64.713798620232438452","0","0","100","25.666815073835273608","38.786041818323624852","121.99603935096460816","150007.69293656400987","145490.04217352750129","1710.2185047876471344","0","100","3500","0","25.565988766905721974","0","0","150016.83305921428837","0","0","68.204928054715409758","74.384429866588348546","465","28715.218659661946731","0.19835593388514691227","0.24794745634488646324","171143.71878076856956","4.2647084362766198851","21.422715070348768762","25.665161655871393975","97090451.871927395463","23514.039925121483975","80691361.926408588886","19082.180625076991419","78940.716569903393975","295.52498998921794282","0","0","110.69492752173454164","6313.6730679139791391","0","0","0","0","0","5.0777489688869055229","4.0621991751095247736","0","0","0","0","0","0","0","0","0","0","0","0","0","136.08367236616908258","69438.217149528441951","77137327.619308575988","18673.929607978483546","41892.44454311075242","0","0","0","151657.12845374521567","44.684190926204770733","0","0","0","0"
"05/14/2026 08:07:51.778","55848396.325640872121","50571.608360820471717","9469.4898162091249105","41102.118544611344987","1000000000","2045295.4963658244815","9467.5190587031502218","1.9707575059748441149","0","0","0","53803100.829275049269","41102.118544611344987","0","0","0","0","0","0","0","0","0","0","32.044223216095311102","0.32044223216095307771","3.002704099007564853","0.030027040990075647836","29.041519117087744917","0.29041519117087744029","1.6394613795535850702e-005","0.0001712926966292134881","1.4992821190706187299e-005","19556.812110541362927","175.39741803176110579","19381.414692509602901","188264414.957970649","86211338.910971224308","102053076.04699940979","9626.5390235300037602","491520","5265.512227362854901","70.571104764977377499","0","0","100","27.062068519939678879","37.841442256326537574","122.01068619280879091","149176.54844640794909","148012.5993871675164","1707.6660813593575767","0","100","3500","0","24.07131659821233427","0","0","149085.94563240272691","0","0","68.984009988365428967","76.121027191272503387","355","24808.429213104715018","0.9136502342771187779","0.19234378948483851768","164304.2639456934703","4.3277894281132933685","19.571234169380318235","23.87897280872749306","87184037.810165211558","21176.774780452687992","88119615.520976647735","20861.453579496712337","85574.232424439673196","320.24809472091214957","0","0","121.20158661745290374","6449.3039383026771247","0","0","0","0","0","0","0","0","0","0","0","0","0","0","0","0","0","0","0","0","42.371286378459146249","70906.869686221907614","84185211.002108514309","20401.28170185158524","41258.793766336348199","0","0","0","363070.68456823955057","135.98226791226423416","0","0","0","0"
"05/14/2026 08:07:52.762","57958362.247029483318","52645.178058451434481","9891.6567636728577781","42753.521294778576703","1000000000","2150530.2437684745528","9887.5957324653554679","4.0610312075019425748","0","0","0","55807832.003261007369","42751.490779174826457","2.0305156037509712874","0","0","0","0","0","0","0","0","1","43.823099556266051025","0.43823099556266054133","1.7241232217379867109","0.017241232217379866276","42.098976334528067866","0.42098976334528065424","1.5122732370671527262e-005","0.00016975700000000000793","1.4578858328643781364e-005","28967.335603111358068","101.52578018754857681","28865.809822923809406","187560643.12520718575","49901951.477783873677","137658691.64742329717","6474.9014439927095736","491520","4768.9184018007881605","60.904622084726881326","0","0","100","29.217132383646582383","38.535517385377076494","121.99980452976548406","167836.62668012583163","130438.45795466921118","1666.6560025057731309","0","100","3500","0","20.35542388322555496","0","0","167927.0181391282822","0","0","68.422667502201406364","79.594982322752713344","587","33800.311860689900641","0.24795881368963407221","0.59510521542272543094","192537.87021269311663","4.016944969474882221","16.365322329191883455","20.405017677247283103","89366305.522545576096","21580.319836665323237","91369027.428712397814","21568.136743042818125","89257.404909685210441","334.01981681703477989","0","0","126.9072252344357139","6796.1357257545014363","0","0","0","0","0","0","0","0","0","0","0","0","0","0","0","0","0","0","0","0","31.472991858140058952","74717.89792902636691","87357524.557817161083","21109.2402165950989","42357.570752047140559","0","0","0","691890.06991572852712","553.31550202213975354","0","0","0","0"
"05/14/2026 08:07:53.777","56388765.821786925197","51078.869282241124893","9592.9930059345497284","41485.876276306575164","1000000000","2076658.8043868998066","9591.0221804582397453","1.9708254763091010986","0","0","0","54312107.017400026321","41483.905450830265181","1.9708254763091010986","0","0","0","0","0","0","0","0","3","31.606981403017353927","0.31606981403017353482","0","0","31.606981403017353927","0.31606981403017353482","1.5040254018840511303e-005","0","1.5040254018840511303e-005","21025.75159400364646","0","21025.75159400364646","124344771.47884437442","0","124344771.47884437442","5913.9275437034257266","0","5913.9275437034257266","71.463283713802255193","0","0","100","24.67900111897369797","34.464347291610849311","122.00607061554255495","152608.32322901234147","150434.13218873040751","1624.1109863672181746","0","100","3500","0","21.70771752126903209","0","0","152519.68163485039258","0","0","71.731256758912891769","78.148003695364849364","733","24035.660710312669835","0.2404547898901436831","0.33664064546756411467","168426.90816051256843","3.2701910519379984166","18.41888221123067737","21.851996304635157742","87001783.202890962362","21101.628374841544428","90422150.817025408149","21306.594224377691717","87689.908742897139746","328.1424418054653529","0","0","126.13283048378247031","6550.0384705132973977","0","0","0","0","0","4.9270636907727523024","3.9416509526182021972","0","0","0","0","0","0","0","0","0","0","0","0","0","49.270636907727528353","71932.17364706772787","86472632.329105779529","20852.318952088444348","41625.804885124525754","0","0","0","814585.52751903026365","635.59121610968509231","0","0","0","0"
"05/14/2026 08:07:54.762","54154759.461855433881","49875.471241009880032","9654.0375920588321605","40221.433648951046052","1000000000","2109838.7416284880601","9650.9915137273037544","3.0460783315288701978","0","0","0","52044920.720226943493","40219.402930063362874","2.0307188876859134652","0","0","0","0","0","0","0","0","0","44.999682549840947843","0.44999682549840946955","0","0","44.999682549840947843","0.44999682549840946955","1.413599897884290128e-005","0","1.413599897884290128e-005","31818.318891706734576","0","31818.318891706734576","141665029.06111031771","0","141665029.06111031771","4452.3103041133481383","0","4452.3103041133481383","58.758267037042109848","0","0","100","26.282209845262723746","36.390061124555302285","121.99578309642761553","166979.05506159100332","134476.37483956909273","1668.0128268357866546","0","100","3500","0","20.637460236193071239","0","0","167042.03727551538032","0","0","70.177309881639331479","79.461746747913579725","536","34775.324665693966381","0.24800730186157854407","0.24800730186157854407","193671.32365960389143","3.2241050826056105727","17.509362240090855067","20.53825325208641317","69451601.318302080035","16272.1504470272248","86182669.865319669247","20321.403909072934766","83824.01424589913222","313.74606814747363615","0","0","121.84313326115480436","6710.5105643581009645","0","0","0","0","0","9.1382349945866110374","7.1075161069006975723","0","0","0","0","0","0","0","0","0","0","0","0","0","44.675815529090094458","73850.138429029771942","82408846.867448583245","19887.845426551994024","35848.280524319430697","0","0","0","631146.41493333806284","495.49540859536290327","0","0","0","0"
"05/14/2026 08:07:55.762","50100476.889115951955","46896.212266687238298","9375.4438941309545044","37520.76837255628925","1000000000","2081359.5403263540938","9371.4454107556994131","3.9984833752557653597","0","0","0","48019117.348789602518","37518.769130868655338","1.9992416876278826798","0","0","0","0","0","0","0","0","0","39.885668072531849759","0.39885668072531849093","0.39149963062300252581","0.0039149963062300252928","39.494168441908847456","0.39494168441908844569","1.431711999425864829e-005","0.00024476875000000001019","1.4184733591842596498e-005","27857.433675406915427","15.993933501023061439","27841.439741905891424","136300045.39278250933","7861338.1944228550419","128438707.19835965335","4892.7710635854746215","491520","4613.2207381875632564","62.560807251185359235","0","0","100","25.367360354697389369","36.377414592560249673","122.00567563072993948","158393.31626090407372","141805.34737081290223","1670.4549305561595247","0","100","3500","0","22.389124421567618839","0","0","158377.32148000106099","0","0","70.190016724430762451","77.513248088386561108","456","31180.825696575207985","0.24405872844342835215","0.39048996684104192445","181911.64223113996559","3.2703909598103835243","18.939003311897138815","22.437938166590519984","93111998.618923828006","21836.717333115546353","81601976.370362713933","18058.150543498850311","74487.746797639643773","278.89421542408962296","0","0","108.9586719757195965","6736.4448664621504577","0","0","0","0","0","0.99962084381394133992","0.99962084381394133992","0","0","0","0","0","0","0","0","0","0","0","0","0","39.984833752557648268","74048.913247205331572","78306298.421008899808","17692.289314662946708","39250.112432354406337","0","0","0","522339.87648484925739","388.8525082436231628","0","0","0","0"
"05/14/2026 08:07:56.778","54781079.198059812188","49956.38376850145869","9445.7539485436736868","40510.629819957786822","1000000000","2058473.5086762930732","9444.7696056978475099","0.98434284582572673106","0","0","0","52722605.689383521676","40508.661134266134468","1.9686856916514534621","0","0","0","0","0","0","0","0","2","42.937498018062662197","0.42937498018062664196","3.4375607506879415354","0.034375607506879415909","39.499937267374725991","0.39499937267374723993","1.5717238644556595563e-005","0.0002029401162790697656","1.4549133052814858615e-005","27305.67054320565876","169.30696948202501062","27136.363573723636364","213684987.84631887078","83217761.639804929495","130467226.20651394129","7825.6634462869506024","491520","4807.8374927452114207","61.795466824289370322","0","0","100","28.488807622192844349","39.162778312611379761","121.99047427416030587","160101.40983662416693","135716.1066932354297","1673.1598860360479648","0","100","3500","0","22.628662447856584095","0","0","160152.61896792132757","0","0","67.913010628305158889","77.467514446722859134","466","32129.790725021837716","0.86556250680752377935","0.24043238831278390677","184137.20344373531407","3.7507511665609305496","19.042296364678833243","22.580574000566855375","84556755.338238894939","20542.250849537093018","87355466.479090288281","20649.544219732095371","85484.270102889408008","319.91142489336118615","0","0","123.04285572821584083","6523.2400392870913493","0","0","0","0","0","4.9217142291286339884","3.9373713833029069242","0","0","0","0","0","0","0","0","0","0","0","0","0","63.982284978672240072","71744.812660853916896","83504024.288856580853","20205.605596264693304","40428.929363754250517","0","0","0","443055.66793469706317","191.94685493601670601","0","0","0","0"
"05/14/2026 08:07:57.762","55233079.421601340175","50339.116567717639555","9534.5243000247137388","40804.592267692925816","1000000000","2075366.7599787453655","9534.5243000247137388","0","0","0","0","53157712.661622591317","40804.592267692925816","0","0","0","0","0","0","0","0","0","3","45.813982148058521204","0.45813982148058524091","2.8642514247142418782","0.028642514247142418504","42.949730723344281103","0.42949730723344281547","1.5470177364575113529e-005","0.00016983373493975901917","1.4586060794258703203e-005","29632.354069881690521","168.75264247831350417","29463.601427403376874","221045890.24795761704","82945298.830940663815","138100591.41701695323","7459.6128855192291667","491520","4687.1592312735056112","59.624299910666124447","0","0","100","29.375763014115051419","39.187094718601208854","122.00680747252970093","165102.95618291816209","131560.38589364846121","1679.3953932751846878","0","100","3500","0","22.314337583693987455","0","0","165060.28551956816227","0","0","67.872712895887588047","77.58645335584172642","515","34546.981822703797661","0.79372328200437058943","0.24803789064774017792","190639.3162615459587","4.81194930208737226","17.610730874621591369","22.413546644158277132","84642856.888711601496","20550.208841560888686","87530133.274940863252","20700.663004734324204","85014.734850460255984","318.19022346814534785","0","0","121.98986203251578786","6566.1043239001628535","0","0","0","0","0","11.182404019647281146","9.1492396524386840895","0","0","0","0","0","0","0","0","0","0","0","0","0","51.845691363819213393","72195.633515210050973","83594870.448291391134","20242.184439928787469","40476.236222388739407","0","0","0","619319.14814885973465","442.21324986786976297","0","0","0","0"
"05/14/2026 08:07:58.777","56079487.706353843212","50913.865356016220176","9558.4663626222154562","41355.3989933940029","1000000000","2072225.9092794966418","9557.482272602383091","0.98409001983138211234","0","0","0","54007261.797074340284","41355.3989933940029","0","0","0","0","0","0","0","0","0","0","41.783807703904379593","0.41783807703904379816","2.8700826021803917953","0.028700826021803918509","38.913725101723983357","0.38913725101723983801","1.5655126360450099919e-005","0.00016560738636363635809","1.4675082624679714266e-005","26673.759987529614591","173.19984349032324644","26500.560144039289298","216572611.27893128991","85131187.072363689542","131441424.20656758547","8119.3131894484413351","491520","4959.9489026699839087","63.22584132889799946","0","0","100","27.792316962703321082","37.258096175810329953","121.99168570735959349","158061.61605518995202","140623.08593068740447","1662.158422997655407","0","100","3500","0","21.72438525942103027","0","0","158192.57995937165106","0","0","69.472642298862623988","78.323687582849828459","510","31200.91930752589542","0.86544901826827080882","0.28848628840830048414","182054.59717767863185","5.0484952767103132842","16.635980267486669248","21.676312417150167988","86155329.55600219965","20918.801551555690821","88753157.944873645902","21003.433293261190556","86780.994308810608345","324.7497065443561155","0","0","123.99534249875415526","6544.1986318786912307","0","0.98409001983138211234","0","0","0.98409001983138211234","11.809080237976585792","7.8727201586510568987","0","0","0","0","0","0","0","0","0","0","0","0","0","129.89988261774243483","71964.534970229316968","84933676.269023448229","20574.370044614704966","41169.40597964587505","0","0","0","790747.82181515020784","625.88125261275899902","0","0","0","0"
"05/14/2026 08:07:59.762","56611686.807048819959","51101.35506840373273","9452.9022330309580866","41648.452835372772824","1000000000","2046522.3419948865194","9451.886119709122795","1.0161133218349949203","0","0","0","54565164.465053930879","41648.452835372772824","0","0","0","0","0","0","0","0","0","1","43.263100613937616856","0.4326310061393761619","1.322391222076124695","0.01322391222076124695","41.940709391861489053","0.41940709391861491495","1.4660312435482760878e-005","0.00017363999999999999769","1.4248973677855590082e-005","29530.285359168625291","76.208499137624627906","29454.076860031000251","173517948.93055090308","37458001.496125258505","136059947.43442565203","5875.9320074323859444","491520","4619.392693276296086","60.795715383391403464","0","0","100","24.106155318571573787","35.021656789926865372","122.01140841561735328","161206.40231810169644","141514.13254378229612","1667.3338032737012782","0","100","3500","0","22.256332688164548017","0","0","161070.33488226815825","0","0","71.270723225030209846","77.694083987429422677","460","32452.083446299770003","0.1983231433492190221","0.099166648812066604535","185785.86762994289165","2.1815748853912375615","19.931724686331907748","22.256332688164548017","69630307.490116775036","16876.626162357431895","90632284.64341840148","21339.395871856730082","87971.026951186533552","329.22071627453840392","0","0","125.99805190753937723","6445.2068003993736056","0","0","0","0","0","0","0","0","0","0","0","0","0","0","0","0","0","0","0","0","438.960955032717834","70829.19521183015604","86590413.458542883396","20862.838723916116578","37413.292509964514466","0","0","0","627535.32975214358885","507.04054759566253097","0","0","0","0"
"05/14/2026 08:08:00.777","56060298.382489718497","51259.198052504936641","9727.0383703552888619","41532.159682149649598","1000000000","2098118.927247188054","9724.0845172212593752","2.9538531340283293858","0","0","0","53962179.455242529511","41532.159682149649598","0","0","0","0","0","0","0","0","0","0","40.920960042488538022","0.40920960042488541131","0","0","40.920960042488538022","0.40920960042488541131","1.436781255403769753e-005","0","1.436781255403769753e-005","28470.221123476378125","0","28470.221123476378125","134484222.78117877245","0","134484222.78117877245","4723.6803043403078846","0","4723.6803043403078846","61.835939223733063841","0","0","100","27.126699613588083793","37.396376363945812216","121.9991054904379979","160591.16143834285322","138194.8928705061262","1689.2409339227060627","0","100","3500","0","22.470485749947989973","0","0","160583.2815972516546","0","0","69.357699629958830201","77.529514250052017132","467","31938.965902844120137","0.14429123248293210247","0.48095107513663781784","185191.04034488488105","3.6552399909223294294","18.949519639919056857","22.470485749947989973","103957800.86028020084","25098.890079838714882","88618461.227625310421","20959.557221353679779","86827.528257051395485","324.92384474311620579","0","0","118.15412536113316833","6599.892519130630717","0","0","0","0","0","7.8769416907422113994","5.9077062680566587716","0","0","0","0","0","0","0","0","0","0","0","0","0","66.954004371308798227","72595.863857302902034","84834031.8539583534","20538.140840898973693","45312.107075994572369","0","0","0","740472.88825593295041","563.20133088806812793","0","0","0","0"
"05/14/2026 08:08:01.762","56373698.029131472111","51291.31650896318024","9640.2393161212003179","41651.077192841978103","1000000000","2080527.6514417883009","9637.1908584477132536","3.048457673486201891","0","0","0","54293170.377689681947","41651.077192841978103","0","0","0","0","0","0","0","0","0","1","41.081063783423552138","0.41081063783423554803","0","0","41.081063783423552138","0.41081063783423554803","1.4325609324075386832e-005","0","1.4325609324075386832e-005","28683.95440238950323","0","28683.95440238950323","135832120.21653804183","0","135832120.21653804183","4735.4739974493413683","0","4735.4739974493413683","61.699347135610196347","0","0","100","26.667778455036774687","36.416805233857530766","121.98817418575022486","159027.15286538403598","141115.53497876689653","1644.7231409803036968","0","100","3500","0","20.782086128523825863","0","0","159072.86783841930446","0","0","70.154563218840365835","79.217924030417904646","498","32094.958735633561446","0.34723262808266736057","0.248020403218555896","184154.13382215169258","2.7282345943458374826","18.055934117231139169","20.831682082014157942","87771095.784369170666","21030.293336823480786","91116123.67877304554","21221.330017695279821","87157.437190086173359","326.18497106302362454","0","0","123.97061205510554771","6549.1032352061902202","0","0","0","0","0","0","0","0","0","0","0","0","0","0","0","0","0","0","0","0","219.48895249100655747","71988.311806818834157","87076567.704923927784","20750.851383420576894","41456.992054296686547","0","0","0","816215.39670291007496","647.28917933690354403","0","0","0","0"
"05/14/2026 08:08:02.762","57158497.415332809091","51670.339234880899312","9592.9195432005944895","42077.419691680304823","1000000000","2080809.3699549280573","9590.9191429204984161","2.0004002800960472008","0","0","0","55077688.045377880335","42077.419691680304823","0","0","0","0","0","0","0","0","0","1","39.556844841994795559","0.39556844841994798223","0.70256866511953630638","0.0070256866511953629945","38.854276176875259807","0.38854276176875263138","1.498765581783048596e-005","0.00016338837209302326491","1.4745483870967741747e-005","26398.282296287488862","43.008606022065016816","26355.273690265421465","155781571.8925357163","21139590.031965397298","134641981.86057031155","5901.2010760428902358","491520","5108.7301707779888602","64.518207415405910865","0","0","100","27.470747204323956225","36.673907930295705171","122.02047607132018925","158661.80960582845728","141091.10688009482692","1726.997927602486925","0","100","3500","0","21.338039457725031411","0","0","158593.80968742838013","0","0","69.929317134297434677","78.710790449498148291","448","31165.962600844879489","0.97655814453952538567","0.29296944335805757964","181653.78201546156197","4.1503821142739827366","17.089807529365693028","21.289209550501851709","88056372.08005322516","21320.266185263673833","90939893.072603836656","21452.29260375001104","88469.702787527785404","331.06624635589582795","0","0","130.02601820624306583","6559.312518434939193","0","0","0","0","0","0","0","0","0","0","0","0","0","0","0","0","0","0","0","0","70.014009803361659579","72124.432098862991552","86959096.515212699771","20991.200339187871577","41980.400278095650719","0","0","0","772453.56795894866809","639.12788949068715283","0","0","0","0"
"05/14/2026 08:08:03.778","57548198.626458458602","52329.937297751748702","9850.7926193150324252","42479.144678436714457","1000000000","2123277.2920878585428","9846.8566318535140454","3.9359874615183430002","0","0","0","55424921.334370598197","42479.144678436714457","0","0","0","0","0","0","0","0","0","1","46.903651427573088029","0.46903651427573089805","2.9856516785641344924","0.029856516785641343259","43.917999749008956201","0.43917999749008956867","1.5282646483435425932e-005","0.00016946033519553072217","1.4392452099864525702e-005","30682.0062594008632","176.13543890294585026","30505.870820497915702","224540464.60789597034","86574090.929575935006","137966373.67832002044","7318.3110227382057928","491520","4522.6171214760333896","57.969964738218806133","0","0","100","28.621487629336819225","37.98287320660818267","121.99862409453280065","168715.8275643727975","130615.77983257007145","1697.8869526197017876","0","100","3500","0","21.757537728629461782","0","0","168757.16742061049445","0","0","68.872917327978854019","78.242452428584428503","542","35599.521914405435382","0.67284301494380993613","0.48060355964359269265","195568.03275533980923","4.6618683084433873987","17.109537905799616198","21.757547571415571497","88125192.740386009216","21435.387715428896627","90978177.507917732","21531.819408236093295","88882.468856007224531","332.59094049829997175","0","0","131.85557996086447474","6680.3547190620074616","0","0","0","0","0","0","0","0","0","0","0","0","0","0","0","0","0","0","0","0","34.439890288285496922","73398.294182394063682","87045653.71536552906","21090.004815680662432","42194.76958434201515","0","0","0","759268.70927359978668","636.64597190059191689","0","0","0","0"
"05/14/2026 08:08:04.762","55559238.493525721133","50944.109632414903899","9739.6886571596060094","41204.420975255299709","1000000000","2123470.597063745372","9737.6563799228479184","2.0322772367573511687","0","0","0","53435767.896461978555","41204.420975255299709","0","0","0","0","0","0","0","0","0","0","47.029935552084701555","0.47029935552084700667","2.8637386498163266424","0.028637386498163268367","44.166196902268374913","0.44166196902268373137","1.5334892968387566945e-005","0.00021029328358208954704","1.4465354147250699126e-005","30665.031225431674102","136.16257486274253097","30528.868650568932935","211642977.25769996643","66926628.796535208821","144716348.46116477251","6901.7695009609651606","491520","4740.3115430701636797","58.448091516710455551","0","0","100","28.115673467927738471","38.363338227379671252","121.99451481155973909","167109.8892566827999","131266.16094665921992","1675.8041522544799591","0","100","3500","0","21.845533335792676866","0","0","167121.06805939643527","0","0","68.551140905030962358","78.104842877147135027","409","34442.907415529916761","0.44660392098039447539","0.2977325597998137785","192729.67256677098339","4.2178592991348917707","17.764634875939009362","21.895157122852872078","67702113.27364602685","16510.220271416721516","87150567.457530736923","20638.791477889280941","84977.640377771880594","318.05138755252545479","0","0","122.95277282381975681","6745.1281487976493736","0","0","0","0","0","6.0968317102720535061","5.0806930918933783659","0","0","0","0","0","0","0","0","0","0","0","0","0","102.63000045624623624","74253.313399403341464","83242075.617581114173","20177.464545145361626","36370.649567627937358","0","0","0","616182.39363035536371","502.98861609744443513","0","0","0","0"
"05/14/2026 08:08:05.777","57183288.482708089054","51552.529597916269267","9538.7396434254642372","42013.789954490806849","1000000000","2057449.5094369503204","9537.7547451659465878","0.98489825951734277787","0","0","0","55125838.973271138966","42013.789954490806849","0","0","0","0","0","0","0","0","0","1","44.557511628339760534","0.44557511628339757648","4.9091143793028102493","0.049091143793028105269","39.648397249036946732","0.39648397249036948509","1.6136875512605640133e-005","0.00023969711538461538802","1.4466297826477457481e-005","27619.501891644842544","204.85883797960730135","27414.64305366523331","232374720.69516482949","100692216.04373657703","131682504.65142825246","8413.4290910387626354","491520","4803.3638225255972429","60.530935041695030918","0","0","100","26.927197360709357099","37.584938775767426478","122.0045162775234644","156929.12106576867518","141093.61698122677626","1669.9405772913680721","0","100","3500","0","22.594303056309428257","0","0","156928.13643099431647","0","0","69.19031268883529151","77.501856782887216468","494","30924.424357895044523","0.33653974440939238288","0.33654959079882473816","180628.29544951036223","3.7020061132293431427","18.702369937318870541","22.498143217112787084","103712989.6163161397","25100.132143799481128","90443553.855664938688","21395.929789754754893","88172.031785030587343","329.94091693830984013","0","0","128.03677373725454913","6461.917480693286052","0","0","0","0","0","6.894287816621399223","5.9093895571040562231","0","0","0","0","0","0","0","0","0","0","0","0","0","82.731453799456787124","70984.572258193438756","86479929.300063341856","20936.967200819672144","45708.14332594035659","0","0","0","480933.69930839457083","367.36705079996886525","0","0","0","0"
"05/14/2026 08:08:06.762","57597608.557589448988","52342.50586395701248","9849.254314265852372","42493.251549691158289","1000000000","2130029.4512912281789","9846.207839068119938","3.0464751977314730169","0","0","0","55467579.106298223138","42493.251549691158289","0","0","0","0","0","0","0","0","0","0","45.358735503666338218","0.45358735503666336442","0","0","45.358735503666338218","0.45358735503666336442","1.4351716158889317378e-005","0","1.4351716158889317378e-005","31598.040750870837655","0","31598.040750870837655","152331688.84602159262","0","152331688.84602159262","4820.9219694048078964","0","4820.9219694048078964","58.881340520827919249","0","0","100","26.534870228958013172","36.05157039942927355","122.00240872420107507","163212.53443661879282","138098.31067417477607","1730.7819467660633563","0","100","3500","0","20.646996398668683526","0","0","163257.22598923483747","0","0","70.453004332648603736","79.253808537885490182","530","34630.874691894910939","0.24797750143013158608","0.29757503315305006142","190358.58978243442834","3.7196726786364346928","17.110488227416922768","20.746191462114516924","88950986.885330468416","21521.316288507699937","91727873.399864286184","21629.973903893456736","89277.971161253386526","334.09678001788483925","0","0","127.95195830472185605","6716.4623192653207298","0","0","0","0","0","5.0774586628857880655","3.0464751977314730169","0","0","0","0","0","0","0","0","0","0","0","0","0","36.557702372777676203","73848.589776476059342","87718728.287517398596","21169.956149036002898","42358.191149258396763","0","0","0","821091.07275124941953","651.94569231453522207","0","0","0","0"
"05/14/2026 08:08:07.778","57829691.614852979779","52525.382213797114673","9912.9388368326126511","42612.443376964503841","1000000000","2142593.9033850794658","9910.9696396063845896","1.9691972262281709494","0","0","0","55687097.711467899382","42612.443376964503841","0","0","0","0","0","0","0","0","0","0","38.365738234981066057","0.38365738234981067167","0","0","38.365738234981066057","0.38365738234981067167","1.4412846310338449753e-005","0","1.4412846310338449753e-005","26618.623505539300822","0","26618.623505539300822","123891177.04136583209","0","123891177.04136583209","4654.3044201960419741","0","4654.3044201960419741","64.62507597552674099","0","0","100","26.615560575841502811","35.908079929673988318","122.00143448984616157","159987.87751325973659","141175.70139478769852","1654.140490878006176","0","100","3500","0","21.971004794987436526","0","0","159935.69331920225522","0","0","70.57114002231733707","78.07707406418778362","525","30325.908999430113909","0.33654216805427134007","0.28845346270678562384","181052.56897864310304","3.7980821822583594738","18.076951971651688211","21.874847076636992682","90944833.628926232457","21508.556703477195697","93724099.518107891083","21597.170578657463921","89464.568381998265977","334.76352845878903963","0","0","125.04402386548885318","6749.4234928970554392","0","0","0","0","0","1.9691972262281709494","1.9691972262281709494","0","0","0","0","0","0","0","0","0","0","0","0","0","47.260733429476097456","74249.566013546296745","89817070.439070910215","21160.993393047923746","42335.771166679442103","0","0","0","815475.09393809211906","611.43573874384708233","0","0","0","0"
"05/14/2026 08:08:08.762","56038676.013515643775","51115.707411015144316","9727.6600814606390486","41388.04732955450163","1000000000","2118509.3105570478365","9727.6600814606390486","0","0","0","0","53920166.702958598733","41388.04732955450163","0","0","0","0","0","0","0","0","0","0","38.778693556545007937","0.38778693556545007493","0.46406133376305547245","0.0046406133376305546204","38.314632222781952464","0.38314632222781952464","1.4795913936809460072e-005","0.00016311785714285712912","1.4634738231070750248e-005","26222.697439782339643","28.464257736534424481","26194.233182045805734","141764625.3930863142","13990751.962661400437","127773873.43042492867","5406.1801124248886481","491520","4877.939069352271872","64.464259260651630257","0","0","100","27.429904065471536256","37.240514251991932326","122.00534226729445209","159911.18844888970489","139023.534532607242","1725.2655796409719642","0","100","3500","0","23.299998028859526755","0","0","159879.69066740039852","0","0","69.46268539642987605","76.70000197114048035","254","31182.803674429582315","0.89301807820306777774","0.39690031048510582279","181568.4533664676419","4.7627427627139073962","18.505239474262292987","23.349611837734908448","87056358.620369955897","21076.766273270295642","90385029.91491830349","21339.044076699789002","87194.154092072523781","326.3223833366982376","0","0","125.03941791406194284","6723.6643096228099239","0","0","0","0","0","4.0663225337906325763","3.0497419003429739881","0","0","0","0","0","0","0","0","0","0","0","0","0","69.127483074440746691","73899.312567844055593","86338762.483864322305","20864.300920879733894","41615.761391446780181","0","0","0","762449.70721461181529","621.13076703651904609","0","0","0","0"
"05/14/2026 08:08:09.762","58407417.253223776817","52948.542543420880975","9796.9944424068053195","43151.548101014079293","1000000000","2114671.7062440724112","9792.9968929046499397","3.9975495021551790131","0","0","0","56292745.546979703009","43151.548101014079293","0","0","0","0","0","0","0","0","0","0","29.924894795014399307","0.29924894795014400639","2.5794883502284293719","0.025794883502284295107","27.345406444785968603","0.27345406444785969047","1.665309404563160807e-005","0.0001842535714285714252","1.5337106001121704382e-005","17958.991138432142179","139.91423257543127079","17819.076905856709345","165274686.61710372567","68770643.595475971699","96504043.021627739072","9202.8937117417917761","491520","5415.7711721817158832","72.559035839043446003","0","0","100","26.451885616643281196","38.136928199212505319","121.99517909508236357","147936.15962573516299","148687.84378400663263","1687.9675910222522361","0","100","3500","0","25.490060787547175636","0","0","148050.15743697719881","0","0","68.747816927175449564","74.60758687867360095","492","23133.555835727951489","0.34178183141422918689","0.68357366258946405946","161784.8937300403777","4.9803509696118259953","20.507329874815990678","25.392413121326395498","69767428.566288873553","17020.566392801214533","91971285.601926028728","21740.67296747094224","90272.662857668256038","337.79293293211264881","0","0","126.92219669342692612","6649.9235968351404154","0","0","0","0","0","16.98958538415951125","12.992035882004332237","0","0","0","0","0","0","0","0","0","0","0","0","0","91.943638549569115526","73140.165078806690872","88034610.783589661121","21299.943134858331177","37983.715982102970884","0","0","0","633028.95325165672693","504.69062464709134019","0","0","0","0"
"05/14/2026 08:08:10.762","56346993.869106084108","50970.396392174719949","9453.1537157426973863","41517.242676432026201","1000000000","2056532.6404422102496","9451.152836556382681","2.0008791863144663736","0","0","0","54290461.228663876653","41517.242676432026201","0","0","0","0","0","0","0","0","0","0","45.646002543737168367","0.45646002543737168589","5.3379581524336350284","0.053379581524336347509","40.30804439130353245","0.4030804439130353245","1.6423375548679571977e-005","0.00024713379629629628328","1.4616375371673072771e-005","27806.218052212141629","216.09495212196239322","27590.123100090178923","246376161.68544459343","106214990.86698694527","140161170.81845763326","8860.4700295027705579","491520","5080.1212560736821615","60.310310335334719412","0","0","100","27.403079665217607186","37.432397924489961838","122.00565870449567285","154478.9948805658496","143598.50067003734875","1674.9457317582910036","0","100","3500","0","22.60934154926372841","0","0","154374.99825005669845","0","0","69.313007968703175266","77.390668450489272345","474","31353.984130914155685","0.24413396989094371392","0.58592552763946725847","179221.19323333923239","4.1991162818278384705","18.261268946657015277","22.560502755581936185","105897491.35770256817","25639.265893433574092","88908266.292208790779","21021.236731419783609","86882.176028146772296","325.14286777610078616","0","0","122.05363036518245679","6497.8551575562296421","0","0","0","0","0","0","0","0","0","0","0","0","0","0","0","0","0","0","0","0","42.018462912603794734","71426.384753460675711","84926916.887280270457","20554.031441415358131","45869.154906665986346","0","0","0","414520.14014958171174","364.16001190923293507","0","0","0","0"
"05/14/2026 08:08:11.762","55901471.752058796585","50647.799419240167481","9478.4067360063800152","41169.392683233789285","1000000000","2056379.4265593914315","9476.4074939190559235","1.9992420873246952162","0","0","0","53845092.325499407947","41169.392683233789285","0","0","0","0","0","0","0","0","0","0","36.234253011866293548","0.36234253011866290883","3.4371935728321667547","0.034371935728321666159","32.797059439034121908","0.32797059439034120798","1.5775365662545707683e-005","0.00020221529411764706773","1.4385365318831682302e-005","22963.294615011451242","169.9355774225990956","22793.359037588852516","192885341.16716352105","83526735.014755904675","109358606.15240763128","8399.7241859655223379","491520","4797.8275589860541004","66.983840292872258715","0","0","100","26.611754355094141999","34.446254379089147335","121.99998866983911228","148457.16078629624099","154705.54754849139135","1622.794067432842894","0","100","3500","0","18.956307629054734321","0","0","148470.15913680553786","0","0","71.775840018509484253","80.897232245584277166","436","26300.662445935613505","0.24410687469710359854","0.43939037472614966839","167609.73032522175345","3.2710461190416464383","15.866986849884471056","19.151591129083776366","85996222.831924423575","20864.090423320518312","88988984.276060953736","21042.022969092417043","86543.191476111402153","323.87721814660062591","0","0","123.95300941413110252","6488.5401944122986606","0","0","0","0","0","0","0","0","0","0","0","0","0","0","0","0","0","0","0","0","95.963620191585377484","71347.951991400055704","85074436.281205803156","20594.192741531685897","41134.405946705606766","0","0","0","656659.06055014545564","519.80294270442072957","0","0","0","0"
"05/14/2026 08:08:12.777","57512634.650940135121","52376.263735917433223","9914.1066303677944234","42462.1571055496388","1000000000","2154415.0421036854386","9912.1370055281458917","1.9696248396479179021","0","0","0","55358219.608836449683","42462.1571055496388","0","0","0","0","0","0","0","0","0","0","47.302774463844428965","0.47302774463844426966","1.8877521126427692089","0.018877521126427692505","45.415022351201656647","0.45415022351201655981","1.4876787760537644933e-005","0.00018432692307692306833","1.4329240329345968946e-005","31798.608223695810011","102.42049166169172736","31696.187732034119108","198922402.49322992563","50341720.061554722488","148580682.43167519569","6255.6952522530891656","491520","4687.6515146807514611","57.745234213709885296","0","0","100","26.794956558459361418","34.778808973821625727","122.00627435805301957","165798.95654201635625","137982.60939291166142","1651.4213006168752145","0","100","3500","0","19.316470267904229274","0","0","165774.33785834585433","0","0","71.491624515568048537","80.683519884666907274","546","34703.481249278054747","0.52891525155010832293","0.62508524180607760723","191920.3646637594793","3.8947270465049754762","15.386607595223406264","19.316480115333089174","88708026.556057795882","21405.882757293569739","90923838.743662983179","21469.895564582129737","88692.206529345741728","331.88178548067418205","0","0","129.01042699693863369","6821.7956321205638233","0","0","0","0","0","0","0","0","0","0","0","0","0","0","0","0","0","0","0","0","44.316558892078148801","75047.630452684796182","87033089.106418639421","21031.654037760468782","42106.63982199318707","0","0","0","796678.77920288895257","655.885071602756625","0","0","0","0"
"05/14/2026 08:08:13.762","56104200.457002438605","51109.067890540442022","9664.7809086092620419","41444.286981931174523","1000000000","2104686.5909113069065","9661.7336839402323676","3.0472246690307711603","0","0","0","53999513.866091132164","41444.286981931174523","0","0","0","0","0","0","0","0","0","0","45.23248500838604258","0.45232485008386041914","0","0","45.23248500838604258","0.45232485008386041914","1.4367760038703434591e-005","0","1.4367760038703434591e-005","31493.066954433019419","0","31493.066954433019419","147060395.18034693599","0","147060395.18034693599","4669.611740041928897","0","4669.611740041928897","58.90587871906662798","0","0","100","25.296593062603001556","36.280479916264951612","121.99721833602937693","163919.804993882688","137149.69948199370992","1691.3505652666281094","0","100","3500","0","23.906159822346239707","0","0","163970.59630214897334","0","0","70.268728836744401178","76.093840177653760293","574","35276.595243251766078","0.44645065834354069612","0.29763038587108520128","189910.73325989587465","4.0179949706489113126","19.891537664207458391","23.906159822346239707","88365192.405828565359","21111.172507045183011","91764091.179462850094","21301.116178081436374","87666.622244902595412","328.084522698979697","0","0","125.95195298660520677","6665.2960927266403814","0","0","0","0","0","5.0787077817179522299","4.0629662253743621392","0","0","0","0","0","0","0","0","0","0","0","0","0","102.58989719070262936","73210.588415020625689","87702863.903632938862","20824.733388156291767","41607.821372502497979","0","0","0","815600.85582320566755","513.96522750985673156","0","0","0","0"
"05/14/2026 08:08:14.777","57587318.458055138588","52153.275981961553043","9745.3218614834986511","42407.954120478054392","1000000000","2108391.571896685753","9743.3525128199671599","1.969348663531069743","0","0","0","55478926.886158451438","42407.954120478054392","0","0","0","0","0","0","0","0","0","0","45.971462533579561693","0.45971462533579560139","0","0","45.971462533579561693","0.45971462533579560139","1.4566172477293297421e-005","0","1.4566172477293297421e-005","31547.980915435971838","0","31547.980915435971838","155868054.42728286982","0","155868054.42728286982","4940.6665626267986227","0","4940.6665626267986227","58.978547006753686333","0","0","100","29.496971224665024636","39.092040110595590363","122.0090670390512031","166301.52767589440919","130803.26168716941902","1663.0645089824190563","0","100","3500","0","21.109469724791239287","0","0","166205.03251788360649","0","0","67.953285340177544072","78.8905401209011643","460","36373.751347732119029","0.5768886548677201187","0.57689850056012148549","194323.52463334301137","4.9036175633762297821","16.297318643822823248","21.1094598790988357","70711697.005467504263","17138.256744379134034","92831661.454785421491","21847.954073213688389","89999.233923369887634","336.75862146381291495","0","0","128.00766312951952841","6640.6436934267667311","0","0","0","0","0","0","0","0","0","0","0","0","0","0","0","0","0","0","0","0","41.356321934152461495","73043.141930367375608","88787438.548936635256","21384.172462952119531","38187.639934530969185","0","0","0","626952.97845276549924","512.03065251807811364","0","0","0","0"
"05/14/2026 08:08:15.762","55949179.391614578664","50750.095329790274263","9541.6153525007593998","41208.479977289513045","1000000000","2062541.4226100416854","9537.5511994382522971","4.0641530625069792748","0","0","0","53886637.969004534185","41208.479977289513045","0","0","0","0","0","0","0","0","0","0","40.365917024878520181","0.40365917024878517072","3.8133245158108439732","0.038133245158108439177","36.552592509067672211","0.36552592509067671767","1.5871684773925545854e-005","0.00024859933774834438438","1.445951376331123152e-005","25437.534018231181108","153.42177810963846696","25284.112240121543437","191425380.77812072635","75409872.376449495554","116015508.40167121589","7525.3120306758264633","491520","4588.4746634518787687","64.066137513732940079","0","0","100","27.50400473286611458","41.733777906356863241","121.9964366822185724","156336.1238344553276","134628.41470068591298","1697.4617309233642573","0","100","3500","0","25.994208675609144166","0","0","156434.65991338982712","0","0","65.789089534931548542","74.005791324390855834","442","30649.799727959154552","0.39681898733598569562","0.34720518567843366986","179317.37861523285392","4.1169398524080822455","21.923967153712883515","25.994208675609144166","79785246.088024064898","19387.026146423915634","89195772.1834936589","21188.461991380136169","86603.037608961210935","324.11620673493155209","0","0","122.94063014083610597","6491.4684790892724777","0","0","0","0","0","4.0641530625069792748","3.0481147968802342341","0","0","0","0","0","0","0","0","0","0","0","0","0","76.202869922005859848","71448.826877138315467","85273084.160786435008","20632.689060082306241","39695.598999771289527","0","0","0","0","0","0","0","0","0"
"05/14/2026 08:08:16.777","57521907.748537689447","51884.778109045641031","9616.7874121972236026","42267.990696848421067","1000000000","2076929.7709710246418","9613.8341557496260066","2.9532564475986973207","0","0","0","55444977.977566666901","42267.990696848421067","0","0","0","0","0","0","0","0","0","0","38.448514238354221106","0.38448514238354219996","3.8929921945781225112","0.038929921945781223447","34.555522043776100816","0.34555522043776099039","1.620405029671743321e-005","0.00017264541484716158489","1.4703083626613037971e-005","23721.540205928602518","225.43190883336723118","23496.108297095233866","226039948.89685040712","110804291.82977665961","115235657.06707376242","9528.8900693032319396","491520","4904.4571811630630691","65.906782964685703519","0","0","100","26.060939257681411618","38.21483376764967943","122.00601606631757079","153313.58210636518197","143350.39439369997126","1680.8367672162191866","0","100","3500","0","23.264566571084245084","0","0","153289.9499549807515","0","0","68.672430364508045386","76.831586962624584203","455","27157.280632585428975","0.28848029463057595079","0.096163380460873290612","172842.60120665765135","3.317518464875601758","19.760816484802077753","23.168413037375412245","113299935.28430703282","27421.970534769770893","90580391.676620781422","21353.028534954446513","88920.582799565032474","332.73355976278656954","0","0","126.00560843087774288","6522.7590739296556421","0","0","0","0","0","4.922094079331161609","3.9376752634649294649","0","0","0","0","0","0","0","0","0","0","0","0","0","84.660018164495980386","71700.144453617031104","86703955.138853251934","20989.777991899805784","48079.999385722658189","0","0","0","146058.21971007290995","127.97444606261021249","0","0","0","0"
"05/14/2026 08:08:17.762","57110555.181469842792","52116.625734001383535","9908.7837120405038149","42207.842021960881539","1000000000","2166214.3599532321095","9907.7676349576431676","1.016077082858952263","0","0","0","54944340.821516610682","42207.842021960881539","0","0","0","0","0","0","0","0","0","1","48.448788180206186382","0.48448788180206187048","3.0376454841996967104","0.030376454841996965855","45.411142696006493225","0.45411142696006490116","1.5200066925871628815e-005","0.00017385872093023254596","1.4325578414407485052e-005","31882.466705948205345","174.76525825173979456","31707.701447696465038","235202888.74778965116","85900619.735895141959","149302269.0118944943","7377.1860539231311122","491520","4708.7067871563158405","57.268826195851275429","0","0","100","26.518405650824917075","35.580079086844378367","121.99936468660659727","169978.04536167759215","133363.15971910950611","1678.1132886967388913","0","100","3500","0","19.74709803615630932","0","0","170001.40892441369942","0","0","70.838564750931695357","80.203299998537232796","514","34705.048733852352598","0.19839770313340582275","0.3967954062668116455","195542.86203034032951","2.579200615011547626","17.161619720026717317","19.796700001462763652","87236179.903763279319","21190.287563023452094","89762102.824358984828","21210.609104680628661","87695.580867390453932","328.19289776344157872","0","0","121.92924994307428221","6891.0347759494143247","0","0","0","0","0","4.0643083314358090519","3.0482312485768567889","0","0","0","0","0","0","0","0","0","0","0","0","0","62.996779137255046521","75733.305370892005158","85742469.370102316141","20772.679881968422706","41636.80670139414724","0","0","0","777904.55032848240808","643.17679344971679711","0","0","0","0"
"05/14/2026 08:08:18.777","54581800.760681785643","49987.491312591067981","9534.3666956419274356","40453.124616949142364","1000000000","2075624.9347121345345","9533.3821472429553978","0.98454839897169832419","0","0","0","52506175.825969651341","40453.124616949142364","0","0","0","0","0","0","0","0","0","0","49.67765122683952228","0.49677651226839519838","2.9175532726715944776","0.029175532726715944914","46.760097954167925138","0.46760097954167928469","1.5344590772225434849e-005","0.00017429411764705881097","1.4518475037451465139e-005","32370.966809790468687","167.37322782518870667","32203.593581965280464","244902460.29783970118","82267288.940636754036","162635171.35720294714","7565.4972474831956788","491520","5050.2181051086854495","56.856122184728484115","0","0","100","25.92346919485036949","35.430402480291888878","121.99485237880850264","165679.71011638670461","137053.83367405153695","1704.4447507828040216","0","100","3500","0","20.957800344040876439","0","0","165659.03227712243097","0","0","70.962142703113599396","78.994118614344358775","509","35073.554028240025218","0.096162083229533554252","0.38463848629892172237","192832.66704740151181","3.5097781852089995347","17.548910619283422108","21.005881385655644777","83263281.730198100209","20230.500502070455696","86440261.885935932398","20466.792117823664739","84182.826305676091579","315.05548767094347795","0","0","125.03764666940568873","6594.5051763124356512","0","0.98454839897169832419","0.98454839897169832419","0","0","3.9381935958867932968","1.9690967979433966484","0","0","0","0","0","0","0","0","0","0","0","0","0","36.428290761952837329","72505.097745472783572","82622167.441949307919","20026.698983483314805","39943.128546281805029","0","0","0","776421.75926787406206","599.58997497376424235","0","0","0","0"
"05/14/2026 08:08:19.762","55518125.363887391984","50601.618695077828306","9539.4245928804193682","41062.1941021974053","1000000000","2091513.2544666398317","9539.4245928804193682","0","0","0","0","53426612.109420754015","41062.1941021974053","0","0","0","0","0","0","0","0","0","1","44.634590767604770178","0.446345907676047704","1.2957694226494611556","0.012957694226494611764","43.338821344955306358","0.43338821344955308357","1.4595322880680307038e-005","0.00016353076923076922543","1.420842603077332919e-005","30583.049834299483337","79.241226650124886532","30503.808607649356418","171519691.29243558645","38948647.723069384694","132571043.56936618686","5608.3252723890509515","491520","4346.0488909611667623","59.035861973544776049","0","0","100","28.054939607068028806","39.334317261601931648","122.00616568190525868","164866.43832520200522","131498.44982255520881","1701.5390751083727991","0","100","3500","0","23.264909439681357384","0","0","164915.1988479513966","0","0","67.752342800568186476","76.735090560318639064","594","34944.025459494281677","0.79364023193697685876","0.44641945590362175356","193067.2898261474038","4.216213097253004527","19.146564246357712591","23.264909439681357384","71239496.346827059984","16404.965742900214536","90141974.88032796979","20441.188736245676409","84141.991744486454991","314.93308027613738886","0","0","119.87775313736841554","6660.3266912592152948","0","0","0","0","0","13.206871108354148348","10.159131621810882251","0","0","0","0","0","0","0","0","0","0","0","0","0","348.45821462811329638","73212.797945742306183","86307040.857284411788","20008.409729156534013","36099.458304942789255","0","0","0","638218.99857172765769","479.51101254947366215","0","0","0","0"
"05/14/2026 08:08:20.777","40728090.02745307982","41534.517870888099424","9002.7059308684711141","32531.811940019630129","1000000000","2016429.9137128291186","9001.7214906354620325","0.98444023300912764096","0","0","0","38711660.113740257919","32531.811940019630129","0","0","0","0","0","0","0","0","0","0","26.712327283411568146","0.26712327283411568812","0","0","26.712327283411568146","0.26712327283411568812","1.501072871133735436e-005","0","1.501072871133735436e-005","17791.788331173964252","0","17791.788331173964252","95730055.462378278375","0","95730055.462378278375","5380.5752227079065051","0","5380.5752227079065051","74.810751221156792212","0","0","100","25.449805757639726522","37.546372409708020257","121.99505001177350039","143651.06013416976202","154221.85186708340188","1656.1980899565667187","0","100","3500","0","25.190056187785202724","0","0","143654.9987740983197","0","0","69.230432936613269135","74.809943812214797276","284","22754.507527233232395","0.43270226775571030142","0.33655167850472594848","156916.39941353650647","4.8078347025150982574","20.240993845574571708","25.093895752083707151","78798404.06487184763","18815.606173503456375","64598794.828577943146","15062.920005272661001","62539.519122603858705","234.29677545617235523","0","0","65.957495611611548725","6623.3138876854109185","0","0","0","0","0","10.828842563100403495","8.8599620970821479915","0","0","0","0","0","0","0","0","0","0","0","0","0","104.35066469896752039","72835.779519646326662","61899333.701317086816","14764.634614670896553","33346.928452951186046","0","0","0","348606.03755226021167","281.54990664061051575","0","0","0","0"
"05/14/2026 08:08:21.762","55683043.822484202683","50485.337444702745415","9481.0530858693800838","41004.284358833370788","1000000000","2045584.4561132418457","9478.0045157453059801","3.048570124073755494","0","0","0","53637459.36637096107","41004.284358833370788","0","0","0","0","0","0","0","0","0","1","27.356533697985664588","0.27356533697985663256","0","0","27.356533697985664588","0.27356533697985663256","1.5105166030962531438e-005","0","1.5105166030962531438e-005","18116.636057328971219","0","18116.636057328971219","99878896.568011209369","0","99878896.568011209369","5513.1038815346646516","0","5513.1038815346646516","74.17381551229152592","0","0","100","26.90662303971287983","36.148318639307170486","122.00776367696519742","146080.08302329626167","154147.85278633571579","1686.3091203724020488","0","100","3500","0","22.71940675527181952","0","0","146023.19548670537188","0","0","70.365120642769824144","77.330197583335134937","420","22802.759533132113575","0.54562740751960325802","0.49602306891264708044","160908.42894502874697","4.6130307946131496877","18.055288469596948886","22.76901109387877753","86539975.544370472431","20908.110100939171389","89908804.057118415833","21096.105258590388985","86615.97436518354516","324.16462319317599849","0","0","123.97518504566605202","6431.4667717542661194","0","0","0","0","0","0","0","0","0","0","0","0","0","0","0","0","0","0","0","0","270.30655100120634415","70645.531675202495535","85985091.069427222013","20644.916880227472575","41229.878548014828993","0","0","0","778028.62993498716969","618.85973518697232976","0","0","0","0"
"05/14/2026 08:08:22.777","56468744.616359964013","51234.041045117737667","9602.1988385611857666","41631.842206556546444","1000000000","2088249.857994957827","9599.2455274564417778","2.9533111047450848474","0","0","0","54380494.758365012705","41631.842206556546444","0","0","0","0","0","0","0","0","0","0","46.426426006557385051","0.46426426006557386383","2.0036476323719054626","0.020036476323719052545","44.422778374185483585","0.44422778374185484251","1.5150049802396941479e-005","0.00016957833333333332897","1.4552320743153888055e-005","30638.633837660428981","118.13244418980340811","30520.501393470625771","212919145.23301133513","58064458.968172170222","154854686.26483917236","6949.3681200398423243","491520","5073.7923426765155455","59.132594873051147033","0","0","100","26.439267957628882044","35.947031375044900869","121.99458456735344214","161855.33756432542577","139456.49473498514271","1643.3363449679050063","0","100","3500","0","20.09558321009963322","0","0","161918.35345772144501","0","0","70.545590136918647772","79.90441678990036678","531","33682.979643503334955","0.33654395743595250101","0.28846484262729960024","187614.06861328010564","3.3654100356856715415","16.827040332203740292","20.09558321009963322","86475315.733568027616","20989.182021423319384","88840323.328499749303","20982.290962178914924","87075.424612304093898","325.84865855687439762","0","0","126.00794046912362489","6605.5725042798403592","0","0","0","0","0","0","0","0","0","0","0","0","0","0","0","0","0","0","0","0","88.599333142352548975","72625.857813821305172","84943464.765521869063","20533.387674257661274","41197.705474159018195","0","0","0","628848.53353337093722","480.40527303853383501","0","0","0","0"
"05/14/2026 08:08:23.762","57174936.07525369525","52069.223697149522195","9823.4810552882900083","42245.742641861230368","1000000000","2123540.8128511570394","9821.44952161953006","2.0315336687598573029","0","0","0","55051395.262402534485","42245.742641861230368","0","0","0","0","0","0","0","0","0","0","45.933891333256802625","0.45933891333256804401","3.0904079752201707443","0.030904079752201708137","42.843483358036635877","0.42843483358036632547","1.5068646270745850998e-005","0.00017686279069767442428","1.4135865120332506323e-005","30479.099632404140721","174.71189551334774137","30304.387736890792439","216666413.74072489142","85874390.882720679045","130792022.85800422728","7108.6881290408582572","491520","4315.9434202587653999","58.480853843504689848","0","0","100","26.009598145713017203","35.643685297851348537","122.00031712297138142","165870.46769768718514","136585.81623714338639","1686.3671942659452725","0","100","3500","0","21.128867911685787817","0","0","165781.06991871405626","0","0","70.781247301516032167","78.871132088314212183","513","33440.864639064086077","0.14880900981257663696","0.34723456822732584603","190923.17937105614692","3.2242934162578515966","17.808013214825230364","21.128867911685787817","86712321.322804704309","21063.95684453658032","89568970.517266049981","21199.053833509111428","87396.578430049063172","327.07692067033701733","0","0","122.90778695997137504","6705.0768737419093668","0","0","0","0","0","7.1103678406595003381","6.0946010062795723528","0","0","0","0","0","0","0","0","0","0","0","0","0","175.7276623477276587","73769.05058000794088","85745412.873158454895","20771.415996235162311","41509.311686935783655","0","0","0","776550.69758295232896","635.87003832183529539","0","0","0","0"
"05/14/2026 08:08:24.762","57278264.92309820652","52328.642585656220035","9965.7898850480978581","42362.852700608127634","1000000000","2160800.3335856017657","9961.7919751553890819","3.9979098927080922721","0","0","0","55117464.589512608945","42362.852700608127634","0","0","0","0","0","0","0","0","0","1","47.193136156188664643","0.47193136156188664199","2.816818733312060008","0.028168187333120601329","44.376317422876603302","0.44376317422876604413","1.5223761290322580445e-005","0.00020265107913669064429","1.4379576164090600204e-005","30983.801668487718416","138.92736877160621134","30844.874299716109817","213425189.31102821231","68285580.298619881272","145139609.01240831614","6888.2828387096769802","491520","4705.4692978192542796","58.169054323497007886","0","0","100","28.214606378451367874","37.49376201919231022","122.00186874050012875","168004.59753425527015","131880.38623085801373","1707.9755759492641118","0","100","3500","0","20.508692353514877738","0","0","168197.59477439473267","0","0","69.271081090999885532","79.491307646485125815","439","34079.512662968925724","0.29296674806909644984","0.24413729007608017674","193711.22992941201665","4.4921301373554749503","16.161930602570311777","20.508692353514877738","69156524.968746349216","16891.169296691688942","90416730.133486226201","21417.802772710427234","87602.201569019729504","327.82861120206359828","0","0","124.93468414712789638","6838.4248714771920277","0","0","0","0","0","0","0","0","0","0","0","0","0","0","0","0","0","0","0","0","40.978576400257949786","75161.705460385317565","86454129.780950531363","20963.040522414881707","37527.380685377684131","0","0","0","631573.81321045360528","498.73925911533456201","0","0","0","0"
"05/14/2026 08:08:25.777","58471089.540155217052","52386.607171180352452","9577.6778042390433257","42808.929366941309127","1000000000","2057811.6592317011673","9575.7074940550810425","1.9703101839619510116","0","0","0","56413277.880923517048","42808.929366941309127","0","0","0","0","0","0","0","0","0","0","41.949633224533307896","0.41949633224533305897","3.864792046350013166","0.03864792046350012944","38.084841178183296506","0.38084841178183292953","1.6127417950562136014e-005","0.00023088588235294115521","1.4736442260067817312e-005","26024.842064861430117","167.47636563676582","25857.36569922466515","209055395.86191514134","82317983.237783148885","126737412.62413200736","8032.9169852746335891","491520","4901.4046557701831262","63.181304420732651295","0","0","100","27.872436094371579429","40.938603332151721759","122.00658846291113946","159025.05385055599618","133729.7949426198611","1691.6301919163315688","0","100","3500","0","24.56502061207326193","0","0","158878.34087116396404","0","0","66.446762540270768227","75.386909002326817131","559","31194.724161875030404","0.62501347733311962696","0.48078262762652912432","181451.46202930243453","4.0385917956790020611","20.529471370501266136","24.613090997673182869","82094029.901033297181","19184.910261237517261","93430233.188180580735","21432.04902604612289","88459.0460191557504","331.01211090560775574","0","0","126.09985177356486474","6453.7510075673708343","0","0","0","0","0","0","0","0","0","0","0","0","0","0","0","0","0","0","0","0","70.931166622630229313","70976.483756861358415","89335187.78927847743","20863.614537973098777","39718.497843396988173","0","0","0","0","0","0","0","0","0"
"05/14/2026 08:08:26.762","57668534.847549878061","52158.8163407519678","9555.4723928238036024","42603.343947928166017","1000000000","2054811.6690973646473","9554.4562855936019332","1.0161072302024460878","0","0","0","55613723.178452514112","42603.343947928166017","0","0","0","0","0","0","0","0","0","0","42.297530905459282735","0.42297530905459279627","4.0339965893290719023","0.040339965893290717636","38.263534316130204616","0.38263534316130204394","1.6437777339123569871e-005","0.0002308715116279069844","1.4971738611972335944e-005","25737.99614102796113","174.77044359482073332","25563.22569743313943","225046323.82057133317","85903168.435726284981","139143155.38484501839","8743.7391235688901361","491520","5443.0984974958264502","63.221256482880463068","0","0","100","27.038766746096506211","37.165227610375509926","121.99841004764522268","158120.43390574600198","140728.81574805174023","1710.7060024752411209","0","100","3500","0","21.925085721373559267","0","0","158101.13259099121206","0","0","69.533334193433830706","78.074914278626437181","538","30511.315192603247851","0.64484171831417735898","0.49602740239527154387","179940.06230667573982","4.067428763108109635","17.857037279565808774","21.925085721373559267","115344981.10599410534","27839.305893086620927","90831825.006825700402","21421.572627127970918","88787.449775089742616","332.26706427619990336","0","0","119.90065316388864858","6441.103732253306589","0","0","0","0","0","5.0805361510122306612","4.0644289208097843513","0","0","0","0","0","0","0","0","0","0","0","0","0","64.014755502754113081","70771.868583600371494","86893718.536874681711","21066.951203787317354","48576.022247058142966","0","0","0","571872.2619085481856","489.7636849575790734","0","0","0","0"
"05/14/2026 08:08:27.762","55915208.368176907301","51208.437755766019109","9784.0266343058337952","41424.411121460187132","1000000000","2138155.2146302736364","9781.0275457288535108","2.9990885769814554784","0","0","0","53777053.153546638787","41424.411121460187132","0","0","0","0","0","0","0","0","0","0","43.296607649174220001","0.43296607649174218002","0","0","43.296607649174220001","0.43296607649174218002","1.4105088610893927906e-005","0","1.4105088610893927906e-005","30686.67431967425","0","30686.67431967425","133247442.10234509408","0","133247442.10234509408","4342.192337763877731","0","4342.192337763877731","59.743956201976665454","0","0","100","27.550068716591656681","37.192403256798463929","122.00667058539504239","164228.96176420737174","135467.20478890222148","1683.9688465763383647","0","100","3500","0","20.85029068750008463","0","0","164208.96213420052663","0","0","69.522132109663857591","79.149709312499922476","540","34714.357784380990779","0.24413790041405641906","0.29296748047966786332","190049.48408454444143","3.4179406057107910577","17.382660509119620684","20.85029068750008463","87335238.820922315121","21054.601506602142763","89839257.849539518356","21069.596949487051461","87085.53470600284345","325.90095869865149325","0","0","127.96111261787542901","6799.9335002092866489","0","0","0","0","0","7.9975695386172143131","5.9981771539629109569","0","0","0","0","0","0","0","0","0","0","0","0","0","65.979948693592021414","74759.280654609057819","85924351.58955194056","20616.734574362850253","41346.434818458670634","0","0","0","790640.7242838901002","636.80647451239565271","0","0","0","0"
"05/14/2026 08:08:28.762","54698794.035513564944","50639.902586325064476","9911.4612151295368676","40728.441371195527609","1000000000","2185771.3600193704478","9908.4595612182311015","3.001653911305128819","0","0","0","52513022.675494194031","40728.441371195527609","0","0","0","0","0","0","0","0","0","0","46.113872279710591329","0.46113872279710593771","0","0","46.113872279710591329","0.46113872279710593771","1.424849833147942236e-005","0","1.424849833147942236e-005","32381.842395159732405","0","32381.842395159732405","151959313.5817835629","0","151959313.5817835629","4692.7321715486341418","0","4692.7321715486341418","58.112020678414481267","0","0","100","26.049413906871514257","35.264036314413445439","122.00070856029405775","164675.26799956359901","138138.54748603352346","1676.0129052993709138","0","100","3500","0","21.435485004839506473","0","0","164677.26801496371627","0","0","71.077999754599829885","78.564504995153498612","545","35185.27092658613401","0.48828034179623930333","0.29297020507914356413","190428.46629919050611","4.1015628710940097434","17.333992133794492219","21.386664970665481889","84728301.294012993574","20423.253212520099623","87832699.817599490285","20619.361268058699352","85014.843178591399919","318.17531459834367524","0","0","121.06670775597353895","7003.8591263786347554","0","0","0","0","0","0","0","0","0","0","0","0","0","0","0","0","0","0","0","0","80.044104301470113683","77033.445428431063192","83989702.325981616974","20182.120348311920679","40289.199348841211759","0","0","0","785284.69186521775555","624.34401355146678725","0","0","0","0"
"05/14/2026 08:08:29.762","55817004.341736532748","51085.074286116403528","9749.8153792392313335","41335.258906877170375","1000000000","2148847.7145609105937","9749.8153792392313335","0","0","0","0","53668156.627175621688","41335.258906877170375","0","0","0","0","0","0","0","0","0","0","45.951589737066655061","0.4595158973706665595","0.33096043024855931192","0.0033096043024855932753","45.620629306818102577","0.45620629306818100135","1.4341925717852685061e-005","0.00019468235294117647847","1.4246188676888486819e-005","32026.254331640862802","16.992706730271368798","32009.261624910592218","158050052.91728791595","8352255.2120629837736","149697797.70522493124","4935.0152309612985846","491520","4676.7026199918809652","58.415225939793721466","0","0","100","26.326729409807001048","35.828571062846613415","121.99326116918986429","164834.01648340164684","137113.83031641269918","1701.0001701000169305","0","100","3500","0","19.824115771350502513","0","0","164883.01648830162594","0","0","70.638351829857384701","80.175884228649493934","506","34914.003491400348139","0.24414031738241259717","0.58593076170999025543","189882.01898820188944","3.0761839990391988131","16.845731899451468649","19.872945834829579326","71087661.17582334578","17215.611059733164439","89718788.695891737938","21074.954629473031673","87074.627569847027189","325.8601408275568474","0","0","121.94766006430040761","6864.0539480454990553","0","0","0","0","0","4.9978549206680495942","3.9982839365344395866","0","0","0","0","0","0","0","0","0","0","0","0","0","80.965249714822405736","75431.624746658737422","85815328.061196148396","20627.146828581175214","37516.897747486778826","0","0","0","640207.22305986273568","522.77562470187797317","0","0","0","0"
"05/14/2026 08:08:30.762","45954665.98402248323","48958.512459906909498","10406.722484632753549","38551.789975274157769","1000000000","2160973.9803927866742","10402.721053320772626","4.0014313119802951135","0","0","0","43793692.003629699349","38551.789975274157769","0","0","0","0","0","0","0","0","0","1","45.271187162712294594","0.4527118716271229526","1.7517310510386308042","0.017517310510386307348","43.519456111673662235","0.43519456111673665566","1.5291727748691099183e-005","0.00015502035398230087199","1.4756350874813508404e-005","29615.593497794161522","113.04043456344334118","29502.553063230716361","210495006.06366896629","55561634.396623671055","154933371.66704529524","7107.5734504306701638","491520","5251.5242099552424406","60.368866221319727572","0","0","100","25.02603116700265673","41.464548334453297684","122.01220850028013842","159312.31495704568806","132609.02641755813966","1743.9925008322463782","0","100","3500","0","29.345657607394560529","0","0","159224.31533544405829","0","0","66.005669603401756262","70.654342392605443024","511","32792.858990706336044","0.39063023437814065053","0.63477038086222847824","186343.19872424547793","4.2968725781235468375","24.95118497071098318","29.345657607394560529","54575817.770016334951","13308.760543646461883","70258555.485297098756","16735.986462357584969","68912.650054924641154","258.09231962272906458","0","0","141.05045374730542562","6851.4507639382609341","0","0","0","0","0","18.006440903911329343","15.005367419926107786","0","0","0","0","0","0","0","0","0","0","0","0","0","25.008945699876846902","75351.953393728937954","67075512.910968251526","16246.811484467994887","29299.480424147717713","0","0","0","0","0","0","0","0","0"
"05/14/2026 08:08:31.762","49982313.272082649171","55362.107142489461694","12242.274288315355079","43119.832854174106615","1000000000","2276529.267261701636","12240.275223278073099","1.9990650372820633063","0","0","0","47705784.004820950329","43119.832854174106615","0","0","0","0","0","0","0","0","0","0","40.33093365037107958","0.40330933650371081356","2.4053129222782518859","0.02405312922278251761","37.925620728092830802","0.37925620728092829248","1.5210144818222960265e-005","0.00016035533333333333952","1.43843927785784724e-005","26503.604264285593672","149.92987779615475574","26353.674386489441531","186571556.48303288221","73693533.534365981817","112878022.9486669153","7039.4786543973450534","491520","4283.1986649472810313","63.476219318842844075","0","0","100","26.667468237168872491","42.633125500981563505","121.98966792708495177","168759.27865535771707","123366.37533108559728","1787.9817625860216594","0","100","3500","0","31.250488121534335306","0","0","168843.27779856647248","0","0","65.064668040856915354","68.798341531775122348","470","31448.679223471921432","0.78124445316438251297","0.48827653323661407425","193498.0263201315538","5.8105087453879082915","25.488099034496851658","31.201658468224881204","74779813.481234833598","18154.50913607705661","77798125.816555604339","18404.392265737315029","75552.664019038304104","282.86770277541194218","0","0","247.88406462297584198","6793.8225292030920173","0","0","0","0","0","0","0","0","0","0","0","0","0","0","0","0","0","0","0","0","29.985975559230947596","74716.055300935753621","73832732.431042000651","17875.639563376211299","35749.280061715136981","0","0","0","0","0","0","0","0","0"
"05/14/2026 08:08:32.762","57108408.838848903775","54666.479789807526686","10719.760488380412426","43946.719301427110622","1000000000","2208841.488102295436","10717.761092597816969","1.9993957825945001261","0","0","0","54899567.350746609271","43946.719301427110622","0","0","0","0","0","0","0","0","0","1","49.240784403450462037","0.49240784403450460482","3.8894174413788404898","0.038894174413788402955","45.351366962071622879","0.45351366962071620881","1.566042362370002853e-005","0.00016480677966101696147","1.4532518345243054556e-005","31433.500796059433924","235.92870234615099889","31197.572093713282811","264284165.32523873448","115963675.77718015015","148320489.54805859923","8407.7229272016029427","491520","4754.2318069663861024","56.919499866900771679","0","0","100","28.549493132975797494","40.470410357494849052","122.00676246014634785","170602.02756844286341","125349.58529451416689","1746.9900421567597277","0","100","3500","0","25.488722165411438425","0","0","170601.0275741428195","0","0","66.840322326130504393","74.462458117742912123","532","36328.792925880319672","0.43944745120478301281","0.58593660156771087966","197301.87537931033876","5.6151974318548951715","19.726445586615596994","25.488712165469440407","118859328.71086359024","28343.434614059631713","92141802.74720980227","21440.52067465212167","88157.358846156697837","329.90030412809250038","0","0","142.95679845550677101","6832.9350870167045287","0","0","0","0","0","11.996374695567000757","9.9969789129724997423","0","0","0","0","0","0","0","0","0","0","0","0","0","44.986405108376253281","75114.300458401470678","88102911.300205081701","21074.631246437329537","49089.165254260165966","0","0","0","519636.96570896281628","407.87673964927802217","0","0","0","0"
"05/14/2026 08:08:33.762","58926548.918193154037","53364.428397072006192","9972.6864257999914116","43391.74197127201478","1000000000","2175767.6226984625682","9970.685284749362836","2.0011410506270674858","0","0","0","56750781.295494690537","43391.74197127201478","0","0","0","0","0","0","0","0","0","0","45.603322085979755229","0.45603322085979752787","0.16331029395852914021","0.0016331029395852912894","45.440011792021223869","0.45440011792021223203","1.4477678656465284486e-005","0.00016331000000000000681","1.4430413795293595282e-005","31516.97097685100016","10.005705253135337429","31506.965271597862738","153749107.7412340343","4918004.2460210807621","148831103.49521297216","4878.2958189148857855","491520","4723.7524214805171141","58.609475497055896653","0","0","100","26.676297590588927022","36.123121897831239835","122.01622048180398394","164745.2751207894762","136734.14209229199332","1699.9925200329121253","0","100","3500","0","21.679539023170246281","0","0","164679.27541118819499","0","0","70.381036685866035896","78.369281064705916151","604","35027.8458774781393","0.53711096679974024148","0.24414043945279101377","190212.16306648252066","4.101567382821288632","17.529331552796794114","21.581898847417924969","91875507.414327651262","22178.646264099788823","95182561.096337124705","22250.687341922362975","91988.451815225038445","344.19626070785562888","0","0","126.07188618950524983","6801.8784310814025957","0","0","0","0","0","0","0","0","0","0","0","0","0","0","0","0","0","0","0","0","52.029667316303751079","74804.653613490416319","91065045.28882367909","21782.420336075629166","43617.870909992874658","0","0","0","761717.33122226293199","618.352584643763862","0","0","0","0"
"05/14/2026 08:08:34.777","56858636.877615340054","51887.086862877935346","9853.486366078725041","42033.600496799212124","1000000000","2151748.8092432375997","9850.5329782179760514","2.9533878607489434387","0","0","0","54706888.068372108042","42033.600496799212124","0","0","0","0","0","0","0","0","0","1","47.951349958502881066","0.47951349958502881288","0","0","47.951349958502881066","0.47951349958502881288","1.4567753514807060009e-005","0","1.4567753514807060009e-005","32910.585394945723237","0","32910.585394945723237","171722035.79781734943","0","171722035.79781734943","5217.8359557283874892","0","5217.8359557283874892","57.67224060904319316","0","0","100","26.078211648013713386","37.09233369883040865","121.99686013616438629","163721.10334193723975","136021.11419138740166","1662.0332239259921607","0","100","3500","0","21.537511297367583296","0","0","163760.488015490002","0","0","69.603186332742779996","78.414409351123708802","760","35663.806518852703448","0.19230755976170837984","0.48077382254081701962","190296.89643849318963","3.2692777473145029354","18.365603344660812013","21.681739505620601705","71556681.518269747496","17397.423425051776576","91020736.129955351353","21487.86561218906354","88133.031615229469026","329.79497778363202087","0","0","126.99567801220456431","6830.2016592920563198","0","0","0","0","0","0","0","0","0","0","0","0","0","0","0","0","0","0","0","0","37.40957956948661689","75066.259256655888748","86953787.158787712455","21007.447853507233958","38076.060763395631511","0","0","0","640702.05573515431024","511.92056252981689113","0","0","0","0"
"05/14/2026 08:08:35.762","41408744.909920245409","41588.24508293368126","9218.5786565013731888","32369.666426432308072","1000000000","2106087.6144931418821","9216.5467899251107156","2.0318665762621499482","0","0","0","39302657.29542709887","32369.666426432308072","0","0","0","0","0","0","0","0","0","0","32.467329783294509582","0.32467329783294507362","0","0","32.467329783294509582","0.32467329783294507362","1.4035176894039154243e-005","0","1.4035176894039154243e-005","23144.992170202149282","0","23144.992170202149282","97078098.652405127883","0","97078098.652405127883","4194.345711526643754","0","4194.345711526643754","68.342928348454151433","0","0","100","23.521586686476137373","34.854548321342534223","121.9979289233815507","145923.59266557046794","156630.14843075553654","1662.067028237360546","0","100","3500","0","21.920516984507631975","0","0","145933.75199948390946","0","0","71.425258057945384849","78.079483015492371578","333","26218.193030392154469","0.19843069885053035706","0.099215349425265178529","162860.2182326517941","2.9763385716179691087","18.99900794809836313","21.920516984507631975","77730051.489530906081","18824.227895780688414","63057191.151708707213","14922.028136069227912","61545.238594980517519","230.61685640575399248","0","0","78.22686318609277123","7020.099020985727293","0","0","0","0","0","0","0","0","0","0","0","0","0","0","0","0","0","0","0","0","28.446132067670099275","77171.308499724575086","60329987.323184430599","14614.200349765513238","33208.827322428580374","0","0","0","364767.79930359806167","265.15858820221058068","0","0","0","0"
"05/14/2026 08:08:36.777","58148521.598288610578","52505.80689092589455","9768.2704886939663993","42737.536402231933607","1000000000","2111371.2725073909387","9764.3344473970209947","3.936041296945287371","0","0","0","56037150.325781218708","42737.536402231933607","0","0","0","0","0","0","0","0","0","1","33.571102298577812917","0.33571102298577809586","3.0100327529532475701","0.030100327529532476534","30.561069545624562238","0.30561069545624564014","1.6187498218781171599e-005","0.00024250952380952379658","1.4824829168060400076e-005","20716.369356147282815","123.98530085377655041","20592.384055293507117","166081042.10629376769","60941255.075648255646","105139787.0306455195","8016.8990642663757171","491520","5105.7607874994027952","69.537724213021363084","0","0","100","26.566272765363567743","37.675989137523117734","121.99666454162948526","151020.18994762905641","146451.68174588688998","1712.1890036113502447","0","100","3500","0","22.021611847083242708","0","0","151135.3861025586375","0","0","69.124267382289616535","77.978397998771043831","476","24956.213153845252236","0.19229938013455147305","0.38459876026910294611","165960.24511772603728","2.9806846984298518421","19.134039392672260504","22.021602001228956169","83942401.939681142569","20420.182248552151577","91180002.54858674109","21600.010627311501594","89411.11410140915541","334.5635102403494443","0","0","124.96931117801287314","6637.1496369739907095","0","0","0","0","0","3.936041296945287371","2.9520309727089655283","0","0","0","0","0","0","0","0","0","0","0","0","0","39.36041296945287371","73067.686626168084331","87280613.668198600411","21159.174002053627191","41245.776750689670735","0","0","0","316827.70815631398","203.69013711691863477","0","0","0","0"
"05/14/2026 08:08:37.762","59335383.401661038399","53245.008940893771069","9750.7462938323787967","43494.262647061390453","1000000000","2095400.4238058840856","9747.697915457900308","3.0483783744786507874","0","0","0","57239982.977855153382","43494.262647061390453","0","0","0","0","0","0","0","0","0","1","45.671934410042879904","0.45671934410042880348","3.9689197384447068018","0.039689197384447066907","41.703014671598168661","0.41703014671598170882","1.5853427362482369655e-005","0.00020563578947368422642","1.4573390131345403918e-005","28817.33690007151381","193.06396371698122039","28624.272936354533158","230765006.81109338999","94894799.44617061317","135870207.36492279172","8007.8533145275032439","491520","4746.678026269080874","60.07283483963637849","0","0","100","28.432911367714755357","39.225634573873243482","122.00459084359279416","161942.22175719891675","134064.80850663402816","1723.8594541551919974","0","100","3500","0","23.41611651136356187","0","0","161855.87641034965054","0","0","67.849401525163571591","76.583873330360347609","527","33854.486758179191384","0.34719971881891759091","0.29760701489914354045","185832.45548897370463","4.4640849069349535228","18.848356238552891995","23.416126669639659497","97474150.259447485209","22377.129520922950178","95478250.938036829233","21368.11627897051585","87972.135382954555098","329.22486444369428682","0","0","125.99963947845090217","6587.5456672483642251","0","0","0","0","0","0","0","0","0","0","0","0","0","0","0","0","0","0","0","0","355.64414368917596221","72403.050898367262562","91481916.308194294572","20918.988531797327596","42967.909314401411393","0","0","0","348654.21207649639109","289.59594557547183058","0","0","0","0"
"05/14/2026 08:08:38.778","54168340.838581591845","49516.415093503259413","9427.8986404853931163","40088.516453017866297","1000000000","2056296.5035213020165","9426.9135920431726845","0.98504844221976728402","0","0","0","52112044.335060290992","40088.516453017866297","0","0","0","0","0","0","0","0","0","1","47.961851068883305516","0.47961851068883304405","2.7993548006706339137","0.027993548006706340386","45.162496268212670714","0.45162496268212670714","1.5301014287957293307e-005","0.000168281656804733726","1.4484821315822703756e-005","31368.867642488490674","166.473186735140672","31202.394455753346847","228246283.78162068129","81824900.744056344032","146421383.03756433725","7276.2041136756160995","491520","4692.6329081954791036","57.614209425591681679","0","0","100","27.975555632551753149","37.986997442326348562","122.00649035299831269","166586.9209944975737","132300.45978913526051","1705.812588385060053","0","100","3500","0","22.811952074450502437","0","0","166488.48980070734979","0","0","68.850174435526867001","77.188047925549497563","507","35953.962155765198986","0.62481414887048292162","0.52868586653405957865","192638.70505496347323","4.8542912379848255355","17.879181336663471313","22.811952074450502437","82874836.297262012959","20106.808802589890547","85342626.937036201358","20127.494819876505062","83433.603056014282629","312.26035618366620383","0","0","123.13105527747090662","6542.6917532236939223","0","0","0","0","0","13.790678191076741754","10.835532864417439569","0","0","0","0","0","0","0","0","0","0","0","0","0","214.74056040390925659","71897.70074917859165","81506154.82892909646","19673.387488013191614","39467.935934419416299","0","0","0","769413.45783032244071","592.01411377408010139","0","0","0","0"
"05/14/2026 08:08:39.762","57487604.554598197341","51568.099371131385851","9430.9473791319032898","42137.151991999482561","1000000000","2030018.7857322671916","9429.9318792525955359","1.0154998793078393593","0","0","0","55457585.768865928054","42137.151991999482561","0","0","0","0","0","0","0","0","0","1","37.678284723320885519","0.37678284723320887295","1.2969681118440286038","0.012969681118440285622","36.381316611476862022","0.36381316611476860468","1.5106143316902268062e-005","0.00016576753246753248212","1.4632055578259091773e-005","24927.475537369533413","78.193490706703627779","24849.282046662829089","171333449.84501948953","38433664.55215896666","132899785.29286050797","6873.2772232859415453","491520","5348.2344094809968738","66.461850140390311026","0","0","100","26.439680916608821803","34.276809881376017586","122.00240124517581819","153444.10970988645568","149947.10778276587371","1676.5517172004756503","0","100","3500","0","17.193299267356941584","0","0","153463.4154569329985","0","0","71.920677466453000193","82.80670073264305131","423","27884.611378868277825","0.34730509838397455313","0.14883923584343064506","175612.18777907601907","2.679187533677569899","14.586682038321225008","17.193299267356941584","71531299.686505034566","17356.923937129588012","90218227.877563610673","21316.357966550855053","87917.917550955491606","329.02196089573993731","0","0","127.95298479278775972","6361.0912439843059474","0","0","0","0","0","0","0","0","0","0","0","0","0","0","0","0","0","0","0","0","576.80393144685274365","69908.027191430970561","86359279.592199623585","20881.724018207100016","37911.656994199562178","0","0","0","652602.87343814852647","517.90493844699801684","0","0","0","0"
"05/14/2026 08:08:40.762","49399638.345027007163","46476.353978679704596","9396.8693835155700071","37079.48459516413277","1000000000","2094884.881100152852","9396.8693835155700071","0","0","0","0","47304753.4639268592","37079.48459516413277","0","0","0","0","0","0","0","0","0","0","32.931516568817194468","0.32931516568817192914","0","0","32.931516568817194468","0.32931516568817192914","1.43445383275261314e-005","0","1.43445383275261314e-005","22959.680860436041257","0","22959.680860436041257","109034004.42733846605","0","109034004.42733846605","4748.9337979094079856","0","4748.9337979094079856","68.622836182826731033","0","0","100","25.928221275070715279","36.505607712885101535","121.99278806314855217","156521.16005860207952","143263.18004995177034","1676.8303047731569677","0","100","3500","0","22.078694332489824603","0","0","156555.15661815024214","0","0","70.069600510985026176","78.018955160424738438","403","26130.35560801246902","0.2929384798195713846","0.24411373336229022502","174412.34947023360291","3.3687775195388978133","18.601508477687801246","21.98104483957525801","91917046.35305570066","22072.693189564666682","79042085.315014123917","18516.742617277621321","76122.941891107722768","284.99603855506410355","0","0","110.99845712144602317","6786.905662011298773","0","0.99998610019320743891","0","0","0.99998610019320743891","5.9999166011592448555","2.9999583005796224278","0","0","0","0","0","0","0","0","0","0","0","0","0","54.999235510626405699","74605.962977114628302","75504614.485858649015","18097.748441296665987","39886.445578406463028","0","0","0","527787.66375147388317","407.99432887882863952","0","0","0","0"
"05/14/2026 08:08:41.778","57318527.503425046802","51913.530326716521813","9720.625024970728191","42192.905301745791803","1000000000","2104147.27642414812","9719.6409568369999761","0.98406813372856127842","0","0","0","55214380.227000899613","42192.905301745791803","0","0","0","0","0","0","0","0","0","1","33.003145700514977534","0.33003145700514974203","3.1983323219152701711","0.031983323219152703931","29.80481337859970381","0.2980481337859970381","1.6280947061680428112e-005","0.00025183410852713176802","1.4795860417379405499e-005","20261.962873471078638","126.9447892509844138","20135.018084220093442","165933600.19949027896","62395902.81264385581","103537697.38684642315","8189.4138902379800129","491520","5142.1705683984164352","69.776160252727180477","0","0","100","26.13824963182888439","36.473742902369686192","121.99914651043944502","154442.33630337068462","145262.35498100411496","1704.1682123304988181","0","100","3500","0","22.220014736118333332","0","0","154539.80172972581931","0","0","70.117312024900968481","77.68384804076966077","472","23634.87364148947745","0.3364950485145937753","0.24035782540259489903","169459.88795610866509","3.3650194007180611599","19.036390966310523964","22.316151959230335677","86945297.030141413212","21105.309264076455293","90637398.643442392349","21403.481908596208086","88097.715603915727115","329.66282479906806202","0","0","124.97665298352728769","6630.6510850630456844","0","0","0","0","0","5.9044088023713676705","4.9203406686428063921","0","0","0","0","0","0","0","0","0","0","0","0","0","79.709518832013472434","72956.843298368083197","86769806.191717326641","20970.49192975564074","41746.13836903302581","0","0","0","374519.60253881703829","224.36753449011197858","0","0","0","0"
"05/14/2026 08:08:42.778","58408970.414217762649","52819.640517883010034","9675.0629604472014762","43144.57755743580492","1000000000","2084697.9224228039384","9672.0613897252424067","3.0015707219588012578","0","0","0","56324272.491794958711","43144.57755743580492","0","0","0","0","0","0","0","0","0","1","48.635359503313644325","0.48635359503313640994","4.6022148126911179844","0.046022148126911181787","44.033144690622521011","0.44033144690622522122","1.5902795670797502891e-005","0.00025710782122905027468","1.4482729246151823722e-005","30599.012463222003134","179.09371974354178292","30419.918743478461693","230446864.84437304735","88028145.128345668316","142418719.71602740884","7531.1863453552623469","491520","4681.7587159584263645","57.597019929834239349","0","0","100","27.844820303424970831","37.736944758223224028","122.00791442079889748","171526.61578004067997","128862.06868404174747","1696.9764120278730388","0","100","3500","0","21.338149584106368195","0","0","171414.6173368190357","0","0","69.058182107999044774","78.710670254788155376","563","34700.517662804493739","0.29296903320219042088","0.58593806640438084177","196951.2623774529784","3.8085774316944749351","17.431582475777830155","21.289329745211837519","90579588.298556640744","21854.436426582029526","92306960.232289552689","21826.421766510415182","90107.153073203211534","337.1764444333720121","0","0","127.06649389625590629","6542.4236502962003215","0","0","0","0","0","7.0036650179038693054","5.0026178699313348375","0","0","0","0","0","0","0","0","0","0","0","0","0","78.040838770928829149","71899.625073801114922","88183874.621589481831","21342.168356701062294","42860.428862423708779","0","0","0","668748.95632884686347","562.2942485802821011","0","0","0","0"
"05/14/2026 08:08:43.762","56162042.730931989849","50723.58542055630096","9362.0561038461655698","41361.529316710140847","1000000000","2026451.7461865600199","9359.0075671793329093","3.0485366668336588702","0","0","0","54135590.984745427966","41361.529316710140847","0","0","0","0","0","0","0","0","0","0","45.060955036768142179","0.45060955036768141069","3.557109523945024776","0.035571095239450248315","41.503845512823119179","0.41503845512823117625","1.5933649561592639206e-005","0.00020116149425287356708","1.4768189050408621606e-005","28278.226121549017989","176.81512667635220737","28101.410994872665469","229790531.99708521366","86908171.063960641623","142882360.93312457204","8126.0589334483256607","491520","5084.5262168221597676","60.325262905435337757","0","0","100","28.418348564180949012","38.300673192624152819","121.99837871716643178","159158.52041071947315","137935.77179708200856","1692.0729987730692301","0","100","3500","0","22.49063011938975265","0","0","159166.65049119404284","0","0","68.599009760122925172","77.509369880610250902","376","33222.557599333573307","0.64508884110227193709","0.64508884110227193709","184394.29020383229363","5.5576501721537718836","16.821811699952437635","22.441006337372616741","88018204.23508810997","21095.873734488919581","90909574.610242053866","21113.148775600977388","87432.031604789328412","327.20960224014606865","0","0","126.0061822291245619","6362.2960236818462363","0","0","0","0","0","9.1456100005009766107","7.1132522226118704012","0","0","0","0","0","0","0","0","0","0","0","0","0","61.986912225617729177","70023.871058280201396","87053850.469479724765","20683.305105577430368","41455.017774493040633","0","0","0","753502.74322571966331","589.38375558784071018","0","0","0","0"
"05/14/2026 08:08:44.762","56587843.254414573312","51212.797008067645947","9586.8339613368043501","41625.963046730837959","1000000000","2102231.1568202995695","9585.8337700002011843","1.0001913366026919938","0","0","0","54485612.09759426862","41625.963046730837959","0","0","0","0","0","0","0","0","0","0","28.542107556283458081","0.28542107556283458081","2.3235972372789541751","0.023235972372789542861","26.218510319004501241","0.26218510319004501019","1.6314667047727922589e-005","0.00015915273972602741797","1.5112617441927488375e-005","17498.347433864099003","146.02793514399303376","17352.319498720105912","157971980.03978160024","71775650.681975468993","86196329.357806146145","9027.822806516147466","491520","4967.4240590235749551","73.185588083208031662","0","0","100","26.01619852958823742","35.346985175881407315","122.00627923544647047","148676.17841141409008","152869.41350551520009","1693.0020316024379099","0","100","3500","0","22.022579481629311005","0","0","148667.17840061409515","0","0","71.026718523268812078","77.977420518370692548","418","22214.026656831989385","0.43944380384236580994","0.34178518082895031904","161306.19356743228855","4.0526828571717139482","18.066155267210731949","22.071408793136015447","72683664.384996846318","16979.248130167299678","91328367.11662940681","20891.996638957032701","85788.411323086111224","321.06141904946417753","0","0","122.02334306552843657","6573.2574641528926804","0","0","0","0","0","0","0","0","0","0","0","0","0","0","0","0","0","0","0","0","269.05146954612416721","72228.817372763413005","87331138.446784868836","20426.907667436782504","37086.094569891218271","0","0","0","645919.56441267218906","506.09681632096220483","0","0","0","0"
"05/14/2026 08:08:45.762","63214992.052040599287","62323.474452502225176","11184.906532277231236","51138.56792022499576","1000000000","2213290.3312719073147","11180.909067469412548","3.9974648078188814715","0","0","0","61001701.720768690109","51138.56792022499576","0","0","0","0","0","0","0","0","0","0","29.485857113301385368","0.29485857113301383592","2.9409920674720355649","0.029409920674720355094","26.544865045829350692","0.26544865045829352246","1.687685439560439527e-005","0.00015561534391534390977","1.5359665567320488269e-005","17460.926280552874232","188.88021216944216008","17272.046068383431702","188976087.36539289355","92838401.885524213314","96137685.479868680239","10822.798534798534092","491520","5566.0855175606084231","73.120690639608994843","0","0","100","26.095138063384844429","40.260207763035587902","121.99568541330347671","162358.91088638646761","132050.45235910353949","1732.8816441837025195","0","100","3500","0","27.884242229039458039","0","0","162441.90521787363105","0","0","67.01378705338719044","72.066930060980141093","299","20844.576315437658195","0.3906116803121933434","0.68356794066358295137","176808.92395049420884","5.1267095573217620341","22.899316022078565425","27.93306993901986246","93564397.459131419659","22733.582362065979396","99937067.911530509591","23714.959972385513538","97769.994269634204102","365.7680299154276895","0","0","128.91824005215892157","6632.7934823734794918","0","0","0","0","0","0","0","0","0","0","0","0","0","0","0","0","0","0","0","0","23.984788846913289717","72922.752390433990513","95675130.832026332617","23161.311096502598957","45529.125428653154813","0","0","0","0","0","0","0","0","0"
"05/14/2026 08:08:46.777","54818775.813241764903","50317.261626811523456","9648.4016461378760141","40668.859980673645623","1000000000","2117670.5118114617653","9646.4317805506689183","1.9698655872065895522","0","0","0","52701105.301430307329","40668.859980673645623","0","0","0","0","0","0","0","0","0","0","34.590312704447804037","0.34590312704447800929","0.15908771330022911106","0.0015908771330022911279","34.431224991147566072","0.34431224991147568737","1.4733604563375555339e-005","0.00014687272727272726982","1.4672611304603248666e-005","23482.76766508975561","10.834260729636243425","23471.933404360119312","124461717.97690469027","5325255.8338308064267","119136462.14307388663","5300.1298548779468547","491520","5075.698711761991035","67.941285250690171438","0","0","100","26.209064783566358159","34.401901376717745507","122.01022660594037461","158826.50380909664091","144659.9061283202318","1661.2023579817227983","0","100","3500","0","20.041418342391892793","0","0","158757.57425067416625","0","0","71.792151252672965711","79.958581657608107207","583","26512.277585240015469","0.28847695276327756098","0.67312930140445426108","175436.55797295895172","3.6541530007078009135","16.203274630925566413","19.945252793488077003","104854361.4350746572","25109.876640122398385","88622708.393804103136","20663.890009797123639","85535.503527684530127","320.10315792107081734","0","0","125.08646478761843923","6751.7143001505855864","0","0","0","0","0","0","0","0","0","0","0","0","0","0","0","0","0","0","0","0","63.035698790610865672","74282.646360766884754","84756287.737084403634","20299.46487616390732","45091.208223952438857","0","0","0","763718.85802558204159","562.39662514748135891","0","0","0","0"
"05/14/2026 08:08:47.762","57625552.230341270566","52406.149026069724641","9904.547865311962596","42501.601160757760226","1000000000","2137610.0423502703197","9898.4540089551246638","6.0938563568367278833","0","0","0","55487942.187991000712","42501.601160757760226","0","0","0","0","0","0","0","0","0","0","41.769170512497389325","0.41769170512497388881","0","0","41.769170512497389325","0.41769170512497388881","1.4532442653659916182e-005","0","1.4532442653659916182e-005","28735.579650663592474","0","28735.579650663592474","143135618.16383576393","0","143135618.16383576393","4981.1286183861730024","0","4981.1286183861730024","62.365492432427103608","0","0","100","26.836926117533860037","35.740810810371534956","121.99404758602707943","165500.95688399279607","136694.90625671239104","1690.3816168561115774","0","100","3500","0","20.635138321398382999","0","0","165538.54349446375272","0","0","70.709972401853477209","79.464071565213231452","327","31684.496772681563016","0.64484394557089208533","0.2976195011325429296","189371.50209606304998","3.9186381406242745129","16.815425623721463211","20.635138321398382999","92915900.110319107771","21595.611285903225507","94565161.70758792758","21756.082836633257102","89835.630412487051217","336.1777423521594983","0","0","128.98662621971075737","6716.4453479602134394","0","0","0","0","0","4.0625709045578188849","3.0469281784183639417","0","0","0","0","0","0","0","0","0","0","0","0","0","60.938563568367278833","73830.116691255374462","90510699.694555610418","21293.965396239807887","42554.414582517012605","0","0","0","794635.82200333091896","646.96441655083265232","0","0","0","0"
"05/14/2026 08:08:48.762","56737152.632142804563","51721.873442959644308","9781.0017894491811603","41940.871653510461329","1000000000","2144903.2708138129674","9779.0011754607494368","2.00061398843305005","0","0","0","54592249.361328989267","41940.871653510461329","0","0","0","0","0","0","0","0","0","1","37.597541804058820958","0.37597541804058820514","4.574632496927204528","0.045746324969272049443","33.022909307131612877","0.33022909307131614876","1.6573277799814888718e-005","0.00025849209039548019535","1.4671197583511017145e-005","22695.965391778736375","177.05433797632494475","22518.911053802410606","193849444.39448466897","87025748.202123224735","106823696.19236142933","8541.141169729824469","491520","4743.7327647476904531","65.72611596222598962","0","0","100","27.738693081471243573","36.46819249276920516","122.00178753010436594","161329.12353028342477","139074.14820094834431","1713.7569892589231131","0","100","3500","0","22.033026908714813175","0","0","161281.13033571839333","0","0","70.096508707060493748","77.918150321937318381","546","27504.099918631538458","0.73231154466023584693","0.53703046578801683086","179020.61487681046128","4.5403375760049939913","17.429058756398177366","22.081849678062681619","87818707.56135058403","21299.536827852469287","92142102.411230012774","21404.569062245202076","88211.071977990039159","330.10130809145329067","0","0","125.03837427706562835","6815.0915515971855712","0","0","0","0","0","0","0","0","0","0","0","0","0","0","0","0","0","0","0","0","33.010130809145323383","74971.008602540125139","88172980.287650287151","20949.429379876684834","41918.864899637701456","0","0","0","750074.19777129602153","634.19463433327689472","0","0","0","0"
"05/14/2026 08:08:49.777","54407627.937977857888","49788.502700297452975","9496.8817964490190207","40291.620903848430316","1000000000","2065583.1094281135593","9494.9133268052319181","1.9684696437867177377","0","0","0","52342044.828549742699","40291.620903848430316","0","0","0","0","0","0","0","0","0","0","40.295024327679982434","0.40295024327679984655","3.5485580650040651207","0.035485580650040648987","36.746466262675916425","0.36746466262675919756","1.6082988758745380618e-005","0.00023863907284768208646","1.4754216915108142147e-005","25040.902338610834704","148.61945810589719486","24892.282880504939385","197011748.90949243307","73049436.048210591078","123962312.86128185689","7867.5978303592482916","491520","4979.9495472697799414","64.585765707424982907","0","0","100","27.778838851582367653","37.097666232853619306","121.99436799237321338","159300.33704530246905","139811.58971506275702","1731.2149879494436391","0","100","3500","0","21.911072009302500874","0","0","159369.27052036303212","0","0","69.636713604593268201","78.040851673630939445","325","29903.341481270083023","0.48084195201270579778","0.38467947021119702766","180562.37504576690844","4.5680182394574799787","17.454608157335805174","21.959148326369060555","73949936.108396545053","16853.052855279984215","87767589.088260963559","19634.500461950614408","80990.715023960714461","303.14432514315450362","0","0","113.1870045177362698","6586.4994281103572575","0","0","0","0","0","4.9211741094667944552","2.9527044656800764955","0","0","0","0","0","0","0","0","0","0","0","0","0","32.479749122480839674","72361.928340421640314","84010882.881272643805","19197.500201029964956","35750.361435632476059","0","0","0","613284.59140032704454","490.14894130289269469","0","0","0","0"
"05/14/2026 08:08:50.762","53323875.723744913936","48807.025015463550517","9152.3945689978609153","39654.63044646569324","1000000000","1978495.0161733538844","9149.3525588375468942","3.0420101603139353408","0","0","0","51345380.707571566105","39654.63044646569324","0","0","0","0","0","0","0","0","0","0","28.23075476645171733","0.28230754766451715554","3.0137183072522515381","0.030137183072522517185","25.217036459199459131","0.25217036459199460019","1.6768201291256865651e-005","0.0001666662921348314552","1.5140762427569380758e-005","16805.07812896095129","180.49260284529350429","16624.585526115657558","181767553.91963008046","88715724.150518655777","93051829.769111424685","10816.227840463403481","491520","5597.2420860018301028","74.429839616662292201","0","0","100","25.781239591947478829","38.613284289912904512","121.85695843280294071","146191.95789840631187","149539.96333766152384","1777.5271408079804587","0","100","3500","0","25.596014081071704283","0","0","146390.02520838205237","0","0","68.340618251816636075","74.403975760304433607","295","21312.042553390314424","0.49602528603383250205","0.49602528603383250205","160476.16600193924387","3.8690033262382113044","21.775568976903660001","25.596024239695569946","89766925.23753029108","21179.488739492389868","86575868.747401610017","19953.558644885873946","81266.287429400006658","304.20101603139352164","0","0","107.48435899775904545","6253.3588862186797996","0","0","0","0","0","12.168040641255741363","10.140033867713118099","0","0","0","0","0","0","0","0","0","0","0","0","0","222.06674170291728387","68720.023524878575699","82892716.413672819734","19488.131090357841458","40362.404810432068189","0","0","0","0","0","0","0","0","0"
"05/14/2026 08:08:51.762","57638387.293795891106","51989.383433754803264","9638.5769182892818208","42350.806515465519624","1000000000","2088798.9854087359272","9635.5701874215610587","3.0067308677204791501","0","0","0","55549588.308387152851","42348.802028220372449","2.004487245146985952","0","0","0","0","0","0","0","0","0","34.088171847744042964","0.34088171847744042076","2.3048751073488404906","0.0230487510734884056","31.783296740395204694","0.31783296740395206026","1.6039401496259351787e-005","0.00015573648648648649923","1.5059767827529021707e-005","21300.683710554447316","148.33205614087697199","21152.351654413570941","202004078.32974895835","72908172.23436383903","129095906.09538511932","9483.4551357455420657","491520","6103.1467424780857982","68.853466382563070169","0","0","100","27.101577331502131329","36.264480748360078621","122.1554746101127904","154079.09975177567685","146002.27154623638489","1667.1633820114370792","0","100","3500","0","20.411019560988741262","0","0","153831.07544539365335","0","0","70.248581315321786178","79.588990438903266522","463","24520.402999493951938","0.1953178905667818932","0.14647841803308525588","171273.78483091344242","3.2714446683975815233","17.138484904363032513","20.411009561096737031","93377811.568978309631","22582.553303825945477","90577935.767008021474","21371.843007757164742","88919.054194720301894","332.7448826943996778","0","0","125.28045282168662311","6523.6037393308661194","0","0","0","0","0","0","0","0","0","0","0","0","0","0","0","0","0","0","0","0","427.95802683888149431","71838.818378822834347","86631821.996721863747","20965.934340614901885","43217.747248991589004","0","0","0","356187.36102639365708","211.47340436300703459","0","0","0","0"
"05/14/2026 08:08:52.762","52190525.585235409439","48532.850664544494066","9561.9854733412776113","38970.865191203214636","1000000000","2129745.0340518872254","9559.9856855187663314","1.9997878225120315765","0","0","0","50060780.551183521748","38968.865403380703356","1.9997878225120315765","0","0","0","0","0","0","0","0","0","36.810694783957828236","0.36810694783957825793","0","0","36.810694783957828236","0.36810694783957825793","1.4104816461031496427e-005","0","1.4104816461031496427e-005","26095.23129595950013","0","26095.23129595950013","108860129.94021333754","0","108860129.94021333754","4171.6484021764117642","0","4171.6484021764117642","65.149312276031594138","0","0","100","25.195876107214171924","35.280552391070607143","122.0020196095790368","162442.97465784795349","140023.13483367394656","1708.0102480614882552","0","100","3500","0","23.632924550613175541","0","0","162461.97477184861782","0","0","71.089413365879948969","76.367065449401820842","344","29204.175225051349116","0.58592912110631834022","0.58593912109131840449","184593.10755864533712","3.5644546533180201386","19.921850117224824572","23.632934550598172052","80407104.80618005991","19436.937740905690589","82901268.175446584821","19484.932648645979498","80671.440760135345045","301.96796119931673275","0","0","117.98748152820985524","6709.28814452786537","0","0","0","0","0","10.998833023816173338","8.9990452013041419832","0","0","0","0","0","0","0","0","0","0","0","0","0","359.96180805216567933","73754.174682066237438","79355676.362737908959","19088.974659788596909","38224.94433340622345","0","0","0","821748.8124509989284","591.93719546356135197","0","0","0","0"
"05/14/2026 08:08:53.762","56042119.637886285782","51058.014472752249276","9636.1717835815197759","41421.842689170727681","1000000000","2108744.0836114599369","9635.1720769954026764","0.99970658611697471585","0","0","0","53933375.554274819791","41419.843275998493482","1.9994131722339494317","0","0","0","0","0","0","0","0","1","33.012775678067029617","0.33012775678067030061","0","0","33.012775678067029617","0.33012775678067030061","1.467397777777777931e-005","0","1.467397777777777931e-005","22493.398187631930341","0","22493.398187631930341","110666015.5244435817","0","110666015.5244435817","4919.9331555555554587","0","4919.9331555555554587","69.1916289716954509","0","0","100","26.410007695273566952","34.888765700517872403","122.00474996922869764","159219.84893722116249","143502.487565313495","1648.8120354279612911","0","100","3500","0","19.68666887375435337","0","0","159216.84927918217727","0","0","71.392993959772283574","80.508619390661820603","515","25814.057197479487513","0.48823565937111201851","0.34176196189364121958","175749.96450404654024","2.8805393959652292324","16.746176150594436649","19.49138060933818295","87469715.638460114598","21102.806326343219553","90334814.731876194477","21242.765248399595293","87622.282859980594367","327.90376024636771035","0","0","126.96273643685579202","6666.0435162279873111","0","0","0","0","0","8.9973592750527728867","6.997946102818823455","0","0","0","0","0","0","0","0","0","0","0","0","0","220.93515553185142153","73301.48601385494112","86351103.950990393758","20786.899045130256127","41565.800437571575458","0","0","0","793174.2033713106066","638.81250852874688917","0","0","0","0"
"05/14/2026 08:08:54.778","55048465.20848710835","49489.929323314929206","9108.7390812572593859","40381.190242057673458","1000000000","1978766.9570124438033","9106.7694112213084736","1.9696700359514021095","0","0","0","53069698.251474663615","40379.220572021717089","1.9696700359514021095","0","0","0","0","0","0","0","0","0","37.252287140587974079","0.37252287140587975189","0.065304685635804216037","0.00065304685635804210399","37.186982454952172361","0.37186982454952172139","1.4740338098391305566e-005","0.00022113333333333333257","1.4716217374366966379e-005","25283.669416490174626","2.9545050539271033863","25280.714911436247348","124259769.93269143999","1452198.3241062497254","122807571.60858519375","4914.6256378296266121","491520","4857.7570705103235014","66.172261436096704301","0","0","100","27.386041728026008002","36.780766426059301466","122.00414300417435243","160418.3583839564526","139349.91561776996241","1675.4338187399141589","0","100","3500","0","21.508059822793367033","0","0","160345.51343531560269","0","0","69.849986257862354933","78.299688065288151506","514","30143.042869350712863","0.57678586756989391748","0.19226195585663130583","182618.34867785926326","4.2778801984852936613","17.303802437674089987","21.700311934711848494","70953959.455327138305","17167.644033352422412","89263381.815119862556","20965.167862666723522","86054.883870716759702","322.04105087805425001","0","0","121.13470721101123218","6158.1733674020588296","0","0","0","0","0","0","0","0","0","0","0","0","0","0","0","0","0","0","0","0","1439.8287962804749895","67706.422650811466156","85276312.69890588522","20500.325734182191809","37346.913551674537302","0","0","0","618761.00860893528443","516.05354941926736956","0","0","0","0"
"05/14/2026 08:08:55.777","39605772.082265421748","39815.46539976245549","8534.600237544540505","31280.865162217916804","1000000000","1913005.688566606259","8531.5996749390506011","3.0005626054885290444","0","0","0","37692766.393698818982","31278.864787147591414","2.0003750703256861776","0","0","0","0","0","0","0","0","0","33.916319706942203993","0.33916319706942205103","3.2274732278543756259","0.032274732278543757924","30.688846479087828811","0.30688846479087827923","1.6640399528811228801e-005","0.00024257293233082705131","1.5155837162195544897e-005","20377.82084140776351","133.02494217665812926","20244.795899231106887","189934364.69337999821","65384419.578671000898","124549945.11470900476","9320.6416020418182597","491520","6152.1956425077814856","70.299297217109398161","0","0","100","25.253365622394053247","37.631246868862767485","122.00105331430795275","144534.8798938957043","153113.27510191651527","1700.6457351856499827","0","100","3500","0","25.068554119564623761","0","0","144581.89774657436647","0","0","69.159944806568390163","74.980284844605165517","314","25190.564857476383622","0.83040244526949824611","0.58616760888252905648","162001.51197409656015","4.6404718952369199414","20.515776275927944283","25.019715155394838035","65647712.946177408099","15919.984997186973487","61175454.397699572146","14525.723573169969313","60323.310620741387538","226.04238294680251897","0","0","75.014065137213222556","6292.1797837094454735","0","0","0","0","0","5.0009376758142147779","4.0007501406513723552","0","0","0","0","0","0","0","0","0","0","0","0","0","130.02437957116958955","69193.973870100642671","58530526.473713822663","14166.656248046509063","29860.598862286678923","0","0","0","0","0","0","0","0","0"
"05/14/2026 08:08:56.762","56376727.704630926251","50858.538683746650349","9448.2617290359576145","41410.276954710694554","1000000000","2041841.054322021082","9445.2152130012309499","3.04651603472784549","0","0","0","54334886.650308907032","41408.245944020876777","2.031010689818563808","0","0","0","0","0","0","0","0","0","29.690714548966077757","0.29690714548966079533","3.5068767348278879759","0.035068767348278878648","26.183837814138193778","0.26183837814138194444","1.6333569911702246641e-005","0.0001807403141361256483","1.4559763881827940483e-005","18171.452641806688916","193.96152087767282524","17977.491120929014869","173206151.4439368844","95335966.741793751717","77870184.702143132687","9531.7724376886108075","491520","4331.5379314240526583","72.123218036399336484","0","0","100","27.271243880397115333","37.388421678835442208","121.99844601905084573","151525.58709168311907","146443.3124434465135","1685.2994347389887935","0","100","3500","0","23.314786513822348013","0","0","151598.72847763926256","0","0","69.366510238405126643","76.635609243313325578","418","22240.060593574853556","0.44641786866121163646","0.44641786866121163646","166504.33342394739157","4.216198106525898659","19.096902086527354214","23.364390756686670869","96409173.100400775671","22793.017466488829086","90174031.212978482246","20719.35555218407535","85468.991848944802769","319.88418364642376446","0","0","122.87614673402309506","6428.1488332757535318","0","0","0","0","0","4.062021379637127616","3.04651603472784549","0","0","0","0","0","0","0","0","0","0","0","0","0","272.15543243568754406","70746.195358450029744","86422137.041633889079","20358.851154741281789","42832.999942928596283","0","0","0","248093.03328806208447","103.58154518074674399","0","0","0","0"
"05/14/2026 08:08:57.778","60125720.048494018614","54732.056770696384774","9964.7128226491877285","44767.343948047193408","1000000000","2141710.0739326933399","9959.788572390911213","4.9242502582769267505","0","0","0","57984009.974561326206","44767.343948047193408","0","0","0","0","0","0","0","0","0","1","39.92307358413849272","0.39923073584138490943","2.9912383454107884795","0.029912383454107883962","36.931835238727700244","0.36931835238727700466","1.5225104162756652616e-005","0.0001616515957446808423","1.4184459229576984983e-005","26237.390226151117531","185.15180971121242237","26052.238416439908178","199950592.04260855913","91005817.50925514102","108944774.53335343301","7620.8262452610633773","491520","4181.7817260802175952","63.452196437364804638","0","0","100","28.044560427618833387","38.252446618516501076","122.00226543231580933","168220.5735798914684","130575.93935244515887","1696.8712705618916061","0","100","3500","0","22.239013826892339409","0","0","168162.50199928641086","0","0","68.624030361111039156","77.857109743569751004","531","29616.506108588931966","0.52865995219018724338","0.38447459649705079121","191023.01947612542426","3.2680832836032145394","18.74337772478481412","22.142890256430248996","92736041.474005386233","22533.369181875215872","95668334.017804130912","22632.839037092409853","93182.572487425932195","348.63691828600639155","0","0","117.19715614699084938","6712.7379520831063928","0","0","0","0","0","4.9242502582769267505","3.9394002066215412228","0","0","0","0","0","0","0","0","0","0","0","0","0","111.28805583705853621","73786.935570124769583","91457619.440152153373","22146.323111574649374","44333.025075267170905","0","0","0","424497.94806491740746","296.43986554827097279","0","0","0","0"
"05/14/2026 08:08:58.777","56533689.37506056577","51238.167374479940918","9598.4060125743326353","41639.76136190561374","1000000000","2080126.9893716506194","9594.4058433671743842","4.0001692071574632692","0","0","0","54453562.385688915849","41639.76136190561374","0","0","0","0","0","0","0","0","0","1","33.236268471643590772","0.33236268471643592992","1.2431791910116629651","0.012431791910116630692","31.993089280631931359","0.31993089280631931137","1.4739658385093169191e-005","0.00016351184210526315292","1.4236333689458689612e-005","22540.953482332304702","76.003214935991792345","22464.950267396310664","136455820.0811894536","37357100.205338686705","99098719.875850751996","6053.6844720496892478","491520","4411.2592592592591245","69.195798546728141787","0","0","100","25.377102577112502502","32.948510569506488821","121.99038170924671931","157121.0998336932098","148661.22899835105636","1650.6629062231393164","0","100","3500","0","19.157648534698402898","0","0","157244.14925033893087","0","0","72.998694986477175917","80.744663024900305004","143","25756.343747649054421","0.24423610690806832335","0.39078377341483871987","175989.67745446570916","3.2727678341427353104","16.021924627340858649","19.206497756867324966","87220757.438039630651","21113.893117678879207","90084114.558045804501","21259.899293740127177","87651.707667234324617","328.01387498691195788","0","0","126.00533002546008277","6561.2775420400284929","0","0","0","0","0","0","0","0","0","0","0","0","0","0","0","0","0","0","0","0","170.00719130419216185","72142.051608783061965","86232639.640656799078","20826.880977065331535","41612.760219757299637","0","0","0","811155.31186969217379","641.02711544698343005","0","0","0","0"
"05/14/2026 08:08:59.762","55362202.592197887599","49614.859410175638914","9107.9584074977992714","40506.901002677841461","1000000000","1958641.7227580931503","9104.9112484454399237","3.0471590523579119569","0","0","0","53403560.869439795613","40506.901002677841461","0","0","0","0","0","0","0","0","0","0","15.327916364702462104","0.15327916364702462437","0","0","15.327916364702462104","0.15327916364702462437","1.6735381543921916126e-005","0","1.6735381543921916126e-005","9157.7286720196443639","0","9157.7286720196443639","81551922.168244615197","0","81551922.168244615197","8905.2564330079858337","0","8905.2564330079858337","85.880428066894737071","0","0","100","24.804170174588882958","31.700453781567237144","122.00283962972228835","130987.44341348337184","180843.58761575332028","1703.576301374329887","0","100","3500","0","19.296716478316177756","0","0","130896.01713612875028","0","0","74.02979840676675849","80.703283521683815138","420","13196.87521237562396","0.64483706732770673664","0.49602382474718809124","139085.77989204996265","3.372968103437241183","16.021616268866285537","19.346310733915750291","71970540.878857553005","17433.812658223734616","88783700.055539548397","20919.762614121184015","86303.670120249022148","322.99885954993862924","0","0","124.93352114667438002","6115.6482180823286399","0","0","0","0","0","0","0","0","0","0","0","0","0","0","0","0","0","0","0","0","253.92992102982597658","67232.517331224968075","84809505.83612215519","20452.531559426304739","37565.376797468336008","0","0","0","695727.35483435844071","528.17423574203803582","0","0","0","0"
"05/14/2026 08:09:00.762","38014071.605320706964","38431.737145516344754","8805.2524340683467017","29626.484711447996233","1000000000","2034317.2864623791538","8804.2525189611405949","0.99991510720739806839","0","0","0","35979754.318858325481","29626.484711447996233","0","0","0","0","0","0","0","0","0","0","31.397264618576787853","0.31397264618576786743","0","0","31.397264618576787853","0.31397264618576786743","1.4261142649529952672e-005","0","1.4261142649529952672e-005","22017.130745599697548","0","22017.130745599697548","93548793.707414239645","0","93548793.707414239645","4248.9093964303556277","0","4248.9093964303556277","69.7001534987557676","0","0","100","26.771068840289888868","38.048272993424738786","122.01639285384449352","153061.4540478187555","143869.24041866482003","1715.7472704270660415","0","100","3500","0","24.766272347907047902","0","0","153003.46258996048709","0","0","68.819215420585791776","75.282540896339938286","309","26959.028935037866177","0.3905659456731188639","0.3905659456731188639","171885.68123915346223","4.3451086369646434449","20.309689139023159754","24.668635860796861436","70982953.547243833542","17107.54756921137232","58719398.72304841131","13835.825338428767282","57359.130209845177887","214.98174804959057838","0","0","79.993208576591840142","6828.4202671193215792","0","0","0","0","0","4.9995755360369900089","3.9996604288295922736","0","0","0","0","0","0","0","0","0","0","0","0","0","40.996519395503320027","75056.627692308917176","56151392.746755793691","13541.850296909791723","30435.416033178782527","0","0","0","325341.3785169639159","244.97920126581252021","0","0","0","0"
"05/14/2026 08:09:01.762","57675092.045587800443","51798.04161897071026","9548.6894693609738169","42249.352149609730986","1000000000","2056035.1726056577172","9548.6894693609738169","0","0","0","0","55619056.872982144356","42249.352149609730986","0","0","0","0","0","0","0","0","0","0","28.607399796505394107","0.28607399796505394995","1.5607252214923577061","0.015607252214923577477","27.046674575013042841","0.27046674575013041064","1.5375628761822871595e-005","0.00017152967032967034243","1.4608224874439701979e-005","18601.550842322969402","90.968461234490007428","18510.582381088479451","124483433.59357312322","44712818.065976530313","79770615.527596592903","6692.0997420464318566","491520","4309.4600637252251545","72.753840320727974245","0","0","100","27.952258613573757629","38.453306415748706115","121.97987070977693236","155097.72948746639304","141303.26685317209922","1700.7996458017246368","0","100","3500","0","24.081734599521976037","0","0","155145.72383373239427","0","0","68.483283286245878685","75.86944149370158641","445","23933.18067131692078","0.73233860414220297574","0.097647813552868611975","171465.8013286034984","4.3939816310924397769","19.772922339292055227","24.179382413074847591","88772354.624651640654","21511.541948406487791","91880704.959590524435","21666.488228531168716","89492.972786334983539","334.88389575334235815","0","0","122.95737067958539512","6437.7680258254467844","0","0","0","0","0","8.9968807814330773454","6.9975739411146165025","0","0","0","0","0","0","0","0","0","0","0","0","0","219.92375243503079218","70832.44239222262695","87980249.247585862875","21226.640723661108495","42403.298776314251882","0","0","0","539994.78380845370702","378.86864624034848248","0","0","0","0"
"05/14/2026 08:09:02.778","58198953.043600596488","52722.176286950816575","9704.6949306342376076","43017.481356316580786","1000000000","2075213.7008106885478","9704.6949306342376076","0","0","0","0","56123739.342789910734","43017.481356316580786","0","0","0","0","0","0","0","0","0","0","38.761667277396036013","0.38761667277396039122","2.9486118984520817143","0.029486118984520817699","35.813055378943950302","0.35813055378943953189","1.5218279154265393241e-005","0.00016277065217391303376","1.4161338420212558976e-005","25486.769114855178486","181.26726903225051046","25305.501845822927862","195047868.84367343783","89096488.074731767178","105951380.76894167066","7652.9068068493679675","491520","4186.891112235761284","64.318909421778755586","0","0","100","26.718319444225649306","36.801939223995340456","122.015193853514333","163090.16762876370922","137009.80265501150279","1712.0647698026036778","0","100","3500","0","23.132600602485673846","0","0","163080.32251795404591","0","0","69.814577837671478733","76.867399397514319048","497","28989.913290171054541","0.52879449504757880529","0.19228622224077490666","185185.54981891886564","3.4611913810563366134","19.709588831784653706","23.132600602485673846","90921092.880067974329","21486.082269529259065","93839669.297570616007","21601.344609076939378","88986.46672361480887","332.98009202663411088","0","0","121.17322875525442782","6490.1563499155781756","0","0","0","0","0","0","0","0","0","0","0","0","0","0","0","0","0","0","0","0","379.2820574859589442","71338.521846203206223","89754220.301008105278","21128.473472471068817","42284.5310945774836","0","0","0","437204.8311273730942","222.64349348526423","0","0","0","0"
"05/14/2026 08:09:03.777","55335525.780990742147","50708.392696431656077","9677.7389906095249898","41030.653705822136544","1000000000","2119378.8449365049601","9674.7393814585975633","2.9996091509276343601","0","0","0","53216146.936054237187","41030.653705822136544","0","0","0","0","0","0","0","0","0","1","47.366257589417372742","0.47366257589417370966","2.8326888856076277712","0.028326888856076277295","44.533568703809741862","0.44533568703809744971","1.5274549970965869804e-005","0.00016656470588235293526","1.4440265343194499736e-005","30993.961486818268895","169.97785188589926975","30823.983634932370478","234592408.60915824771","83547513.758957222104","151044894.85020104051","7568.9714175108074414","491520","4900.2392630076556088","58.329962037407177888","0","0","100","26.108389901450628656","35.030440342978060642","122.00551358885017805","167562.47804155037738","136146.68959176607314","1665.6409386331858968","0","100","3500","0","21.356489434538637795","0","0","167531.4661081584054","0","0","71.298467130765061484","78.692359342931425203","520","33821.014326312761114","0.29307265712940056002","0.29308266097487878366","194162.71381227494567","3.4681331503830072904","17.633728405198958455","21.161094324658403565","84604172.076378449798","20549.322423288245773","87047233.745442971587","20601.31564857099147","85224.895196155950543","318.95843971530513272","0","0","124.98371462198475967","6753.1200684550813094","0","0","0","0","0","4.9993485848793906001","3.9994788679035124801","0","0","0","0","0","0","0","0","0","0","0","0","0","144.98110896150231497","74293.319580458672135","83314072.17639541626","20183.370106875074271","40412.734220731043024","0","0","0","795579.33601251768414","621.9189639589961871","0","0","0","0"
"05/14/2026 08:09:04.762","56013273.216213412583","50413.751481240564317","9224.06011278412916","41189.691368456435157","1000000000","1993528.0165201828349","9221.0115085824818379","3.048604201647282963","0","0","0","54019745.199693225324","41189.691368456435157","0","0","0","0","0","0","0","0","0","0","36.39526381200231242","0.36395263812002315307","2.731244005150009091","0.027312440051500092714","33.664019806852309102","0.3366401980685230777","1.5304147800085431217e-005","0.00019068085106382979925","1.4241441402724655085e-005","23789.274786854297417","143.2843974774222886","23645.9903893768751","172729654.14906394482","70427147.048102602363","102302507.10096134245","7260.820504058095139","491520","4326.4209033478018682","66.618003536415471899","0","0","100","25.248720436766252107","34.168120549566111777","121.99496892571767148","157754.85923121869564","146015.9274998390465","1698.5062084871674415","0","100","3500","0","20.239040230738613246","0","0","157789.39823306593462","0","0","71.985488221802285125","79.711365433052421281","428","26932.294616873074119","0.19841797927765369991","0.049604494819413424977","177337.45742560096551","2.9265534496304601575","17.509716202963350185","20.437448051405816329","71115765.765170693398","17317.088066757114575","88378482.992192834616","20917.489628902556433","86072.258626508279121","322.13584397406287962","0","0","126.00897366808769107","6269.9626413879113898","0","0","0","0","0","7.1134098038436599509","6.097208403294565926","0","0","0","0","0","0","0","0","0","0","0","0","0","607.68843752835834948","68875.082325015959213","84400192.712433606386","20446.988380448325188","37443.973006032472767","0","0","0","666063.11078150058165","522.32751988223446915","0","0","0","0"
"05/14/2026 08:09:05.762","55452087.062545977533","50218.008329971999046","9235.0820328459340089","40982.926297126061399","1000000000","1989582.2355257885065","9233.0822316261746892","1.9998012197587557992","0","0","0","53462504.827020190656","40982.926297126061399","0","0","0","0","0","0","0","0","0","0","32.72991651690161774","0.32729916516901619294","2.2552856429150565098","0.022552856429150565376","30.474630873986562563","0.30474630873986563451","1.5304531001589823639e-005","0.00022329801980198018055","1.4317575757575757919e-005","21383.874442880376591","100.98996159781717097","21282.884481282559136","143063155.52234107256","49638585.924559094012","93424569.597781971097","6690.2354811558961956","491520","4389.6573173596425477","68.958315250195298063","0","0","100","27.723194972417413595","37.855746585774809887","121.99963906548899217","154133.70340781920822","143192.70593425416155","1700.9746554776334051","0","100","3500","0","23.145360030111671534","0","0","154151.70313962321961","0","0","68.977665041217548492","76.90346944253002448","513","26017.61233757617083","0.73241208994942852417","0.48827472663295234945","173408.41621459840098","5.0780651568963053322","18.066214884879240543","23.09653055746997552","99963643.613824784756","24060.608375527470344","88179794.928384110332","20776.934772683594929","85763.4751105739997","320.96809577128033197","0","0","120.98797379540472718","6239.3798056473178804","0","0","0","0","0","12.998707928431912251","10.99890670867315734","0","0","0","0","0","0","0","0","0","0","0","0","0","233.97674271177442051","68604.180744433993823","84336448.956973671913","20336.978504336668266","44077.618684702734754","0","0","0","397475.49093620089116","296.97048113417525883","0","0","0","0"
"05/14/2026 08:09:06.777","57258820.846557870507","51582.326030391108361","9509.6513410105053481","42072.674689380604832","1000000000","2053543.1377595781814","9505.7127817472992319","3.9385592632058417095","0","0","0","55205277.708798289299","42072.674689380604832","0","0","0","0","0","0","0","0","0","0","38.566931672240940543","0.38566931672240939433","0","0","38.566931672240940543","0.38566931672240939433","1.4129920634920635147e-005","0","1.4129920634920635147e-005","27294.215694016482303","0","27294.215694016482303","113313547.32444807887","0","113313547.32444807887","4151.559018759018727","0","4151.559018759018727","63.276984078298625036","0","0","100","27.647742758789100037","37.781348121657067907","122.00121589515829612","165670.25049584492808","133358.92792401919723","1690.643376946418357","0","100","3500","0","23.506878325841952915","0","0","165667.29654702090193","0","0","69.046662295474533266","76.445031339950901383","521","32568.270434408696019","0.81733875140595790842","0.38463405510518183794","190459.78902700569597","4.8078715330330084043","18.750671408612561208","23.554968660049091511","89499237.790318593383","21634.506032789689925","92796914.690215587616","21801.894801475937129","89732.195693618690711","335.76217718829798287","0","0","122.09533715938108855","6437.5751157099484772","0","0","0","0","0","3.9385592632058417095","2.9539194474043815042","0","0","0","0","0","0","0","0","0","0","0","0","0","144.74205292281467905","70808.403073730427423","88792392.436469569802","21343.05264731245552","42642.781142729647399","0","0","0","793999.76250487647485","643.95443953415508531","0","0","0","0"
"05/14/2026 08:09:07.762","55422378.416823238134","50510.742997489760455","9471.2089577980859758","41039.53403969167266","1000000000","2061547.5115945830476","9469.1762914266291773","2.0326663714557540175","0","0","0","53360830.905228659511","41039.53403969167266","0","0","0","0","0","0","0","0","0","0","39.012671431456467985","0.39012671431456469318","2.3953572759348045196","0.023953572759348045612","36.617314155521668795","0.36617314155521668573","1.5092191307081662466e-005","0.00017086666666666665477","1.4242780938833570547e-005","25861.614244031556154","140.2539796304470201","25721.360264401111635","176165633.03887790442","68937636.06795732677","107227996.97092057765","6811.8575807592551428","491520","4168.8307254623041445","63.846273561349207171","0","0","100","27.194671421674840417","36.105136286574847304","122.00920600917305592","164051.73343833294348","137328.97579466344905","1679.2217188281895233","0","100","3500","0","22.124008876178447025","0","0","163955.22644299798412","0","0","70.372026222191337297","77.875991123821549422","331","30453.544275276144617","0.74403619062247428051","0.49602412708164955735","186481.99088039368507","4.4642273023349750005","17.658501590227263733","22.124008876178447025","85398672.445266142488","20745.392987077426369","88525596.300465896726","20935.447292808537895","86083.420831151175662","322.17761987573697979","0","0","123.99264865880098796","6523.8427191872424373","0","0","0","0","0","0","0","0","0","0","0","0","0","0","0","0","0","0","0","0","553.90158622169292357","71697.224587173084728","84652586.318956047297","20490.293357459726394","40914.525057847145945","0","0","0","768366.18240761815105","575.24458312197839405","0","0","0","0"
"05/14/2026 08:09:08.762","57165278.972342476249","51869.098900360702828","9750.4469371361064987","42118.651963224598148","1000000000","2108157.7873023068532","9749.4473014033683285","0.99963573273898986837","0","0","0","55057121.185040168464","42118.651963224598148","0","0","0","0","0","0","0","0","0","1","33.731170716107286012","0.33731170716107289342","2.884725192505346314","0.028847251925053465221","30.846445523601946803","0.30846445523601945249","1.5598201156069363069e-005","0.00016206292134831459871","1.438261295286054029e-005","21617.122720480656426","177.935160427540211","21439.187560053116613","177804008.21940484643","87458690.05334456265","90345318.16606028378","8225.146820809248311","491520","4214.0271366624701841","68.426133167039708383","0","0","100","26.057636647845907163","34.629456064535638404","122.00028184734020442","158557.30016986138071","144537.57646465284051","1691.0138663137038293","0","100","3500","0","20.947127704829870964","0","0","158589.30043226355338","0","0","71.633058939506085494","79.052872295170132588","521","24831.203615869650093","0.43945079101142381361","0.43945079101142381361","174596.43169073987519","3.9062570312626561098","17.089870761767368634","20.947127704829870964","88443715.110213831067","21054.327802948606404","90791107.720346704125","21139.296840231418173","87348.170326732928515","326.88088460564966908","0","0","126.95373805785170873","6644.5787155160660404","0","0","0","0","0","8.9967215946509089264","7.997085861911918947","0","0","0","0","0","0","0","0","0","0","0","0","0","162.94062443645535154","73106.360042400541715","86832230.335265830159","20687.461489033394173","41415.908043109091523","0","0","0","804413.87158519437071","641.76614041843151881","0","0","0","0"
"05/14/2026 08:09:09.762","54904114.097685121","50141.490343623976514","9540.0004159128238825","40601.489927711147175","1000000000","2074529.1786841477733","9538.0008350249790965","1.9995808878459073732","0","0","0","52829584.919000975788","40601.489927711147175","0","0","0","0","0","0","0","0","0","0","39.356358243325040291","0.39356358243325040291","2.5236255208324478438","0.0252362552083244783","36.832732722492586674","0.36832732722492589339","1.5358727804878048403e-005","0.00018155755395683452892","1.4452283606686024402e-005","25619.630125525687617","138.97087170529056266","25480.65925382039859","188069380.65781411529","68306962.860584422946","119762417.79722969234","7340.8312195121952755","491520","4700.1302675978968182","64.570123669800409516","0","0","100","26.426706475494690096","33.822929116925628534","122.00266640502808002","160156.99607509814086","144390.63245301865391","1698.9575260618485117","0","100","3500","0","18.213683327271724011","0","0","160198.99502512437175","0","0","72.272198959670092222","81.786316672728275989","406","28541.286467838304816","0.39062621092575400272","0.53710479008353617658","180430.48923776907031","3.4667563724631875743","14.745956964217446838","18.213683327271724011","69434418.5458727777","16951.44697671367976","86030320.044918581843","20302.744544743422011","84146.36292233147833","314.93398983573041505","0","0","119.97485327075445127","6577.6213305691126152","0","0","0","0","0","2.9993713317688612818","1.9995808878459073732","0","0","0","0","0","0","0","0","0","0","0","0","0","500.89501240539982518","72348.835684040619526","82365584.173557221889","19890.830881847163255","36528.34365916904062","0","0","0","677767.9398398095509","484.89836530263255554","0","0","0","0"
"05/14/2026 08:09:10.762","56203706.680945001543","50827.611315963804373","9473.5078301483026735","41354.103485815503518","1000000000","2059371.0437594777904","9471.5106744973818422","1.9971556509219570152","0","0","0","54144335.637185521424","41354.103485815503518","0","0","0","0","0","0","0","0","0","0","39.612980739426525645","0.39612980739426523202","3.6349997940238112371","0.036349997940238111538","35.977980945402713076","0.35977980945402709967","1.5766300541228908417e-005","0.00017148207547169812769","1.4441379033552738113e-005","25092.263598183468275","211.69849899772742674","24880.56509918574011","227434168.25756758451","104054046.22736299038","123380122.03020457923","9063.9159503342889366","491520","4958.895488842510531","64.339302376645264303","0","0","100","27.57622199372832128","37.908353868467472125","121.95830076116025964","160572.54480142673128","137413.20919170978596","1696.7415862564130293","0","100","3500","0","23.299886533116776377","0","0","160727.52119852145552","0","0","68.966477475203873837","76.700123465727358507","454","28722.625544129627087","0.43939920545184973921","0.48822356135630723406","182769.16425628375146","3.6128623531119798962","19.675455517342193446","23.299876534272634387","104117308.12976159155","23937.907631950576615","89221794.320528700948","20883.258063865443546","85917.636102662581834","321.54205979843504792","0","0","122.8250725317003571","6509.7288441801183581","0","0","0","0","0","0.99857782546097850762","0.99857782546097850762","0","0","0","0","0","0","0","0","0","0","0","0","0","158.77387424829558427","71606.018708155839704","85341496.64048461616","20437.892353709845338","44054.257925861988042","0","0","0","285305.66766810708214","119.82933905531741914","0","0","0","0"
"05/14/2026 08:09:11.762","55985122.074566349387","50819.654393890945357","9532.379434184405909","41287.274959706541267","1000000000","2073206.870766781969","9530.3757811241466698","2.0036530602594653239","0","0","0","53911915.203799568117","41287.274959706541267","0","0","0","0","0","0","0","0","0","1","43.481755190485031903","0.43481755190485033014","1.3743294176634839321","0.013743294176634840084","42.10742577282154997","0.42107425772821549526","1.5297667464114831211e-005","0.0001636119047619047492","1.4858062808750881862e-005","28475.91729240751738","84.153428530897528503","28391.763863876622054","201554802.71631237864","41363093.191506758332","160191709.52480563521","7078.0793695468619262","491520","5642.1894142554692735","61.207088705416964558","0","0","100","28.139291808190847632","37.753903186254895274","122.03462927884565659","166517.07966845188639","132667.52317498845514","1696.0415530180489441","0","100","3500","0","22.803324414402005971","0","0","166271.07364130421774","0","0","69.002388681607158105","77.245495209686893645","358","33002.808568809938151","0.58593548829674013678","0.24413812013647492871","190629.67042692546966","4.296846914278760643","18.359238633862517531","22.75450479031311346","86815534.081737831235","20476.332449321602326","93282552.750174120069","20564.493183973019768","84586.217591913577053","316.5771835209955043","0","0","127.23196932647603319","6572.9838641811757043","0","0","0","0","0","5.0091326506486630876","4.0073061205189306477","0","0","0","0","0","0","0","0","0","0","0","0","0","201.36713255607625683","72225.681863172940211","89328688.064078435302","20099.645673992825323","40261.404592853694339","0","0","0","765113.95576414919924","576.05025482459620889","0","0","0","0"
"05/14/2026 08:09:12.762","59019446.016459181905","52887.946989599004155","9724.4065624961931462","43163.54042710280919","1000000000","2092633.1627433774993","9721.4101348372478242","2.9964276589450058452","0","0","0","56926812.853715799749","43163.54042710280919","0","0","0","0","0","0","0","0","0","0","31.606871119367085043","0.31606871119367085932","0","0","31.606871119367085043","0.31606871119367085932","1.4441212481154916999e-005","0","1.4441212481154916999e-005","21862.93500888241033","0","21862.93500888241033","91911159.515625476837","0","91911159.515625476837","4203.9716752706835905","0","4203.9716752706835905","69.6811862926773955","0","0","100","28.341657227693627163","38.766287827884326589","121.98533172254101942","164677.39432586444309","132538.16393164050533","1675.7801376459408402","0","100","3500","0","23.201861553925983372","0","0","164877.36808930669213","0","0","68.253554331535497113","76.749313850956696115","496","27145.438518466376991","0.39057676315231903974","0.63469973873892160388","183422.93491093968623","4.3940435793757632865","18.845563796087773767","23.25068614904329678","92410867.763452410698","22325.383677579589857","95437994.822572529316","22374.3253293423586","92629.567030186619377","346.58679921797232737","0","0","122.85353401674524321","6540.2027702572995622","0","0","0","0","0","6.9916645375383472683","4.9940460982416761127","0","0","0","0","0","0","0","0","0","0","0","0","0","158.81066592408529914","71957.212611125025433","91395678.0726018399","21929.855226598851004","43908.652104960470751","0","0","0","793027.55255184764974","636.24147291598956144","0","0","0","0"
"05/14/2026 08:09:13.777","56135908.112319558859","51130.933559544020682","9669.2654028599463345","41461.668156684077985","1000000000","2111827.4734247932211","9666.3093449562911701","2.9560579036563581212","0","0","0","54024080.638894766569","41461.668156684077985","0","0","0","0","0","0","0","0","0","2","44.626659805439899742","0.44626659805439899964","1.4483622924704602219","0.014483622924704602636","43.178297512969443517","0.43178297512969443517","1.4619280529117598599e-005","0.00016340222222222222344","1.4186002265005661843e-005","30541.00490794293728","88.681737109690743637","30452.323170833245968","183254779.37905246019","43588847.424155190587","139665931.95489725471","6000.2864978222296486","491520","4586.3801973790650663","59.235380293342068114","0","0","100","27.755803180325596458","36.855821773192239732","122.0097494053332241","172105.88212931537419","129784.99450599761622","1689.0699055312556993","0","100","3500","0","20.893400665276363526","0","0","172026.10681599291274","0","0","69.789214250012918228","79.106599334723640027","499","34533.846744925918756","0.48088992409152347962","0.2885359241850857237","198525.29916481155669","3.5105023550586365033","17.408258586176923899","20.893400665276363526","92147801.712759658694","21126.945837431991094","90307017.159226387739","21251.100269385558931","87684.560243523999816","328.12242730585575146","0","0","127.11048985722339921","6704.3393254926195368","0","0","0","0","0","5.9121158073127162424","4.9267631727605962766","0","0","0","0","0","0","0","0","0","0","0","0","0","106.41808453162889236","73601.90039050510677","86241341.829569280148","20775.174946896884649","41574.983709657572035","0","0","0","778808.92741311143618","634.56709665156483879","0","0","0","0"
"05/14/2026 08:09:14.762","57408333.456152714789","51520.10587200322334","9387.8055089830104407","42132.300363020214718","1000000000","2011489.7957420467865","9386.7890727000958577","1.0164362829128421595","0","0","0","55396843.660410672426","42132.300363020214718","0","0","0","0","0","0","0","0","0","2","37.575128598868644758","0.37575128598868645646","2.2901752861804824946","0.022901752861804826333","35.284953312688166704","0.35284953312688166482","1.5310936335789384315e-005","0.00016102857142857144343","1.4461553834624033511e-005","24555.067722608440818","142.30107960779790233","24412.766643000642944","188602695.89395317435","69943826.648824825883","118658869.24512834847","7680.8053646825064789","491520","4860.5252727121323915","66.190748927140646174","0","0","100","26.379665749933359109","33.779733692224674257","122.00613525747532151","157019.27784764222451","147370.39479218568886","1662.8641896051178719","0","100","3500","0","18.403098482007131054","0","0","156925.82427070656558","0","0","72.288797767688620866","81.59691167668381695","420","27470.2726203367165","0.49603872005370291953","0.3968187856138307712","176185.38751744636102","3.9682386495930228598","14.434473802158272804","18.403088323316186603","70492425.770928800106","17189.970416621985351","93272421.695019304752","20885.732741293079016","85547.343315076446743","320.17742911754527313","0","0","120.95591766662820987","6305.9706991912726153","0","0","0","0","0","6.0986176974770529569","5.0821814145642107974","0","0","0","0","0","0","0","0","0","0","0","0","0","847.70785994931031837","69363.64481853817415","89353238.54387371242","20443.582958225993934","37315.408818296258687","0","0","0","670701.57989773631562","506.18526889059535279","0","0","0","0"
"05/14/2026 08:09:15.762","59186672.707634605467","53045.083722457238764","9491.331037712194302","43553.752684745042643","1000000000","2038293.8317745048553","9489.331599954091871","1.9994377581024214141","0","0","0","57148378.875860102475","43553.752684745042643","0","0","0","0","0","0","0","0","0","0","41.462565125943903865","0.4146256512594390653","3.5596732695356334553","0.035596732695356333998","37.902891856408274407","0.37902891856408277294","1.6397516412243929343e-005","0.00016870568720379146266","1.5115880358923230854e-005","25278.8915756889146","210.94068347980547173","25067.950892209108133","249974123.27653461695","103681564.74399398267","146292558.53254064918","9888.650478525665676","491520","5835.8403190428716698","64.122678623410465093","0","0","100","28.07384628184594888","37.821321885884984226","121.99249637462391149","159064.81008217504132","138812.80033192099654","1712.0840633275095115","0","100","3500","0","20.312874529489711506","0","0","159088.81126063290867","0","0","69.008035662232387608","79.6871254705102956","564","28435.396177952337894","0.24413885254739300934","0.29296862304747167682","180898.88213511282811","2.783196918974480738","17.480387842177140811","20.312874529489711506","104424151.92847770452","25357.869367133960623","93286599.808133944869","22123.778793403293093","91374.305545280658407","341.90385663551404605","0","0","123.96514100235012279","6363.2106651609565233","0","0","0","0","0","3.9988755162048428282","2.9991566371536322322","0","0","0","0","0","0","0","0","0","0","0","0","0","212.94012123790787427","69962.326593761827098","89222654.589529410005","21656.910076886379102","46672.875587384820392","0","0","0","243465.53749085756135","135.96176755096465172","0","0","0","0"
"05/14/2026 08:09:16.762","58597216.789861448109","52468.192076904168061","9541.8521568674095761","42926.339920036756666","1000000000","2048622.4638149796519","9538.8534604007636517","2.9986964666459487994","0","0","0","56548594.326046466827","42926.339920036756666","0","0","0","0","0","0","0","0","0","0","40.18118389826678083","0.40181183898266781274","2.9649456066309634039","0.029649456066309632513","37.216238291635818314","0.37216238291635816982","1.5181218830285629176e-005","0.00016657191011235954127","1.415620768352985988e-005","26456.499359728324634","177.92265702099297187","26278.576702707334334","196784601.73362639546","87452544.378958463669","109332057.3546679318","7438.0438265074808442","491520","4160.5014834537851129","63.286725873979868595","0","0","100","26.699872476123275078","35.552181586320223516","121.99499302757128305","162862.2248017496604","139229.89347005190211","1714.9813067037571273","0","100","3500","0","21.68059850505734687","0","0","162942.22392975917319","0","0","70.867877932615982672","78.31940149494265313","516","29964.67338506010492","0.39061546886056119909","0.43944490243913170158","185472.97834453606629","3.6132380864381974384","18.115019865769557583","21.68059850505734687","89167558.862162619829","21700.566763627852197","91529540.108914658427","21696.568501672321872","89752.984377691012924","335.85400426434625842","0","0","129.94351355465778397","6403.2165217779829618","0","0","0","0","0","0","0","0","0","0","0","0","0","0","0","0","0","0","0","0","362.84227246415980517","70425.386084668993135","87509863.462352916598","21234.769245808845881","42601.481136150112434","0","0","0","600560.93616105080582","440.80838059695452102","0","0","0","0"
"05/14/2026 08:09:17.762","58474127.218212850392","52710.186595140796271","9738.2514837430408079","42971.935111397753644","1000000000","2115387.0774923162535","9733.2503274757127656","5.0011562673290059777","0","0","0","56358740.140720531344","42971.935111397753644","0","0","0","0","0","0","0","0","0","1","42.362101591180298499","0.42362101591180295612","3.4806387681035144688","0.034806387681035146076","38.881462823076780921","0.38881462823076778923","1.567640898493875384e-005","0.00019664745762711864337","1.4483237726290696138e-005","27029.24916240634775","177.04093186344681499","26852.2082305428994","211226307.52229914069","87019158.829521387815","124207148.69277776778","7814.7308588979758497","491520","4625.5841466140209377","61.870792588165215875","0","0","100","28.271486487351289441","36.92988173632576121","122.00963063196397229","168269.12981421401491","132604.51403951866087","1715.8891535606801426","0","100","3500","0","22.21726447468670429","0","0","168194.13465890104999","0","0","69.726464668565526495","77.782725525374303288","406","31983.933837874075834","0.8300749365428871096","0.48827702151016882937","191295.64230150732328","5.12691872579577268","17.089735752611908026","22.217274474625703817","88519205.640344053507","21499.970793247397523","90940785.509609818459","21542.980737146426691","89276.640759343557875","334.07723865757765225","0","0","130.03006295055416786","6674.5431543772920122","0","0","0","0","0","0","0","0","0","0","0","0","0","0","0","0","0","0","0","0","118.0272879089645528","73389.967760546234786","86945413.779665857553","21080.873898045228998","42246.767452635045629","0","0","0","763950.6253845889587","611.14129586760452639","0","0","0","0"
"05/14/2026 08:09:18.762","55636096.746956042945","50581.81073289665801","9498.8283845696496428","41082.982348327008367","1000000000","2080975.8632232663222","9495.8306478608647012","2.997736708784867421","0","0","0","53555120.883732780814","41082.982348327008367","0","0","0","0","0","0","0","0","0","0","33.349419951926108752","0.33349419951926106975","0.04633026137905812275","0.00046330261379058120365","33.303089690547047041","0.33303089690547049706","1.4891928211080851456e-005","0.00015446666666666666271","1.4873231827111982523e-005","22382.10151335741466","2.997736708784867421","22379.103776648629719","112919289.93609823287","1473447.5471019379329","111445842.38899630308","5045.0709406669939199","491520","4979.9064118592605155","68.865254523499160655","0","0","100","27.888863649088566632","37.010892395799174892","121.99684669007919524","160535.36250260833185","138848.44667509387364","1701.7282340010301596","0","100","3500","0","22.184326854495182602","0","0","160631.34717385633849","0","0","69.689301308864884277","77.815673145504817398","514","27611.590429008487263","0.92753503213624499679","0.29290843064787785988","179473.33810790415737","4.7353346326602148153","17.476796377401470295","22.184326854495182602","86745147.413702651858","20846.261072889967181","89433469.730353578925","21028.123766556247574","86510.684433252885356","323.75556454876567614","0","0","127.90343290815432908","6610.0094428706324834","0","0","0","0","0","5.9954734175697348419","4.9962278479747785909","0","0","0","0","0","0","0","0","0","0","0","0","0","147.88834430005346121","72702.109907020188984","85521351.379708319902","20577.464014668923483","41100.968768579718017","0","0","0","790002.54807620239444","617.53376200968261855","0","0","0","0"
"05/14/2026 08:09:19.778","57432162.723612062633","51388.683777849983016","9314.6665879040283471","42074.01718994595285","1000000000","2003272.5876480494626","9310.7284559569179692","3.9381319471108882091","0","0","0","55428890.135964013636","42074.01718994595285","0","0","0","0","0","0","0","0","0","1","35.764568538293552535","0.35764568538293550759","0","0","35.764568538293552535","0.35764568538293550759","1.4613423709722837647e-005","0","1.4613423709722837647e-005","24474.505518307392776","0","24474.505518307392776","117152431.30421085656","0","117152431.30421085656","4786.7129007602879938","0","4786.7129007602879938","67.465903190599334494","0","0","100","27.620056610638830108","35.836668698601116034","122.00147460199151794","159250.47711544149206","141931.36932436443749","1703.1926000711796405","0","100","3500","0","19.191856342793165879","0","0","159238.66306272425572","0","0","70.601311240807433478","80.904290289977694783","453","28098.739883602043847","0.43265000243172413441","0.38457668604629413611","181055.28041392503656","3.4130774778826320492","15.719373910769702363","19.095709710022301664","74352655.777731835842","17942.129151037206611","93080284.7269397825","21793.62219531165465","89722.460151027364191","335.7257484912032055","0","0","124.05115633399297792","6253.7535320120905453","0","0","0","0","0","12.798928828110387457","9.8453298677772203007","0","0","0","0","0","0","0","0","0","0","0","0","0","778.76559254117819364","68720.402477085008286","89069076.803418308496","21332.860757499682222","38941.233226019241556","0","0","0","667921.94622480834369","533.6168788335253339","0","0","0","0"
"05/14/2026 08:09:20.762","55269694.861224554479","50674.678060981001181","9336.5746206794210593","41338.103440301580122","1000000000","2001401.7568211124744","9333.525113454375969","3.0495072250449930529","0","0","0","53268293.104403436184","41338.103440301580122","0","0","0","0","0","0","0","0","0","0","41.333985871406042634","0.41333985871406042634","3.3298034369601587912","0.033298034369601589577","38.00418243444588029","0.38004182434445882288","1.6053728987451662042e-005","0.00022759652777777780123","1.48448170489721403e-005","25760.204032363406441","146.37634680215967364","25613.827685561245744","208412854.48615550995","71946901.980197519064","136465952.50595799088","8090.4970404861496718","491520","5327.8234780538141422","63.263705001314185949","0","0","100","26.714867905143993454","37.188645629458157771","122.00604282780874144","160801.41937572218012","138349.42464818549342","1741.4032438664557958","0","100","3500","0","22.65956745341395262","0","0","160777.0356663565035","0","0","69.515624592015541339","77.390043457044299657","450","29053.189709221220255","0.14882257145042979141","0.39686696381735991901","183150.10499726852868","3.6710651349700222923","18.95063628050047555","22.609956542955700343","102854706.73651394248","24522.104098995136155","90106937.069860652089","20894.207003599945892","86097.75398710364243","322.23126344642093954","0","0","107.74925528492309468","6271.8198595092026153","0","0","0","0","0","3.0495072250449930529","3.0495072250449930529","0","0","0","0","0","0","0","0","0","0","0","0","0","211.43250093645283982","68974.770918476002407","86265501.280538916588","20465.242987276949862","44665.115822825668147","0","0","0","315945.21255319484044","182.97043350269959205","0","0","0","0"
"05/14/2026 08:09:21.777","57256452.551099069417","51528.797663029647083","9458.6028514702848042","42070.194811559355003","1000000000","2047148.2095688318368","9457.6177855619880575","0.98506590829725948488","0","0","0","55209304.341530233622","42070.194811559355003","0","0","0","0","0","0","0","0","0","0","36.963463342150468804","0.36963463342150465474","3.1792700271841658477","0.03179270027184166042","33.784193314966302069","0.33784193314966298738","1.5711579520241134066e-005","0.00018134943820224719464","1.4468020582901008984e-005","23530.269351496637682","175.34173167691218964","23354.927619819725805","194394072.66141662002","86183967.953835874796","108210104.70758073032","8261.4469795286131557","491520","4633.2879497237336182","66.231653691786249283","0","0","100","27.812804730072585357","36.475188235331195585","122.00228233483380791","161848.72838910509017","138602.13036546629155","1628.9761569694819627","0","100","3500","0","20.698406839052029937","0","0","161830.01584558488685","0","0","70.107039685573326437","79.157325320729526652","408","26903.713228497788805","0.14427768919715752705","0.43282321861275757646","181503.79318030216382","2.9816207223300086326","17.889753880916195783","20.842674679270466243","87831809.846817329526","21348.348364618206688","90094963.308757588267","21344.408100985019701","88451.038037827529479","330.98214518787921179","0","0","128.05856807864373081","6430.5102493645099457","0","0","0","0","0","4.9253295414862972024","3.9402636331890379395","0","0","0","0","0","0","0","0","0","0","0","0","0","355.60879289531067116","70770.090049800011911","86123445.504430100322","20887.337519535089086","41906.673870782011363","0","0","0","554541.86801003396977","360.53412243679696303","0","0","0","0"
"05/14/2026 08:09:22.762","56822495.811932623386","51523.181013877896476","9667.8955997263747122","41855.28541415152722","1000000000","2097515.9601520216092","9667.8955997263747122","0","0","0","0","54724979.851780600846","41855.28541415152722","0","0","0","0","0","0","0","0","0","1","37.457163414641080124","0.37457163414641081456","3.1255319658940545757","0.031255319658940544647","34.331631448747032209","0.34331631448747029767","1.6151473744142251466e-005","0.00017995672514619883483","1.4915453181537374704e-005","23187.716410562217789","173.65652810432877118","23014.059882457888307","199728908.95767086744","85355656.693839684129","114373252.26383118331","8613.5652783252317022","491520","4969.7121172006000052","66.185281968839547062","0","0","100","28.24362270602690117","35.518395665260321437","122.00407493413119653","163945.61575057765003","138385.38731303517125","1706.4019630935727037","0","100","3500","0","18.61611472221579433","0","0","163910.06570967988227","0","0","70.883482862725060158","81.383875120917508639","570","26997.716773230455146","0.24796974391288820194","0.44634350766985630976","181985.73793302106787","4.3146877636976519454","14.18390185379068491","18.616124879082494914","86313245.504428550601","20965.725279028465593","89171176.997232869267","21097.744861797840713","86832.326193172673811","324.97128066307141125","0","0","122.87976550072387738","6638.5539427953053746","0","0","0","0","0","5.0776762603604908008","4.0621410082883926407","0","0","0","0","0","0","0","0","0","0","0","0","0","112.72441298000289578","72987.53410167376569","85276623.6783824265","20651.924886138189322","41293.6944197556586","0","0","0","790610.44230216159485","632.67846204091711115","0","0","0","0"
"05/14/2026 08:09:23.778","56074581.972027242184","50488.859526596694195","9282.7845637066657218","41206.074962890030292","1000000000","2007991.9942257951479","9281.8002794776657538","0.98428422900081280478","0","0","0","54066589.977801442146","41206.074962890030292","0","0","0","0","0","0","0","0","0","0","46.981149460409064034","0.46981149460409060703","2.8176778393839367887","0.028176778393839366915","44.163471621025124136","0.44163471621025124358","1.5563508886352517735e-005","0.00016356114285714286479","1.4714063627418826194e-005","30183.075882309924054","172.24974007514225605","30010.82614223478231","224783430.4018035531","84664192.241733923554","140119238.16006964445","7447.3334420348928688","491520","4668.9563791407017561","58.768987666999130681","0","0","100","31.291124148521479498","41.332277040595343465","122.00535144735496829","184223.37272208850482","114846.26951809931779","1736.4797480096190156","0","100","3500","0","23.574150587747954688","0","0","184208.60673783672974","0","0","66.117796085932909023","76.425859256287083099","575","34939.271936567689409","0.81712381709152859255","0.57680138950523485164","213467.89673221876728","6.7773818725638479421","16.871366812765273835","23.574140743712913348","85890783.625093236566","20858.951380985225114","88640700.526897206903","20951.474098511302145","86534.332276835455559","323.82951134126744819","0","0","121.06696016709997821","6317.1361817272163535","0","0","0","0","0","0","0","0","0","0","0","0","0","0","0","0","0","0","0","0","86.617012152071524156","69451.09519829734927","84748856.43397565186","20522.326174666948646","41058.432328539907758","0","0","0","773002.69782464334276","592.53910585848927894","0","0","0","0"
"05/14/2026 08:09:24.777","56345181.43136548996","50684.565626792755211","9327.7360250704896316","41356.829601722267398","1000000000","2019858.8379948844668","9324.7361099680874759","2.9999151024026016188","0","0","0","54325322.593370601535","41356.829601722267398","0","0","0","0","0","0","0","0","0","1","40.576908494426575658","0.40576908494426572327","2.436071066361563453","0.024360710663615635363","38.140837428065005099","0.38140837428065005321","1.5841202890060532521e-005","0.00017028951048951048147","1.4973788390542769526e-005","25604.27539900620468","142.99595321452400754","25461.279445791682519","211028139.90364071727","70285370.924002841115","140742768.97963786125","8241.9102519039242907","491520","5527.717854057025761","64.505764103040192481","0","0","100","28.268317392640394559","38.547729251491638536","121.98737472209701593","163084.52660750132054","134207.46264080598485","1694.6497287059860355","0","100","3500","0","22.919749928422639584","0","0","163169.5592090007267","0","0","68.426842739294954754","77.080240067753891253","468","30465.680541919773532","0.58616403189298948995","0.29308201594649474497","186717.58752305633971","4.7381409174586526234","18.219853628056643657","22.919759932246108747","71396287.485064163804","17412.507226045501739","89086918.840196818113","21082.403367984683427","86841.542384350512293","324.99080276028183789","0","0","125.99643430090927154","6346.8203849831043044","0","0","0","0","0","4.9998585040043366234","3.9998868032034691211","0","0","0","0","0","0","0","0","0","0","0","0","0","364.98967079231653088","69853.023159444579505","85153430.157926529646","20635.416017726696737","37723.93241271271836","0","0","0","654759.47030699020252","512.98548251084491767","0","0","0","0"
"05/14/2026 08:09:25.762","57347223.204825133085","51568.356228658878535","9468.5649741771958361","42099.791254481686337","1000000000","2043141.4858745071106","9465.5155168586188665","3.0494573185755862177","0","0","0","55304081.718950629234","42099.791254481686337","0","0","0","0","0","0","0","0","0","1","33.210687283149738391","0.33210687283149736837","0.8673096314482635627","0.0086730963144826360434","32.343377651701473496","0.32343377651701471498","1.459392437837596517e-005","0.00014978245614035085639","1.4249055674901539955e-005","22770.297797803901631","57.93968905293613858","22712.358108750966494","127399723.67850750685","28478515.963299170136","98921207.715208336711","5594.995937681353098","491520","4355.3913354815613275","68.32013819090117579","0","0","100","26.652431451848865862","35.402754930200195815","122.01299268846121038","158860.1072903299646","142954.27970274869585","1708.664738442234011","0","100","3500","0","21.577577868000631156","0","0","158833.6951124467887","0","0","70.951760981103390691","78.422422131999368844","458","26267.926757811706921","0.49602926682388276403","0.24801463341194138201","177961.19116484205006","3.4226100680491042816","18.055514074175210482","21.577577868000631156","108282488.71497493982","24523.735755984864227","95309202.774274289608","21070.733585584443063","86913.599522495642304","325.27544731472920603","0","0","126.04423583445756663","6429.2725133301937603","0","0","0","0","0","0","0","0","0","0","0","0","0","0","0","0","0","0","0","0","147.39043706448666171","70684.387673036369961","91356081.4717412889","20622.463359753830446","44821.940154196825461","0","0","0","626199.96145485946909","478.76479901636702152","0","0","0","0"
"05/14/2026 08:09:26.777","59298757.635938756168","52994.551995065266965","9568.6111751534263021","43425.940819911840663","1000000000","2060772.6909474439453","9565.6579000993660884","2.9532750540596994782","0","0","0","57237984.94499130547","43425.940819911840663","0","0","0","0","0","0","0","0","0","0","37.342819414551279067","0.37342819414551275958","0","0","37.342819414551279067","0.37342819414551275958","1.4441261137765592495e-005","0","1.4441261137765592495e-005","25852.969823238610843","0","25852.969823238610843","124244328.77669242024","0","124244328.77669242024","4805.8048891935113716","0","4805.8048891935113716","65.494625727877291865","0","0","100","26.238928098808997902","34.748109521708990144","122.00190273905924698","162445.28499557159375","140913.1178845524264","1686.6818596036739564","0","100","3500","0","20.623611114256469534","0","0","162436.42326951411087","0","0","71.535297156686453945","79.424468492890895277","333","29067.446104705228208","0.24038818941139947216","0.24038818941139947216","183101.96843551640632","2.9808273335569763773","17.644536426628679493","20.527451899961725701","94482348.964099392295","21757.761748275825084","98094456.368019014597","21918.223026213068806","90240.272551848174771","337.65778118082567971","0","0","121.08427721644768837","6457.8281182105429252","0","0","0","0","0","3.9377000720795996003","2.9532750540596994782","0","0","0","0","0","0","0","0","0","0","0","0","0","101.39577685604967883","70962.277423964478658","93930212.535392537713","21437.823617419358925","42858.912009532381489","0","0","0","791313.31550999020692","653.65821196521346792","0","0","0","0"
"05/14/2026 08:09:27.762","54621879.959653101861","50212.089476130560797","9689.392721502972563","40522.696754627584596","1000000000","2124980.8701816485263","9686.3441448732392018","3.0485766297334997432","0","0","0","52496899.089471459389","40522.696754627584596","0","0","0","0","0","0","0","0","0","0","36.214064385389931999","0.36214064385389932443","2.9650989974792216763","0.02965098997479221829","33.248965387910708102","0.33248965387910706104","1.594790408446293507e-005","0.00018017160493827161509","1.4749028885584246281e-005","22714.944468144305574","164.62313800560897903","22550.321330138696794","192549075.47848933935","80915564.79251691699","111633510.68597242236","8476.7574822171518463","491520","4950.4177369203734997","67.10031079505385776","0","0","100","25.861893979906472651","34.258945130464887541","122.0009030233917855","161556.02037012015353","142427.03254971737624","1691.4148253271339399","0","100","3500","0","21.478463672412217988","0","0","161578.36939483918832","0","0","71.908846860344183938","78.471931429634906863","497","25833.440845687095134","0.14881469385864340427","0.049604897952881137069","178266.99567140024737","3.0257768708096661747","18.402716190701422505","21.577673468317982497","83319485.343358144164","20214.095439552926109","86696153.854752391577","20425.46341921444764","83892.764081426270423","314.00339286255047","0","0","120.92687297942882196","6786.1315777867703218","0","0","0","0","0","6.0971532594669994864","5.0809610495558326093","0","0","0","0","0","0","0","0","0","0","0","0","0","123.97544960916231105","74652.528316704032477","82900993.002703681588","19989.516961162556981","39890.625200062844669","0","0","0","795957.95321816892829","581.26194406918727964","0","0","0","0"
"05/14/2026 08:09:28.762","57409355.321859143674","51930.794934400357306","9660.4736451640637824","42270.321289236293524","1000000000","2080575.2691074807663","9657.4741190891836595","2.9995260748801686468","0","0","0","55328780.052751660347","42270.321289236293524","0","0","0","0","0","0","0","0","0","1","44.620717616257820737","0.44620717616257821181","3.1272243349429116321","0.031272243349429115766","41.493493281314911769","0.41493493281314913768","1.5851314200468849693e-005","0.00017670734463276835521","1.4833638345784036803e-005","28149.552370725421497","176.97203841792995149","27972.580332307494245","238832792.418797791","86985296.323180928826","151847496.09561687708","8484.4259430276342755","491520","5428.4407906494616327","61.282326751209936333","0","0","100","27.032586404921794099","36.36671422949812893","121.9985565417100446","168678.34154977070284","133186.48693507848657","1693.7122382907145948","0","100","3500","0","21.985025373478308097","0","0","168644.34732538941898","0","0","70.198933469045158517","78.063796888193223822","370","32204.52845061624248","0.39055809654169815204","0.48820261988474827897","192544.28672568532056","3.7103519092223882225","18.356460501010591457","21.936203111806772625","88163722.131903156638","21383.621387820723612","90419441.728206932545","21390.620281995441474","88705.984454456192907","331.94755228673864167","0","0","127.97977919488720033","6528.9684229891672658","0","0","0","0","0","3.9993680998402250104","2.9995260748801686468","0","0","0","0","0","0","0","0","0","0","0","0","0","158.97488196864892984","71763.661341508035548","86456995.794664427638","20934.692318613655516","41987.365996172600717","0","0","0","778262.03459853329696","619.90205547523487439","0","0","0","0"
"05/14/2026 08:09:29.777","58813735.690963096917","52827.233063285471871","9717.6276544919182925","43109.605408793548122","1000000000","2091519.7528920795303","9714.6742675034201966","2.9533869884992154375","0","0","0","56722215.938071019948","43109.605408793548122","0","0","0","0","0","0","0","0","0","1","28.101988119164449387","0.28101988119164450497","3.2162335507997159567","0.032162335507997158457","24.885754568364731654","0.24885754568364731876","1.6662764218147847436e-005","0.00020802420382165607172","1.4892256467676351012e-005","16859.901855012521992","154.56058573145895707","16705.341269281063433","149181105.52953785658","75969619.098726704717","73211486.430811151862","8848.2784071003152349","491520","4382.5196534857677761","73.314128382075921309","0","0","100","28.019067112264497865","37.23689480708355859","122.00436266385804629","157713.5411450669344","140983.18719476400292","1634.6535524123596588","0","100","3500","0","21.95903304813458945","0","0","157643.62524011434289","0","0","69.477677912425150453","77.992880716099861615","406","22109.181661904996872","0.3365938026758714674","0.33658395499293775055","170723.80785258024116","3.606329814854698057","18.320156641183817925","22.007119283900134832","76451040.867098659277","18613.229263851557334","93180824.367096543312","22007.65537596665672","90771.364629193893052","339.63950367740977754","0","0","125.02671584646680003","6544.7055665142615908","0","0","0","0","0","4.9223116474986925439","3.9378493179989542128","0","0","0","0","0","0","0","0","0","0","0","0","0","152.59166107245945909","72021.295101541865733","89199784.717777773738","21564.647327691771352","39839.221550195419695","0","0","0","639869.01138028607238","538.50089423635699859","0","0","0","0"
"05/14/2026 08:09:30.762","54958073.584813207388","49722.683022190845804","9307.9447517159624113","40414.73827047488885","1000000000","2014405.5592299820855","9305.9115615124410397","2.0331902035203062162","0","0","0","52943668.025583229959","40414.73827047488885","0","0","0","0","0","0","0","0","0","0","31.426650601337485114","0.3142665060133748578","2.6964824060366683334","0.026964824060366682223","28.730168195300819889","0.28730168195300820333","1.6525806623931624663e-005","0.00023913603603603603479","1.5197968724810575437e-005","19030.660304950066347","112.84205629537699167","18917.818248654690251","157002622.20540547371","55464127.51030369848","101538494.69510178268","8249.9829059829062317","491520","5367.3469826428072338","71.375470046494442045","0","0","100","27.924123862158648279","36.811238621586475972","122.00315168493925455","152964.9317082928028","146035.57370517929667","1699.5087678094146213","0","100","3500","0","23.017616972334241865","0","0","152991.34367957973154","0","0","69.801796490096023717","76.982383027665761688","342","23724.045285965970834","0.39681132810908770203","0.4960192393863738225","168790.78173441524268","3.8689561623137325164","19.096781350375504616","23.017616972334241865","98767256.44770359993","23737.49562609957502","87069418.603161737323","20547.420196776212833","84743.367682726369821","317.1776717491677573","0","0","121.99141221121837475","6350.6696006956763085","0","0","0","0","0","0","0","0","0","0","0","0","0","0","0","0","0","0","0","0","126.05779261825898629","69790.270330936269602","83162879.477161079645","20087.919210780626599","43509.253760232793866","0","0","0","551858.65099049906712","424.93675253574400585","0","0","0","0"
"05/14/2026 08:09:31.762","60075474.26232521981","54808.976009081532538","9990.8864888199605048","44818.089520261572034","1000000000","2129813.5727362115867","9988.8879118067925447","1.9985770131666251714","0","0","0","57945660.689589008689","44818.089520261572034","0","0","0","0","0","0","0","0","0","0","31.560786346663210367","0.31560786346663211033","0.52551910661751877196","0.0052551910661751879278","31.035267240045694592","0.31035267240045694148","1.5079235547061635057e-005","0.00018768571428571427864","1.4848014544062769591e-005","20915.108442788732646","27.980078184332754176","20887.128364604399394","120381744.19813092053","13752768.029163235798","106628976.16896769404","5755.73129479216459","491520","5105.0088986699838642","70.695709817293305832","0","0","100","26.803740829926638867","36.869728557828459259","121.98662453421408713","162391.60933850007132","137511.61033699286054","1673.068093871420615","0","100","3500","0","22.168102314226068472","0","0","162444.61149568788824","0","0","69.797571344128712667","77.831897685773938633","502","24250.987015171518578","0.34179941894098780919","0.29296950195184667809","180357.34054376013228","2.8808551025463255968","19.33590712895788144","22.168102314226068472","98120342.316270813346","22808.760162764112465","98015732.798247650266","22934.67051459360664","94548.681338886701269","353.74813133049269709","0","0","118.9153322834142017","6625.2827986473630517","0","0","0","0","0","14.98932759874968923","11.991462078999751029","0","0","0","0","0","0","0","0","0","0","0","0","0","205.85343235616241486","72845.13426440373587","93817617.856086462736","22463.00633948628456","44918.018370919904555","0","0","0","795291.75227238202933","675.51903045031929196","0","0","0","0"
"05/14/2026 08:09:32.777","56020588.63458776474","50900.587862755164679","9548.4749759368387458","41352.112886818329571","1000000000","2067581.0323320084717","9546.5060152242003824","1.9689607126377643986","0","0","0","53953007.602255754173","41352.112886818329571","0","0","0","0","0","0","0","0","0","0","41.707904535965418802","0.41707904535965417692","3.236610681364671116","0.03236610681364671116","38.471293854600745021","0.38471293854600746576","1.6010522735003968617e-005","0.00019111279069767441829","1.4864713715046603802e-005","26046.396787128665892","169.33062128684773029","25877.066165841817565","228590479.11016362906","83229386.974911391735","145361092.13525223732","8776.280303889330753","491520","5617.3714285714286234","63.914509461193738105","0","0","100","26.154147152923162167","34.319351174920328162","122.00897792762771132","163891.47407113623922","140334.30461348057725","1677.7975008694218104","0","100","3500","0","20.239347356933034661","0","0","163905.25879238749621","0","0","71.88064376565928626","79.952960373244977177","205","29018.807479826056806","0.2403871242929631058","0.28846651840791925903","184838.34263539451058","3.2212012503202505087","16.923296873864600798","20.047039626755026376","84280804.119617119431","20288.171183019523596","90559386.660862162709","20389.572659720368392","84177.008386689703912","315.03371402204231799","0","0","119.12212311458473835","6539.9030070263343077","0","0","0","0","0","4.9224017815944112186","3.9379214252755287973","0","0","0","0","0","0","0","0","0","0","0","0","0","127.98244632145468813","71966.498527266609017","86850510.497366368771","19978.059870779077755","39952.181820132878784","0","0","0","799213.95150430069771","598.56405664188037008","0","0","0","0"
"05/14/2026 08:09:33.762","55919628.802711091936","50685.536851417011349","9484.4183974137995392","41201.118454003211809","1000000000","2058778.3922752197832","9482.3857316621033533","2.0326657516960562333","0","0","0","53860850.41043587029","41201.118454003211809","0","0","0","0","0","0","0","0","0","0","22.434810435206632206","0.22434810435206631318","2.7334613352838390554","0.027334613352838391109","19.701349099922794039","0.19701349099922793595","1.6932932065634105666e-005","0.00016016130952380952372","1.5063865154575112828e-005","13255.013366809984291","170.7439231424687307","13084.269443667515588","144602475.62427231669","83924053.102986231446","60678422.521286077797","10909.266676890047165","491520","4637.5093987882555666","78.400178796375314505","0","0","100","26.333757605608848706","34.054079272267387068","122.00423417861594544","149900.53429672130733","153878.91583413537592","1677.2329293548677924","0","100","3500","0","19.542423503596239698","0","0","149831.45383688111906","0","0","72.078721199561130106","80.259163314234626796","335","16607.755256870612357","0.29762485269616806294","0.14881750579056443606","157486.17832064183312","2.5794018448535087629","16.964545491486855866","19.740836685765373204","85385482.863814651966","20733.190667299775669","88026850.70151360333","20836.856620636273874","86083.39458432799438","322.17752164382494584","0","0","123.99261085345943911","6508.5957369307725457","0","0","0","0","0","6.0979972550881695881","5.0816643792401405832","0","0","0","0","0","0","0","0","0","0","0","0","0","134.15593961193971495","71539.671130942704622","84157175.472716748714","20390.686488138988352","40804.748632422481023","0","0","0","801176.22236387652811","606.75072688127283982","0","0","0","0"
"05/14/2026 08:09:34.762","56386348.756879635155","50614.866795434121741","9279.2923073017773277","41335.574488132348051","1000000000","2003716.5139722554013","9277.2935367455465894","1.9987705562308621943","0","0","0","54382632.242907382548","41335.574488132348051","0","0","0","0","0","0","0","0","0","0","27.526748258024476002","0.27526748258024474891","2.4945907483772242763","0.02494590748377224429","25.032157509647252169","0.25032157509647251503","1.6726462903323811876e-005","0.00016520463576158940966","1.5351496381699987817e-005","16446.883521945648681","150.90717699543009189","16295.976344950218845","163419992.36269769073","74173895.636793807149","89246096.725903883576","9936.2284742055053357","491520","5476.5725499816016963","74.512332353699704868","0","0","100","27.093393038837373155","34.909437053248609573","121.98555641884149736","151064.65255129913567","151238.44901417026995","1679.9961360088871061","0","100","3500","0","20.312476093742827032","0","0","151152.65234889960266","0","0","71.405231421569425265","79.687523906257169415","338","21258.951104412459244","0.63477019043105720186","0.39062011718603517618","163574.62377836531959","3.8085911425773431027","16.601564980469493804","20.312476093742827032","74893580.958352506161","18234.783784494156862","89105223.377100735903","21076.036130176325969","86790.615092656502384","324.80021538751509524","0","0","122.92438920819802206","6296.1272521272157974","0","0","0","0","0","0","0","0","0","0","0","0","0","0","0","0","0","0","0","0","201.87582617931707318","69169.453868925222196","85197642.929833844304","20629.310910858730495","38539.294479965370556","0","0","0","678144.87308856321033","536.66989434798654202","0","0","0","0"
"05/14/2026 08:09:35.762","55141763.192651599646","49543.035973074169306","9087.8587048060599045","40455.177268268103944","1000000000","1951679.6831934838556","9085.8578552453363955","2.0008495607234833003","0","0","0","53190083.509458117187","40455.177268268103944","0","0","0","0","0","0","0","0","0","1","30.752389576013694494","0.30752389576013694494","3.04981747874168585","0.030498174787416856835","27.702572097272003759","0.27702572097272004648","1.6759138964577654948e-005","0.00015721030927835050964","1.525839391936549891e-005","18357.794719637957314","194.08240739017787746","18163.712312247778755","194716404.5853869617","95395384.880420222878","99321019.704966723919","10606.742670299727251","491520","5468.1013439083499179","72.302357801665067427","0","0","100","28.796088420136445762","37.533343146415454328","122.00698518703448769","151066.16291946184356","146665.8434361157706","1704.9566940999700364","0","100","3500","0","22.218394522912277012","0","0","150995.1647228160582","0","0","69.211161171195982433","77.781605477087722988","292","23557.401641998294508","0.73240498569779322047","0.39062199224915888918","167389.74830039317021","4.7362329072254016893","17.577769655722057962","22.218394522912277012","95498576.695664972067","23174.840037079742615","87059141.311400815845","20614.753024134046427","85004.092737776460126","318.1350801550338474","0","0","121.05139842377073478","6102.5911602066234991","0","0","0","0","0","0","0","0","0","0","0","0","0","0","0","0","0","0","0","0","209.08877909560399644","67096.489169301290531","83155435.798039853573","20154.55762516764662","43011.262582092356752","0","0","0","444856.88623389491113","286.12148718345810039","0","0","0","0"
"05/14/2026 08:09:36.762","56837619.929219000041","51456.547432236700843","9577.2406608905948815","41879.306771346105961","1000000000","2072092.3566340862308","9575.2410282231157908","1.9996326674789841604","0","0","0","54765527.572584912181","41879.306771346105961","0","0","0","0","0","0","0","0","0","0","38.606128979393652401","0.38606128979393655731","4.3112549732578182571","0.043112549732578185624","34.294874006135842137","0.34294874006135839251","1.6855511415724449734e-005","0.00025215146198830410383","1.5085824243490499421e-005","22902.792756970542541","170.96859306945313506","22731.824163901092106","216048887.81930759549","84034482.865497604012","132014404.95380997658","9433.2988169555155764","491520","5807.4707952146372918","65.724253620125736575","0","0","100","28.847294147384857865","37.043734231791269451","122.00760889038771495","160795.83926755239372","138573.46688801428536","1683.7784147606175793","0","100","3500","0","20.566497697635721664","0","0","160867.82979359917226","0","0","69.641487491402315868","79.433502302364274783","463","27163.42529323141207","0.43939547102204618012","0.48821941197097440401","179586.36643417726737","4.5892704715344825317","15.915994825042211858","20.566497697635721664","86342982.794060736895","20991.143926860637293","89195902.712671682239","21130.118397250425915","86828.049687272447045","324.94030846533490831","0","0","126.97667438491548353","6522.8017613164456634","0","0","0","0","0","3.9992653349579683209","2.9994490012184762406","0","0","0","0","0","0","0","0","0","0","0","0","0","213.96069542025128385","71766.816435820743209","85279438.167208686471","20679.20123073391369","41347.40448179669329","0","0","0","748628.47694878454786","610.88777991482959351","0","0","0","0"
"05/14/2026 08:09:37.777","56728581.760249234736","51479.888007144545554","9630.7554003764289519","41849.132606768114783","1000000000","2097691.9566305847839","9627.8014829650055617","2.9539174114230943857","0","0","0","54630889.803618654609","41849.132606768114783","0","0","0","0","0","0","0","0","0","0","38.778533069373544606","0.38778533069373544162","2.7098716174981980487","0.027098716174981982152","36.068661451875343005","0.36068661451875344559","1.5185669661794762642e-005","0.00024138245614035088739","1.4186853623581360717e-005","25532.677465204087639","112.24886163407758488","25420.428603570009727","161307143.90156367421","55172560.470381811261","106134583.43118186295","6317.6744437160159578","491520","4175.1689197040714134","64.305888861741848928","0","0","100","25.998112220457354482","34.433889897385469681","121.99317794836008488","166313.60032049252186","138076.76731793960789","1667.2623050703978151","0","100","3500","0","21.573621431990719799","0","0","166327.38748663014849","0","0","71.776470846594591535","78.474465258375602161","336","28712.758279168647277","0.48084720811117981354","0.28851029442191439278","186875.18901958575589","3.0774300101323768253","18.22415645673867246","21.525534741624397839","86722698.541404828429","20988.567847298225388","88823225.274111241102","21042.722999840982084","87093.300958398511284","325.91555439368141833","0","0","128.00308782833408827","6637.4524234676928245","0","0","0","0","0","4.9231956857051573095","3.9385565485641258476","0","0","0","0","0","0","0","0","0","0","0","0","0","92.556078891256959196","73038.561914847436128","84993168.081346958876","20611.451057773210778","41275.087989814899629","0","0","0","792372.59138805081602","635.09224345596521744","0","0","0","0"
"05/14/2026 08:09:38.762","57505149.383446067572","52057.913768433958467","9714.3604021611045027","42343.553366272855783","1000000000","2108266.2316107605584","9710.2949657090593973","4.065436452044822957","0","0","0","55396883.151835307479","42343.553366272855783","0","0","0","0","0","0","0","0","0","0","33.37984350436445169","0.33379843504364453688","0","0","33.37984350436445169","0.33379843504364453688","1.4785007199424045305e-005","0","1.4785007199424045305e-005","22587.564927561037621","0","22587.564927561037621","111335457.25285042822","0","111335457.25285042822","4929.0597552195822573","0","4929.0597552195822573","68.895392750203811261","0","0","100","27.36765504172043606","36.634930747652312277","122.01529808530334265","164224.82516008472885","136361.1419415109267","1687.32136970674037","0","100","3500","0","20.8331297349326654","0","0","164129.33557022776222","0","0","69.968269125762859062","79.117265059720793374","521","25718.190919244756515","0.3968314840164673396","0.1984106626302543086","180795.3165403715102","3.0754109851707558398","17.956393540047084656","20.882734940279213731","89580221.326425880194","21610.843819957266533","92711839.221745371819","21739.921427309691353","89626.612021780165378","335.39850729369788951","0","0","122.97945267435589756","6655.1194719973755127","0","0","0","0","0","6.0981546780672344354","5.0817955650560291403","0","0","0","0","0","0","0","0","0","0","0","0","0","230.71351865354370148","73120.940026478187065","88605439.432009741664","21261.216285081412934","42537.677956857995014","0","0","0","798205.76027625449933","625.06085450189152652","0","0","0","0"
"05/14/2026 08:09:39.762","55397975.184943206608","50570.888272258795041","9630.6934489189843589","40940.19482333981432","1000000000","2096903.7915419258643","9626.6944066895975993","3.9990422293860623526","0","0","0","53301071.393401280046","40940.19482333981432","0","0","0","0","0","0","0","0","0","1","37.184767395767792664","0.37184767395767792664","0","0","37.184767395767792664","0.37184767395767792664","1.4521439450150348515e-005","0","1.4521439450150348515e-005","25600.86859197222293","0","25600.86859197222293","124013562.75172096491","0","124013562.75172096491","4844.1154371851444012","0","4844.1154371851444012","65.926028962179884729","0","0","100","25.744682178678797158","35.434610997070500105","121.992520502525295","164101.62154637899948","138363.96368400208303","1697.985736919809824","0","100","3500","0","22.51035892127219995","0","0","164141.62121038182522","0","0","70.955130741006371409","77.489651078651803573","343","28789.75816603140629","0.43944666020538242224","0.244138144550101438","185559.44130069308449","3.222625508046138787","19.433442305838475761","22.51034892134819998","74020268.14577908814","17918.708469321598386","88991790.46618334949","20933.986310278687597","86287.334183463070076","322.92266002292450366","0","0","125.96983022566095656","6642.4091430102489539","0","0","0","0","0","3.9990422293860623526","2.9992816720395465424","0","0","0","0","0","0","0","0","0","0","0","0","0","121.97078799627489332","73036.507756392355077","85102689.905767574906","20485.093820030102506","38081.879389886125864","0","0","0","693083.00661991455127","528.87333483630675346","0","0","0","0"
"05/14/2026 08:09:40.762","56082769.316497400403","50152.979086957770051","9123.5419383911412297","41029.437148566627002","1000000000","1946333.612216565758","9121.5418195840829867","2.0001188070571394029","0","0","0","54136435.70428083837","41029.437148566627002","0","0","0","0","0","0","0","0","0","1","31.945690651948766003","0.31945690651948766003","2.6210406225147719894","0.026210406225147721976","29.324650029433996679","0.29324650029433996234","1.6784941942941208513e-005","0.00016695095541401273496","1.5535945115490568504e-005","19034.130627359267237","157.00932635398544335","18877.121301005281566","196779432.69830229878","77173224.089510917664","119606208.60879136622","10338.241160090368794","491520","6336.040686586141419","71.935097013191850124","0","0","100","27.576048434967511014","39.225581317209680776","121.999059462848777","149037.82694084566901","145680.87573218106991","1736.9513653617700584","0","100","3500","0","26.760307473515155152","0","0","149029.82716483940021","0","0","67.847836388779143135","73.288510861779613492","323","24240.321271004413575","0.92770836514474863677","0.24413167510987876518","167059.32233897451079","4.0037734713246280194","22.655477448219016878","26.71148913822039006","98663436.608134523034","23879.418437455184176","89829591.877757549286","21196.259057788032806","87385.190680326413712","327.01942495384224685","0","0","124.00736603754263854","6051.3594507513753342","0","0","0","0","0","1.0000594035285697014","1.0000594035285697014","0","0","0","0","0","0","0","0","0","0","0","0","0","163.0096827751568469","66535.952235562799615","85906414.841041564941","20746.23232620017734","44298.631338701517961","0","0","0","445461.46041074843379","360.02138527028506587","0","0","0","0"
"05/14/2026 08:09:41.778","56031357.949139744043","50180.392820493645559","9150.0039846791532909","41030.388835814490449","1000000000","1967532.2439253318589","9146.0684990943445882","3.9354855848082381797","0","0","0","54063825.70521441102","41030.388835814490449","0","0","0","0","0","0","0","0","0","1","29.647815927224481669","0.29647815927224480115","2.9365635575119153344","0.029365635575119151263","26.711252369712561006","0.2671125236971256256","1.6192989624213753277e-005","0.00017345290697674418858","1.4725264528731890187e-005","18300.991840754508303","169.22588014675423551","18131.765960607754096","161302267.92195537686","83177904.60973264277","78124363.312222719193","8813.8538788237183326","491520","4308.7012860166041719","72.337023818195049785","0","0","100","28.477734853006719362","37.401829403695657561","122.00024657998694977","151980.34215779940132","145993.49197099197772","1693.9966765773510815","0","100","3500","0","23.389599447214713734","0","0","152028.57332407034119","0","0","69.371442970394099348","76.562346817645817509","502","23558.463949565557414","0.67286056542375283218","0.57674325210198174041","168323.81735703840968","5.0464788482852434015","18.359588009598933667","23.437653182354178938","86022749.074422970414","20903.331683708958735","88405693.466995537281","20940.718796764635044","86498.037668500270229","323.69368935047759805","0","0","122.98392452525743579","6151.1639690552765387","0","0","0","0","0","0","0","0","0","0","0","0","0","0","0","0","0","0","0","0","408.3066294238547016","67595.900404666303075","84535993.459222942591","20496.00892568130439","41076.630791435985884","0","0","0","580493.96247317711823","460.45181342256387325","0","0","0","0"
"05/14/2026 08:09:42.777","54656281.863249517977","50087.740089632061427","9551.9087258942363405","40535.831363737823267","1000000000","2076306.0136604199652","9550.9082117300076789","1.0005141642289971937","0","0","0","52579975.84958910197","40535.831363737823267","0","0","0","0","0","0","0","0","0","0","40.514917728407709774","0.40514917728407706665","3.2846112907356421751","0.032846112907356422861","37.230306437672069819","0.37230306437672067155","1.5842340791738380833e-005","0.00023966058394160586376","1.4636414048059149463e-005","25577.144094350085652","137.07044049937260866","25440.073653850711707","188697291.53812143207","67126976.553250715137","121570314.98487071693","7377.5747144421839039","489726.13138686132152","4778.6935147677668283","63.887612843331844203","0","0","100","26.598735157873168333","35.235276322065750776","122.00146307400716239","165028.36737678642385","137930.04099255343317","1661.6078161391435515","0","100","3500","0","22.186909773352969211","0","0","164944.3366383422981","0","0","71.104614171841987513","77.813080222805552921","329","29059.630012658628402","0.48846757154747427743","0.43961881362443178123","185785.96050435249344","3.8589118221397016306","18.317573948396184136","22.186919777194447079","67503802.203952610493","16414.435378340927855","85481560.974184632301","20233.397943203010072","68119.006357367048622","255.13111187839430727","0","0","122.06272803593766696","6699.4428436773650901","0","0","0","0","0","5.0025708211449861906","4.0020566569159887749","0","0","0","0","0","0","0","0","0","0","0","0","0","96.049359765983737702","73707.878478750222712","81794097.986955493689","19820.185593376434554","35980.490374003195029","0","0","0","701671.58902960224077","505.25965293564360081","0","0","0","0"
"05/14/2026 08:09:43.762","48504533.598184533417","45681.545980763869011","9271.2824820123714744","36410.263498751497536","1000000000","2078248.1199278300628","9271.2824820123714744","0","0","0","0","46426285.478256702423","36410.263498751497536","0","0","0","0","0","0","0","0","0","0","33.097171626462085214","0.33097171626462085214","4.1932704986478821496","0.041932704986478823439","28.903901127814201288","0.28903901127814202177","1.7001649011115170225e-005","0.00023860000000000002626","1.4982875197472355407e-005","19476.604494935658295","175.83116305504714205","19300.773331880609476","186041713.25006729364","86424533.264816775918","99617179.985250517726","9552.060950790586503","491520","5161.3051079515535093","70.145278966905124207","0","0","100","25.584071659490639661","34.141036956129532598","122.00515245336941916","152168.4450398767658","151413.50759618720622","1675.1613295153065337","0","100","3500","0","21.677153787858781442","0","0","152182.66714940569364","0","0","71.997263257556525673","78.322856370799144088","621","22490.234490078451927","0.19840874782350753636","0.39682765430493449621","165256.84926636263845","3.2737798943905924709","18.353047902135553926","21.677143629200855912","87966444.502806395292","21391.436351558251772","74973041.931971848011","17773.176580020863184","89082.368667333954363","333.36775423153449083","0","0","104.68560574953674802","6649.0605127521303075","0","0","0","0","0","18.294571878559818146","14.229111461102082359","0","0","0","0","0","0","0","0","0","0","0","0","0","133.14382867174091984","73101.043766307586338","71599978.209132164717","17371.712363796912541","38431.813691332361486","0","0","0","907570.3344979522517","361.82597715373867686","0","0","0","0"
"05/14/2026 08:09:44.762","56923039.938810035586","51507.08888438858412","9599.916195650370355","41907.172688738217403","1000000000","2080527.9434128722642","9599.916195650370355","0","0","0","0","54842511.995397165418","41907.172688738217403","0","0","0","0","0","0","0","0","0","0","43.16101520178822426","0.4316101520178822204","2.9487725355466016808","0.029487725355466017085","40.212242666241621691","0.40212242666241621025","1.5878791891991318058e-005","0.00019400855263157894292","1.4877137360807961262e-005","27171.441268884220335","151.93536669500795711","27019.505902189212065","221781877.98910346627","74679271.437930315733","147102606.55117315054","8162.3155648751053377","491520","5444.3114942103511567","62.863633081993420149","0","0","100","26.561419927880539404","34.69614157683730582","121.98464774158718171","166283.02992366594844","137709.57274104715907","1744.8639006157518452","0","100","3500","0","20.951481190904409857","0","0","166309.0278958241106","0","0","71.581247561380223488","79.04850880962956694","334","30051.655970834275649","0.29295435623737692277","0.34177174938858267961","188527.29487100004917","4.1501683810084539772","16.942455272888427231","20.951491190370429507","75226134.802255123854","18296.216789377798705","90080207.879568040371","21334.924123277960462","87342.844354011816904","326.86095335044473131","0","0","125.94642239191449562","6568.2058852164291238","0","0","0","0","0","0","0","0","0","0","0","0","0","0","0","0","0","0","0","0","109.95322589770312049","72273.254957341152476","86135006.168375983834","20882.116747535601462","38851.47258356295788","0","0","0","687760.4267144757323","550.76570426940384095","0","0","0","0"
"05/14/2026 08:09:45.777","56036929.794572845101","50546.449433353664062","9395.99431333971188","41150.455120013954001","1000000000","2027039.2223895993084","9392.0534538185456768","3.9408595211658639101","0","0","0","54009890.57218324393","41150.455120013954001","0","0","0","0","0","0","0","0","0","0","24.590663035550587523","0.24590663035550588966","0.084536019173174561936","0.00084536019173174557599","24.506127016377416084","0.24506127016377415861","1.4621074186754036176e-005","0.0001718199999999999914","1.4575074618130742552e-005","16839.292733941736515","4.9260744014573294436","16834.366659540279215","79518348.149323105812","2421264.0898043066263","77097084.059518799186","4722.1904984788207003","491520","4579.7436647743897993","75.997595874728858689","0","0","100","26.369441875341706805","34.315230218740495616","122.0228746266482176","149184.65507879896904","154180.82704533301876","1727.1711595108540678","0","100","3500","0","21.148874479117896641","0","0","149143.29750257352134","0","0","71.852825369704561354","78.899217171515758196","271","20866.866614135979034","0.28848097637473046895","0.38464458409141194517","163185.17933531285962","3.7983148031792084431","17.308779808281315127","21.100782828484241804","101545530.22787034512","23917.076433955626271","91579332.950413152575","21233.351100041676546","87672.301767376979114","328.07655513705816475","0","0","126.10750467730764512","6360.5472671617044398","0","0","0","0","0","0","0","0","0","0","0","0","0","0","0","0","0","0","0","0","165.51609988896629488","69929.56698820796737","87621511.969868183136","20780.152255107601377","44370.137348806463706","0","0","0","752472.64304581156466","588.17328353400523611","0","0","0","0"
"05/14/2026 08:09:46.777","56991389.746173113585","51286.429525371844647","9450.3151654614921426","41836.114359910352505","1000000000","2048890.9100924427621","9448.3157335001124011","1.9994319613797719715","0","0","0","54942498.836080670357","41836.114359910352505","0","0","0","0","0","0","0","0","0","0","27.179398453445045902","0.27179398453445047235","0","0","27.179398453445045902","0.27179398453445047235","1.5220627626786215622e-005","0","1.5220627626786215622e-005","17839.931675411015021","0","17839.931675411015021","93325422.24753947556","0","93325422.24753947556","5231.2656766601285199","0","5231.2656766601285199","74.496312932614500824","0","0","100","28.028378620521944953","36.110463516401942741","121.99763254760578945","151649.99555014685029","148544.98592273661052","1684.9443968349046372","0","100","3500","0","21.437354797104191562","0","0","151680.99452718062093","0","0","70.406323613924513438","78.513806331073752176","483","22820.246931851248519","0.73240308148881760886","0.48826872099254503556","166768.49663961090846","4.3944384884709162264","17.089455233584104121","21.486193668926244271","89952932.371913135052","21509.889040523587028","93588355.548188760877","21582.868307113949413","89230.649572456459282","333.90513755042189814","0","0","126.96392954761552119","6447.1683594690748578","0","0","0","0","0","0","0","0","0","0","0","0","0","0","0","0","0","0","0","0","345.90172931870057482","70852.870699434293783","89554077.686529248953","21122.99895599660158","42299.982574950452545","0","0","0","787962.13995603844523","639.8182276415270735","0","0","0","0"
"05/14/2026 08:09:47.761","57063315.324531182647","51304.468467465630965","9406.9364323883801262","41897.532035077245382","1000000000","2030052.8360664094798","9402.8738383774161775","4.0625940109645348741","0","0","0","55033262.488464772701","41897.532035077245382","0","0","0","0","0","0","0","0","0","0","44.540368199575233632","0.44540368199575230967","3.0874287573096714787","0.030874287573096712706","41.452939442265559933","0.41452939442265557268","1.5662186975315255946e-005","0.00019113836477987423339","1.4659790184666234388e-005","28431.048537232556555","161.48811193584026569","28269.560425296716858","211944424.52644878626","79374636.778704211116","132569787.74774459004","7454.6819562033369948","491520","4689.4888266149309857","60.516417692711087284","0","0","100","29.908876818660530716","38.665277073500540439","121.9981692964867932","165899.90212856652215","131794.37438369335723","1721.9439456958816663","0","100","3500","0","22.319191227967870361","0","0","165875.52062137084431","0","0","68.306082430721048127","77.680808772032122533","524","33371.172077972871193","0.79367369176670077291","0.6448541601098637388","191140.85745290864725","5.6053121938959300508","16.617541016548440069","22.269584717415590092","88172874.75042976439","21417.995625805026066","91091222.907830104232","21492.137966505131772","89019.559968254892738","333.13270889909188099","0","0","126.95606284264171393","6352.8813846457915133","0","0","0","0","0","11.172133530152470016","9.1408365246702025786","0","0","0","0","0","0","0","0","0","0","0","0","0","139.14384487553530789","69919.274225705128629","87203937.953626707196","21055.409110326443624","42141.287675735118682","0","0","0","684960.45978813979309","559.62232501036464782","0","0","0","0"
"05/14/2026 08:09:48.762","56174931.488914251328","51022.117685937118949","9561.8961240013886709","41460.221561935730278","1000000000","2080568.5767487692647","9557.895330644067144","4.0007933573227569823","0","0","0","54094362.912165477872","41460.221561935730278","0","0","0","0","0","0","0","0","0","0","48.632375821424425055","0.48632375821424428386","4.3803470080752564542","0.043803470080752568427","44.252028813349170377","0.44252028813349170155","1.6075640390018179084e-005","0.00025618421052631579378","1.4710842973008907998e-005","30261.000756450004701","171.03391602554785322","30089.966840424454858","243395721.3715479672","84066590.40487729013","159329130.96667069197","8043.2145430507353012","491520","5295.091610158223375","57.983955476096191717","0","0","100","26.857263997286459301","36.344280288121545652"," ","167328.8193031733681","134252.39936184324324","1735.8321450315752372","0","100","3500","0","22.761015986529244515","0","0","167327.81939986403449","0","0","70.206031045143845404","77.238994012550847401","461","33515.759026102175994","0.34176855729272909157","0.29294304923947001029","193396.29857792748953","4.150008199245669438","18.552983125552451327","22.809831495502407961","85267192.484269633889","20715.107805877905776","88403738.461336880922","20942.152828905971546","85789.011961071882979","321.06366692515126715","0","0","125.02479241633615459","6585.3058661532577389","0","0","0","0","0","7.0013883753148249411","6.0011900359841359176","0","0","0","0","0","0","0","0","0","0","0","0","0","117.0232057016906424","72413.359569202570128","84406625.833902865648","20472.059609420546622","40869.104343391292787","0","0","0","757200.15279029833619","609.12078865238970593","0","0","0","0"
